id,block,scenario,pool,kind,zeroForOne,amount_in,amount_out
1,11749333,0,poincare,arb,0,421085817796896886426,140342240556586889
2,11749333,0,control,arb,0,421085817796896886426,140342240556586889
3,11749333,0,poincare,noise,1,1381500025095897234,4139943482274967285436
4,11749333,0,control,noise,1,1381500025095897234,4139943482274967285436
5,11749334,0,poincare,arb,0,5958019245355161153740,1986988299819786660
6,11749334,0,control,arb,0,5958019245355161153740,1986988299819786660
7,11749334,0,poincare,noise,1,196804946858414876,591180091637027373413
8,11749334,0,control,noise,1,196804946858414876,591180091637027373413
9,11749335,0,poincare,arb,0,2117001172267289630365,704395615738412830
10,11749335,0,control,arb,0,2117001172267289630365,704395615738412830
11,11749335,0,poincare,noise,0,6625604247075981213507,2198153157643985285
12,11749335,0,control,noise,0,6625604247075981213507,2198153157643985285
13,11749336,0,poincare,arb,1,2665891282621356666,8031684381280059163946
14,11749336,0,control,arb,1,2665891282621356666,8031684381280059163946
15,11749336,0,poincare,noise,1,2398852850359955752,7190617524161326075589
16,11749336,0,control,noise,1,2398852850359955752,7190617524161326075589
17,11749337,0,poincare,arb,0,6259436326180331346411,2088850521109588786
18,11749337,0,control,arb,0,6259436326180331346411,2088850521109588786
19,11749337,0,poincare,noise,0,3029326028822466091865,1007797744843224619
20,11749337,0,control,noise,0,3029326028822466091865,1007797744843224619
21,11749338,0,poincare,arb,1,1674124887126283240,5028877577815860717909
22,11749338,0,control,arb,1,1674124887126283240,5028877577815860717909
23,11749338,0,poincare,noise,1,2767129060580039672,8275328290672950015801
24,11749338,0,control,noise,1,2767129060580039672,8275328290672950015801
25,11749339,0,poincare,arb,0,4925792809988146597510,1648942768920720631
26,11749339,0,control,arb,0,4925792809988146597510,1648942768920720631
27,11749339,0,poincare,noise,0,4947975665707939374394,1650918962739574911
28,11749339,0,control,noise,0,4947975665707939374394,1650918962739574911
29,11749340,0,poincare,arb,1,1329052775136762374,3984590087236012770654
30,11749340,0,control,arb,1,1329052775136762374,3984590087236012770654
31,11749340,0,poincare,noise,1,2538304878558474866,7580682417420917081439
32,11749340,0,control,noise,1,2538304878558474866,7580682417420917081439
33,11749341,0,poincare,arb,0,4155813593290355028108,1393118676716981889
34,11749341,0,control,arb,0,4155813593290355028108,1393118676716981889
35,11749341,0,poincare,noise,1,2394443944386511744,7135747806944498056067
36,11749341,0,control,noise,1,2394443944386511744,7135747806944498056067
37,11749342,0,poincare,arb,0,3547590151226781939448,1191844182392196696
38,11749342,0,control,arb,0,3547590151226781939448,1191844182392196696
39,11749342,0,poincare,noise,1,510166833952361774,1519570997111676235332
40,11749342,0,control,noise,1,510166833952361774,1519570997111676235332
41,11749343,0,poincare,arb,1,392809270344837070,1168960468440760103776
42,11749343,0,control,arb,1,392809270344837070,1168960468440760103776
43,11749343,0,poincare,noise,0,6875810775813939945723,2306095474337385353
44,11749343,0,control,noise,0,6875810775813939945723,2306095474337385353
45,11749344,0,poincare,arb,1,2098971212119136694,6259544014114811777645
46,11749344,0,control,arb,1,2098971212119136694,6259544014114811777645
47,11749344,0,poincare,noise,1,1870655655823344028,5556646935713217353648
48,11749344,0,control,noise,1,1870655655823344028,5556646935713217353648
49,11749345,0,poincare,arb,0,3793554842127054454080,1277861404806778414
50,11749345,0,control,arb,0,3793554842127054454080,1277861404806778414
51,11749345,0,poincare,noise,0,3119950871413256055433,1048526879534059170
52,11749345,0,control,noise,0,3119950871413256055433,1048526879534059170
53,11749346,0,poincare,arb,0,973221209932955768900,326624305084163051
54,11749346,0,control,arb,0,973221209932955768900,326624305084163051
55,11749346,0,poincare,noise,1,1871940357930740528,5569123600541008363776
56,11749346,0,control,noise,1,1871940357930740528,5569123600541008363776
57,11749347,0,poincare,arb,0,2177344899253231724159,732698434983376282
58,11749347,0,control,arb,0,2177344899253231724159,732698434983376282
59,11749347,0,poincare,noise,1,325705247640450466,968283676062073153370
60,11749347,0,control,noise,1,325705247640450466,968283676062073153370
61,11749348,0,poincare,arb,0,4904204401497549516914,1647474883138003112
62,11749348,0,control,arb,0,4904204401497549516914,1647474883138003112
63,11749348,0,poincare,noise,0,1735089894235754248363,581577539092559199
64,11749348,0,control,noise,0,1735089894235754248363,581577539092559199
65,11749349,0,poincare,arb,1,147633771275398478,440644133749189594193
66,11749349,0,control,arb,1,147633771275398478,440644133749189594193
67,11749349,0,poincare,noise,0,4589626769740722347075,1535583331487978680
68,11749349,0,control,noise,0,4589626769740722347075,1535583331487978680
69,11749350,0,poincare,arb,1,2540506052642644730,7585586163771799598680
70,11749350,0,control,arb,1,2540506052642644730,7585586163771799598680
71,11749350,0,poincare,noise,1,2871380431000178022,8527430578946578877753
72,11749350,0,control,noise,1,2871380431000178022,8527430578946578877753
73,11749351,0,poincare,arb,0,11008995913021497783983,3703905126664359511
74,11749351,0,control,arb,0,11008995913021497783983,3703905126664359511
75,11749351,0,poincare,noise,1,1834511182602490178,5462803612102491360826
76,11749351,0,control,noise,1,1834511182602490178,5462803612102491360826
77,11749352,0,poincare,arb,0,2988715984341778330016,1004497211837326987
78,11749352,0,control,arb,0,2988715984341778330016,1004497211837326987
79,11749352,0,poincare,noise,1,1669983880623947848,4965472744228804901546
80,11749352,0,control,noise,1,1669983880623947848,4965472744228804901546
81,11749353,0,poincare,arb,0,2769773096012566807443,932212671014326581
82,11749353,0,control,arb,0,2769773096012566807443,932212671014326581
83,11749353,0,poincare,noise,1,841128933479066848,2499373225956732653862
84,11749353,0,control,noise,1,841128933479066848,2499373225956732653862
85,11749354,0,poincare,arb,0,475915940304206848714,160271394663035623
86,11749354,0,control,arb,0,475915940304206848714,160271394663035623
87,11749354,0,poincare,noise,1,1972171775296232712,5845704546806114409298
88,11749354,0,control,noise,1,1972171775296232712,5845704546806114409298
89,11749355,0,poincare,arb,0,3305841431235243571635,1116245172993860261
90,11749355,0,control,arb,0,3305841431235243571635,1116245172993860261
91,11749355,0,poincare,noise,0,2131082251300874745049,718266986534011804
92,11749355,0,control,noise,0,2131082251300874745049,718266986534011804
93,11749356,0,poincare,arb,1,2019883291214991027,5985204339755163175558
94,11749356,0,control,arb,1,2019883291214991027,5985204339755163175558
95,11749356,0,poincare,noise,0,7586370948323188106259,2558871254973584053
96,11749356,0,control,noise,0,7586370948323188106259,2558871254973584053
97,11749357,0,poincare,arb,1,3788444767313205479,11218033892843575368952
98,11749357,0,control,arb,1,3788444767313205479,11218033892843575368952
99,11749357,0,poincare,noise,1,568184130560679458,1675196123838422529140
100,11749357,0,control,noise,1,568184130560679458,1675196123838422529140
101,11749358,0,poincare,arb,1,184333720727542283,543071973742307717770
102,11749358,0,control,arb,1,184333720727542283,543071973742307717770
103,11749358,0,poincare,noise,1,1148470723565005282,3379086014073362560670
104,11749358,0,control,noise,1,1148470723565005282,3379086014073362560670
105,11749359,0,poincare,arb,0,743306950651275299170,252856500076845799
106,11749359,0,control,arb,0,743306950651275299170,252856500076845799
107,11749359,0,poincare,noise,1,593228721670689620,1743291276725700448100
108,11749359,0,control,noise,1,593228721670689620,1743291276725700448100
109,11749360,0,poincare,arb,0,3748972291144568491364,1274885732794202783
110,11749360,0,control,arb,0,3748972291144568491364,1274885732794202783
111,11749360,0,poincare,noise,0,3422910212626683138717,1161198529558481281
112,11749360,0,control,noise,0,3422910212626683138717,1161198529558481281
113,11749361,0,poincare,arb,1,573104191460207277,1690346405788081260660
114,11749361,0,control,arb,1,573104191460207277,1690346405788081260660
115,11749361,0,poincare,noise,1,966316669053069990,2845764858299752477158
116,11749361,0,control,noise,1,966316669053069990,2845764858299752477158
117,11749362,0,poincare,arb,0,3523830135522803946335,1196289828468955448
118,11749362,0,control,arb,0,3523830135522803946335,1196289828468955448
119,11749362,0,poincare,noise,0,8915605428042817381252,3014100078294009674
120,11749362,0,control,noise,0,8915605428042817381252,3014100078294009674
121,11749363,0,poincare,arb,1,1728243131936184396,5118610107772181190865
122,11749363,0,control,arb,1,1728243131936184396,5118610107772181190865
123,11749363,0,poincare,noise,1,519596149414278834,1535477316611500999900
124,11749363,0,control,noise,1,519596149414278834,1535477316611500999900
125,11749364,0,poincare,arb,0,2101555033004258975536,711018248983992193
126,11749364,0,control,arb,0,2101555033004258975536,711018248983992193
127,11749364,0,poincare,noise,0,1775087487512702336429,599783507500868268
128,11749364,0,control,noise,0,1775087487512702336429,599783507500868268
129,11749365,0,poincare,arb,1,520947488601888876,1541889281457542992178
130,11749365,0,control,arb,1,520947488601888876,1541889281457542992178
131,11749365,0,poincare,noise,1,758714782522893094,2242776424041744287275
132,11749365,0,control,noise,1,758714782522893094,2242776424041744287275
133,11749366,0,poincare,arb,1,354674982867430588,1047268631955890177903
134,11749366,0,control,arb,1,354674982867430588,1047268631955890177903
135,11749366,0,poincare,noise,0,8586253077949861675092,2900531949635495686
136,11749366,0,control,noise,0,8586253077949861675092,2900531949635495686
137,11749367,0,poincare,arb,1,4366338463844204524,12906617503374501860490
138,11749367,0,control,arb,1,4366338463844204524,12906617503374501860490
139,11749367,0,poincare,noise,1,2140007763672002048,6285046884787866699111
140,11749367,0,control,noise,1,2140007763672002048,6285046884787866699111
141,11749368,0,poincare,arb,0,2843741092598022653996,969393583053103645
142,11749368,0,control,arb,0,2843741092598022653996,969393583053103645
143,11749368,0,poincare,noise,0,4091971402260530026713,1391643568291149209
144,11749368,0,control,noise,0,4091971402260530026713,1391643568291149209
145,11749369,0,poincare,arb,1,2747212562415124471,8067050781013989112604
146,11749369,0,control,arb,1,2747212562415124471,8067050781013989112604
147,11749369,0,poincare,noise,1,2728454570657934278,7968740645592027087120
148,11749369,0,control,noise,1,2728454570657934278,7968740645592027087120
149,11749370,0,poincare,arb,0,10371226604427618532707,3548177061538190360
150,11749370,0,control,arb,0,10371226604427618532707,3548177061538190360
151,11749370,0,poincare,noise,0,8142618242131602142246,2768392855528759400
152,11749370,0,control,noise,0,8142618242131602142246,2768392855528759400
153,11749371,0,poincare,arb,1,4228342709806459528,12418811457725915155153
154,11749371,0,control,arb,1,4228342709806459528,12418811457725915155153
155,11749371,0,poincare,noise,1,305613527578017928,893582022042913551204
156,11749371,0,control,noise,1,305613527578017928,893582022042913551204
157,11749372,0,poincare,arb,1,1144647734516214236,3342044687850207307712
158,11749372,0,control,arb,1,1144647734516214236,3342044687850207307712
159,11749372,0,poincare,noise,1,2931169988707212056,8523886638204017089577
160,11749372,0,control,noise,1,2931169988707212056,8523886638204017089577
161,11749373,0,poincare,arb,0,6916025615694179899227,2379556773148653366
162,11749373,0,control,arb,0,6916025615694179899227,2379556773148653366
163,11749373,0,poincare,noise,0,4563480076482196920951,1564042583512948923
164,11749373,0,control,noise,0,4563480076482196920951,1564042583512948923
165,11749374,0,poincare,arb,1,316924392648676816,925842917643294037323
166,11749374,0,control,arb,1,316924392648676816,925842917643294037323
167,11749374,0,poincare,noise,0,8601802810583445737044,2936861073819880478
168,11749374,0,control,noise,0,8601802810583445737044,2936861073819880478
169,11749375,0,poincare,arb,1,2433091297249884408,7129850141011777144010
170,11749375,0,control,arb,1,2433091297249884408,7129850141011777144010
171,11749375,0,poincare,noise,1,2034020168506703978,5934194550247806975621
172,11749375,0,control,noise,1,2034020168506703978,5934194550247806975621
173,11749376,0,poincare,arb,0,4520269685460899748257,1550119657179286541
174,11749376,0,control,arb,0,4520269685460899748257,1550119657179286541
175,11749376,0,poincare,noise,0,8069012311598578958937,2755340319514070945
176,11749376,0,control,noise,0,8069012311598578958937,2755340319514070945
177,11749377,0,poincare,arb,1,3061395399579523653,8962587938316866644501
178,11749377,0,control,arb,1,3061395399579523653,8962587938316866644501
179,11749377,0,poincare,noise,1,866963675335167982,2528309697813232887237
180,11749377,0,control,noise,1,866963675335167982,2528309697813232887237
181,11749378,0,poincare,arb,1,333263427212019819,970740573991338461632
182,11749378,0,control,arb,1,333263427212019819,970740573991338461632
183,11749378,0,poincare,noise,1,1231026225923610644,3580253821834088139870
184,11749378,0,control,noise,1,1231026225923610644,3580253821834088139870
185,11749379,0,poincare,arb,1,184177916242841673,534907845270787092318
186,11749379,0,control,arb,1,184177916242841673,534907845270787092318
187,11749379,0,poincare,noise,0,4331067137812635884984,1489345240141894460
188,11749379,0,control,noise,0,4331067137812635884984,1489345240141894460
189,11749380,0,poincare,arb,1,1164767670426893839,3388266385267993698506
190,11749380,0,control,arb,1,1164767670426893839,3388266385267993698506
191,11749380,0,poincare,noise,1,1622994245459013112,4708298324148520051291
192,11749380,0,control,noise,1,1622994245459013112,4708298324148520051291
193,11749381,0,poincare,arb,0,4526328114153254959314,1560363592032180985
194,11749381,0,control,arb,0,4526328114153254959314,1560363592032180985
195,11749381,0,poincare,noise,0,1543374652093208438677,530955100925229369
196,11749381,0,control,noise,0,1543374652093208438677,530955100925229369
197,11749382,0,poincare,arb,0,2212284013726641477175,760107795288800834
198,11749382,0,control,arb,0,2212284013726641477175,760107795288800834
199,11749382,0,poincare,noise,1,1190126440221322564,3462381819121953159999
200,11749382,0,control,noise,1,1190126440221322564,3462381819121953159999
201,11749383,0,poincare,arb,1,163353062239612216,474602838554741827615
202,11749383,0,control,arb,1,163353062239612216,474602838554741827615
203,11749383,0,poincare,noise,1,448065936993226546,1301019251414353557219
204,11749383,0,control,noise,1,448065936993226546,1301019251414353557219
205,11749384,0,poincare,arb,0,3710889340293298062675,1276973328363723806
206,11749384,0,control,arb,0,3710889340293298062675,1276973328363723806
207,11749384,0,poincare,noise,1,2489065758458825952,7224621327142150184186
208,11749384,0,control,noise,1,2489065758458825952,7224621327142150184186
209,11749385,0,poincare,arb,0,7291797772059180775081,2512152632821539925
210,11749385,0,control,arb,0,7291797772059180775081,2512152632821539925
211,11749385,0,poincare,noise,1,256544361230505250,746301837493807288091
212,11749385,0,control,noise,1,256544361230505250,746301837493807288091
213,11749386,0,poincare,arb,0,4179658167222810338943,1435107206066541075
214,11749386,0,control,arb,0,4179658167222810338943,1435107206066541075
215,11749386,0,poincare,noise,0,7478759483249237927846,2557775349082893722
216,11749386,0,control,noise,0,7478759483249237927846,2557775349082893722
217,11749387,0,poincare,arb,1,3468950069913735092,10133867394593020686983
218,11749387,0,control,arb,1,3468950069913735092,10133867394593020686983
219,11749387,0,poincare,noise,0,6993149839136864269619,2396381013142235471
220,11749387,0,control,noise,0,6993149839136864269619,2396381013142235471
221,11749388,0,poincare,arb,1,3711450398358920516,10816789185510590276803
222,11749388,0,control,arb,1,3711450398358920516,10816789185510590276803
223,11749388,0,poincare,noise,0,6594541194948436175749,2265944818926096684
224,11749388,0,control,noise,0,6594541194948436175749,2265944818926096684
225,11749389,0,poincare,arb,1,2389813044291660574,6954185335099352262937
226,11749389,0,control,arb,1,2389813044291660574,6954185335099352262937
227,11749389,0,poincare,noise,1,3025908599693070906,8758407368662295538953
228,11749389,0,control,noise,1,3025908599693070906,8758407368662295538953
229,11749390,0,poincare,arb,0,7617237360273786050790,2632668165174162701
230,11749390,0,control,arb,0,7617237360273786050790,2632668165174162701
231,11749390,0,poincare,noise,0,3139849182645093804299,1081241178893119535
232,11749390,0,control,noise,0,3139849182645093804299,1081241178893119535
233,11749391,0,poincare,arb,1,1325431079173655059,3848035677412400790437
234,11749391,0,control,arb,1,1325431079173655059,3848035677412400790437
235,11749391,0,poincare,noise,0,3482970725221804487722,1199835132601427933
236,11749391,0,control,noise,0,3482970725221804487722,1199835132601427933
237,11749392,0,poincare,arb,1,2609165788329985259,7563601191704265995899
238,11749392,0,control,arb,1,2609165788329985259,7563601191704265995899
239,11749392,0,poincare,noise,0,4020710223770216577911,1388664166075265038
240,11749392,0,control,noise,0,4020710223770216577911,1388664166075265038
241,11749393,0,poincare,arb,1,2138505043781575919,6187229664895724561694
242,11749393,0,control,arb,1,2138505043781575919,6187229664895724561694
243,11749393,0,poincare,noise,1,2687585280920634068,7739138265563383766674
244,11749393,0,control,noise,1,2687585280920634068,7739138265563383766674
245,11749394,0,poincare,arb,0,7334610975675333910527,2547454470792859135
246,11749394,0,control,arb,0,7334610975675333910527,2547454470792859135
247,11749394,0,poincare,noise,1,2873060325696269730,8269458281581501235879
248,11749394,0,control,noise,1,2873060325696269730,8269458281581501235879
249,11749395,0,poincare,arb,0,5859057925416204747326,2037283013998135052
250,11749395,0,control,arb,0,5859057925416204747326,2037283013998135052
251,11749395,0,poincare,noise,0,1153756720070037790091,400222169081905904
252,11749395,0,control,noise,0,1153756720070037790091,400222169081905904
253,11749396,0,poincare,arb,0,2353373744294674556354,815380049734879462
254,11749396,0,control,arb,0,2353373744294674556354,815380049734879462
255,11749396,0,poincare,noise,0,8119615542251592356964,2803245014162074553
256,11749396,0,control,noise,0,8119615542251592356964,2803245014162074553
257,11749397,0,poincare,arb,1,3872249214224176497,11204239675607196904148
258,11749397,0,control,arb,1,3872249214224176497,11204239675607196904148
259,11749397,0,poincare,noise,0,4350406469314060250827,1507024431192078693
260,11749397,0,control,noise,0,4350406469314060250827,1507024431192078693
261,11749398,0,poincare,arb,1,463486742704195181,1339341496559495245635
262,11749398,0,control,arb,1,463486742704195181,1339341496559495245635
263,11749398,0,poincare,noise,1,2777254487970784936,8000004699267323470677
264,11749398,0,control,noise,1,2777254487970784936,8000004699267323470677
265,11749399,0,poincare,arb,0,5626713846171254333620,1954927020079985238
266,11749399,0,control,arb,0,5626713846171254333620,1954927020079985238
267,11749399,0,poincare,noise,0,8053793188700066189646,2785204183578441914
268,11749399,0,control,noise,0,8053793188700066189646,2785204183578441914
269,11749400,0,poincare,arb,1,2409613675314062500,6970289370208530410038
270,11749400,0,control,arb,1,2409613675314062500,6970289370208530410038
271,11749400,0,poincare,noise,1,809129731639723454,2333186405872587633061
272,11749400,0,control,noise,1,809129731639723454,2333186405872587633061
273,11749401,0,poincare,arb,0,3739021323267634713829,1296042409295902418
274,11749401,0,control,arb,0,3739021323267634713829,1296042409295902418
275,11749401,0,poincare,noise,1,2364511994113580310,6814370325566709089547
276,11749401,0,control,noise,1,2364511994113580310,6814370325566709089547
277,11749402,0,poincare,arb,0,9246217576420426953746,3205688195185631156
278,11749402,0,control,arb,0,9246217576420426953746,3205688195185631156
279,11749402,0,poincare,noise,1,1472922583764315852,4255593112732984487645
280,11749402,0,control,noise,1,1472922583764315852,4255593112732984487645
281,11749403,0,poincare,arb,0,6596882089466442992658,2281463677262317745
282,11749403,0,control,arb,0,6596882089466442992658,2281463677262317745
283,11749403,0,poincare,noise,1,2707341297146793294,7825044763538039875080
284,11749403,0,control,noise,1,2707341297146793294,7825044763538039875080
285,11749404,0,poincare,arb,0,8066798627537868871797,2790755481623624046
286,11749404,0,control,arb,0,8066798627537868871797,2790755481623624046
287,11749404,0,poincare,noise,0,6492531987213576074598,2235063244028193669
288,11749404,0,control,noise,0,6492531987213576074598,2235063244028193669
289,11749405,0,poincare,arb,1,778628186548297858,2265043643745568234685
290,11749405,0,control,arb,1,778628186548297858,2265043643745568234685
291,11749405,0,poincare,noise,0,6819206619707721734312,2340553944137978894
292,11749405,0,control,noise,0,6819206619707721734312,2340553944137978894
293,11749406,0,poincare,arb,1,2281550711733176549,6647686727413661235162
294,11749406,0,control,arb,1,2281550711733176549,6647686727413661235162
295,11749406,0,poincare,noise,0,2494437228243809390187,857318093896786105
296,11749406,0,control,noise,0,2494437228243809390187,857318093896786105
297,11749407,0,poincare,arb,1,2017148369948565549,5862365158639986860675
298,11749407,0,control,arb,1,2017148369948565549,5862365158639986860675
299,11749407,0,poincare,noise,1,223994388048881360,649552527247203848657
300,11749407,0,control,noise,1,223994388048881360,649552527247203848657
301,11749408,0,poincare,arb,1,386588706760701612,1120380759854063260566
302,11749408,0,control,arb,1,386588706760701612,1120380759854063260566
303,11749408,0,poincare,noise,0,561364716209313675503,193736282140783319
304,11749408,0,control,noise,0,561364716209313675503,193736282140783319
305,11749409,0,poincare,arb,1,51458043001322806,149124205069203282653
306,11749409,0,control,arb,1,51458043001322806,149124205069203282653
307,11749409,0,poincare,noise,0,5208994087999066576102,1794379804448793868
308,11749409,0,control,noise,0,5208994087999066576102,1794379804448793868
309,11749410,0,poincare,arb,1,3143763099438743556,9114098571737946898887
310,11749410,0,control,arb,1,3143763099438743556,9114098571737946898887
311,11749410,0,poincare,noise,0,4880844780116179835684,1685986023405320695
312,11749410,0,control,noise,0,4880844780116179835684,1685986023405320695
313,11749411,0,poincare,arb,1,176830538811714229,512674930263550284856
314,11749411,0,control,arb,1,176830538811714229,512674930263550284856
315,11749411,0,poincare,noise,0,8836543657899892685311,3039300814951732989
316,11749411,0,control,noise,0,8836543657899892685311,3039300814951732989
317,11749412,0,poincare,arb,1,4310442049696669442,12516653722918295667640
318,11749412,0,control,arb,1,4310442049696669442,12516653722918295667640
319,11749412,0,poincare,noise,0,5170763990667844217924,1785123385956195209
320,11749412,0,control,noise,0,5170763990667844217924,1785123385956195209
321,11749413,0,poincare,arb,1,481081522066947375,1395280460191308108808
322,11749413,0,control,arb,1,481081522066947375,1395280460191308108808
323,11749413,0,poincare,noise,1,743342894885486926,2153323954100769251159
324,11749413,0,control,noise,1,743342894885486926,2153323954100769251159
325,11749414,0,poincare,arb,0,2640705531742700925099,911439883837182267
326,11749414,0,control,arb,0,2640705531742700925099,911439883837182267
327,11749414,0,poincare,noise,1,495619296272295982,1436539525875161334888
328,11749414,0,control,noise,1,495619296272295982,1436539525875161334888
329,11749415,0,poincare,arb,0,2660933426609887945151,917665470315854801
330,11749415,0,control,arb,0,2660933426609887945151,917665470315854801
331,11749415,0,poincare,noise,0,785759753236273359663,270665380779646742
332,11749415,0,control,noise,0,785759753236273359663,270665380779646742
333,11749416,0,poincare,arb,0,1992509923342317776943,685700879640095306
334,11749416,0,control,arb,0,1992509923342317776943,685700879640095306
335,11749416,0,poincare,noise,0,5706960666856520528863,1958879181973220904
336,11749416,0,control,noise,0,5706960666856520528863,1958879181973220904
337,11749417,0,poincare,arb,1,879672551037092731,2565546830468826697393
338,11749417,0,control,arb,1,879672551037092731,2565546830468826697393
339,11749417,0,poincare,noise,0,2931788044771622344988,1005124635562441716
340,11749417,0,control,noise,0,2931788044771622344988,1005124635562441716
341,11749418,0,poincare,arb,1,703991159510562707,2054039390449440491948
342,11749418,0,control,arb,1,703991159510562707,2054039390449440491948
343,11749418,0,poincare,noise,1,2265674572069385778,6591262594868926356989
344,11749418,0,control,noise,1,2265674572069385778,6591262594868926356989
345,11749419,0,poincare,arb,0,6674753733932668015731,2294308971628537867
346,11749419,0,control,arb,0,6674753733932668015731,2294308971628537867
347,11749419,0,poincare,noise,0,2192289532562827575344,751296819929052241
348,11749419,0,control,noise,0,2192289532562827575344,751296819929052241
349,11749420,0,poincare,arb,1,1273716200643746829,3714799778394265827408
350,11749420,0,control,arb,1,1273716200643746829,3714799778394265827408
351,11749420,0,poincare,noise,0,2318349453946621057751,795281923268788250
352,11749420,0,control,noise,0,2318349453946621057751,795281923268788250
353,11749421,0,poincare,arb,1,763323485878978294,2225256559145814498553
354,11749421,0,control,arb,1,763323485878978294,2225256559145814498553
355,11749421,0,poincare,noise,0,7543231641166502270196,2582890555819935792
356,11749421,0,control,noise,0,7543231641166502270196,2582890555819935792
357,11749422,0,poincare,arb,1,3768643200113636890,10993331196552779240855
358,11749422,0,control,arb,1,3768643200113636890,10993331196552779240855
359,11749422,0,poincare,noise,1,2242669392050941522,6503363821442447720566
360,11749422,0,control,noise,1,2242669392050941522,6503363821442447720566
361,11749423,0,poincare,arb,0,2314297457172397003535,799213765723217100
362,11749423,0,control,arb,0,2314297457172397003535,799213765723217100
363,11749423,0,poincare,noise,1,346955354151818140,1005131197429885127670
364,11749423,0,control,noise,1,346955354151818140,1005131197429885127670
365,11749424,0,poincare,arb,1,27335149252625403,79160927342562979892
366,11749424,0,control,arb,1,27335149252625403,79160927342562979892
367,11749424,0,poincare,noise,0,5366559913114899636584,1849814616340583750
368,11749424,0,control,noise,0,5366559913114899636584,1849814616340583750
369,11749425,0,poincare,arb,1,737231894842821300,2141148944150539025553
370,11749425,0,control,arb,1,737231894842821300,2141148944150539025553
371,11749425,0,poincare,noise,1,1704940057570743556,4939797917196839958655
372,11749425,0,control,noise,1,1704940057570743556,4939797917196839958655
373,11749426,0,poincare,arb,0,4956090833712851946584,1710554009621329795
374,11749426,0,control,arb,0,4956090833712851946584,1710554009621329795
375,11749426,0,poincare,noise,0,2254332966608857494310,776164648163675479
376,11749426,0,control,noise,0,2254332966608857494310,776164648163675479
377,11749427,0,poincare,arb,1,1593996734829672223,4625965900961809572764
378,11749427,0,control,arb,1,1593996734829672223,4625965900961809572764
379,11749427,0,poincare,noise,0,2411985549987170841013,831735877324085938
380,11749427,0,control,noise,0,2411985549987170841013,831735877324085938
381,11749428,0,poincare,arb,1,29262211792493005,84925685160012487308
382,11749428,0,control,arb,1,29262211792493005,84925685160012487308
383,11749428,0,poincare,noise,0,4494424899378304865968,1546299830130014427
384,11749428,0,control,noise,0,4494424899378304865968,1546299830130014427
385,11749429,0,poincare,arb,1,196653797542245621,572347309133722894632
386,11749429,0,control,arb,1,196653797542245621,572347309133722894632
387,11749429,0,poincare,noise,0,5758549077301594194306,1975123524318734862
388,11749429,0,control,noise,0,5758549077301594194306,1975123524318734862
389,11749430,0,poincare,arb,1,734835941961771167,2145062852531629725868
390,11749430,0,control,arb,1,734835941961771167,2145062852531629725868
391,11749430,0,poincare,noise,1,3032759651889144566,8820150586621566712878
392,11749430,0,control,noise,1,3032759651889144566,8820150586621566712878
393,11749431,0,poincare,arb,0,6968628755067637134530,2397624841920831370
394,11749431,0,control,arb,0,6968628755067637134530,2397624841920831370
395,11749431,0,poincare,noise,0,1790242847315350140414,614126760785674958
396,11749431,0,control,noise,0,1790242847315350140414,614126760785674958
397,11749432,0,poincare,arb,1,154130126044488385,449508978257050203855
398,11749432,0,control,arb,1,154130126044488385,449508978257050203855
399,11749432,0,poincare,noise,1,146609001316085928,427447424275361791550
400,11749432,0,control,noise,1,146609001316085928,427447424275361791550
401,11749433,0,poincare,arb,1,576096854467739330,1678449358088348035423
402,11749433,0,control,arb,1,576096854467739330,1678449358088348035423
403,11749433,0,poincare,noise,1,402962147327130968,1172892069080027350260
404,11749433,0,control,noise,1,402962147327130968,1172892069080027350260
405,11749434,0,poincare,arb,1,719980779889594944,2093314578720654938988
406,11749434,0,control,arb,1,719980779889594944,2093314578720654938988
407,11749434,0,poincare,noise,1,203235470218648810,590362041604785457749
408,11749434,0,control,noise,1,203235470218648810,590362041604785457749
409,11749435,0,poincare,arb,1,398891379472896003,1158020645053000965845
410,11749435,0,control,arb,1,398891379472896003,1158020645053000965845
411,11749435,0,poincare,noise,1,472712665841726110,1371155176237290304575
412,11749435,0,control,noise,1,472712665841726110,1371155176237290304575
413,11749436,0,poincare,arb,0,593799346623989543631,204769269432033692
414,11749436,0,control,arb,0,593799346623989543631,204769269432033692
415,11749436,0,poincare,noise,0,8674135583430601809133,2981869485835326154
416,11749436,0,control,noise,0,8674135583430601809133,2981869485835326154
417,11749437,0,poincare,arb,1,1902451019962665576,5540031637885940259482
418,11749437,0,control,arb,1,1902451019962665576,5540031637885940259482
419,11749437,0,poincare,noise,1,1175662522523388924,3413226667045365127648
420,11749437,0,control,noise,1,1175662522523388924,3413226667045365127648
421,11749438,0,poincare,arb,0,918555842039966635702,316657778071914535
422,11749438,0,control,arb,0,918555842039966635702,316657778071914535
423,11749438,0,poincare,noise,1,2574605379926865162,7451831604882553329101
424,11749438,0,control,noise,1,2574605379926865162,7451831604882553329101
425,11749439,0,poincare,arb,0,5074270263551126877484,1754572609769798849
426,11749439,0,control,arb,0,5074270263551126877484,1754572609769798849
427,11749439,0,poincare,noise,1,760698900699690320,2202108304933199220756
428,11749439,0,control,noise,1,760698900699690320,2202108304933199220756
429,11749440,0,poincare,arb,0,5755483244407063779579,1985787422928645825
430,11749440,0,control,arb,0,5755483244407063779579,1985787422928645825
431,11749440,0,poincare,noise,1,1093366037430286092,3171723815108942472327
432,11749440,0,control,noise,1,1093366037430286092,3171723815108942472327
433,11749441,0,poincare,arb,0,2748042331208984381411,947449299360389197
434,11749441,0,control,arb,0,2748042331208984381411,947449299360389197
435,11749441,0,poincare,noise,1,2973201114929111962,8606526969439991673821
436,11749441,0,control,noise,1,2973201114929111962,8606526969439991673821
437,11749442,0,poincare,arb,0,6020991271131611144746,2081828755283591531
438,11749442,0,control,arb,0,6020991271131611144746,2081828755283591531
439,11749442,0,poincare,noise,0,4230231845317479118806,1457574728955717865
440,11749442,0,control,noise,0,4230231845317479118806,1457574728955717865
441,11749443,0,poincare,arb,1,817067040566128775,2372818509271062575590
442,11749443,0,control,arb,1,817067040566128775,2372818509271062575590
443,11749443,0,poincare,noise,0,1231398366623253885136,424189245089124680
444,11749443,0,control,noise,0,1231398366623253885136,424189245089124680
445,11749444,0,poincare,arb,1,406095121499509025,1178893086210354586180
446,11749444,0,control,arb,1,406095121499509025,1178893086210354586180
447,11749444,0,poincare,noise,0,940521391870628733829,324009022154456153
448,11749444,0,control,noise,0,940521391870628733829,324009022154456153
449,11749445,0,poincare,arb,0,2668061858934247607067,918022840149541862
450,11749445,0,control,arb,0,2668061858934247607067,918022840149541862
451,11749445,0,poincare,noise,1,2982560778801094458,8650684987388242213999
452,11749445,0,control,noise,1,2982560778801094458,8650684987388242213999
453,11749446,0,poincare,arb,0,6928412225798379817375,2390153510559547573
454,11749446,0,control,arb,0,6928412225798379817375,2390153510559547573
455,11749446,0,poincare,noise,1,1971609969046197790,5717516592191584504167
456,11749446,0,control,noise,1,1971609969046197790,5717516592191584504167
457,11749447,0,poincare,arb,0,7757415772424633687844,2673195228540118786
458,11749447,0,control,arb,0,7757415772424633687844,2673195228540118786
459,11749447,0,poincare,noise,0,261456804830035806719,89853149974255718
460,11749447,0,control,noise,0,261456804830035806719,89853149974255718
461,11749448,0,poincare,arb,1,1206506932893529426,3506865711848759389544
462,11749448,0,control,arb,1,1206506932893529426,3506865711848759389544
463,11749448,0,poincare,noise,1,345726734252955812,1003364746619451054402
464,11749448,0,control,noise,1,345726734252955812,1003364746619451054402
465,11749449,0,poincare,arb,0,350476862373898025575,120789606663734727
466,11749449,0,control,arb,0,350476862373898025575,120789606663734727
467,11749449,0,poincare,noise,0,7035587609496840766153,2418714751442274406
468,11749449,0,control,noise,0,7035587609496840766153,2418714751442274406
469,11749450,0,poincare,arb,1,2551506823347969380,7420885655208173468164
470,11749450,0,control,arb,1,2551506823347969380,7420885655208173468164
471,11749450,0,poincare,noise,1,208811931241064740,605667238919877302674
472,11749450,0,control,noise,1,208811931241064740,605667238919877302674
473,11749451,0,poincare,arb,1,680705703989593898,1972688146125032560591
474,11749451,0,control,arb,1,680705703989593898,1972688146125032560591
475,11749451,0,poincare,noise,0,4292247607653733445749,1479940727523022394
476,11749451,0,control,noise,0,4292247607653733445749,1479940727523022394
477,11749452,0,poincare,arb,1,546014593785412870,1585051545474413371639
478,11749452,0,control,arb,1,546014593785412870,1585051545474413371639
479,11749452,0,poincare,noise,1,2366209347107702414,6849354018299165509937
480,11749452,0,control,noise,1,2366209347107702414,6849354018299165509937
481,11749453,0,poincare,arb,0,9441214830101830357637,3258742658812470913
482,11749453,0,control,arb,0,9441214830101830357637,3258742658812470913
483,11749453,0,poincare,noise,1,1291642685271389046,3749377812366137744440
484,11749453,0,control,noise,1,1291642685271389046,3749377812366137744440
485,11749454,0,poincare,arb,0,5956112514345323030712,2050319972892499624
486,11749454,0,control,arb,0,5956112514345323030712,2050319972892499624
487,11749454,0,poincare,noise,1,1669903606960995500,4852830192920693991588
488,11749454,0,control,noise,1,1669903606960995500,4852830192920693991588
489,11749455,0,poincare,arb,0,5315962429113271455148,1828985033046117073
490,11749455,0,control,arb,0,5315962429113271455148,1828985033046117073
491,11749455,0,poincare,noise,0,2330453581197498711682,799732149443248092
492,11749455,0,control,noise,0,2330453581197498711682,799732149443248092
493,11749456,0,poincare,arb,1,6251407085568064,18231118458807610393
494,11749456,0,control,arb,1,6251407085568064,18231118458807610393
495,11749456,0,poincare,noise,0,6879901137830738873273,2353641736953519560
496,11749456,0,control,noise,0,6879901137830738873273,2353641736953519560
497,11749457,0,poincare,arb,1,3421672574477817885,9991327768802743083694
498,11749457,0,control,arb,1,3421672574477817885,9991327768802743083694
499,11749457,0,poincare,noise,1,2910925193597869872,8447075716383130339309
500,11749457,0,control,noise,1,2910925193597869872,8447075716383130339309
501,11749458,0,poincare,arb,0,5683690416218749130136,1960475549811720287
502,11749458,0,control,arb,0,5683690416218749130136,1960475549811720287
503,11749458,0,poincare,noise,1,1177091272462260894,3415178294304573607467
504,11749458,0,control,noise,1,1177091272462260894,3415178294304573607467
505,11749459,0,poincare,arb,0,2056773116698984442030,709223372444092705
506,11749459,0,control,arb,0,2056773116698984442030,709223372444092705
507,11749459,0,poincare,noise,0,7810050529632745971816,2684105840087594595
508,11749459,0,control,noise,0,7810050529632745971816,2684105840087594595
509,11749460,0,poincare,arb,1,2002193602644450943,5829773076163030925191
510,11749460,0,control,arb,1,2002193602644450943,5829773076163030925191
511,11749460,0,poincare,noise,0,6267439649207823789562,2152188645136594131
512,11749460,0,control,noise,0,6267439649207823789562,2152188645136594131
513,11749461,0,poincare,arb,1,1619023075173814419,4717270885669006303121
514,11749461,0,control,arb,1,1619023075173814419,4717270885669006303121
515,11749461,0,poincare,noise,0,889295254749929472816,305612012299072903
516,11749461,0,control,noise,0,889295254749929472816,305612012299072903
517,11749462,0,poincare,arb,1,1488810860825098692,4327223962725499928302
518,11749462,0,control,arb,1,1488810860825098692,4327223962725499928302
519,11749462,0,poincare,noise,1,170668475281352156,495237851544854369523
520,11749462,0,control,noise,1,170668475281352156,495237851544854369523
521,11749463,1,poincare,arb,0,8571953831517004153449,2945996126924209843
522,11749463,1,control,arb,0,8571953831517004153449,2945996126924209843
523,11749463,1,poincare,noise,1,1496363598960947844,4360179303870621331739
524,11749463,1,control,noise,1,1496363598960947844,4360179303870621331739
525,11749464,1,poincare,arb,0,7070363636066293238608,2424247267718931478
526,11749464,1,control,arb,0,7070363636066293238608,2424247267718931478
527,11749464,1,poincare,noise,1,955894763573417990,2791922662797937435650
528,11749464,1,control,noise,1,955894763573417990,2791922662797937435650
529,11749465,1,poincare,arb,0,8359241497572180086298,2856655754820946447
530,11749465,1,control,arb,0,8359241497572180086298,2856655754820946447
531,11749465,1,poincare,noise,1,1036227660790208052,3037697797912544210404
532,11749465,1,control,noise,1,1036227660790208052,3037697797912544210404
533,11749466,1,poincare,arb,0,13246826687067947863933,4503298223369284610
534,11749466,1,control,arb,0,13246826687067947863933,4503298223369284610
535,11749466,1,poincare,noise,0,8769915626114522641365,2959376798230041847
536,11749466,1,control,noise,0,8769915626114522641365,2959376798230041847
537,11749467,1,poincare,arb,1,1914904848930757847,5680580985807353870748
538,11749467,1,control,arb,1,1914904848930757847,5680580985807353870748
539,11749467,1,poincare,noise,0,9007140192106926459847,3032898079190530074
540,11749467,1,control,noise,0,9007140192106926459847,3032898079190530074
541,11749468,1,poincare,arb,0,2314184694821960299628,776286995308929239
542,11749468,1,control,arb,0,2314184694821960299628,776286995308929239
543,11749468,1,poincare,noise,0,6137885437972653898549,2053132101189354270
544,11749468,1,control,noise,0,6137885437972653898549,2053132101189354270
545,11749469,1,poincare,arb,1,805067359589375533,2409766522626043762136
546,11749469,1,control,arb,1,805067359589375533,2409766522626043762136
547,11749469,1,poincare,noise,1,1888145278217769566,5636518335666849815412
548,11749469,1,control,noise,1,1888145278217769566,5636518335666849815412
549,11749470,1,poincare,arb,0,5773215153955180339199,1933848317563626466
550,11749470,1,control,arb,0,5773215153955180339199,1933848317563626466
551,11749470,1,poincare,noise,0,8521591392202068920593,2840886350272989270
552,11749470,1,control,noise,0,8521591392202068920593,2840886350272989270
553,11749471,1,poincare,arb,1,2167284560696376653,6505414740976397837636
554,11749471,1,control,arb,1,2167284560696376653,6505414740976397837636
555,11749471,1,poincare,noise,0,3527667011038005591043,1176411424144348345
556,11749471,1,control,noise,0,3527667011038005591043,1176411424144348345
557,11749472,1,poincare,arb,1,1079795891105212513,3238261739933055156861
558,11749472,1,control,arb,1,1079795891105212513,3238261739933055156861
559,11749472,1,poincare,noise,1,2747196235009782364,8207303343930666617938
560,11749472,1,control,noise,1,2747196235009782364,8207303343930666617938
561,11749473,1,poincare,arb,0,12787856790706896347647,4273895423328638248
562,11749473,1,control,arb,0,12787856790706896347647,4273895423328638248
563,11749473,1,poincare,noise,1,2961351715583604654,8872219952049899147117
564,11749473,1,control,noise,1,2961351715583604654,8872219952049899147117
565,11749474,1,poincare,arb,0,15901840856173712810162,5295286563237209819
566,11749474,1,control,arb,0,15901840856173712810162,5295286563237209819
567,11749474,1,poincare,noise,1,2736384858501401904,8238449165423926981644
568,11749474,1,control,noise,1,2736384858501401904,8238449165423926981644
569,11749475,1,poincare,arb,0,9919458701541438703013,3292889584624499801
570,11749475,1,control,arb,0,9919458701541438703013,3292889584624499801
571,11749475,1,poincare,noise,0,1736961652299231266773,574375550717528534
572,11749475,1,control,noise,0,1736961652299231266773,574375550717528534
573,11749476,1,poincare,arb,1,140631274431002134,425466442368286510902
574,11749476,1,control,arb,1,140631274431002134,425466442368286510902
575,11749476,1,poincare,noise,1,1307851136996294480,3951030683007098394594
576,11749476,1,control,noise,1,1307851136996294480,3951030683007098394594
577,11749477,1,poincare,arb,0,8179964475233365254298,2703896657035915783
578,11749477,1,control,arb,0,8179964475233365254298,2703896657035915783
579,11749477,1,poincare,noise,0,1698345818920572661142,559552895660140937
580,11749477,1,control,noise,0,1698345818920572661142,559552895660140937
581,11749478,1,poincare,arb,0,286062857874978016656,94186987179727322
582,11749478,1,control,arb,0,286062857874978016656,94186987179727322
583,11749478,1,poincare,noise,1,2191995021135108388,6643461861373393814467
584,11749478,1,control,noise,1,2191995021135108388,6643461861373393814467
585,11749479,1,poincare,arb,0,9439149076845444667400,3111543917939000295
586,11749479,1,control,arb,0,9439149076845444667400,3111543917939000295
587,11749479,1,poincare,noise,1,1573848360355858776,4781793365910144654106
588,11749479,1,control,noise,1,1573848360355858776,4781793365910144654106
589,11749480,1,poincare,arb,0,12929691097296736060494,4244149362820179628
590,11749480,1,control,arb,0,12929691097296736060494,4244149362820179628
591,11749480,1,poincare,noise,1,344849943022772382,1054711936100850936952
592,11749480,1,control,noise,1,344849943022772382,1054711936100850936952
593,11749481,1,poincare,arb,0,6261023983709012999700,2043600420145996359
594,11749481,1,control,arb,0,6261023983709012999700,2043600420145996359
595,11749481,1,poincare,noise,1,2390895746854752308,7322473112869260984452
596,11749481,1,control,noise,1,2390895746854752308,7322473112869260984452
597,11749482,1,poincare,arb,0,16314332208905811698163,5311134387959670564
598,11749482,1,control,arb,0,16314332208905811698163,5311134387959670564
599,11749482,1,poincare,noise,1,2937941710582696534,9046207535807579939474
600,11749482,1,control,noise,1,2937941710582696534,9046207535807579939474
601,11749483,1,poincare,arb,0,11623357687889155689958,3771730696254257617
602,11749483,1,control,arb,0,11623357687889155689958,3771730696254257617
603,11749483,1,poincare,noise,0,2359758904103130040969,762219812132277868
604,11749483,1,control,noise,0,2359758904103130040969,762219812132277868
605,11749484,1,poincare,arb,0,5151987447534762935842,1660037268607664663
606,11749484,1,control,arb,0,5151987447534762935842,1660037268607664663
607,11749484,1,poincare,noise,1,411355162509093352,1278278160100485493610
608,11749484,1,control,noise,1,411355162509093352,1278278160100485493610
609,11749485,1,poincare,arb,0,1693340810880870579107,544849976751893512
610,11749485,1,control,arb,0,1693340810880870579107,544849976751893512
611,11749485,1,poincare,noise,0,8013137088181518552355,2570137709021946490
612,11749485,1,control,noise,0,8013137088181518552355,2570137709021946490
613,11749486,1,poincare,arb,1,1945432974259722098,6069302141635758081376
614,11749486,1,control,arb,1,1945432974259722098,6069302141635758081376
615,11749486,1,poincare,noise,0,5579965639693421958194,1788868602706040828
616,11749486,1,control,noise,0,5579965639693421958194,1788868602706040828
617,11749487,1,poincare,arb,0,1544378176757028856767,493957272467979400
618,11749487,1,control,arb,0,1544378176757028856767,493957272467979400
619,11749487,1,poincare,noise,0,5845981034223021499425,1865289041387021125
620,11749487,1,control,noise,0,5845981034223021499425,1865289041387021125
621,11749488,1,poincare,arb,1,768963107118134742,2412699468249667945929
622,11749488,1,control,arb,1,768963107118134742,2412699468249667945929
623,11749488,1,poincare,noise,0,4305625524650156515209,1371420905673351274
624,11749488,1,control,noise,0,4305625524650156515209,1371420905673351274
625,11749489,1,poincare,arb,0,6759997310480381176975,2145442329584813352
626,11749489,1,control,arb,0,6759997310480381176975,2145442329584813352
627,11749489,1,poincare,noise,1,2530525615493203154,7970200468519137296096
628,11749489,1,control,noise,1,2530525615493203154,7970200468519137296096
629,11749490,1,poincare,arb,0,8675985919677707866137,2753979831648120127
630,11749490,1,control,arb,0,8675985919677707866137,2753979831648120127
631,11749490,1,poincare,noise,0,7499041654019612779973,2367911382395934971
632,11749490,1,control,noise,0,7499041654019612779973,2367911382395934971
633,11749491,1,poincare,arb,1,1259520141556060528,3993371351492222339083
634,11749491,1,control,arb,1,1259520141556060528,3993371351492222339083
635,11749491,1,poincare,noise,1,787030558476245604,2490077275767775608954
636,11749491,1,control,noise,1,787030558476245604,2490077275767775608954
637,11749492,1,poincare,arb,0,7208932048074459248530,2275020337324676307
638,11749492,1,control,arb,0,7208932048074459248530,2275020337324676307
639,11749492,1,poincare,noise,0,9223679625295292005791,2895391887132991743
640,11749492,1,control,noise,0,9223679625295292005791,2895391887132991743
641,11749493,1,poincare,arb,1,2348667240059191472,7486222425525205386048
642,11749493,1,control,arb,1,2348667240059191472,7486222425525205386048
643,11749493,1,poincare,noise,1,598052601562799834,1900473902173992698502
644,11749493,1,control,noise,1,598052601562799834,1900473902173992698502
645,11749494,1,poincare,arb,0,9803025469054699371833,3077002251665405725
646,11749494,1,control,arb,0,9803025469054699371833,3077002251665405725
647,11749494,1,poincare,noise,1,1498878265672239646,4783044483492592196789
648,11749494,1,control,noise,1,1498878265672239646,4783044483492592196789
649,11749495,1,poincare,arb,0,12450328705545866604774,3891963086518777205
650,11749495,1,control,arb,0,12450328705545866604774,3891963086518777205
651,11749495,1,poincare,noise,0,6554212248131998173638,2036324368287204068
652,11749495,1,control,noise,0,6554212248131998173638,2036324368287204068
653,11749496,1,poincare,arb,1,996034661015755113,3209339929814041779254
654,11749496,1,control,arb,1,996034661015755113,3209339929814041779254
655,11749496,1,poincare,noise,1,1939099925069695846,6229048656546095784836
656,11749496,1,control,noise,1,1939099925069695846,6229048656546095784836
657,11749497,1,poincare,arb,0,16697238333730671285353,5180391191896725884
658,11749497,1,control,arb,0,16697238333730671285353,5180391191896725884
659,11749497,1,poincare,noise,1,2077259287172868928,6716889319936310391046
660,11749497,1,control,noise,1,2077259287172868928,6716889319936310391046
661,11749498,1,poincare,arb,0,13815144648074989423374,4262754965046383017
662,11749498,1,control,arb,0,13815144648074989423374,4262754965046383017
663,11749498,1,poincare,noise,1,2216294388398849740,7198055827194696100746
664,11749498,1,control,noise,1,2216294388398849740,7198055827194696100746
665,11749499,1,poincare,arb,0,19417540619608093501786,5955409054300208407
666,11749499,1,control,arb,0,19417540619608093501786,5955409054300208407
667,11749499,1,poincare,noise,0,7272602845486728771187,2211593515199764412
668,11749499,1,control,noise,0,7272602845486728771187,2211593515199764412
669,11749500,1,poincare,arb,0,4270478846007677197776,1290548042539195414
670,11749500,1,control,arb,0,4270478846007677197776,1293888998579495575
671,11749500,1,poincare,noise,0,925445000341602989645,279211123002560924
672,11749500,1,control,noise,0,925445000341602989645,279932959938595769
673,11749501,1,poincare,arb,0,8912613331239950428610,2679937462418857230
674,11749501,1,control,arb,0,8905876670570112212334,2685506690463500105
675,11749501,1,poincare,noise,0,9224941675866788730630,2757992044150858200
676,11749501,1,control,noise,0,9224941675866788730630,2765797770312256184
677,11749502,1,poincare,arb,1,925355460171022132,3092339074155234550110
678,11749502,1,control,arb,1,933057839571012421,3118104162442668220861
679,11749502,1,poincare,noise,1,1571256643151011116,5236995959555916727509
680,11749502,1,control,noise,1,1571256643151011116,5236995870555688909159
681,11749503,1,poincare,arb,0,15604858379571316540611,4652646541355006527
682,11749503,1,control,arb,0,15604751814091126703734,4666608071661421497
683,11749503,1,poincare,noise,1,2186984420958840404,7332134886263078109887
684,11749503,1,control,noise,1,2186984420958840404,7332243050083855425987
685,11749504,1,poincare,arb,0,13195947615442265967421,3909718517498683320
686,11749504,1,control,arb,0,13172440834992312592707,3921723751827704509
687,11749504,1,poincare,noise,1,933836388035676508,3146470476691033939330
688,11749504,1,control,noise,1,933836388035676508,3146533855221286328802
689,11749505,1,poincare,arb,0,7727337211605703035885,2272667613089597018
690,11749505,1,control,arb,0,7695177850926460265668,2280533535170099046
691,11749505,1,poincare,noise,0,7536969603477378142928,2206123328223236163
692,11749505,1,control,noise,0,7536969603477378142928,2222991665874127898
693,11749506,1,poincare,arb,1,1709233168842470650,5798042169230290800407
694,11749506,1,control,arb,1,1726359536600349081,5856245285591238696506
695,11749506,1,poincare,noise,1,1256150260238916692,4247693596265120633651
696,11749506,1,control,noise,1,1256150260238916692,4247693335797628780439
697,11749507,1,control,arb,0,15883210487696022263229,4679981368748021378
698,11749507,1,poincare,noise,0,10117120767644960125674,2970528463660168343
699,11749507,1,control,noise,0,10117120767644960125674,2956851842511986535
700,11749508,1,poincare,arb,0,15070542591020628364114,4378009634006130278
701,11749508,1,control,arb,1,244996615809896566,840707782849025099746
702,11749508,1,poincare,noise,0,7729506717267797247194,2229596335939915654
703,11749508,1,control,noise,0,7729506717267797247194,2247685115967433901
704,11749509,1,control,arb,0,1488261773305025963240,431535921421696372
705,11749509,1,poincare,noise,0,9184816732253224414599,2610804065758393912
706,11749509,1,control,noise,0,9184816732253224414599,2654416777281250520
707,11749510,1,poincare,arb,1,1137119927476869148,3937020219015154843031
708,11749510,1,control,arb,1,1616262936988729051,5598828798931520437340
709,11749510,1,poincare,noise,0,345639718684496835854,97981957169226668
710,11749510,1,control,noise,0,345639718684496835854,99941563484746938
711,11749511,1,control,arb,0,5010532599271630445539,1446387897934227426
712,11749511,1,poincare,noise,1,1976980480445593286,6823461306048490380159
713,11749511,1,control,noise,1,1976980480445593286,6844695581633710405427
714,11749512,1,control,arb,0,16577185881070383037300,4773653636476710885
715,11749512,1,poincare,noise,0,6627805423909361298266,1902712582233193175
716,11749512,1,control,noise,0,6627805423909361298266,1894919404087630303
717,11749513,1,poincare,arb,0,25167640405709309322668,7147890506930770244
718,11749513,1,control,arb,0,3564168484523259243989,1015812431694222860
719,11749513,1,poincare,noise,0,3839800331982445090631,1080899328441150939
720,11749513,1,control,noise,0,3839800331982445090631,1091876273934806586
721,11749514,1,poincare,arb,1,882217459958921511,3102914316862291465539
722,11749514,1,control,arb,1,924265646038233466,3250953791301537714327
723,11749514,1,poincare,noise,0,10442312303178995514156,2895618748972956222
724,11749514,1,control,noise,0,10442312303178995514156,2962257330133980668
725,11749515,1,poincare,arb,1,1967993732488426314,6944380739844990774093
726,11749515,1,control,arb,1,2001398276524402334,7062513178634878298215
727,11749515,1,poincare,noise,0,7211580364999710898237,1995126507555175494
728,11749515,1,control,noise,0,7211580364999710898237,2043547903640693939
729,11749516,1,poincare,arb,1,1112144888585621361,3928460277709144694875
730,11749516,1,control,arb,1,1136507375637441357,4014623859716078417612
731,11749516,1,poincare,noise,1,3012216560588041908,10592712310765506308821
732,11749516,1,control,noise,1,3012216560588041908,10592704493517481357573
733,11749517,1,control,arb,0,15866481408023046383912,4504603036291887172
734,11749517,1,poincare,noise,0,2550630221768812187850,726175148016878993
735,11749517,1,control,noise,0,2550630221768812187850,720051914696952822
736,11749518,1,poincare,arb,0,23756790579203529751922,6717900553087812104
737,11749518,1,control,arb,0,7885083834281711054215,2218881024774967885
738,11749518,1,poincare,noise,1,2424039110838876220,8612224391799435560228
739,11749518,1,control,noise,1,2424039110838876220,8612219237764430971156
740,11749519,1,poincare,arb,0,18798176539796116245186,5193313730065011947
741,11749519,1,control,arb,0,18795857511475688320244,5273948583091957204
742,11749519,1,poincare,noise,0,5994147987519123926264,1643636354246355773
743,11749519,1,control,noise,0,5994147987519123926264,1669212525447139436
744,11749520,1,control,arb,0,6060649947566426079827,1681550016691589060
745,11749520,1,poincare,noise,0,2099918918231560339260,568562239331362604
746,11749520,1,control,noise,0,2099918918231560339260,581186684998623960
747,11749521,1,control,arb,0,4387380981335865137650,1211890282388635974
748,11749521,1,poincare,noise,1,1750231873238343638,6291720163067978283904
749,11749521,1,control,noise,1,1750231873238343638,6332585269142131637561
750,11749522,1,control,arb,0,18882665726873787221628,5199100625077425219
751,11749522,1,poincare,noise,1,1696986357579118392,6077365385683628494041
752,11749522,1,control,noise,1,1696986357579118392,6187074581917981352178
753,11749523,1,poincare,arb,0,40333477756274427957578,11145996021719023063
754,11749523,1,control,arb,0,10924307903930151116526,2992029559204175952
755,11749523,1,poincare,noise,0,6703897138200232396901,1826369562463233855
756,11749523,1,control,noise,0,6703897138200232396901,1826368479662604618
757,11749524,1,poincare,arb,1,1095421748408053984,4024119452256772502993
758,11749524,1,control,arb,1,1095635393098012109,4024906679370350281846
759,11749524,1,poincare,noise,1,890290413218881374,3263380031111096497849
760,11749524,1,control,noise,1,890290413218881374,3263379088149038134268
761,11749525,1,control,arb,0,9108354062893715091263,2480502314463185253
762,11749525,1,poincare,noise,0,5298468536108602230008,1404430677376621726
763,11749525,1,control,noise,0,5298468536108602230008,1436701225957908109
764,11749526,1,control,arb,0,7400579738455324144362,1999059017403128105
765,11749526,1,poincare,noise,1,1865626458710401034,6839206431541370140651
766,11749526,1,control,noise,1,1865626458710401034,6907630930858645794654
767,11749527,1,control,arb,0,11198110619104852702289,3020523185626995429
768,11749527,1,poincare,noise,1,2802401854206813874,10220557119947469419408
769,11749527,1,control,noise,1,2802401854206813874,10391975957636417565226
770,11749528,1,poincare,arb,0,40681146321125137443644,11030814898672418742
771,11749528,1,control,arb,0,13132119658923307554481,3538433358675800458
772,11749528,1,poincare,noise,0,6756698537340561647878,1806208672208237643
773,11749528,1,control,noise,0,6756698537340561647878,1809775534378587571
774,11749529,1,poincare,arb,1,321764823457775420,1203251063540210174304
775,11749529,1,control,arb,1,335040177027381088,1252913445105463006158
776,11749529,1,poincare,noise,0,2354365912008065062180,615527872272802098
777,11749529,1,control,noise,0,2354365912008065062180,629371416206266420
778,11749530,1,control,arb,0,5720771184167545541416,1525603443395531383
779,11749530,1,poincare,noise,1,1830647757278698218,6838851092473112863234
780,11749530,1,control,noise,1,1830647757278698218,6862300685060445206038
781,11749531,1,control,arb,0,13995900605461945768327,3725752238810365695
782,11749531,1,poincare,noise,0,5501934427229090334864,1432491371284901113
783,11749531,1,control,noise,0,5501934427229090334864,1456156924568983495
784,11749532,1,control,arb,0,508638675407467389628,134377599611786908
785,11749532,1,poincare,noise,1,2313776609710383436,8631777576389455740369
786,11749532,1,control,noise,1,2313776609710383436,8736593693525936832816
787,11749533,1,control,arb,0,19348481856072995884919,5108116382984291441
788,11749533,1,poincare,noise,1,182382624320116646,678506399511488482542
789,11749533,1,control,noise,1,182382624320116646,694661232281280540982
790,11749534,1,poincare,arb,0,51899153800747842849364,13739936992173877448
791,11749534,1,control,arb,0,12351773966088674232177,3231802262346709313
792,11749534,1,poincare,noise,1,2555478973211248444,9774360853698698982953
793,11749534,1,control,noise,1,2555478973211248444,9774350692149740577181
794,11749535,1,poincare,arb,0,10433152357110426138212,2672644938887302754
795,11749535,1,control,arb,0,10432904496961575765754,2727126758549255404
796,11749535,1,poincare,noise,1,644550174114797628,2471445103424686303142
797,11749535,1,control,noise,1,644550174114797628,2471596747224818286937
798,11749536,1,control,arb,0,13085031335654283545122,3401711657488123254
799,11749536,1,poincare,noise,0,7410687490621896672563,1856459466208987627
800,11749536,1,control,noise,0,7410687490621896672563,1914978046800492524
801,11749537,1,control,arb,1,1673984538758179362,6479849220834458809054
802,11749537,1,poincare,noise,1,2468967862798249840,9474161866178704331917
803,11749537,1,control,noise,1,2468967862798249840,9512352702901355607115
804,11749538,1,control,arb,0,10308389328551202702826,2674956787782148143
805,11749538,1,poincare,noise,0,3382353867651557683802,854797726654585801
806,11749538,1,control,noise,0,3382353867651557683802,874172571629289019
807,11749539,1,control,arb,1,668057241855019029,2585456069473598285699
808,11749539,1,poincare,noise,0,6422942661782745314914,1620038498729832834
809,11749539,1,control,noise,0,6422942661782745314914,1657760954100632603
810,11749540,1,control,arb,0,4893797021712276145319,1258905891986830288
811,11749540,1,poincare,noise,1,341258677151972254,1312800336555325859224
812,11749540,1,control,noise,1,341258677151972254,1327975173643442614841
813,11749541,1,control,arb,0,13019044710165822513817,3334184814857707954
814,11749541,1,poincare,noise,0,9425991992956911006787,2374611049474018215
815,11749541,1,control,noise,0,9425991992956911006787,2398244558524048264
816,11749542,1,control,arb,1,738056753680016910,2906352463496982289475
817,11749542,1,poincare,noise,0,2432196828674162800883,609351532150915465
818,11749542,1,control,noise,0,2432196828674162800883,617731980878069052
819,11749543,1,control,arb,0,9094155356090071888403,2302020257275364660
820,11749543,1,poincare,noise,1,963057032149497670,3724829925426358942650
821,11749543,1,control,noise,1,963057032149497670,3810413984966571381255
822,11749544,1,control,arb,0,6822992613093050416223,1722960683837769071
823,11749544,1,poincare,noise,0,533116015272968182823,134522837745971372
824,11749544,1,control,noise,0,533116015272968182823,134336921145693286
825,11749545,1,poincare,arb,0,56365491525813928052576,14021432904859597457
826,11749545,1,control,arb,0,10638532381010176034260,2672091999710444122
827,11749545,1,poincare,noise,1,1050574085681957344,4188948620024189006467
828,11749545,1,control,noise,1,1050574085681957344,4190518541849795077189
829,11749546,1,control,arb,0,9748477244965388928184,2440050987549242223
830,11749546,1,poincare,noise,0,8121614633534827760848,1947649635453480835
831,11749546,1,control,noise,0,8121614633534827760848,2022392288347601034
832,11749547,1,control,arb,1,427938168976172153,1721705919495249062533
833,11749547,1,poincare,noise,1,1301934244724851974,5200957212810793680923
834,11749547,1,control,noise,1,1301934244724851974,5227543302840554411546
835,11749548,1,control,arb,0,18801215185932105846942,4664267108991250741
836,11749548,1,poincare,noise,1,1611438371088557148,6415793247354943190882
837,11749548,1,control,noise,1,1611438371088557148,6518559065093861000797
838,11749549,1,control,arb,0,9518326325645632731010,2350981552240061320
839,11749549,1,poincare,noise,0,2978616244587947340915,721938778047052722
840,11749549,1,control,noise,0,2978616244587947340915,733071865003135593
841,11749550,1,control,arb,0,2957468505899069395309,726631201235337085
842,11749550,1,poincare,noise,0,2255727936439669353920,546536672443555580
843,11749550,1,control,noise,0,2255727936439669353920,553392050268558809
844,11749551,1,control,arb,0,7140933533773676455951,1747170867520325705
845,11749551,1,poincare,noise,0,4626856692642224563600,1120492945484804801
846,11749551,1,control,noise,0,4626856692642224563600,1128256604401493221
847,11749552,1,control,arb,0,1344147061821371132950,327212168186972605
848,11749552,1,poincare,noise,0,6253033594720936479314,1510113346590394530
849,11749552,1,control,noise,0,6253033594720936479314,1518918204281607153
850,11749553,1,control,arb,1,510439354724832847,2103843511365874626439
851,11749553,1,poincare,noise,1,1804858868720467056,7223407611185225011108
852,11749553,1,control,noise,1,1804858868720467056,7418825868021174909198
853,11749554,1,poincare,arb,0,58254500368326137232233,14149793107934130565
854,11749554,1,control,arb,0,11747705024943657421153,2854477530530972158
855,11749554,1,poincare,noise,0,6969157503959567634406,1661880239904637290
856,11749554,1,control,noise,0,6969157503959567634406,1684390577311023768
857,11749555,1,control,arb,0,3313762237593850655067,798577179205661312
858,11749555,1,poincare,noise,1,2235761063670705690,9242105110589677903467
859,11749555,1,control,noise,1,2235761063670705690,9261828400038877166619
860,11749556,1,control,arb,0,16009344546094260938762,3857206081129023680
861,11749556,1,poincare,noise,0,4571830391901487511866,1059674473485445011
862,11749556,1,control,noise,0,4571830391901487511866,1095110624734249761
863,11749557,1,control,arb,1,1069130212118753022,4463504962600373420288
864,11749557,1,poincare,noise,1,2896411409913654088,11931567968280636275753
865,11749557,1,control,noise,1,2896411409913654088,12035869797721870536581
866,11749558,1,control,arb,0,14017632882546587892681,3371430188528942503
867,11749558,1,poincare,noise,1,1628897999031299312,6674714249474229763553
868,11749558,1,control,noise,1,1628897999031299312,6786478184042402717995
869,11749559,1,poincare,arb,0,45034331785096319415674,10841614899342880765
870,11749559,1,control,arb,0,15816069741257904802472,3786528782180760493
871,11749559,1,poincare,noise,0,10195965563090650461000,2416609200699010575
872,11749559,1,control,noise,0,10195965563090650461000,2423172441989394557
873,11749560,1,control,arb,0,3428361167297691985291,811667091989051166
874,11749560,1,poincare,noise,1,81098682181630574,342169415883603188142
875,11749560,1,control,noise,1,81098682181630574,342845840821609709607
876,11749561,1,control,arb,0,13522751631957631830961,3186953599475849512
877,11749561,1,poincare,noise,1,1333129651887918914,5615296875540075296106
878,11749561,1,control,noise,1,1333129651887918914,5669156621016062071940
879,11749562,1,control,arb,0,7069314607812256648282,1661732694151304883
880,11749562,1,poincare,noise,0,12519609773625887904864,2841316862895374208
881,11749562,1,control,noise,0,12519609773625887904864,2926829621718120276
882,11749563,1,control,arb,1,584869205851297777,2508800850019529147732
883,11749563,1,poincare,noise,1,2826845513249038432,11930290400080970703857
884,11749563,1,control,noise,1,2826845513249038432,12076490774584228484067
885,11749564,1,control,arb,0,13633088706792577674090,3189826829049126705
886,11749564,1,poincare,noise,1,2555180192866892474,10715325703013517267517
887,11749564,1,control,noise,1,2555180192866892474,10928917929588108827214
888,11749565,1,poincare,arb,0,47052098506803519924760,11046107872053586982
889,11749565,1,control,arb,0,11936286203926932361258,2789919428191203388
890,11749565,1,poincare,noise,1,2105464537272502984,9014672046231917651044
891,11749565,1,control,noise,1,2105464537272502984,9015296818062887395000
892,11749566,1,poincare,arb,0,15728705539496058281806,3573442727814076149
893,11749566,1,control,arb,0,15592077904093128697188,3634767997055491477
894,11749566,1,poincare,noise,0,7186025306148257703298,1622418308313252744
895,11749566,1,control,noise,0,7186025306148257703298,1664587471599655194
896,11749567,1,control,arb,1,15377018479109082,66514057576330985759
897,11749567,1,poincare,noise,1,1917627166959949072,8274531018760058359760
898,11749567,1,control,noise,1,1917627166959949072,8275583017725288471980
899,11749568,1,control,arb,0,13605444404297852854295,3148010753214586658
900,11749568,1,poincare,noise,1,1060269721204866408,4558767079081619703390
901,11749568,1,control,noise,1,1060269721204866408,4593888662136316856265
902,11749569,1,control,arb,0,5847124961325446923239,1349048076724192448
903,11749569,1,poincare,noise,1,915957142835731840,3928986378082017540996
904,11749569,1,control,noise,1,915957142835731840,3972062345713708607804
905,11749570,1,control,arb,0,17358859470510534171314,3988157330576170955
906,11749570,1,poincare,noise,0,4181398620498097289064,971154199871650370
907,11749570,1,control,noise,0,4181398620498097289064,954960380641269911
908,11749571,1,poincare,arb,0,36619571961760410618929,8440551111759458897
909,11749571,1,control,arb,1,87579207952855809,383877185032466348972
910,11749571,1,poincare,noise,0,10334069301365828638440,2351210977568327365
911,11749571,1,control,noise,0,10334069301365828638440,2351202834625001609
912,11749572,1,poincare,arb,0,2680675254352668236106,595574931007736876
913,11749572,1,control,arb,0,2664814518443952109049,604131679366148418
914,11749572,1,poincare,noise,1,2562662620089148558,11276966416267881743992
915,11749572,1,control,noise,1,2562662620089148558,11277089375004186924139
916,11749573,1,control,arb,0,12620091351301104390383,2866795156565190613
917,11749573,1,poincare,noise,1,1277646050645056774,5596229217856046680138
918,11749573,1,control,noise,1,1277646050645056774,5635231666178361613484
919,11749574,1,control,arb,0,6565897954532326790819,1488270582672294226
920,11749574,1,poincare,noise,0,11186468699958983704065,2451880920341547229
921,11749574,1,control,noise,0,11186468699958983704065,2523276373354853071
922,11749575,1,control,arb,1,1035288665110907015,4598061005623338432551
923,11749575,1,poincare,noise,0,5986874813251185405024,1302747626384466488
924,11749575,1,control,noise,0,5986874813251185405024,1347478375010638101
925,11749576,1,control,arb,0,3655387511552646547649,820556753846452207
926,11749576,1,poincare,noise,0,5920620707129749447176,1283967128399548869
927,11749576,1,control,noise,0,5920620707129749447176,1325579393129384439
928,11749577,1,control,arb,1,1067375278258837458,4768868773876837749727
929,11749577,1,poincare,noise,0,7656088557909222130471,1654015267642912463
930,11749577,1,control,noise,0,7656088557909222130471,1712247649514386420
931,11749578,1,control,arb,1,1478896201585444153,6614570894141101500493
932,11749578,1,poincare,noise,0,7975792773933182591551,1714236947421871397
933,11749578,1,control,noise,0,7975792773933182591551,1782578513629503828
934,11749579,1,control,arb,0,6554398312534316268147,1459105788049458193
935,11749579,1,poincare,noise,1,328612472661368652,1466775758665702860866
936,11749579,1,control,noise,1,328612472661368652,1478191671849072188729
937,11749580,1,control,arb,0,2028497349071646957442,450881790501784747
938,11749580,1,poincare,noise,0,9651765636484943668410,2070904425062719546
939,11749580,1,control,noise,0,9651765636484943668410,2138533523476658297
940,11749581,1,control,arb,0,1180410501361417937446,260773877186346527
941,11749581,1,poincare,noise,1,2266703112417556798,10137701846789139111881
942,11749581,1,control,noise,1,2266703112417556798,10235168808893450807852
943,11749582,1,control,arb,0,14859671586563368529369,3286731759674912259
944,11749582,1,poincare,noise,1,1175722042621626946,5236343831006102655298
945,11749582,1,control,noise,1,1175722042621626946,5329350372106245944704
946,11749583,1,poincare,arb,0,48189847369829939366283,10673865164032405032
947,11749583,1,control,arb,0,15848910864652401080650,3486531276763418286
948,11749583,1,poincare,noise,0,3814934743934319622898,833170551894902797
949,11749583,1,control,noise,0,3814934743934319622898,834775914675537576
950,11749584,1,control,arb,0,1085420751237736359432,237195383897766521
951,11749584,1,poincare,noise,1,896772516578387418,4097827249391537895062
952,11749584,1,control,noise,1,896772516578387418,4100346813020729116067
953,11749585,1,control,arb,0,13129184098971725023930,2864458777284287537
954,11749585,1,poincare,noise,0,12625561043484027841672,2641011560591152339
955,11749585,1,control,noise,0,12625561043484027841672,2735547638532985619
956,11749586,1,control,arb,1,2575177745849731523,11887755487883559960877
957,11749586,1,poincare,noise,0,9671128629837894086991,1997008584245995033
958,11749586,1,control,noise,0,9671128629837894086991,2096248933555341839
959,11749587,1,control,arb,0,1924579917932790831988,415861152642762653
960,11749587,1,poincare,noise,1,2840397412573439228,13071882391089797469758
961,11749587,1,control,noise,1,2840397412573439228,13105729277167145817442
962,11749588,1,control,arb,0,17139769036774201609278,3710676299873070656
963,11749588,1,poincare,noise,1,2571822679733526712,11757045309460932382149
964,11749588,1,control,noise,1,2571822679733526712,11896128692568238834761
965,11749589,1,control,arb,0,25959764156940999095335,5591163599370469770
966,11749589,1,poincare,noise,0,6619260463891228698470,1418564857051904322
967,11749589,1,control,noise,0,6619260463891228698470,1413263718637515916
968,11749590,1,poincare,arb,0,52359311158529367222543,11271386658016102460
969,11749590,1,control,arb,0,4468842951854507896112,951316299364373920
970,11749590,1,poincare,noise,0,683064281335501476621,144974001224159479
971,11749590,1,control,noise,0,683064281335501476621,145209644136217866
972,11749591,1,poincare,arb,0,9804842349785181835151,2033629581915421358
973,11749591,1,control,arb,0,9743090464059428197665,2065507736527478462
974,11749591,1,poincare,noise,0,9607508876641771183458,1982585737602667036
975,11749591,1,control,noise,0,9607508876641771183458,2026327934813068431
976,11749592,1,control,arb,0,3601020973910430884740,756840421869600313
977,11749592,1,poincare,noise,1,2413786322839998238,11437704885554385506318
978,11749592,1,control,noise,1,2413786322839998238,11460809403370427914843
979,11749593,2,control,arb,0,36054276104149337287270,7544383677214090605
980,11749593,2,poincare,noise,1,2056484088561559390,9690202265252387257964
981,11749593,2,control,noise,1,2056484088561559390,9896065804313917984921
982,11749594,2,control,arb,0,35235587936836138855831,7273798987968952950
983,11749594,2,poincare,noise,1,587899066343526048,2761048116394616379370
984,11749594,2,control,noise,1,587899066343526048,2872177826839869829263
985,11749595,2,poincare,arb,0,94819323574866599783413,19658852996073090741
986,11749595,2,control,arb,0,19919216927200408681886,4059148044292374204
987,11749595,2,poincare,noise,0,10117274291508380594812,2040765652633510512
988,11749595,2,control,noise,0,10117274291508380594812,2045647589028364006
989,11749596,2,poincare,arb,0,20382858529532860512910,3997402989470742268
990,11749596,2,control,arb,0,20197671964768344626169,4051908166291806728
991,11749596,2,poincare,noise,0,5896937864344529789723,1148806394069525581
992,11749596,2,control,noise,0,5896937864344529789723,1175050366606394507
993,11749597,2,control,arb,0,10380621750025148917434,2059841551445677162
994,11749597,2,poincare,noise,0,5206394054879825150417,990728904904488185
995,11749597,2,control,noise,0,5206394054879825150417,1028981756793075103
996,11749598,2,control,arb,0,19408910437393031924212,3811840591827036143
997,11749598,2,poincare,noise,1,397108473517422578,1999791649944681733376
998,11749598,2,control,noise,1,397108473517422578,2030986823252129097134
999,11749599,2,control,arb,0,23031307598928086877914,4479186039614815136
1000,11749599,2,poincare,noise,1,845684605183252204,4251933017441042639335
1001,11749599,2,control,noise,1,845684605183252204,4369106882002564467585
1002,11749600,2,control,arb,0,14425156559406811414974,2785024332040142843
1003,11749600,2,poincare,noise,0,9482698457734098097324,1804405752226182223
1004,11749600,2,control,noise,0,9482698457734098097324,1819740844793066560
1005,11749601,2,poincare,arb,0,89409130940090107551097,16567395743857646708
1006,11749601,2,control,arb,0,21508034961014836227865,4095279216545697598
1007,11749601,2,poincare,noise,1,1421145753780127908,7482737913771104648600
1008,11749601,2,control,noise,1,1421145753780127908,7490158481874318052628
1009,11749602,2,control,arb,0,22937723841541822228483,4335264710736859079
1010,11749602,2,poincare,noise,1,771102816815437002,4048336210080019884837
1011,11749602,2,control,noise,1,771102816815437002,4099223319670152081258
1012,11749603,2,control,arb,0,31413355055717800506750,5869028920945051577
1013,11749603,2,poincare,noise,0,1567195569706292540668,285014738724333798
1014,11749603,2,control,noise,0,1567195569706292540668,290403196096378601
1015,11749604,2,control,arb,0,10394508818625139365242,1920404633293173453
1016,11749604,2,poincare,noise,0,9199415664005552901051,1671794129188519723
1017,11749604,2,control,noise,0,9199415664005552901051,1691374136619557901
1018,11749605,2,control,arb,0,12523737907677211311856,2290242605702910266
1019,11749605,2,poincare,noise,0,3537368014448850588746,640005039079813649
1020,11749605,2,control,noise,0,3537368014448850588746,644327040544711637
1021,11749606,2,poincare,arb,0,93046793183671454242070,16455326475013438482
1022,11749606,2,control,arb,0,13295789424232991505331,2411802925260009054
1023,11749606,2,poincare,noise,0,6586276234191218862477,1137579966444500108
1024,11749606,2,control,noise,0,6586276234191218862477,1188902136847274610
1025,11749607,2,control,arb,0,15435703711877874951320,2771347594643425635
1026,11749607,2,poincare,noise,1,2925775868271606258,16152388154947387333981
1027,11749607,2,control,noise,1,2925775868271606258,16292408299189174362046
1028,11749608,2,control,arb,0,47993863788975637995667,8552492046779874711
1029,11749608,2,poincare,noise,0,6659000548772447467920,1159535584675186320
1030,11749608,2,control,noise,0,6659000548772447467920,1170943380109146268
1031,11749609,2,control,arb,0,7475214077311896651524,1309983077480047069
1032,11749609,2,poincare,noise,0,12907442250336470510856,2236599232015581339
1033,11749609,2,control,noise,0,12907442250336470510856,2250847665231094504
1034,11749610,2,poincare,arb,0,89126879663192049102635,15027379427232503129
1035,11749610,2,control,arb,0,15409789057804557295036,2668966223805504117
1036,11749610,2,poincare,noise,0,7478937078468481124884,1233098361018041239
1037,11749610,2,control,noise,0,7478937078468481124884,1288249381872982959
1038,11749611,2,control,arb,0,24760285559528863131005,4232243562624505611
1039,11749611,2,poincare,noise,0,15689609340245163506382,2555915507793300041
1040,11749611,2,control,noise,0,15689609340245163506382,2656083526105170306
1041,11749612,2,control,arb,0,4777689991284879977349,804891281057674049
1042,11749612,2,poincare,noise,0,10951442300024629677100,1773105193145720139
1043,11749612,2,control,noise,0,10951442300024629677100,1838120129840415515
1044,11749613,2,control,arb,0,5491003609880810222114,918050033619476025
1045,11749613,2,poincare,noise,0,11902715620165403756174,1916956576689957388
1046,11749613,2,control,noise,0,11902715620165403756174,1981891535949753592
1047,11749614,2,control,arb,0,2800656467413219077165,464718308180970577
1048,11749614,2,poincare,noise,1,125849978549997696,744212477207850984137
1049,11749614,2,control,noise,1,125849978549997696,758807778067187721778
1050,11749615,2,control,arb,0,33770378674165111585491,5557758601415756073
1051,11749615,2,poincare,noise,1,657067414710364754,3881310856076378770842
1052,11749615,2,control,noise,1,657067414710364754,4020441556512640996357
1053,11749616,2,poincare,arb,0,101192457461796036962825,16022465462997151527
1054,11749616,2,control,arb,0,26090715047407699157583,4242206180746376000
1055,11749616,2,poincare,noise,1,1668779157632040298,10290761845316932557101
1056,11749616,2,control,noise,1,1668779157632040298,10301284746082234059772
1057,11749617,2,control,arb,0,30184768871269224437027,4867384989813223897
1058,11749617,2,poincare,noise,1,2553373693505993064,15651299897070718607023
1059,11749617,2,control,noise,1,2553373693505993064,15887251574328583179860
1060,11749618,2,control,arb,0,32188975265356734518894,5153949707167100902
1061,11749618,2,poincare,noise,0,17107582226642826601249,2674383416058318919
1062,11749618,2,control,noise,0,17107582226642826601249,2708228888641044204
1063,11749619,2,control,arb,0,11844265775196471288685,1862603664603836656
1064,11749619,2,poincare,noise,1,614924802093659644,3781612276427586158159
1065,11749619,2,control,noise,1,614924802093659644,3917402936753518036000
1066,11749620,2,poincare,arb,0,109541682952127378947018,16665569638221578165
1067,11749620,2,control,arb,0,32690096030043926012277,5097910945786994903
1068,11749620,2,poincare,noise,0,9495813217506874552460,1407360204487313849
1069,11749620,2,control,noise,0,9495813217506874552460,1466680725035087596
1070,11749621,2,control,arb,0,20085833141529019437238,3081660761388058897
1071,11749621,2,poincare,noise,1,2905449003234150318,18749947513658460660637
1072,11749621,2,control,noise,1,2905449003234150318,18942218340768054738186
1073,11749622,2,control,arb,0,34955018092098970894887,5342268017846101199
1074,11749622,2,poincare,noise,0,15016984651529791210312,2234791058830627185
1075,11749622,2,control,noise,0,15016984651529791210312,2269387737480208309
1076,11749623,2,control,arb,0,15908170048526497870995,2387465869845298539
1077,11749623,2,poincare,noise,1,93101587643619406,602191268369652962434
1078,11749623,2,control,noise,1,93101587643619406,622479480399103659407
1079,11749624,2,control,arb,0,16990654421399592023994,2531966334024342257
1080,11749624,2,poincare,noise,0,5384820716926320605248,797728233350865126
1081,11749624,2,control,noise,0,5384820716926320605248,798462564453983060
1082,11749625,2,poincare,arb,0,117554764047056535889718,16954450442321041947
1083,11749625,2,control,arb,0,26244867621213795152474,3864404959755286620
1084,11749625,2,poincare,noise,0,18121420889449905017840,2538666387345468586
1085,11749625,2,control,noise,0,18121420889449905017840,2642228206410337045
1086,11749626,2,control,arb,0,10953580517871951377083,1586915385785497103
1087,11749626,2,poincare,noise,0,13149993431963025885719,1811317139326672161
1088,11749626,2,control,noise,0,13149993431963025885719,1895073740954999888
1089,11749627,2,control,arb,0,78836611778299679390,11328419900323979
1090,11749627,2,poincare,noise,0,3424611085573293537062,470077999566846635
1091,11749627,2,control,noise,0,3424611085573293537062,491722151720124534
1092,11749628,2,control,arb,0,8015486634246606693879,1148027829293578137
1093,11749628,2,poincare,noise,0,7110224817761958894821,975097834467560350
1094,11749628,2,control,noise,0,7110224817761958894821,1015013085444653466
1095,11749629,2,control,arb,0,3159929255901311337540,450083449796447974
1096,11749629,2,poincare,noise,1,115864700045949240,804750669563973145047
1097,11749629,2,control,noise,1,115864700045949240,813874583389994752268
1098,11749630,2,control,arb,0,35127683716904118933660,4963742248913648815
1099,11749630,2,poincare,noise,0,18787938904304673969622,2570670641523146378
1100,11749630,2,control,noise,0,18787938904304673969622,2624021318567270176
1101,11749631,2,control,arb,0,17653101298768225537722,2446250719395180663
1102,11749631,2,poincare,noise,0,15045280772299875854817,2035210679536142270
1103,11749631,2,control,noise,0,15045280772299875854817,2070299281884418078
1104,11749632,2,control,arb,1,693040804574063677,5047268522832713936476
1105,11749632,2,poincare,noise,1,1104924671040075710,7770717055296360873772
1106,11749632,2,control,noise,1,1104924671040075710,8024439452988262058718
1107,11749633,2,control,arb,0,36944287002152530265338,5055743961617440076
1108,11749633,2,poincare,noise,0,11490268423969450821555,1559529342011470239
1109,11749633,2,control,noise,0,11490268423969450821555,1556255345314159174
1110,11749634,2,poincare,arb,0,127173786138040969095862,16732237719358604467
1111,11749634,2,control,arb,0,14891501892358380516625,2005665766546901455
1112,11749634,2,poincare,noise,1,2362428658960020364,17508774817848413886068
1113,11749634,2,control,noise,1,2362428658960020364,17530542047562043109841
1114,11749635,2,control,arb,0,36352560791461828101350,4879468548718312216
1115,11749635,2,poincare,noise,0,8234268126389295370398,1057546015042138922
1116,11749635,2,control,noise,0,8234268126389295370398,1094889233016683520
1117,11749636,2,control,arb,0,12225596174993138067121,1618627636092113690
1118,11749636,2,poincare,noise,1,195204953354721370,1445853064392129770632
1119,11749636,2,control,noise,1,195204953354721370,1477728550081999021660
1120,11749637,2,control,arb,0,25199729092113808679502,3312347558944470685
1121,11749637,2,poincare,noise,0,19031331180630993457701,2439643141716386056
1122,11749637,2,control,noise,0,19031331180630993457701,2478542065358507948
1123,11749638,2,control,arb,0,128571897263204018850,16677827506687361
1124,11749638,2,poincare,noise,0,20945434942819087100590,2654680042563020218
1125,11749638,2,control,noise,0,20945434942819087100590,2705103054714698434
1126,11749639,2,control,arb,1,39108843666402899,304116918295218141751
1127,11749639,2,poincare,noise,0,9479108693652286123673,1194046495926279081
1128,11749639,2,control,noise,0,9479108693652286123673,1216683784713314821
1129,11749640,2,control,arb,0,8767920476336770769121,1121164000116766832
1130,11749640,2,poincare,noise,1,2524095715386095758,18996259023314689510957
1131,11749640,2,control,noise,1,2524095715386095758,19694798972496767254142
1132,11749641,2,poincare,arb,0,141438644676811114996277,17576237849196521084
1133,11749641,2,control,arb,0,54283160589507588250622,6907675493333353911
1134,11749641,2,poincare,noise,1,365729634222232006,2901127807434047596990
1135,11749641,2,control,noise,1,365729634222232006,2904626266642394452110
1136,11749642,2,control,arb,0,32301962558803574516889,4042889275602147298
1137,11749642,2,poincare,noise,1,2790660341783189370,22024529446102668090003
1138,11749642,2,control,noise,1,2790660341783189370,22342385317155774183485
1139,11749643,2,control,arb,0,44229582857639072752670,5499958901432772844
1140,11749643,2,poincare,noise,0,16591130465464027654439,2020327485309959764
1141,11749643,2,control,noise,0,16591130465464027654439,2037764108259170269
1142,11749644,2,control,arb,0,3013314515777964534837,368638074617471610
1143,11749644,2,poincare,noise,1,2467948791369994736,19442105049212968739130
1144,11749644,2,control,noise,1,2467948791369994736,20103817113006465154669
1145,11749645,2,poincare,arb,0,131936147413888202501942,15817051711823368419
1146,11749645,2,control,arb,0,49287604436825625236056,6015118482347052542
1147,11749645,2,poincare,noise,0,18027545013924455477646,2098822864451757073
1148,11749645,2,control,noise,0,18027545013924455477646,2170487602028579736
1149,11749646,2,control,arb,0,21615342586965691617352,2581910801118423289
1150,11749646,2,poincare,noise,0,3481263806651740404933,396905716732270745
1151,11749646,2,control,noise,0,3481263806651740404933,413753763458759124
1152,11749647,2,control,arb,0,16655678959164087421763,1971648798651988293
1153,11749647,2,poincare,noise,0,24235839998845331198623,2752141913953302850
1154,11749647,2,control,noise,0,24235839998845331198623,2845811039933791119
1155,11749648,2,control,arb,0,693179016794765652596,80993771298346384
1156,11749648,2,poincare,noise,1,1282355771183299558,10769746823796516143520
1157,11749648,2,control,noise,1,1282355771183299558,10952721113048121651987
1158,11749649,2,control,arb,0,39165463686793031555636,4560144002033958504
1159,11749649,2,poincare,noise,0,18478073051579221618573,2100285795380541360
1160,11749649,2,control,noise,0,18478073051579221618573,2127203480272913452
1161,11749650,2,control,arb,0,8678641110569879582713,993792462924463893
1162,11749650,2,poincare,noise,0,10943072793895361195771,1232375313533992412
1163,11749650,2,control,noise,0,10943072793895361195771,1248303405219464533
1164,11749651,2,control,arb,0,24982113545225712560196,2829925802171472683
1165,11749651,2,poincare,noise,0,16183613143652231453992,1811131405512424583
1166,11749651,2,control,noise,0,16183613143652231453992,1818665315827080059
1167,11749652,2,control,arb,0,1414471341383240797875,158413594527799866
1168,11749652,2,poincare,noise,0,13176032064351828390684,1463852440053395408
1169,11749652,2,control,noise,0,13176032064351828390684,1471499706393796931
1170,11749653,2,control,arb,0,2835971612849338670042,315744706169869693
1171,11749653,2,poincare,noise,1,1249228934508711994,10685843924975610280897
1172,11749653,2,control,noise,1,1249228934508711994,11202297866850951114912
1173,11749654,2,poincare,arb,0,144241213261161286631867,15710138882149471138
1174,11749654,2,control,arb,0,22330429429184384218222,2484861659057162714
1175,11749654,2,poincare,noise,1,2879466232006451802,25828097949303927206483
1176,11749654,2,control,noise,1,2879466232006451802,25858955536800022233073
1177,11749655,2,control,arb,0,51297175538959485649627,5684293503742670431
1178,11749655,2,poincare,noise,1,1118936378278041750,9968132258973953620287
1179,11749655,2,control,noise,1,1118936378278041750,10177890993607361930588
1180,11749656,2,control,arb,0,41770871429351027007048,4564624136533602692
1181,11749656,2,poincare,noise,1,680524866720312942,6043922869282258595757
1182,11749656,2,control,noise,1,680524866720312942,6269845741173567942966
1183,11749657,2,poincare,arb,0,122393996473869563864918,12942640141968428344
1184,11749657,2,control,arb,0,25815449549359813910658,2791619242188419640
1185,11749657,2,poincare,noise,0,4091498461836112834148,422793508374303406
1186,11749657,2,control,noise,0,4091498461836112834148,439940448024046137
1187,11749658,2,control,arb,0,27524696740400012760009,2941990701455935730
1188,11749658,2,poincare,noise,1,2665213269982297942,24667044127804352208684
1189,11749658,2,control,noise,1,2665213269982297942,24947382622365552196799
1190,11749659,2,control,arb,0,56707687756342828275381,6022264762591735154
1191,11749659,2,poincare,noise,1,875289286962676822,8051268366526506679296
1192,11749659,2,control,noise,1,875289286962676822,8317461662352972229183
1193,11749660,2,poincare,arb,0,132211387698592818368872,13556834257978608564
1194,11749660,2,control,arb,0,44964957453984589470429,4699661452683507475
1195,11749660,2,poincare,noise,1,863013631323262650,8306718504073067628790
1196,11749660,2,control,noise,1,863013631323262650,8313781299826777618680
1197,11749661,2,control,arb,0,45465986422416882133787,4687237363099915504
1198,11749661,2,poincare,noise,1,1219495737792760850,11694732318313304792231
1199,11749661,2,control,noise,1,1219495737792760850,11902961195325054356678
1200,11749662,2,control,arb,0,40927910598597266826145,4170845875263225646
1201,11749662,2,poincare,noise,1,1716386676407078332,16374650342328711011298
1202,11749662,2,control,noise,1,1716386676407078332,16917470839647134837822
1203,11749663,2,poincare,arb,0,136448342582183738865471,13483432251679538880
1204,11749663,2,control,arb,0,47467562584362961221802,4789027233807800774
1205,11749663,2,poincare,noise,0,25485488984861165505819,2447281087443833145
1206,11749663,2,control,noise,0,25485488984861165505819,2537152918211532808
1207,11749664,2,control,arb,0,17839380414287624575316,1762022338262468656
1208,11749664,2,poincare,noise,1,757275221963338884,7622681563265571499036
1209,11749664,2,control,noise,1,757275221963338884,7681095387828074336352
1210,11749665,2,control,arb,0,33766345485678790955131,3313349323367595126
1211,11749665,2,poincare,noise,0,18510584703133866289406,1752357951054655828
1212,11749665,2,control,noise,0,18510584703133866289406,1799302124586670472
1213,11749666,2,control,arb,0,9811817351637607056115,948901799068612133
1214,11749666,2,poincare,noise,0,17215949631826448092013,1614660514325417356
1215,11749666,2,control,noise,0,17215949631826448092013,1656908540836759450
1216,11749667,2,control,arb,0,1825610522469256536019,175103464388164668
1217,11749667,2,poincare,noise,1,1931836729550027242,19594986338749815544509
1218,11749667,2,control,noise,1,1931836729550027242,20075394218798786467112
1219,11749668,2,control,arb,0,53821944457085058379223,5148176722732687869
1220,11749668,2,poincare,noise,0,24363270235417778572483,2299945079232052533
1221,11749668,2,control,noise,0,24363270235417778572483,2298156860866193878
1222,11749669,2,control,arb,1,722042783632272633,7677232742885605682929
1223,11749669,2,poincare,noise,0,28933713414233786977651,2692932960933425601
1224,11749669,2,control,noise,0,28933713414233786977651,2711015747810854328
1225,11749670,2,control,arb,1,1386175896163157718,14831131700967778163086
1226,11749670,2,poincare,noise,1,1305763784194965296,13414313704184071789336
1227,11749670,2,control,noise,1,1305763784194965296,13900020698642648754386
1228,11749671,2,poincare,arb,0,148593344725776861835597,13509849921997046031
1229,11749671,2,control,arb,0,47657959489703408704146,4450421857098743808
1230,11749671,2,poincare,noise,1,475046863850785518,5119591452504087042668
1231,11749671,2,control,noise,1,475046863850785518,5125439713788325817553
1232,11749672,2,control,arb,0,35219125903394800557081,3247085816501340952
1233,11749672,2,poincare,noise,1,50165004757152364,540097820427573040388
1234,11749672,2,control,noise,1,50165004757152364,547426097366464789175
1235,11749673,2,control,arb,0,36266146338004762624572,3302738225940590737
1236,11749673,2,poincare,noise,1,2604960700443134932,27907368676093266025107
1237,11749673,2,control,noise,1,2604960700443134932,28642225296872611017186
1238,11749674,2,poincare,arb,0,147289191842673390289062,12974013271999465730
1239,11749674,2,control,arb,0,71952271393557701887241,6495077274839268920
1240,11749674,2,poincare,noise,1,1135616191853358950,12698752339063052926886
1241,11749674,2,control,noise,1,1135616191853358950,12710410953223185416601
1242,11749675,2,control,arb,0,50156976832115158609855,4452550757359545338
1243,11749675,2,poincare,noise,0,13314506062374294569794,1131028703185941006
1244,11749675,2,control,noise,0,13314506062374294569794,1169139224302673766
1245,11749676,2,control,arb,0,13999777813829448559152,1223588151919045017
1246,11749676,2,poincare,noise,1,2872234927644721272,32015229734388556362839
1247,11749676,2,control,noise,1,2872234927644721272,32757554285676336710946
1248,11749677,2,control,arb,0,58249740494476104866615,5085330137569651912
1249,11749677,2,poincare,noise,0,10803025382601248255916,935367852486162258
1250,11749677,2,control,noise,0,10803025382601248255916,932093379073984673
1251,11749678,2,poincare,arb,0,161203120572174931953630,13551706474563556995
1252,11749678,2,control,arb,0,34563515859742673242391,2959377598353886701
1253,11749678,2,poincare,noise,0,35467900775988261665814,2887735781148497327
1254,11749678,2,control,noise,0,35467900775988261665814,3001201129844365849
1255,11749679,2,control,arb,1,357578860409009696,4248055073140295187541
1256,11749679,2,poincare,noise,1,2488390420108677344,29396852174129457953223
1257,11749679,2,control,noise,1,2488390420108677344,29395665696216306137868
1258,11749680,2,control,arb,0,62718602061827619370038,5279749683692138218
1259,11749680,2,poincare,noise,0,5828042643509309263866,475762937407672895
1260,11749680,2,control,noise,0,5828042643509309263866,485015225498686501
1261,11749681,2,control,arb,0,15530101833256721769712,1287846308794423065
1262,11749681,2,poincare,noise,1,1669513845708284058,19600350866991620451961
1263,11749681,2,control,noise,1,1669513845708284058,20117245728882444104290
1264,11749682,2,poincare,arb,0,116161131172477780180302,9440940069150377792
1265,11749682,2,control,arb,0,37309851577251452321195,3087500224471575263
1266,11749682,2,poincare,noise,1,201950978553281612,2453143682959957118220
1267,11749682,2,control,noise,1,201950978553281612,2454579488549265079724
1268,11749683,2,control,arb,0,20481880875589325460749,1680135632856731507
1269,11749683,2,poincare,noise,0,11064005905290700797333,864068502140657138
1270,11749683,2,control,noise,0,11064005905290700797333,902866477309207733
1271,11749684,2,control,arb,0,30821062497940515754955,2497849178201630248
1272,11749684,2,poincare,noise,0,8876645085421490980393,691051122700594799
1273,11749684,2,control,noise,0,8876645085421490980393,714719879351043496
1274,11749685,2,control,arb,0,13275223506462094569125,1065011950346689504
1275,11749685,2,poincare,noise,0,21452756324748759785339,1662258955043051625
1276,11749685,2,control,noise,0,21452756324748759785339,1711329650954473606
1277,11749686,2,control,arb,0,23663193617759485505461,1873850828866224960
1278,11749686,2,poincare,noise,1,133531660892215060,1642418841683703912719
1279,11749686,2,control,noise,1,133531660892215060,1692283257573909698466
1280,11749687,2,control,arb,0,18504787756353285234746,1456172788893235558
1281,11749687,2,poincare,noise,1,2445570173789287972,29925911442340947782890
1282,11749687,2,control,noise,1,2445570173789287972,31014814279085406998362
1283,11749688,2,poincare,arb,0,155334986134309649360055,11987395316081760646
1284,11749688,2,control,arb,0,44766112424700769967505,3522050764636315088
1285,11749688,2,poincare,noise,0,15694632910336369568722,1179364773663945524
1286,11749688,2,control,noise,0,15694632910336369568722,1222786171868183506
1287,11749689,2,control,arb,0,21867439354263585479055,1693452472220755402
1288,11749689,2,poincare,noise,1,223602683106350466,2872818280639045278285
1289,11749689,2,control,noise,1,223602683106350466,2896182933509310329638
1290,11749690,2,control,arb,0,24278249835910670724161,1868020295936803328
1291,11749690,2,poincare,noise,1,2822067354215011720,36033521387905103057133
1292,11749690,2,control,noise,1,2822067354215011720,36605241978421486422999
1293,11749691,2,control,arb,0,61381029803840165656682,4713481598094219888
1294,11749691,2,poincare,noise,1,1942653636686980258,24565907299853054278103
1295,11749691,2,control,noise,1,1942653636686980258,25444257853976335968520
1296,11749692,2,poincare,arb,0,161835595244977895069635,12339416678646151641
1297,11749692,2,control,arb,0,51066913385536268404865,3883087576564413434
1298,11749692,2,poincare,noise,0,3459300926671535394436,257043945199906980
1299,11749692,2,control,noise,0,3459300926671535394436,260769568916737470
1300,11749693,2,control,arb,0,14098334855738661152516,1059812458413210131
1301,11749693,2,poincare,noise,1,368850254388217326,4890037986644157948336
1302,11749693,2,control,noise,1,368850254388217326,4913834682601165247720
1303,11749694,2,control,arb,0,51757108708840874246962,3856511767390817721
1304,11749694,2,poincare,noise,0,21583504185955489798660,1548723198189238720
1305,11749694,2,control,noise,0,21583504185955489798660,1589773985162486368
1306,11749695,2,control,arb,0,18831377715712841757239,1378317670067394896
1307,11749695,2,poincare,noise,0,20582927464814626957145,1462883394898049628
1308,11749695,2,control,noise,0,20582927464814626957145,1497286703053294639
1309,11749696,2,control,arb,0,21904031278671616316087,1582899997077090497
1310,11749696,2,poincare,noise,0,30858782930574563714579,2174310106074095250
1311,11749696,2,control,noise,0,30858782930574563714579,2211873347237467870
1312,11749697,2,control,arb,1,853168187125662345,11937806086078240315388
1313,11749697,2,poincare,noise,0,33103769398069365505398,2310091680858096732
1314,11749697,2,control,noise,0,33103769398069365505398,2358155339573917338
1315,11749698,2,control,arb,1,921653351355324113,12978390191159164230137
1316,11749698,2,poincare,noise,0,19772939818414800940606,1368980896892890064
1317,11749698,2,control,noise,0,19772939818414800940606,1402699725307142069
1318,11749699,2,control,arb,0,12120755175750549825644,855648018995528465
1319,11749699,2,poincare,noise,1,878876364455473480,12071839747175783905280
1320,11749699,2,control,noise,1,878876364455473480,12449170503576050429212
1321,11749700,2,poincare,arb,0,165952288320164705287424,11279165784246785143
1322,11749700,2,control,arb,0,64277974142231745972151,4502083424712013816
1323,11749700,2,poincare,noise,1,2521204401631045730,36113855034533032789320
1324,11749700,2,control,noise,1,2521204401631045730,36151663031418538779833
1325,11749701,2,control,arb,0,59356341446385712477147,4124936840739274492
1326,11749701,2,poincare,noise,1,671702429056846380,9555652528881355637910
1327,11749701,2,control,noise,1,671702429056846380,9738876282211895020445
1328,11749702,2,control,arb,0,50146415812212699415694,3437614631871414398
1329,11749702,2,poincare,noise,0,3248629897199810903492,218267039292844297
1330,11749702,2,control,noise,0,3248629897199810903492,220908806741332976
1331,11749703,2,control,arb,0,17247038048306097762877,1169200347517509109
1332,11749703,2,poincare,noise,0,13607053198797938063643,913548761530526304
1333,11749703,2,control,noise,0,13607053198797938063643,918176673975408779
1334,11749704,2,control,arb,0,2694869687884210324841,181400447689889164
1335,11749704,2,poincare,noise,0,32536676448770819900433,2167629930164102447
1336,11749704,2,control,noise,0,32536676448770819900433,2178649602659837873
1337,11749705,2,control,arb,1,97692379592906492,1465759378791530995221
1338,11749705,2,poincare,noise,0,25917105141443391700947,1702158708171671539
1339,11749705,2,control,noise,0,25917105141443391700947,1721094627101530736
1340,11749706,2,control,arb,0,16777014111037799410167,1107076636209168781
1341,11749706,2,poincare,noise,1,297491769123120484,4317584139409346415377
1342,11749706,2,control,noise,1,297491769123120484,4516498871790071307269
1343,11749707,2,poincare,arb,0,192554939958291359232254,12305947661264022232
1344,11749707,2,control,arb,0,39460371583710268038490,2585782966932844753
1345,11749707,2,poincare,noise,1,2610622933791767394,39787995963753226987850
1346,11749707,2,control,noise,1,2610622933791767394,39837216846166068910976
1347,11749708,2,control,arb,0,84159104564156200297895,5479348644223761721
1348,11749708,2,poincare,noise,1,2963516176862636962,44613187971041588115750
1349,11749708,2,control,noise,1,2963516176862636962,45776587735916457589375
1350,11749709,2,poincare,arb,0,187298439789311867410899,11741615554506930297
1351,11749709,2,control,arb,0,98189910310459919360919,6308278243384726455
1352,11749709,2,poincare,noise,0,4524344024846203178113,276132150254320729
1353,11749709,2,control,noise,0,4524344024846203178113,286334619884104703
1354,11749710,2,control,arb,0,45098301905667507487315,2833730220872112916
1355,11749710,2,poincare,noise,1,2172032760562982316,34139186918582585578003
1356,11749710,2,control,noise,1,2172032760562982316,34620097890967366048931
1357,11749711,2,control,arb,0,49056225442389839886057,3071346097824578081
1358,11749711,2,poincare,noise,1,2198117529782075782,34211757011483200339388
1359,11749711,2,control,noise,1,2198117529782075782,35179455629504138712194
1360,11749712,2,poincare,arb,0,154840855242909074886400,9499095022808620691
1361,11749712,2,control,arb,0,57093748004652052732973,3556169695618120557
1362,11749712,2,poincare,noise,1,1363571532843581498,21990187245044588300547
1363,11749712,2,control,noise,1,1363571532843581498,22003074768806711220601
1364,11749713,2,control,arb,0,38575765764935445479636,2384940272688766693
1365,11749713,2,poincare,noise,0,14733205724341349272400,870031484746141259
1366,11749713,2,control,noise,0,14733205724341349272400,903941108190305198
1367,11749714,2,control,arb,0,18188700380421178455399,1110714659365073029
1368,11749714,2,poincare,noise,0,1577790677597031991595,92834486773195210
1369,11749714,2,control,noise,0,1577790677597031991595,96078362144752816
1370,11749715,2,control,arb,0,26696716666877003791659,1619153059151136671
1371,11749715,2,poincare,noise,0,33132069194211344204600,1944307577783125461
1372,11749715,2,control,noise,0,33132069194211344204600,1992474792888135033
1373,11749716,2,control,arb,0,16061055952402007888309,959173071741668955
1374,11749716,2,poincare,noise,1,526065654642897320,8563093342320557958279
1375,11749716,2,control,noise,1,526065654642897320,8817818867217017198966
1376,11749717,2,control,arb,0,34426657198381397964345,2046487239545741505
1377,11749717,2,poincare,noise,0,26777501843091146369040,1566202973670557289
1378,11749717,2,control,noise,0,26777501843091146369040,1578154916836390036
1379,11749718,2,control,arb,1,529844949180786408,9012624547059432254615
1380,11749718,2,poincare,noise,0,32872712543899539054557,1899778159132795941
1381,11749718,2,control,noise,0,32872712543899539054557,1926130911104979815
1382,11749719,2,control,arb,0,23273516853300125354018,1353038126827917764
1383,11749719,2,poincare,noise,0,14327860389272790732417,822014677297903026
1384,11749719,2,control,noise,0,14327860389272790732417,828625610051066017
1385,11749720,2,control,arb,0,2041991163803681146980,117826755408163563
1386,11749720,2,poincare,noise,0,42882181739169341793557,2440978492458339974
1387,11749720,2,control,noise,0,42882181739169341793557,2459060011072212336
1388,11749721,2,control,arb,0,3101633467964899642622,176734880207399685
1389,11749721,2,poincare,noise,0,18751906058267838745416,1058641755466119350
1390,11749721,2,control,noise,0,18751906058267838745416,1065297457189495963
1391,11749722,2,poincare,arb,0,202747587216250119937171,11106927050386186144
1392,11749722,2,control,arb,0,36831290900692079864330,2076485709536852740
1393,11749722,2,poincare,noise,0,40903490404019279806446,2170853556812422925
1394,11749722,2,control,noise,0,40903490404019279806446,2281693299598107639
1395,11749723,3,control,arb,0,5691205164960783754455,315458947580469519
1396,11749723,3,poincare,noise,0,47774973380813454310573,2506373163114815112
1397,11749723,3,control,noise,0,47774973380813454310573,2629014661693969089
1398,11749724,3,control,arb,1,412025833822801113,7528359882444131134321
1399,11749724,3,poincare,noise,0,9357528855656495403412,487351083091578604
1400,11749724,3,control,noise,0,9357528855656495403412,512009501661905078
1401,11749725,3,control,arb,0,27898643640527281867588,1518864019685099227
1402,11749725,3,poincare,noise,1,337596970400172420,6160255773782758411679
1403,11749725,3,control,noise,1,337596970400172420,6219158428394868981504
1404,11749726,3,control,arb,0,31946589433455736591736,1728190687451708305
1405,11749726,3,poincare,noise,0,52115078928835717267829,2709127981913623079
1406,11749726,3,control,noise,0,52115078928835717267829,2787694979650575982
1407,11749727,3,control,arb,1,1908429155069488164,35755689764934820190153
1408,11749727,3,poincare,noise,1,214649771172480162,3964596434770876778221
1409,11749727,3,control,noise,1,214649771172480162,4000331152785588975819
1410,11749728,3,control,arb,0,45318176962730146760266,2418323194918942980
1411,11749728,3,poincare,noise,1,784779254560943966,14459725551187676382018
1412,11749728,3,control,noise,1,784779254560943966,14766479342303408855991
1413,11749729,3,control,arb,0,66251069241964310745167,3497038992043369295
1414,11749729,3,poincare,noise,0,48164960292566799281935,2495944104858755830
1415,11749729,3,control,noise,0,48164960292566799281935,2504197154066841280
1416,11749730,3,control,arb,1,1586315049728364742,30581547371113468501252
1417,11749730,3,poincare,noise,0,55915033205507494125958,2835573709836016791
1418,11749730,3,control,noise,0,55915033205507494125958,2890794094968093202
1419,11749731,3,control,arb,1,5564322965200066952,106904552024912006127749
1420,11749731,3,poincare,noise,1,2379707113960649252,44685385734000762716229
1421,11749731,3,control,noise,1,2379707113960649252,44812860034947894300189
1422,11749732,3,control,arb,0,26225606246036636675658,1396106329963880266
1423,11749732,3,poincare,noise,1,2424912171904543110,45001925816252864297692
1424,11749732,3,control,noise,1,2424912171904543110,45434775673290499983347
1425,11749733,3,control,arb,0,21102522092769223474087,1129924657082763419
1426,11749733,3,poincare,noise,1,3012738129338996112,55176552993851488178649
1427,11749733,3,control,noise,1,3012738129338996112,56003310002733445380605
1428,11749734,3,poincare,arb,0,95361126300451157680030,5179437512168908058
1429,11749734,3,control,arb,0,39168565593625841410320,2111844009199121618
1430,11749734,3,poincare,noise,0,22558482079330898304935,1206341301264818156
1431,11749734,3,control,noise,0,22558482079330898304935,1206272977526399890
1432,11749735,3,poincare,arb,0,12169614237000877685261,647832868450042219
1433,11749735,3,control,arb,0,11515551687224301025980,612980018446977749
1434,11749735,3,poincare,noise,0,8246971845836690199003,437847033863284951
1435,11749735,3,control,noise,0,8246971845836690199003,437837991835498567
1436,11749736,3,poincare,arb,0,21209901179674995105194,1099322502940946894
1437,11749736,3,control,arb,0,20655115875464398170215,1092393391507190245
1438,11749736,3,poincare,noise,1,816519575923149978,15449286342417794025436
1439,11749736,3,control,noise,1,816519575923149978,15449543489124220458582
1440,11749737,3,control,arb,0,58384146801406553819304,3068177925712772556
1441,11749737,3,poincare,noise,1,350201872236050100,6607121788084527476873
1442,11749737,3,control,noise,1,350201872236050100,6709720252348796874232
1443,11749738,3,control,arb,0,34822028973596388050425,1810762262406233359
1444,11749738,3,poincare,noise,1,1382292530285943148,25968428345742640298945
1445,11749738,3,control,noise,1,1382292530285943148,26611104717463831886571
1446,11749739,3,poincare,arb,0,136733183826368223650867,7174587725991673185
1447,11749739,3,control,arb,0,42390743693402200415289,2197398610523610350
1448,11749739,3,poincare,noise,1,633804003680411470,12275832259628273604616
1449,11749739,3,control,noise,1,633804003680411470,12275459695665045759279
1450,11749740,3,poincare,arb,0,55009946301680953510147,2768158445804415249
1451,11749740,3,control,arb,0,54203567216921184046534,2783329983388111497
1452,11749740,3,poincare,noise,0,41845046034254268922200,2080034014609300792
1453,11749740,3,control,noise,0,41845046034254268922200,2121965761037606886
1454,11749741,3,control,arb,1,17584622187388557,348643697150062782570
1455,11749741,3,poincare,noise,0,55450791587919871257605,2667192546291921621
1456,11749741,3,control,noise,0,55450791587919871257605,2776944340930607571
1457,11749742,3,poincare,arb,1,210934745168152570,4236145207615080413838
1458,11749742,3,control,arb,1,383381259941320489,7702859884216439881918
1459,11749742,3,poincare,noise,1,2673792347422008312,53306682652479033638107
1460,11749742,3,control,noise,1,2673792347422008312,53299681498380620286035
1461,11749743,3,control,arb,0,36991928569549845759629,1859617759375530844
1462,11749743,3,poincare,noise,0,52299387727723572456118,2530884972154523935
1463,11749743,3,control,noise,0,52299387727723572456118,2599024382710906501
1464,11749744,3,poincare,arb,1,2960306792584520565,58947538300654817075569
1465,11749744,3,control,arb,1,4782910151553248014,95705570026057556974500
1466,11749744,3,poincare,noise,0,24614024706081942921818,1187236256389711385
1467,11749744,3,control,noise,0,24614024706081942921818,1241412712943610323
1468,11749745,3,poincare,arb,1,2674286935772507168,52823249065560118903648
1469,11749745,3,control,arb,1,2673072414890949985,52806112926745787078884
1470,11749745,3,poincare,noise,0,43006904638164128907329,2128365384457003591
1471,11749745,3,control,noise,0,43006904638164128907329,2179796643895733465
1472,11749746,3,poincare,arb,1,4558713687433268341,89387892920027638287946
1473,11749746,3,control,arb,1,4537603494766730693,88989333294347878434231
1474,11749746,3,poincare,noise,1,1288672574554181324,24901332889905751699106
1475,11749746,3,control,noise,1,1288672574554181324,24899758181367016432073
1476,11749747,3,poincare,arb,0,71273006443738973614114,3666596170942409873
1477,11749747,3,control,arb,0,70373316015549659922967,3620541103303649482
1478,11749747,3,poincare,noise,0,29794095490813309802280,1513012306370284758
1479,11749747,3,control,noise,0,29794095490813309802280,1512898938572348327
1480,11749748,3,poincare,arb,1,412393580304728482,8143290505174924786874
1481,11749748,3,control,arb,1,433596738382739415,8562618228555819964874
1482,11749748,3,poincare,noise,1,1022865066748136918,20125198990553226388083
1483,11749748,3,control,noise,1,1022865066748136918,20124179323132195655645
1484,11749749,3,poincare,arb,0,48085475182503361371771,2435268735017037288
1485,11749749,3,control,arb,0,47542927430170535774443,2407913631356786016
1486,11749749,3,poincare,noise,1,2841699242127777882,56053488475301055514022
1487,11749749,3,control,noise,1,2841699242127777882,56045607150539766595448
1488,11749750,3,poincare,arb,0,73301835614093147924949,3708001032914957599
1489,11749750,3,control,arb,0,72959892339090713966514,3691222702597329939
1490,11749750,3,poincare,noise,1,486657626873041136,9698801687586426067507
1491,11749750,3,control,noise,1,486657626873041136,9698566220535388256880
1492,11749751,3,poincare,arb,0,55417909946078524460963,2764688882980389747
1493,11749751,3,control,arb,0,54532197491277836965813,2720568506807418105
1494,11749751,3,poincare,noise,1,2521981059987473766,50583867512378409185078
1495,11749751,3,control,noise,1,2521981059987473766,50577500076361392664936
1496,11749752,3,poincare,arb,0,101015157444474625210716,5004550610978263953
1497,11749752,3,control,arb,0,100032048588985429717818,4956468784984162031
1498,11749752,3,poincare,noise,0,55123402556758645876861,2677926762498395861
1499,11749752,3,control,noise,0,55123402556758645876861,2677564242101952889
1500,11749753,3,poincare,arb,1,1724291754120988193,35580296847031158641532
1501,11749753,3,control,arb,1,1742399013359273589,35958803144163674618678
1502,11749753,3,poincare,noise,0,18691652007010809652577,889586221629907875
1503,11749753,3,control,noise,0,18691652007010809652577,907699282592997116
1504,11749754,3,control,arb,0,7853811606716010120108,380109522539130986
1505,11749754,3,poincare,noise,1,2176259629865572858,44664742120969677098156
1506,11749754,3,control,noise,1,2176259629865572858,44754952400006018166302
1507,11749755,3,poincare,arb,1,87912318802188792,1793833304458002070997
1508,11749755,3,control,arb,1,450558703434718605,9202305569801110461600
1509,11749755,3,poincare,noise,0,7660400020464860394805,367642746314377018
1510,11749755,3,control,noise,0,7660400020464860394805,375138543422199664
1511,11749756,3,poincare,arb,1,1273448191368759140,25943467826936282821371
1512,11749756,3,control,arb,1,1259689100253084190,25663892416850602782899
1513,11749756,3,poincare,noise,1,2059975641518806298,41612052799607837443211
1514,11749756,3,control,noise,1,2059975641518806298,41607749322981542424953
1515,11749757,3,poincare,arb,0,9948079523249797257513,494439685633404184
1516,11749757,3,control,arb,0,10558059571315978639180,524811203971317015
1517,11749757,3,poincare,noise,1,2214641368862387764,44364692433396215000906
1518,11749757,3,control,noise,1,2214641368862387764,44359781273390426351186
1519,11749758,3,poincare,arb,1,99913366587606243,1989806573028658629029
1520,11749758,3,control,arb,1,55010826133295392,1095436875686032038091
1521,11749758,3,poincare,noise,1,1535969388256731582,30463395939299365844089
1522,11749758,3,control,noise,1,1535969388256731582,30461066628539686801703
1523,11749759,3,poincare,arb,0,55977520379288708787831,2813288449140578441
1524,11749759,3,control,arb,0,55480215085772585477136,2788508360803955722
1525,11749759,3,poincare,noise,1,1026695047691157520,20520965743871352110053
1526,11749759,3,control,noise,1,1026695047691157520,20519912148959151825217
1527,11749760,3,poincare,arb,0,55729903022314770616628,2775890865085624345
1528,11749760,3,control,arb,0,55045793327547049818649,2741956331263594838
1529,11749760,3,poincare,noise,1,1517285526132556344,30558858946088317988951
1530,11749760,3,control,noise,1,1517285526132556344,30556532933768822253651
1531,11749761,3,poincare,arb,0,70747168126942836360932,3495000243261200721
1532,11749761,3,control,arb,0,69965185815662308913332,3456632425152250445
1533,11749761,3,poincare,noise,1,2815427714703957644,57089377013253451259572
1534,11749761,3,control,noise,1,2815427714703957644,57081300425206466740457
1535,11749762,3,poincare,arb,0,73702121321732983799043,3627155396160243311
1536,11749762,3,control,arb,0,73371756212294174581993,3611407816508648464
1537,11749762,3,poincare,noise,0,43894825191568802489508,2128642375194282534
1538,11749762,3,control,noise,0,43894825191568802489508,2128412565517775388
1539,11749763,3,poincare,arb,1,146634275527668557,3039195737363408597169
1540,11749763,3,control,arb,1,184855575912617415,3831798101116592979210
1541,11749763,3,poincare,noise,1,415124482905095718,8591579962504158678259
1542,11749763,3,control,noise,1,415124482905095718,8591398327225689785635
1543,11749764,3,control,arb,0,32232699428302512728708,1552783138082528158
1544,11749764,3,poincare,noise,0,16374885957207264197188,775612759134593965
1545,11749764,3,control,noise,0,16374885957207264197188,784007313311758867
1546,11749765,3,control,arb,0,18110817747961383457376,863356166617647825
1547,11749765,3,poincare,noise,1,1030944288837503958,21343456789177660969036
1548,11749765,3,control,noise,1,1030944288837503958,21616783046823484345175
1549,11749766,3,poincare,arb,0,94019435394933600950988,4500737544659882799
1550,11749766,3,control,arb,0,42235980441453751834313,2009095823253556809
1551,11749766,3,poincare,noise,0,52576803540731984435947,2471722028429254218
1552,11749766,3,control,noise,0,52576803540731984435947,2471407179737795918
1553,11749767,3,poincare,arb,1,5177507935880531404,109362298024505641646058
1554,11749767,3,control,arb,1,5124649928263988180,108259590950348785235997
1555,11749767,3,poincare,noise,0,22487185182995558535801,1054521487445636584
1556,11749767,3,control,noise,0,22487185182995558535801,1075983076391203205
1557,11749768,3,poincare,arb,1,3486149327958149230,72398731540344540701189
1558,11749768,3,control,arb,1,3449744639108476135,71648639460917599794579
1559,11749768,3,poincare,noise,0,18651412009987775470192,904113831235423340
1560,11749768,3,control,noise,0,18651412009987775470192,904072198115124372
1561,11749769,3,poincare,arb,1,3305533062066531392,67773476981104425864848
1562,11749769,3,control,arb,1,3258793044132256514,66818241400649601329473
1563,11749769,3,poincare,noise,0,12702461892921037845456,623817440582080043
1564,11749769,3,control,noise,0,12702461892921037845456,623797741603696457
1565,11749770,3,poincare,arb,1,2711726291394753907,54924711805598760891892
1566,11749770,3,control,arb,1,2671104780904262137,54103651139131250786764
1567,11749770,3,poincare,noise,1,1883336044495688514,37703129885333581761559
1568,11749770,3,control,noise,1,1883336044495688514,37699571717928402097930
1569,11749771,3,poincare,arb,0,58788703444419307063973,2928801463218277263
1570,11749771,3,control,arb,0,58375111820363245710662,2908471174443036949
1571,11749771,3,poincare,noise,1,1453089926679917218,28690958759708501950944
1572,11749771,3,control,noise,1,1453089926679917218,29274348773485629361018
1573,11749772,3,poincare,arb,0,75938443675928602035206,3746792537829034169
1574,11749772,3,control,arb,0,75313220050331785802752,3716353170143776227
1575,11749772,3,poincare,noise,0,38867266716761279562082,1890286258473272005
1576,11749772,3,control,noise,0,38867266716761279562082,1890104468268125131
1577,11749773,3,poincare,arb,0,2222441204843512877141,107534130600542740
1578,11749773,3,control,arb,0,1421913746181209872442,68793520043427589
1579,11749773,3,poincare,noise,0,8559358663482442367027,413594260191676180
1580,11749773,3,control,noise,0,8559358663482442367027,413585511876069441
1581,11749774,3,poincare,arb,0,28570810095170152827633,1374208832353311958
1582,11749774,3,control,arb,0,27847424090753265854552,1339386827698023660
1583,11749774,3,poincare,noise,0,13916091255843996874412,665822644135976001
1584,11749774,3,control,noise,0,13916091255843996874412,665799867478799745
1585,11749775,3,poincare,arb,0,23785647066257251424816,1132743923323812736
1586,11749775,3,control,arb,0,23051125496434320499308,1097726248337220442
1587,11749775,3,poincare,noise,1,2754740590052894546,57602734088834300390307
1588,11749775,3,control,noise,1,2754740590052894546,57594602456323741111754
1589,11749776,3,poincare,arb,0,103519815606369958540009,4922753685101529792
1590,11749776,3,control,arb,0,102617107535239949108889,4880515516442917081
1591,11749776,3,poincare,noise,1,809546337091116232,17206379633518486300043
1592,11749776,3,control,noise,1,809546337091116232,17205658093113602988347
1593,11749777,3,poincare,arb,0,50525262423801582320066,2320147147229666623
1594,11749777,3,control,arb,0,49875408000377394580403,2337144418736956559
1595,11749777,3,poincare,noise,0,58787733911699944410457,2664102122515154716
1596,11749777,3,control,noise,0,58787733911699944410457,2717748875444294222
1597,11749778,3,poincare,arb,1,1784935343093010391,38688961390686985401973
1598,11749778,3,control,arb,1,1852196877957920562,40157938913684872148465
1599,11749778,3,poincare,noise,0,53112301666072744836592,2348347151984174370
1600,11749778,3,control,noise,0,53112301666072744836592,2445769704342693394
1601,11749779,3,poincare,arb,1,4505456504154511969,97276180110915390392845
1602,11749779,3,control,arb,1,4512085828397545570,97444443835718720892710
1603,11749779,3,poincare,noise,0,16071057219606989039383,721554984436486439
1604,11749779,3,control,noise,0,16071057219606989039383,751710850596524189
1605,11749780,3,poincare,arb,1,2095199722754705814,44631872652912452379703
1606,11749780,3,control,arb,1,2083362833874357094,44383234523313231004503
1607,11749780,3,poincare,noise,1,820760209820916126,17351287883273311420714
1608,11749780,3,control,noise,1,820760209820916126,17350540966885520498091
1609,11749781,3,poincare,arb,1,926281201966218981,19493344921452804266130
1610,11749781,3,control,arb,1,891726070579742490,18765333424408710365819
1611,11749781,3,poincare,noise,0,51977689869393350799825,2459640291444066777
1612,11749781,3,control,noise,0,51977689869393350799825,2459703259291986650
1613,11749782,3,poincare,arb,1,4224873874828641648,88860493680862609630824
1614,11749782,3,control,arb,1,4189833799725348910,88134893056487830656788
1615,11749782,3,poincare,noise,0,39572640777400725480099,1892932067420225988
1616,11749782,3,control,noise,0,39572640777400725480099,1892745449642283366
1617,11749783,3,poincare,arb,0,15683462754943960513080,745099974610643908
1618,11749783,3,control,arb,0,14590512827463923449277,693107072938035276
1619,11749783,3,poincare,noise,1,2378067656585229322,49844348066936424024299
1620,11749783,3,control,noise,1,2378067656585229322,49838170697179597468265
1621,11749784,3,poincare,arb,0,104608186794715358927408,4957387448262818427
1622,11749784,3,control,arb,0,103518796354550514081792,4906369240335585964
1623,11749784,3,poincare,noise,1,652264307077081328,13918513400569904582278
1624,11749784,3,control,noise,1,652264307077081328,13918034907932293147095
1625,11749785,3,poincare,arb,0,36347640879896082505360,1698698374824355068
1626,11749785,3,control,arb,0,35903520659288626069095,1678000208190373225
1627,11749785,3,poincare,noise,0,30271930013063900542255,1403288489289480680
1628,11749785,3,control,noise,0,30271930013063900542255,1403184241547405280
1629,11749786,3,poincare,arb,0,16067478940096847926253,740635992031026303
1630,11749786,3,control,arb,0,15150898681679272032488,698334026584176636
1631,11749786,3,poincare,noise,1,1294402389554110642,28040088234671118690748
1632,11749786,3,control,noise,1,1294402389554110642,28038162515678932390735
1633,11749787,3,poincare,arb,0,71975527468632455997670,3304949206523400744
1634,11749787,3,control,arb,0,71104571324857365795210,3265181165396224265
1635,11749787,3,poincare,noise,0,41575891473400524852314,1883025099636740046
1636,11749787,3,control,noise,0,41575891473400524852314,1882835327163195000
1637,11749788,3,poincare,arb,1,476528826630643815,10560827612012561514779
1638,11749788,3,control,arb,1,504159148251918956,11174296706485540908078
1639,11749788,3,poincare,noise,0,15104238473257719683138,667542841599487274
1640,11749788,3,control,noise,0,15104238473257719683138,681141237420257218
1641,11749789,3,control,arb,0,19644730004594463307827,882137652122555118
1642,11749789,3,poincare,noise,1,2715457204862065098,59886251271297833106409
1643,11749789,3,control,noise,1,2715457204862065098,60171574303389106451792
1644,11749790,3,control,arb,0,86499175849673601341615,3891066040438319423
1645,11749790,3,poincare,noise,0,6454708116032779321066,291924375336612412
1646,11749790,3,control,noise,0,6454708116032779321066,287072690664760374
1647,11749791,3,poincare,arb,0,67373916783551019247924,3047511323433470763
1648,11749791,3,control,arb,1,1752033233717443800,39236427567224059750692
1649,11749791,3,poincare,noise,1,1123714697431173040,24970219210197082626838
1650,11749791,3,control,noise,1,1123714697431173040,24968709443131720187144
1651,11749792,3,poincare,arb,1,100864880926739980,2234023348855835843808
1652,11749792,3,control,arb,1,76617031153062839,1696863029928802027140
1653,11749792,3,poincare,noise,0,45499266117594871790644,2004263979117707400
1654,11749792,3,control,noise,0,45499266117594871790644,2043410534881554749
1655,11749793,3,poincare,arb,1,3202538396709836226,71074161301838852906997
1656,11749793,3,control,arb,1,3198496205901459775,70995998362364734837113
1657,11749793,3,poincare,noise,1,577761235555437514,12693822947484352613571
1658,11749793,3,control,noise,1,577761235555437514,12693429239867653446563
1659,11749794,3,poincare,arb,1,869262196892274568,19025226498894281787604
1660,11749794,3,control,arb,1,840534989999609190,18395913958877200306139
1661,11749794,3,poincare,noise,1,1646572712747776856,35799227055049609574512
1662,11749794,3,control,noise,1,1646572712747776856,35796083822058923183261
1663,11749795,3,poincare,arb,0,63692687601649074912668,2919660265099692269
1664,11749795,3,control,arb,0,63135786085201208348868,2894386141205909387
1665,11749795,3,poincare,noise,1,1955569937511137916,42769522395181403806642
1666,11749795,3,control,noise,1,1955569937511137916,42765051172652994218236
1667,11749796,3,poincare,arb,0,79796608426869813933679,3632343492066093975
1668,11749796,3,control,arb,0,79057052521389478961733,3599055143215813183
1669,11749796,3,poincare,noise,0,26137062763204559924295,1174663378070266389
1670,11749796,3,control,noise,0,26137062763204559924295,1174588896756598190
1671,11749797,3,poincare,arb,0,24090006708684514836038,1076168996189251182
1672,11749797,3,control,arb,0,23092867765405258062120,1031558556826350536
1673,11749797,3,poincare,noise,1,2179118639758768160,48636081317652422148486
1674,11749797,3,control,noise,1,2179118639758768160,48630359692806801829675
1675,11749798,3,poincare,arb,0,81436433661838153924788,3634486294029799035
1676,11749798,3,control,arb,0,80779539093407327466457,3605593432468866607
1677,11749798,3,poincare,noise,1,1602521722326709744,36102593102997557559363
1678,11749798,3,control,noise,1,1602521722326709744,36099452635349472037783
1679,11749799,3,poincare,arb,0,57187763579727604496195,2532098513961089276
1680,11749799,3,control,arb,0,56766027226850803818098,2513643978798013494
1681,11749799,3,poincare,noise,0,48950288858437944627803,2140227226786791365
1682,11749799,3,control,noise,0,48950288858437944627803,2139976894928295025
1683,11749800,3,poincare,arb,0,5084564899557793634546,216475401784895124
1684,11749800,3,control,arb,0,4011831460338279195225,174269170136884737
1685,11749800,3,poincare,noise,0,14117949983138058886397,599720347278306999
1686,11749800,3,control,noise,0,14117949983138058886397,611931596958674568
1687,11749801,3,control,arb,0,7259210565953435740722,313837751722033890
1688,11749801,3,poincare,noise,1,870459156218178142,20066800174747229933303
1689,11749801,3,control,noise,1,870459156218178142,20103060584607599894244
1690,11749802,3,control,arb,0,44916948840890135108515,1939122609545806693
1691,11749802,3,poincare,noise,1,53266715858652336,1224886256600051647590
1692,11749802,3,control,noise,1,53266715858652336,1240327949667007024763
1693,11749803,3,control,arb,1,1349496639593522530,31301009093437921068263
1694,11749803,3,poincare,noise,1,3023038078629476008,68940250697344394467955
1695,11749803,3,control,noise,1,3023038078629476008,69274275896929903315079
1696,11749804,3,control,arb,0,32315811233596122821200,1416507127566296953
1697,11749804,3,poincare,noise,1,225706120192294280,5102241629532411600253
1698,11749804,3,control,noise,1,225706120192294280,5166129935430460073633
1699,11749805,3,poincare,arb,0,26499592069388244554447,1169276549470509259
1700,11749805,3,control,arb,1,1111294130412840794,25342508877045700071407
1701,11749805,3,poincare,noise,0,52111443572585405544472,2278061864381567588
1702,11749805,3,control,noise,0,52111443572585405544472,2277777965052426635
1703,11749806,3,poincare,arb,1,4547160493682305174,103384889979852327603189
1704,11749806,3,control,arb,1,4501778676002311715,102365839653091379783323
1705,11749806,3,poincare,noise,1,2425642009342184136,54125153089246101037799
1706,11749806,3,control,noise,1,2425642009342184136,54118060746878815046938
1707,11749807,3,poincare,arb,0,94713899018755325881056,4224171467602164609
1708,11749807,3,control,arb,0,93900112808498923586965,4188426025067034685
1709,11749807,3,poincare,noise,1,1417893356667740130,32031345622343881158501
1710,11749807,3,control,noise,1,1417893356667740130,32028873525772070388142
1711,11749808,3,poincare,arb,0,52634042274226047814212,2324198189260554664
1712,11749808,3,control,arb,0,52222095367077010338293,2306185547230159818
1713,11749808,3,poincare,noise,0,61802218763976412464018,2692292765988222252
1714,11749808,3,control,noise,0,61802218763976412464018,2691895776614548311
1715,11749809,3,poincare,arb,1,510660172971716275,11791818040572750222836
1716,11749809,3,control,arb,1,553622730548073645,12785765566429087137156
1717,11749809,3,poincare,noise,1,950728828971091524,21866629700382015699139
1718,11749809,3,control,noise,1,950728828971091524,21865487188713433151991
1719,11749810,3,poincare,arb,0,80097450462506356592248,3458784890101537233
1720,11749810,3,control,arb,0,78938981087067781930611,3408937736697245667
1721,11749810,3,poincare,noise,1,1662787048208595448,38694654691097241717449
1722,11749810,3,control,noise,1,1662787048208595448,38691101555733812662576
1723,11749811,3,poincare,arb,0,56538394534913326509468,2424505056770168687
1724,11749811,3,control,arb,0,56180200348623760040470,2409366051302138441
1725,11749811,3,poincare,noise,1,2868963854609262894,66822088915091512641848
1726,11749811,3,control,noise,1,2868963854609262894,66811515506411502764940
1727,11749812,3,poincare,arb,0,125453491735283859617719,5349632492901401585
1728,11749812,3,control,arb,0,124277629968029581741451,5300329659494069722
1729,11749812,3,poincare,noise,1,365448990441028854,8687888310168893458529
1730,11749812,3,control,noise,1,365448990441028854,8687710768868505924747
1731,11749813,3,poincare,arb,0,40753600851530872672845,1673756147300727864
1732,11749813,3,control,arb,0,40116123164975058388617,1681233181944385444
1733,11749813,3,poincare,noise,1,722208485735489760,17278402405438761452163
1734,11749813,3,control,noise,1,722208485735489760,17279334689419551361136
1735,11749814,3,control,arb,0,36041475019542436813566,1503067181581252872
1736,11749814,3,poincare,noise,1,2025282030309796062,48087614517269264227391
1737,11749814,3,control,noise,1,2025282030309796062,48492024705852724278800
1738,11749815,3,control,arb,1,100665332118816602,2395834124472131547542
1739,11749815,3,poincare,noise,1,265727254549614122,6269623397790949629301
1740,11749815,3,control,noise,1,265727254549614122,6317785798756011070932
1741,11749816,3,poincare,arb,1,400441423656485072,9430823059781806666287
1742,11749816,3,control,arb,1,1751578408287988540,41409316336968643444617
1743,11749816,3,poincare,noise,0,21230591982676208641728,900232571125642812
1744,11749816,3,control,noise,0,21230591982676208641728,900187363791356292
1745,11749817,3,poincare,arb,1,2517363022339277185,59105784630949681570075
1746,11749817,3,control,arb,1,2485102644986061449,58351265556902119376586
1747,11749817,3,poincare,noise,1,541987092216342430,12619228793289325936364
1748,11749817,3,control,noise,1,541987092216342430,12618849509706523019345
1749,11749818,3,poincare,arb,1,1405444801060697968,32550138625728463690271
1750,11749818,3,control,arb,1,1366649631818091770,31650690161983227535816
1751,11749818,3,poincare,noise,0,52643733958352134973582,2267695527765400895
1752,11749818,3,control,noise,0,52643733958352134973582,2267411468943084335
1753,11749819,3,poincare,arb,1,54333584485990584,1268968394134500969697
1754,11749819,3,control,arb,1,98142339117691424,2292415083974402822037
1755,11749819,3,poincare,noise,1,1209947665627723634,28161127081114051498787
1756,11749819,3,control,noise,1,1209947665627723634,28159239668985783327564
1757,11749820,3,poincare,arb,0,80898355944381800289534,3454479290565958240
1758,11749820,3,control,arb,0,79845879946229243675934,3409765539825575764
1759,11749820,3,poincare,noise,0,12696502433862516185347,536262755248480228
1760,11749820,3,control,noise,0,12696502433862516185347,536246673635433631
1761,11749821,3,poincare,arb,0,40930500548743472778585,1718061080192961403
1762,11749821,3,control,arb,0,39862186599554195200528,1673168338537008421
1763,11749821,3,poincare,noise,0,26451423429719496039063,1101674371259048374
1764,11749821,3,control,noise,0,26451423429719496039063,1101606079401955414
1765,11749822,3,poincare,arb,0,25784340330749866799199,1051595686349776384
1766,11749822,3,control,arb,0,24743741528501578555044,1024299161265545972
1767,11749822,3,poincare,noise,0,42009832544076367005970,1700126651328316964
1768,11749822,3,control,noise,0,42009832544076367005970,1725501259794112022
1769,11749823,3,poincare,arb,1,794616962899135905,19392264744374507638224
1770,11749823,3,control,arb,1,833233001110653141,20337835909940720471623
1771,11749823,3,poincare,noise,0,57102711882473524219819,2271015854359029871
1772,11749823,3,control,noise,0,57102711882473524219819,2329478807124412451
1773,11749824,3,control,arb,0,501131391182595350082,20306564803932607
1774,11749824,3,poincare,noise,0,42480996428242732985507,1662924736725397678
1775,11749824,3,control,noise,0,42480996428242732985507,1712834548568194589
1776,11749825,3,control,arb,0,12693347724180949583255,508535187225184793
1777,11749825,3,poincare,noise,1,1069077143855845046,26542015799676976025117
1778,11749825,3,control,noise,1,1069077143855845046,26641771362601978380479
1779,11749826,3,control,arb,0,84802357967502989460543,3380234493824258574
1780,11749826,3,poincare,noise,1,213690763705749552,5286164933253801389190
1781,11749826,3,control,noise,1,213690763705749552,5410313821063104641077
1782,11749827,3,control,arb,1,1969481116039933507,49549805724925880480140
1783,11749827,3,poincare,noise,0,41623270963704064520409,1635184697629029618
1784,11749827,3,control,noise,0,41623270963704064520409,1655927681164047345
1785,11749828,3,poincare,arb,1,412884142327413227,10291287208663793883730
1786,11749828,3,control,arb,1,2485445866287014262,62324685901151359887988
1787,11749828,3,poincare,noise,1,321123513472718442,7987552153122025204295
1788,11749828,3,control,noise,1,321123513472718442,7987403137830302356947
1789,11749829,3,poincare,arb,1,792994962734606488,19662939204899694305746
1790,11749829,3,control,arb,1,770505915104497535,19104949000327379765046
1791,11749829,3,poincare,noise,0,6134563850543609627359,241963177048272221
1792,11749829,3,control,noise,0,6134563850543609627359,247780240968344898
1793,11749830,3,poincare,arb,1,1858318192065307190,45799438294894460233587
1794,11749830,3,control,arb,1,1828641810916327634,45069061582719738368431
1795,11749830,3,poincare,noise,1,2833505654218460042,68923036821075267845309
1796,11749830,3,control,noise,1,2833505654218460042,68911853435019948820178
1797,11749831,3,poincare,arb,0,113767760609989502759394,4653283635562665710
1798,11749831,3,control,arb,0,112851003620695111457646,4616535880990290029
1799,11749831,3,poincare,noise,0,64191035936155490078872,2572793143681136318
1800,11749831,3,control,noise,0,64191035936155490078872,2572409124567939492
1801,11749832,3,poincare,arb,1,610679471936011284,15321051227892881634902
1802,11749832,3,control,arb,1,649917468470642342,16307909087711828898056
1803,11749832,3,poincare,noise,1,3018095500348318080,74948299384762981874257
1804,11749832,3,control,noise,1,3018095500348318080,74935215472192696427239
1805,11749833,3,poincare,arb,0,98582318584581332733312,3959237478892153829
1806,11749833,3,control,arb,0,98091980223381983602948,3940232493229154256
1807,11749833,3,poincare,noise,0,70232920366195795195101,2767416582262728632
1808,11749833,3,control,noise,0,70232920366195795195101,2766968610025035297
1809,11749834,3,poincare,arb,1,1312343601030951645,33443463017941226989429
1810,11749834,3,control,arb,1,1341278699336678919,34186372297723763477537
1811,11749834,3,poincare,noise,1,2288801321070214832,57732466738453824797195
1812,11749834,3,control,noise,1,2288801321070214832,57724755645457733836349
1813,11749835,3,poincare,arb,0,107554910746980571350493,4240291872432046339
1814,11749835,3,control,arb,0,106541108271744062054478,4200884375162086572
1815,11749835,3,poincare,noise,0,43241168629787951583174,1676195971706891670
1816,11749835,3,control,noise,0,43241168629787951583174,1676030013443168040
1817,11749836,3,poincare,arb,1,524062770184797564,13564147482952344975301
1818,11749836,3,control,arb,1,547162456718548379,14163431516896725916527
1819,11749836,3,poincare,noise,1,1022983922148414116,26360110037283397365356
1820,11749836,3,control,noise,1,1022983922148414116,26358516571038075183337
1821,11749837,3,poincare,arb,0,61447553291475141442612,2375383997990965753
1822,11749837,3,control,arb,0,60737420230567412160477,2348074256593823210
1823,11749837,3,poincare,noise,1,894628125702634406,23241341393294409186996
1824,11749837,3,control,noise,1,894628125702634406,23240107488507299623076
1825,11749838,3,poincare,arb,0,54162184455481396315095,2077741836144328129
1826,11749838,3,control,arb,0,53536549352488300600159,2053850585283929569
1827,11749838,3,poincare,noise,0,36323002735971382048471,1379532306713906918
1828,11749838,3,control,noise,0,36323002735971382048471,1379418691851177318
1829,11749839,3,poincare,arb,1,3636672411737924881,95131327743261025123811
1830,11749839,3,control,arb,1,3590979153937862636,93943779637758575761024
1831,11749839,3,poincare,noise,1,2073115419081244568,53344508047898683979774
1832,11749839,3,control,noise,1,2073115419081244568,53337987963508821994220
1833,11749840,3,poincare,arb,1,328741040713891087,8400948315430710089426
1834,11749840,3,control,arb,1,280239062666310729,7160609222679124502594
1835,11749840,3,poincare,noise,0,37288281957847593715629,1454444034841578093
1836,11749840,3,control,noise,0,37288281957847593715629,1454319428068432081
1837,11749841,3,poincare,arb,1,3038899633312792390,77558478317543049919031
1838,11749841,3,control,arb,1,3006779263287011611,76745280604647128263454
1839,11749841,3,poincare,noise,0,70116124756582957568117,2749574477534797825
1840,11749841,3,control,noise,0,70116124756582957568117,2749131192218012992
1841,11749842,3,poincare,arb,1,3938689029432128174,100100703396914635799310
1842,11749842,3,control,arb,1,3914233315039085403,99495208689248650533884
1843,11749842,3,poincare,noise,1,618890695385930542,15526003308826150914521
1844,11749842,3,control,noise,1,618890695385930542,15525442710490870961325
1845,11749843,3,poincare,arb,0,42297369100866311849402,1680960935439334797
1846,11749843,3,control,arb,0,41756199928419976558012,1659513980415031501
1847,11749843,3,poincare,noise,1,1805922890798971464,45425668948814300573179
1848,11749843,3,control,noise,1,1805922890798971464,45420884906132005683534
1849,11749844,3,poincare,arb,0,96760077065440165375914,3824662439342499570
1850,11749844,3,control,arb,0,95718669736880709515217,3783896946938514745
1851,11749844,3,poincare,noise,1,163497672763132610,4179628858143261066214
1852,11749844,3,control,noise,1,163497672763132610,4179588585659921243394
1853,11749845,3,poincare,arb,0,52788780567908946403889,2053811088569808919
1854,11749845,3,control,arb,0,51807149576494945980324,2015638974069543503
1855,11749845,3,poincare,noise,0,75914090255235002038489,2911593109155383730
1856,11749845,3,control,noise,0,75914090255235002038489,2911090641867011208
1857,11749846,3,poincare,arb,1,566508370701607150,14870906946613595632761
1858,11749846,3,control,arb,1,613361459587437588,16103584746619059305774
1859,11749846,3,poincare,noise,0,23183969300629031587935,864738177852836207
1860,11749846,3,control,noise,0,23183969300629031587935,882339427654626142
1861,11749847,3,control,arb,0,28963812587555348932496,1095864678825425071
1862,11749847,3,poincare,noise,0,34467063618854924513806,1268415110098958154
1863,11749847,3,control,noise,0,34467063618854924513806,1294844976076295114
1864,11749848,3,control,arb,0,1091623094307683207083,40846813538444145
1865,11749848,3,poincare,noise,0,50110062417727139581802,1820232637197685753
1866,11749848,3,control,noise,0,50110062417727139581802,1864377751660958252
1867,11749849,3,control,arb,1,378403844347931532,10215911757348424806690
1868,11749849,3,poincare,noise,1,361714166419420218,9693160041238563498737
1869,11749849,3,control,noise,1,361714166419420218,9743688537763770879712
1870,11749850,3,control,arb,0,45976813810107051946779,1699945530137324400
1871,11749850,3,poincare,noise,0,10133477805949673582329,365666695369996308
1872,11749850,3,control,noise,0,10133477805949673582329,372349592812834997
1873,11749851,3,control,arb,1,1233807573629952635,33491170046045069255164
1874,11749851,3,poincare,noise,0,48435583452467492603068,1737973335324923457
1875,11749851,3,control,noise,0,48435583452467492603068,1781411920937204485
1876,11749852,3,poincare,arb,1,2236497666106281651,60229784432541248949135
1877,11749852,3,control,arb,1,3580360915286143361,96825014530754984520900
1878,11749852,3,poincare,noise,0,12842281541143626543073,460921754346480627
1879,11749852,3,control,noise,0,12842281541143626543073,479322527687489833
1880,11749853,4,poincare,arb,1,1184654977848634563,31671967721390831014508
1881,11749853,4,control,arb,1,1179202674420574897,31527972727636635072651
1882,11749853,4,poincare,noise,0,77515496859911222432606,2831808558854045985
1883,11749853,4,control,noise,0,77515496859911222432606,2884433468357467657
1884,11749854,4,poincare,arb,1,3581489517215222780,96020923749573793798827
1885,11749854,4,control,arb,1,3592463668385258640,96339636167925432711574
1886,11749854,4,poincare,noise,0,45909067839524720911836,1664985462001791309
1887,11749854,4,control,noise,0,45909067839524720911836,1721556983005953756
1888,11749855,4,poincare,arb,1,2930307617890210157,77847906562375908014265
1889,11749855,4,control,arb,1,2932836469035950447,77929762386433398824098
1890,11749855,4,poincare,noise,1,281815185348628510,7417100729026327416731
1891,11749855,4,control,noise,1,281815185348628510,7416973013467926686218
1892,11749856,4,poincare,arb,1,2059739673154188805,53844457001346645568238
1893,11749856,4,control,arb,1,2011415959343173260,52580302578637138330127
1894,11749856,4,poincare,noise,1,1583152916483915520,40953228691026651531594
1895,11749856,4,control,noise,1,1583152916483915520,40949308937380274837006
1896,11749857,4,poincare,arb,0,735422284160208280614,28557041711063008
1897,11749857,4,control,arb,0,1561495370465867701031,60639931365137836
1898,11749857,4,poincare,noise,0,54403677902209206588250,2099638684442461029
1899,11749857,4,control,noise,0,54403677902209206588250,2099372146577729654
1900,11749858,4,poincare,arb,1,4657476304882090613,119800421785588215094915
1901,11749858,4,control,arb,1,4604422529214096408,118450799963098299565666
1902,11749858,4,poincare,noise,0,14469529893087682420505,569170719758167318
1903,11749858,4,control,noise,0,14469529893087682420505,569151274255310031
1904,11749859,4,poincare,arb,1,1952045140998170867,48441808378383302132827
1905,11749859,4,control,arb,1,1923486698202162916,48708913270975304031452
1906,11749859,4,poincare,noise,1,1183490333467048626,29112228100082060241164
1907,11749859,4,control,noise,1,1183490333467048626,29700951775030804036527
1908,11749860,4,control,arb,1,424119413875961285,10594384043940230117184
1909,11749860,4,poincare,noise,0,75793356096824339885986,3003781750230099675
1910,11749860,4,control,noise,0,75793356096824339885986,3011527928003531485
1911,11749861,4,control,arb,1,4383958747891684721,109899376278197822015636
1912,11749861,4,poincare,noise,1,2253500245142447038,56143785876584033825415
1913,11749861,4,control,noise,1,2253500245142447038,55421791987201975666524
1914,11749862,4,poincare,arb,1,4622310642937898410,111651340955852746963904
1915,11749862,4,control,arb,0,8075462049427828842409,330169653384418449
1916,11749862,4,poincare,noise,0,68814104759380543655905,2787976106019391054
1917,11749862,4,control,noise,0,68814104759380543655905,2788460528989246141
1918,11749863,4,poincare,arb,1,5384767301405807021,127733691180095018846064
1919,11749863,4,control,arb,1,5271045280305231655,129163737141645198190900
1920,11749863,4,poincare,noise,1,1655279480818099904,38519888547024120799301
1921,11749863,4,control,noise,1,1655279480818099904,39768426477222745650202
1922,11749864,4,poincare,arb,0,8472345006742048202029,353660574081631266
1923,11749864,4,control,arb,0,11798291055820144905072,492699194846233365
1924,11749864,4,poincare,noise,1,2792749720025782470,63132662412921113127551
1925,11749864,4,control,noise,1,2792749720025782470,66444372385202180301133
1926,11749865,4,poincare,arb,0,12149226778897430533608,513585533986771824
1927,11749865,4,control,arb,0,14915689082678500209502,630759282774317076
1928,11749865,4,poincare,noise,0,62200857517934457942156,2606892826423982710
1929,11749865,4,control,noise,0,62200857517934457942156,2606483514220674826
1930,11749866,4,control,arb,1,4233922481918759825,100577934365101547505766
1931,11749866,4,poincare,noise,1,644512366244933014,14948929249143329981087
1932,11749866,4,control,noise,1,644512366244933014,15102004174426307727555
1933,11749867,4,control,arb,1,550272134304888844,12850848655926103174564
1934,11749867,4,poincare,noise,0,42443233335064031618661,1763646122039777950
1935,11749867,4,control,noise,0,42443233335064031618661,1811017459576654888
1936,11749868,4,poincare,arb,1,9239160374372533431,214885310107847436431054
1937,11749868,4,control,arb,1,4373052257635334823,101760548941225660597653
1938,11749868,4,poincare,noise,1,1636244580154136352,36952684871037450948428
1939,11749868,4,control,noise,1,1636244580154136352,37444754328058023452411
1940,11749869,4,poincare,arb,0,10177121542838464330464,445923831916396594
1941,11749869,4,control,arb,0,12446689064990409054604,545532154694355519
1942,11749869,4,poincare,noise,1,1758911191439160810,38657945984148948528484
1943,11749869,4,control,noise,1,1758911191439160810,39997023699904019353536
1944,11749870,4,poincare,arb,0,6216120140652185865572,274383643684099652
1945,11749870,4,control,arb,0,7600485955390461214484,335552335113382317
1946,11749870,4,poincare,noise,0,19433257398140881830440,855192972178347237
1947,11749870,4,control,noise,0,19433257398140881830440,855149257954799200
1948,11749871,4,control,arb,1,3676829532348631749,82912764678901868645828
1949,11749871,4,poincare,noise,1,785490923534899742,17095159684240130609251
1950,11749871,4,control,noise,1,785490923534899742,17497723984065926864614
1951,11749872,4,control,arb,1,292117253469585114,6488179084831867134956
1952,11749872,4,poincare,noise,1,2517300492446469820,54253242614276725293521
1953,11749872,4,control,noise,1,2517300492446469820,55487110905229435337047
1954,11749873,4,control,arb,0,35613500827588166312371,1619633209487086149
1955,11749873,4,poincare,noise,0,49742134133625804382880,2209042678397600677
1956,11749873,4,control,noise,0,49742134133625804382880,2238598481819754897
1957,11749874,4,control,arb,1,4919540361972836510,108523821912456351055376
1958,11749874,4,poincare,noise,1,1224384190239785178,26602477496065131140001
1959,11749874,4,control,noise,1,1224384190239785178,26564076924056949379757
1960,11749875,4,poincare,arb,1,7566493053864756132,160145048458067557037177
1961,11749875,4,control,arb,1,36305742976706719,785018759836701698725
1962,11749875,4,poincare,noise,0,3475531343402045791871,160553327896841599
1963,11749875,4,control,noise,0,3475531343402045791871,160683563508550405
1964,11749876,4,control,arb,1,1518292420288564233,32720900211973938269215
1965,11749876,4,poincare,noise,1,1014087990536048398,20807935580017667078941
1966,11749876,4,control,noise,1,1014087990536048398,21707095927812045045297
1967,11749877,4,control,arb,1,911989477644314736,19421565381020325567989
1968,11749877,4,poincare,noise,0,22346456787566036513871,1034422336712973975
1969,11749877,4,control,noise,0,22346456787566036513871,1048951884496447928
1970,11749878,4,control,arb,1,3295558709838486735,69790047734426466805613
1971,11749878,4,poincare,noise,1,1232152371323132624,25460823146480651580113
1972,11749878,4,control,noise,1,1232152371323132624,25781786406579991849578
1973,11749879,4,control,arb,1,1751627917941723069,36364369118238546651453
1974,11749879,4,poincare,noise,0,51921011254971921578743,2396988708189544965
1975,11749879,4,control,noise,0,51921011254971921578743,2496063654664329108
1976,11749880,4,poincare,arb,1,12830519964323374312,263565301033612814689577
1977,11749880,4,control,arb,1,5004571629396370954,103419990463573604299792
1978,11749880,4,poincare,noise,1,2572118723139263234,50820164617726840826729
1979,11749880,4,control,noise,1,2572118723139263234,52110034823023681489043
1980,11749881,4,poincare,arb,0,12820355794837358178309,635173057607191480
1981,11749881,4,control,arb,0,17728682989774449160939,878939971521718890
1982,11749881,4,poincare,noise,1,2748959751192477934,52664941198869632571169
1983,11749881,4,control,noise,1,2748959751192477934,55180707039874472353448
1984,11749882,4,control,arb,0,639025202640731921373,32059104264628421
1985,11749882,4,poincare,noise,0,30487619426775877505699,1522802875879474580
1986,11749882,4,control,noise,0,30487619426775877505699,1523393937274303640
1987,11749883,4,control,arb,1,3102755690048487772,61843543099411369478789
1988,11749883,4,poincare,noise,1,2067963021375420298,39646243027516419334048
1989,11749883,4,control,noise,1,2067963021375420298,40673976943315360005050
1990,11749884,4,control,arb,0,11837851920449747092630,604126793527988827
1991,11749884,4,poincare,noise,1,416655044028117734,7890019061791703218145
1992,11749884,4,control,noise,1,416655044028117734,8168257483866309424129
1993,11749885,4,control,arb,1,544812335540251486,10654498975206883197892
1994,11749885,4,poincare,noise,1,607763889641403524,11489539067952125658513
1995,11749885,4,control,noise,1,607763889641403524,11850698972966323592313
1996,11749886,4,control,arb,1,501771601697071407,9756351822965235514840
1997,11749886,4,poincare,noise,0,28439831224359759854355,1431643413431086543
1998,11749886,4,control,noise,0,28439831224359759854355,1459100504287962922
1999,11749887,4,control,arb,1,2333020024913655734,45372814618541408886169
2000,11749887,4,poincare,noise,1,2371996699096655798,45232268841706825418325
2001,11749887,4,control,noise,1,2371996699096655798,45583148817411552167615
2002,11749888,4,control,arb,0,6685139871918664478980,349658547238169772
2003,11749888,4,poincare,noise,1,1680802949970498782,31496476832000024492741
2004,11749888,4,control,noise,1,1680802949970498782,32027778316303593820841
2005,11749889,4,control,arb,1,936238547385470569,17722927656215827113270
2006,11749889,4,poincare,noise,0,23112798708863070452804,1179118139334490707
2007,11749889,4,control,noise,0,23112798708863070452804,1220094438763171812
2008,11749890,4,control,arb,1,2355693778638588760,44498182901338721123285
2009,11749890,4,poincare,noise,1,2808526345502878892,52528290091880548237290
2010,11749890,4,control,noise,1,2808526345502878892,52371357615245650905716
2011,11749891,4,control,arb,0,17368209131099718329891,935771489423371403
2012,11749891,4,poincare,noise,0,34474308389298353328896,1769939705470217691
2013,11749891,4,control,noise,0,34474308389298353328896,1844590573206812342
2014,11749892,4,poincare,arb,1,12169490257697536736,224136573518791088550631
2015,11749892,4,control,arb,1,3748397215062420277,69724772369899834544953
2016,11749892,4,poincare,noise,0,46290110690689183724331,2494456152868437452
2017,11749892,4,control,noise,0,46290110690689183724331,2496346812216945635
2018,11749893,4,control,arb,1,5623879772281906123,103482253338151872332956
2019,11749893,4,poincare,noise,1,1886643415078478888,33309259631849292946952
2020,11749893,4,control,noise,1,1886643415078478888,34076923019118553834280
2021,11749894,4,control,arb,1,407214677198879276,7313929578015610220314
2022,11749894,4,poincare,noise,0,31530965214291611001335,1697017925626836512
2023,11749894,4,control,noise,0,31530965214291611001335,1749766906822028853
2024,11749895,4,control,arb,1,4012030785723157347,71899383208924314122905
2025,11749895,4,poincare,noise,1,1245416766644977872,22224210723827059567275
2026,11749895,4,control,noise,1,1245416766644977872,22034515740493686957830
2027,11749896,4,poincare,arb,1,11523094289825372017,198948204937712991567885
2028,11749896,4,control,arb,1,1025554560235080685,18044938831169021485678
2029,11749896,4,poincare,noise,1,781268484879359202,13113540269906246579381
2030,11749896,4,control,noise,1,781268484879359202,13686688306160170204197
2031,11749897,4,control,arb,1,274623963824168303,4798756744394350860026
2032,11749897,4,poincare,noise,1,1368117006443027822,22684256005740936736659
2033,11749897,4,control,noise,1,1368117006443027822,23811928000026878522478
2034,11749898,4,control,arb,1,1683431687397714835,29085808631980943620005
2035,11749898,4,poincare,noise,1,2356983532246236678,38746593377663800888207
2036,11749898,4,control,noise,1,2356983532246236678,40331369981634519065439
2037,11749899,4,control,arb,0,13194581809567376072483,774020715364671010
2038,11749899,4,poincare,noise,0,40438705793207201959161,2336386666935729341
2039,11749899,4,control,noise,0,40438705793207201959161,2354540852232917639
2040,11749900,4,control,arb,1,3505955473915513355,60049023285124372660569
2041,11749900,4,poincare,noise,0,26070308904474784359228,1492769950797782695
2042,11749900,4,control,noise,0,26070308904474784359228,1529331086996571845
2043,11749901,4,poincare,arb,1,9862184638308481102,163844950966097298108578
2044,11749901,4,control,arb,1,4606280610739412113,77951956180812564170063
2045,11749901,4,poincare,noise,1,290259298303077984,4712837386181185095131
2046,11749901,4,control,noise,1,290259298303077984,4855274966161302387098
2047,11749902,4,control,arb,1,999265929948299967,16664332139862581676794
2048,11749902,4,poincare,noise,0,23020037453276632468202,1371754142525499404
2049,11749902,4,control,noise,0,23020037453276632468202,1379143908202757173
2050,11749903,4,control,arb,1,3326121416320663026,55264702583791677507625
2051,11749903,4,poincare,noise,0,38494307889792465430491,2274611760922847455
2052,11749903,4,control,noise,0,38494307889792465430491,2322285266571189267
2053,11749904,4,control,arb,1,3244619523334405104,53666928001008096558083
2054,11749904,4,poincare,noise,1,2174013435667431850,35661182297086473219702
2055,11749904,4,control,noise,1,2174013435667431850,35505329465478306022149
2056,11749905,4,control,arb,0,16913179078537736495271,1038355535025476162
2057,11749905,4,poincare,noise,1,1712775233913027206,27683061546091335744427
2058,11749905,4,control,noise,1,1712775233913027206,27854695386985805140695
2059,11749906,4,control,arb,1,724433482018044787,11714781810822646339170
2060,11749906,4,poincare,noise,1,988951744415792246,15822068489170978438120
2061,11749906,4,control,noise,1,988951744415792246,15928876926851085816467
2062,11749907,4,control,arb,1,896465019330768071,14376331221067693908915
2063,11749907,4,poincare,noise,0,21069467405354234736320,1262465883336562640
2064,11749907,4,control,noise,0,21069467405354234736320,1312563708025865864
2065,11749908,4,poincare,arb,1,13063519144894760944,204937816389006678211563
2066,11749908,4,control,arb,1,4438625477696653134,70738732887623088178069
2067,11749908,4,poincare,noise,1,57006982693401914,869003305782723459565
2068,11749908,4,control,noise,1,57006982693401914,899160205447695459103
2069,11749909,4,control,arb,1,1596009437974733441,25078490129475107170928
2070,11749909,4,poincare,noise,0,16132973697254646048342,1019568164376107360
2071,11749909,4,control,noise,0,16132973697254646048342,1028048664946062512
2072,11749910,4,control,arb,1,3704222102947254041,57776439321675501595681
2073,11749910,4,poincare,noise,0,32686746969868414825282,2051557886812666553
2074,11749910,4,control,noise,0,32686746969868414825282,2103328230047734328
2075,11749911,4,control,arb,1,3215132586067743559,49838915097866940879614
2076,11749911,4,poincare,noise,1,2443508259644973566,37593330107769617852452
2077,11749911,4,control,noise,1,2443508259644973566,37394926363721771774646
2078,11749912,4,poincare,arb,1,8249573598991477692,123130028970767628586158
2079,11749912,4,control,arb,0,10286310091100395819723,674833986022267953
2080,11749912,4,poincare,noise,0,45993174977901733717460,2990798588075520357
2081,11749912,4,control,noise,0,45993174977901733717460,2992461027527140389
2082,11749913,4,control,arb,1,5457762907891386540,83420162403282164025999
2083,11749913,4,poincare,noise,0,43905067152483415589096,2818584494006989976
2084,11749913,4,control,noise,0,43905067152483415589096,2889244885607659038
2085,11749914,4,control,arb,1,4696395971606147663,71078444626967497075056
2086,11749914,4,poincare,noise,0,5225880064577523511207,333149269253696062
2087,11749914,4,control,noise,0,5225880064577523511207,348681491532597767
2088,11749915,4,poincare,arb,1,14200908668507305718,208886779488348726194409
2089,11749915,4,control,arb,1,3756263687037656131,55871799243044698052368
2090,11749915,4,poincare,noise,0,34416738748378924595166,2319148914757071149
2091,11749915,4,control,noise,0,34416738748378924595166,2321263322334594835
2092,11749916,4,control,arb,1,4147826654463062456,61250618451313168843755
2093,11749916,4,poincare,noise,1,324078950045050594,4588699184959522661748
2094,11749916,4,control,noise,1,324078950045050594,4738418477763033390442
2095,11749917,4,control,arb,1,1914054717683526039,27848101992061698276660
2096,11749917,4,poincare,noise,0,17215213827245292644144,1152923478920196923
2097,11749917,4,control,noise,0,17215213827245292644144,1185138814012783901
2098,11749918,4,control,arb,1,3792695426603312287,54778435822736575067574
2099,11749918,4,poincare,noise,1,1571459463190682242,22459480449031556887385
2100,11749918,4,control,noise,1,1571459463190682242,22431692172340329398713
2101,11749919,4,poincare,arb,1,11753152226286461666,162751982040975565600003
2102,11749919,4,control,arb,1,1377792786449885332,19541280574198027792308
2103,11749919,4,poincare,noise,1,306251951119068488,4137629894226898727138
2104,11749919,4,control,noise,1,306251951119068488,4327711188558899305455
2105,11749920,4,control,arb,1,858188512245913826,12096662317814365465758
2106,11749920,4,poincare,noise,0,5690258337577421494505,402111603148042077
2107,11749920,4,control,noise,0,5690258337577421494505,404088779056923923
2108,11749921,4,control,arb,1,2879493604851302395,40331966546046527245924
2109,11749921,4,poincare,noise,1,2624651958061442440,35264229418599980624502
2110,11749921,4,control,noise,1,2624651958061442440,36329084477669991877840
2111,11749922,4,control,arb,0,10406045781211659562055,754829193639199320
2112,11749922,4,poincare,noise,1,1916367845400596942,25405073131185620479304
2113,11749922,4,control,noise,1,1916367845400596942,26353406528546703226861
2114,11749923,4,control,arb,1,155637995529640210,2130822273847151011392
2115,11749923,4,poincare,noise,1,586377030667910754,7734435507520384382788
2116,11749923,4,control,noise,1,586377030667910754,8015314392909209437700
2117,11749924,4,control,arb,1,758081758536160395,10332711576301278601164
2118,11749924,4,poincare,noise,1,590111504914252690,7769206764182975168956
2119,11749924,4,control,noise,1,590111504914252690,8020198113089533413381
2120,11749925,4,control,arb,1,3008391840945667505,40576038389736413551475
2121,11749925,4,poincare,noise,0,862874814368203002411,62360987508362482
2122,11749925,4,control,noise,0,862874814368203002411,64375963857354383
2123,11749926,4,control,arb,1,1295235352411249946,17315872178810981260922
2124,11749926,4,poincare,noise,0,10266294320634063694553,740713676555252991
2125,11749926,4,control,noise,0,10266294320634063694553,768778223727362980
2126,11749927,4,poincare,arb,1,11516018692666326462,149669686044683933303139
2127,11749927,4,control,arb,1,2485055053228208512,33065886146586765130074
2128,11749927,4,poincare,noise,1,1808749194451219906,22893261201422243371612
2129,11749927,4,control,noise,1,1808749194451219906,23850786771061323096335
2130,11749928,4,control,arb,1,1718650967970661956,22496039793146233008833
2131,11749928,4,poincare,noise,0,33690975827607445844085,2547947812876046290
2132,11749928,4,control,noise,0,33690975827607445844085,2569339074927323862
2133,11749929,4,control,arb,1,5069569202612806750,66130996831767765464784
2134,11749929,4,poincare,noise,1,1884592634474728928,23984050944275695483110
2135,11749929,4,control,noise,1,1884592634474728928,24230706658637608891283
2136,11749930,4,control,arb,1,1136766545444568130,14524681641634805925507
2137,11749930,4,poincare,noise,1,390940551840262844,4933456994469667310832
2138,11749930,4,control,noise,1,390940551840262844,4979404022546836580106
2139,11749931,4,poincare,arb,1,10851544651991091320,134047749244523675376282
2140,11749931,4,control,arb,1,2275998642294056216,28830864985946805577169
2141,11749931,4,poincare,noise,0,30935559757359663537439,2439448868456911931
2142,11749931,4,control,noise,0,30935559757359663537439,2441318267654063096
2143,11749932,4,control,arb,1,5962812783183988712,75017178024658297475674
2144,11749932,4,poincare,noise,1,2627403124649402474,31641282381315749797271
2145,11749932,4,control,noise,1,2627403124649402474,32480065433256500510483
2146,11749933,4,control,arb,0,371589366888962943258,30217798843619965
2147,11749933,4,poincare,noise,1,2286536067931310208,27275356116967504279184
2148,11749933,4,control,noise,1,2286536067931310208,27989759455716702783915
2149,11749934,4,control,arb,1,73637260364351225,897115528236691843746
2150,11749934,4,poincare,noise,0,23417468692919850485107,1866103127085368596
2151,11749934,4,control,noise,0,23417468692919850485107,1915025348946481803
2152,11749935,4,control,arb,1,3032047511947121127,36993463629127462300723
2153,11749935,4,poincare,noise,0,2823337521771409823966,224055799582290781
2154,11749935,4,control,noise,0,2823337521771409823966,232715926694189706
2155,11749936,4,poincare,arb,1,13378694124307555780,158031016724052083807712
2156,11749936,4,control,arb,1,3652312021720077964,44007728453750345928563
2157,11749936,4,poincare,noise,0,18749716087103912217795,1561192477190197516
2158,11749936,4,control,noise,0,18749716087103912217795,1562626769730385489
2159,11749937,4,control,arb,1,2741562110118443643,32818321442106821308070
2160,11749937,4,poincare,noise,0,28674889821058044900142,2369422857761243481
2161,11749937,4,control,noise,0,28674889821058044900142,2397082844400409384
2162,11749938,4,control,arb,1,4849972391870962469,57735245950937161082125
2163,11749938,4,poincare,noise,1,2660989520040007806,30904047938046104914270
2164,11749938,4,control,noise,1,2660989520040007806,31207874629571891976190
2165,11749939,4,control,arb,0,14805086715764565760573,1265870831973123826
2166,11749939,4,poincare,noise,1,1646224818760281126,18845446987532173741918
2167,11749939,4,control,noise,1,1646224818760281126,19239114662863420213637
2168,11749940,4,control,arb,0,3156186777099210284061,270798378334067802
2169,11749940,4,poincare,noise,0,30111169764645305366870,2505378831073398031
2170,11749940,4,control,noise,0,30111169764645305366870,2569057655647674769
2171,11749941,4,control,arb,1,6166701005405665052,71769030384957448476766
2172,11749941,4,poincare,noise,1,2728624749153395492,31538859773854569293600
2173,11749941,4,control,noise,1,2728624749153395492,31206088677249680994439
2174,11749942,4,poincare,arb,1,11868086998337484743,132561263387155013397543
2175,11749942,4,control,arb,0,11734726152831623548154,1029484164630941533
2176,11749942,4,poincare,noise,0,13609057353874180001585,1187646248637790260
2177,11749942,4,control,noise,0,13609057353874180001585,1188761495944267088
2178,11749943,4,control,arb,1,2299159855848161144,26264101851781800913477
2179,11749943,4,poincare,noise,0,3830856227840412856935,333352053913077813
2180,11749943,4,control,noise,0,3830856227840412856935,336640352396093640
2181,11749944,4,control,arb,1,4077543156610164140,46065579638929646869689
2182,11749944,4,poincare,noise,1,1118272696930107924,12236007032599003276268
2183,11749944,4,control,noise,1,1118272696930107924,12506953201074976833989
2184,11749945,4,control,arb,1,1683608003945807234,18728331779709313874096
2185,11749945,4,poincare,noise,0,20280765668231358630751,1765068023501916752
2186,11749945,4,control,noise,0,20280765668231358630751,1822677066171681663
2187,11749946,4,poincare,arb,1,13223728990521872101,142867614025871062439360
2188,11749946,4,control,arb,1,4601455503603451773,50927920270058914580430
2189,11749946,4,poincare,noise,0,5173860371349641854890,470743626685730081
2190,11749946,4,control,noise,0,5173860371349641854890,471195211958992181
2191,11749947,4,control,arb,1,2462224472351806348,26933394176909438436413
2192,11749947,4,poincare,noise,0,895490734973979861916,81392832228692460
2193,11749947,4,control,noise,0,895490734973979861916,82237803208663977
2194,11749948,4,control,arb,1,3643598921188691732,39407932595660411365617
2195,11749948,4,poincare,noise,1,2056391968091181884,21476932945931733572270
2196,11749948,4,control,noise,1,2056391968091181884,22002287712778376981865
2197,11749949,4,control,arb,0,5819083751009907548898,545421883663958218
2198,11749949,4,poincare,noise,1,2145809688828889790,22177202100186498233184
2199,11749949,4,control,noise,1,2145809688828889790,22824705178761116118194
2200,11749950,4,control,arb,1,1482374222402835376,15660619653805084800272
2201,11749950,4,poincare,noise,1,1354789658699392766,13914658501682277235336
2202,11749950,4,control,noise,1,1354789658699392766,14236841471657481670750
2203,11749951,4,control,arb,1,10038599483521358,105221758108494580067
2204,11749951,4,poincare,noise,1,449892425406223464,4605989656549372880652
2205,11749951,4,control,noise,1,449892425406223464,4711594441275944098144
2206,11749952,4,control,arb,1,2132705306927076277,22227909715861243048915
2207,11749952,4,poincare,noise,0,6244486011177334337396,579275126027195882
2208,11749952,4,control,noise,0,6244486011177334337396,600854920562512961
2209,11749953,4,poincare,arb,1,14261039912086591490,143282632130968008847347
2210,11749953,4,control,arb,1,4095722793518168539,42290551670232968177172
2211,11749953,4,poincare,noise,1,1027902971162387242,10057092813558532231015
2212,11749953,4,control,noise,1,1027902971162387242,10513339253265186763930
2213,11749954,4,control,arb,1,1458706183883514422,14851320108362284046292
2214,11749954,4,poincare,noise,1,273149280985238106,2651369560837395615743
2215,11749954,4,control,noise,1,273149280985238106,2772120201877538229827
2216,11749955,4,control,arb,1,3760382599187911875,37882025878079243996378
2217,11749955,4,poincare,noise,1,363719661006206502,3532916608051097548599
2218,11749955,4,control,noise,1,363719661006206502,3636527890542335593817
2219,11749956,4,control,arb,1,3330752238707861417,33078227367712408874069
2220,11749956,4,poincare,noise,1,2606627725826923004,25224348674915323163784
2221,11749956,4,control,noise,1,2606627725826923004,25609341529954753680535
2222,11749957,4,control,arb,0,826408853246131488183,84500236110234450
2223,11749957,4,poincare,noise,1,269063762045373156,2582435470135624999026
2224,11749957,4,control,noise,1,269063762045373156,2630556055707240596556
2225,11749958,4,control,arb,1,3322481395343662323,32273608156081740221538
2226,11749958,4,poincare,noise,0,14633957497056745604490,1445413968501352914
2227,11749958,4,control,noise,0,14633957497056745604490,1511450839007646165
2228,11749959,4,poincare,arb,1,17918324935985752391,168943493458773517429844
2229,11749959,4,control,arb,1,5101259078418380458,49074641223635955350145
2230,11749959,4,poincare,noise,0,15501628345255883635640,1619479129001231782
2231,11749959,4,control,noise,0,15501628345255883635640,1621465555512607767
2232,11749960,4,control,arb,1,5462964206544923395,51872138748836045333094
2233,11749960,4,poincare,noise,1,1484508942881347488,13502354990283415236559
2234,11749960,4,control,noise,1,1484508942881347488,13922839093504169667154
2235,11749961,4,control,arb,1,155576987634870002,1454893220139819855673
2236,11749961,4,poincare,noise,1,120610897913179452,1094119454373952788248
2237,11749961,4,control,noise,1,120610897913179452,1127354653309204094805
2238,11749962,4,control,arb,1,3416847189471777016,31739197894081234306264
2239,11749962,4,poincare,noise,0,4801348430009315618547,502478932789096420
2240,11749962,4,control,noise,0,4801348430009315618547,519526831093161652
2241,11749963,4,control,arb,1,4021453065979669996,36938415200412193608192
2242,11749963,4,poincare,noise,0,16339198775830986109679,1703450360830801860
2243,11749963,4,control,noise,0,16339198775830986109679,1785817481203669676
2244,11749964,4,poincare,arb,1,18826820596384696842,168998600332338152250241
2245,11749964,4,control,arb,1,4914780364000170297,44723399939338632954577
2246,11749964,4,poincare,noise,0,12906863833916501806237,1425449067635509300
2247,11749964,4,control,noise,0,12906863833916501806237,1427024272079271137
2248,11749965,4,control,arb,1,4757502070196153884,42782605253105697820271
2249,11749965,4,poincare,noise,1,2294033658351972518,19704265153363592489667
2250,11749965,4,control,noise,1,2294033658351972518,20379633572135623661009
2251,11749966,4,control,arb,1,1378310345130312908,12167527463367080579464
2252,11749966,4,poincare,noise,0,23085009503607901460739,2551651416786246657
2253,11749966,4,control,noise,0,23085009503607901460739,2609488958062879849
2254,11749967,4,control,arb,1,7107415196109661189,62395339738247392864187
2255,11749967,4,poincare,noise,1,2787805767059512062,24193936741119339124729
2256,11749967,4,control,noise,1,2787805767059512062,24064067584842333391714
2257,11749968,4,poincare,arb,1,14507462436290623800,121712047837435638878440
2258,11749968,4,control,arb,1,344999692259287354,2962225017223402671979
2259,11749968,4,poincare,noise,0,2038548308080972892855,237206792051783599
2260,11749968,4,control,noise,0,2038548308080972892855,237465593491291465
2261,11749969,4,control,arb,1,3767541955714601210,32150908623168927074549
2262,11749969,4,poincare,noise,0,4941663711293956362441,574252603418261463
2263,11749969,4,control,noise,0,4941663711293956362441,582200197769143381
2264,11749970,4,control,arb,1,4860032046176685865,40956958299813977508658
2265,11749970,4,poincare,noise,0,15980243073065686275433,1849646273248174570
2266,11749970,4,control,noise,0,15980243073065686275433,1905674411932983363
2267,11749971,4,control,arb,1,4471075046621945764,37332825415901183165700
2268,11749971,4,poincare,noise,1,1654926015076741338,13753532452075853404165
2269,11749971,4,control,noise,1,1654926015076741338,13678077287162381829464
2270,11749972,4,poincare,arb,1,16721654862485057829,134641631351813026561847
2271,11749972,4,control,arb,1,2791443278807861642,22902215369350107843219
2272,11749972,4,poincare,noise,1,1188884154952517508,9310404553610208529888
2273,11749972,4,control,noise,1,1188884154952517508,9690191106093416703915
2274,11749973,4,control,arb,1,75795436759183839,616496482239317705319
2275,11749973,4,poincare,noise,0,15959545388767714270857,1953246860239423505
2276,11749973,4,control,noise,0,15959545388767714270857,1956078191042051001
2277,11749974,4,control,arb,1,5230987714609154724,42450474668359361702972
2278,11749974,4,poincare,noise,1,1841907678963143786,14415542129937858548674
2279,11749974,4,control,noise,1,1841907678963143786,14774822034475245968798
2280,11749975,4,control,arb,1,1970113567094152216,15705179254888018045143
2281,11749975,4,poincare,noise,1,1796491762876438942,13947316562193254341478
2282,11749975,4,control,noise,1,1796491762876438942,14233582099036408577840
2283,11749976,4,control,arb,1,1684652143122613039,13272283776467077133682
2284,11749976,4,poincare,noise,0,8146477166495331822498,1003647238730431862
2285,11749976,4,control,noise,0,8146477166495331822498,1035122951651089191
2286,11749977,4,control,arb,1,3217335513781874223,25231510034774749313912
2287,11749977,4,poincare,noise,1,1807629677621788414,14044088237878574442733
2288,11749977,4,control,noise,1,1807629677621788414,14061546086495210647066
2289,11749978,4,poincare,arb,1,15553269522284060025,117341897306897412137874
2290,11749978,4,control,arb,1,2265517441770740386,17508450194872851245109
2291,11749978,4,poincare,noise,1,380388323110250470,2802212479969429500596
2292,11749978,4,control,noise,1,380388323110250470,2927276233715067209342
2293,11749979,4,control,arb,1,4508934462261029824,34428792917548075882593
2294,11749979,4,poincare,noise,0,21244639895388902597325,2747464212276562836
2295,11749979,4,control,noise,0,21244639895388902597325,2789942013262228014
2296,11749980,4,control,arb,1,4469074256972088887,33940175215310285976186
2297,11749980,4,poincare,noise,1,2142900758859490304,15915161536709178524434
2298,11749980,4,control,noise,1,2142900758859490304,16104139340287143494656
2299,11749981,4,control,arb,1,385799410126653534,2887748686243598803872
2300,11749981,4,poincare,noise,0,10320543810587247144566,1334950490627951675
2301,11749981,4,control,noise,0,10320543810587247144566,1376652359316493525
2302,11749982,4,poincare,arb,1,16420916258722720669,119418297517475403766524
2303,11749982,4,control,arb,1,6225702977080743155,46318441553971414718864
2304,11749982,4,poincare,noise,1,292123138004267252,2072750821177211096873
2305,11749982,4,control,noise,1,292123138004267252,2151170605204746271732
2306,11749983,5,control,arb,1,10321209459816424683,74761103913401354046542
2307,11749983,5,poincare,noise,0,7580527660788386665785,1027260373552255904
2308,11749983,5,control,noise,0,7580527660788386665785,1061715114094656709
2309,11749984,5,poincare,arb,1,25817851417438139990,175394450396249699622143
2310,11749984,5,control,arb,1,14317438954596022410,100177979348732863947976
2311,11749984,5,poincare,noise,1,2964949113915618684,19335801260439489455013
2312,11749984,5,control,noise,1,2964949113915618684,20206334791269208722655
2313,11749985,5,control,arb,1,7975995438720002043,53473201432522771718578
2314,11749985,5,poincare,noise,0,2801838287160634256445,411783570072677453
2315,11749985,5,control,noise,0,2801838287160634256445,422665838490715003
2316,11749986,5,poincare,arb,1,19672278982120365112,124161281564823940107749
2317,11749986,5,control,arb,1,10240347619890838440,66906811495977866471805
2318,11749986,5,poincare,noise,0,15187351359504279121760,2348942233522737339
2319,11749986,5,control,noise,0,15187351359504279121760,2351749395506209566
2320,11749987,5,control,arb,1,13384119398319619560,85058808218416393538207
2321,11749987,5,poincare,noise,0,17692032194687713048523,2716776459840021769
2322,11749987,5,control,noise,0,17692032194687713048523,2827059568625027497
2323,11749988,5,poincare,arb,1,31794837053299902855,190699648704852684566564
2324,11749988,5,control,arb,1,17064606047903600564,104644610571581683042218
2325,11749988,5,poincare,noise,0,14831345410220231013873,2465429373078003361
2326,11749988,5,control,noise,0,14831345410220231013873,2469664094733859884
2327,11749989,5,poincare,arb,1,18633926655226213132,104201802300037627407727
2328,11749989,5,control,arb,1,17358912062009271855,102100286768802245233500
2329,11749989,5,poincare,noise,0,1340219320304888180785,233099318763779799
2330,11749989,5,control,noise,0,1340219320304888180785,233392500899199892
2331,11749990,5,control,arb,1,14757081933010190245,83071253369460176639712
2332,11749990,5,poincare,noise,0,16779706898613103227485,2906246380461186630
2333,11749990,5,control,noise,0,16779706898613103227485,3029182226611960629
2334,11749991,5,poincare,arb,1,34891318174237808981,185297861336394180386041
2335,11749991,5,control,arb,1,18555202059724771396,100664406175358563104900
2336,11749991,5,poincare,noise,1,115922397881395748,589258349650629996858
2337,11749991,5,control,noise,1,115922397881395748,613302015867637193386
2338,11749992,5,control,arb,1,13402942436007026744,69659273595971689485092
2339,11749992,5,poincare,noise,0,6434503153412127194282,1212173925190915634
2340,11749992,5,control,noise,0,6434503153412127194282,1258010412445220830
2341,11749993,5,poincare,arb,1,32122091311687706094,156673324288404475401203
2342,11749993,5,control,arb,1,16800132253276388610,84221950174316796494840
2343,11749993,5,poincare,noise,1,2769904888423972654,12957207773208977905564
2344,11749993,5,control,noise,1,2769904888423972654,13539740364061567597310
2345,11749994,5,control,arb,1,11280688623620578395,54168574883757832539123
2346,11749994,5,poincare,noise,1,1471477890661541662,6812326844018504228315
2347,11749994,5,control,noise,1,1471477890661541662,6952890362127298928861
2348,11749995,5,poincare,arb,1,29439372573409683211,131337848045130290518298
2349,11749995,5,control,arb,1,15960240776489678385,73797885165678428086837
2350,11749995,5,poincare,noise,1,1420771053031587116,6119278827916715819197
2351,11749995,5,control,noise,1,1420771053031587116,6429328367160398663416
2352,11749996,5,control,arb,1,11221079082536926810,50001049103161051384383
2353,11749996,5,poincare,noise,1,730621463957401438,3139098759287631131155
2354,11749996,5,control,noise,1,730621463957401438,3208587026180901180772
2355,11749997,5,poincare,arb,1,29121746481221734211,121020260789109927919512
2356,11749997,5,control,arb,1,15805481431366738602,68049068150851977670186
2357,11749997,5,poincare,noise,0,9723206039919601143832,2291704528935259106
2358,11749997,5,control,noise,0,9723206039919601143832,2295268746739930570
2359,11749998,5,control,arb,1,17093408618273640110,71161367958666374052805
2360,11749998,5,poincare,noise,0,9942945440803251408293,2331179663198581513
2361,11749998,5,control,noise,0,9942945440803251408293,2430030933552855999
2362,11749999,5,poincare,arb,1,34092789649822245302,134288711960179698451985
2363,11749999,5,control,arb,1,15135838405999991696,61026963087076756148305
2364,11749999,5,poincare,noise,0,10038791713909503586315,2522619517341661153
2365,11749999,5,control,noise,0,10038791713909503586315,2526526572214906557
2366,11750000,5,control,arb,1,16216326083892985254,63435286904214166385435
2367,11750000,5,poincare,noise,1,2588860382978106370,9786564969270509318849
2368,11750000,5,control,noise,1,2588860382978106370,9912312374981475806093
2369,11750001,5,poincare,arb,1,30335114649944811145,110671751995637749278154
2370,11750001,5,control,arb,1,12003733177440476082,45213813747806130769198
2371,11750001,5,poincare,noise,1,832868885542098228,2942746033809873823168
2372,11750001,5,control,noise,1,832868885542098228,3092343183804157349020
2373,11750002,5,control,arb,1,18114900850483892120,65869360652713310393963
2374,11750002,5,poincare,noise,0,772081941547123060533,207721040830665251
2375,11750002,5,control,noise,0,772081941547123060533,216558154898328034
2376,11750003,5,poincare,arb,1,37200188760531604032,126766175222375119020683
2377,11750003,5,control,arb,1,16642794085313602362,58291859585721961627205
2378,11750003,5,poincare,noise,0,10341032812222094875772,2991241715578595851
2379,11750003,5,control,noise,0,10341032812222094875772,2996375373166987995
2380,11750004,5,control,arb,1,21087002587737830805,71392035142153196090830
2381,11750004,5,poincare,noise,0,7152095921042386927132,2058122990006336287
2382,11750004,5,control,noise,0,7152095921042386927132,2155472329178569003
2383,11750005,5,poincare,arb,1,44174085770877604292,140676125185791887456094
2384,11750005,5,control,arb,1,20544444993332431909,66876852952933776469986
2385,11750005,5,poincare,noise,0,9065047149262352769419,2831420083787354369
2386,11750005,5,control,noise,0,9065047149262352769419,2836685005287301620
2387,11750006,5,control,arb,1,16315648837764576854,51424721948575135097575
2388,11750006,5,poincare,noise,0,2311510193871461917689,719465923049684938
2389,11750006,5,control,noise,0,2311510193871461917689,745181345489588679
2390,11750007,5,poincare,arb,1,38022592544747987807,112366221774999417620724
2391,11750007,5,control,arb,1,19172828568005634828,58379516425644742835333
2392,11750007,5,poincare,noise,1,1363424448966135722,3885190834634482310832
2393,11750007,5,control,noise,1,1363424448966135722,4066552264134130799520
2394,11750008,5,control,arb,1,15408959443283839964,45202327513767535589422
2395,11750008,5,poincare,noise,0,363937913148194214975,121937391229686083
2396,11750008,5,control,noise,0,363937913148194214975,125951550651978882
2397,11750009,5,poincare,arb,1,38148121338989790222,104688636969359438371805
2398,11750009,5,control,arb,1,19984154616625661038,56640554998935810849680
2399,11750009,5,poincare,noise,1,275609382791908612,730949720454035503527
2400,11750009,5,control,noise,1,275609382791908612,765922395937820706598
2401,11750010,5,control,arb,1,20054550174816656563,54662160687383669913261
2402,11750010,5,poincare,noise,1,2183351214638032978,5761220743833818251730
2403,11750010,5,control,noise,1,2183351214638032978,5826415702661866688466
2404,11750011,5,poincare,arb,1,40357327104708228110,102503402878053680256854
2405,11750011,5,control,arb,1,17297103963703839112,45324848535054709850502
2406,11750011,5,poincare,noise,1,550094102793747174,1349253001995810179454
2407,11750011,5,control,noise,1,550094102793747174,1417613822324047656278
2408,11750012,5,control,arb,1,16774475295996595713,42545154551680330681699
2409,11750012,5,poincare,noise,0,2559221735986128038742,990821963461497931
2410,11750012,5,control,noise,0,2559221735986128038742,1023762600004847432
2411,11750013,5,control,arb,0,9545821262625245607574,3801791272676846188
2412,11750013,5,poincare,noise,0,2072948828115515932962,801289070218547495
2413,11750013,5,control,noise,0,2072948828115515932962,822102017554196717
2414,11750014,5,control,arb,0,22239148925766033489171,8742421870701752568
2415,11750014,5,poincare,noise,1,590111035689805352,1462227252318954425378
2416,11750014,5,control,noise,1,590111035689805352,1512444575000804096060
2417,11750015,5,control,arb,0,11682809749668713882114,4541632859966320492
2418,11750015,5,poincare,noise,0,7111876387331014517942,2743262317589694591
2419,11750015,5,control,noise,0,7111876387331014517942,2746087707463656579
2420,11750016,5,poincare,arb,0,2017109641087129913150,775641570196398192
2421,11750016,5,control,arb,0,3179080856013502783837,1223007954819260231
2422,11750016,5,poincare,noise,0,1168296666627273510306,448759616048332510
2423,11750016,5,control,noise,0,1168296666627273510306,448750433179037271
2424,11750017,5,poincare,arb,0,9135916161326934682264,3496972445539506145
2425,11750017,5,control,arb,0,8631426988750936212654,3303800534792721090
2426,11750017,5,poincare,noise,1,913384607664229520,2320286254536880753775
2427,11750017,5,control,noise,1,913384607664229520,2391612703249607101175
2428,11750018,5,poincare,arb,0,23160024543841199329661,8782632434478425470
2429,11750018,5,control,arb,0,22176815803417227915793,8410237940042111510
2430,11750018,5,poincare,noise,0,2094524862174044915422,787524396721723456
2431,11750018,5,control,noise,0,2094524862174044915422,787495811040170588
2432,11750019,5,poincare,arb,0,7203435424954965629534,2699978229343378724
2433,11750019,5,control,arb,0,6748104680136220334843,2529220199547368640
2434,11750019,5,poincare,noise,1,2845632110044669574,7564293863696780714388
2435,11750019,5,control,noise,1,2845632110044669574,7590047697013653612687
2436,11750020,5,poincare,arb,0,30289257276879774503972,11268466506612368700
2437,11750020,5,control,arb,0,29189296412806844662706,10860723791308419740
2438,11750020,5,poincare,noise,0,5929326950834024942844,2179309696122237037
2439,11750020,5,control,noise,0,5929326950834024942844,2179088424834097145
2440,11750021,5,poincare,arb,0,842555621559077083329,308982066001025132
2441,11750021,5,control,arb,0,510900523867831119857,187338458707893644
2442,11750021,5,poincare,noise,0,6492105693214158952795,2374992552278561517
2443,11750021,5,control,noise,0,6492105693214158952795,2374729170055718429
2444,11750022,5,poincare,arb,0,11854027240486115054404,4310242760405223769
2445,11750022,5,control,arb,0,10955519558857381679349,3983094621974131640
2446,11750022,5,poincare,noise,1,1142324092644982002,3150689780953918094372
2447,11750022,5,control,noise,1,1142324092644982002,3150520865149142657044
2448,11750023,5,poincare,arb,0,27552891865641369144760,9909756242780499978
2449,11750023,5,control,arb,0,26357617359956506212525,9480368471334398673
2450,11750023,5,poincare,noise,0,2351717922868929011391,837540948831462866
2451,11750023,5,control,noise,0,2351717922868929011391,837507726220569799
2452,11750024,5,poincare,arb,0,3901605620680233885589,1358942064212036080
2453,11750024,5,control,arb,0,3595347115964630383596,1277777088306627456
2454,11750024,5,poincare,noise,1,207690669522176814,584986613604079203431
2455,11750024,5,control,noise,1,207690669522176814,584995797338598560573
2456,11750025,5,control,arb,0,11857339188559051703125,4193443549120010910
2457,11750025,5,poincare,noise,0,5281869610095200191762,1817518880910727946
2458,11750025,5,control,noise,0,5281869610095200191762,1857025503461546769
2459,11750026,5,control,arb,0,15928312049817943180550,5559747645196745040
2460,11750026,5,poincare,noise,1,697016140327899032,1968281289820856038988
2461,11750026,5,control,noise,1,697016140327899032,2006414114799030072324
2462,11750027,5,control,arb,0,9774821588147588010516,3386764037768628179
2463,11750027,5,poincare,noise,0,5404348245290676880758,1861848340610632698
2464,11750027,5,control,noise,0,5404348245290676880758,1862864050111124925
2465,11750028,5,poincare,arb,0,63924350630033773271518,21526658853025026754
2466,11750028,5,control,arb,0,22691158213141193600973,7747727285074782068
2467,11750028,5,poincare,noise,0,1834205499482435321421,605032772985118876
2468,11750028,5,control,noise,0,1834205499482435321421,621117023977580750
2469,11750029,5,control,arb,0,23730117540123234607049,7967278838611766795
2470,11750029,5,poincare,noise,1,1488916650625375528,4390666887033136279902
2471,11750029,5,control,noise,1,1488916650625375528,4463356341006037205042
2472,11750030,5,control,arb,0,32290912952579927231584,10672857730425604909
2473,11750030,5,poincare,noise,0,8163904563605465248284,2640248887617756515
2474,11750030,5,control,noise,0,8163904563605465248284,2662407429525646606
2475,11750031,5,poincare,arb,0,73342817031291749821502,23077176422254317202
2476,11750031,5,control,arb,0,12478341622290232845857,4041883292446656379
2477,11750031,5,poincare,noise,1,1402719695432948652,4337711317569993500007
2478,11750031,5,control,noise,1,1402719695432948652,4342160698627928778807
2479,11750032,5,control,arb,0,26687569554253401590611,8558612691797270398
2480,11750032,5,poincare,noise,0,7906009907314638282654,2426098288065586097
2481,11750032,5,control,noise,0,7906009907314638282654,2506951590763746545
2482,11750033,5,control,arb,0,8144249471716137246565,2569073003860167043
2483,11750033,5,poincare,noise,1,2939718587349183976,9096270185121561441194
2484,11750033,5,control,noise,1,2939718587349183976,9315692847462722678355
2485,11750034,5,control,arb,0,28838972706182520519611,9043431377830151516
2486,11750034,5,poincare,noise,0,1330998066261539307780,412749302544481969
2487,11750034,5,control,noise,0,1330998066261539307780,413328755977800069
2488,11750035,5,poincare,arb,0,95742660436284961156035,28872135660492699137
2489,11750035,5,control,arb,0,25835939803896189459514,7953571176252710882
2490,11750035,5,poincare,noise,1,624188103565028874,2040666508692253927914
2491,11750035,5,control,noise,1,624188103565028874,2043095815541500926121
2492,11750036,5,control,arb,0,14002790324175832282990,4261745566672655791
2493,11750036,5,poincare,noise,0,5933120727339512786528,1722020007875892574
2494,11750036,5,control,noise,0,5933120727339512786528,1794324650515089067
2495,11750037,5,control,arb,0,10378378600792526471052,3122495718375889401
2496,11750037,5,poincare,noise,1,994132619413442884,3256313914786976657382
2497,11750037,5,control,noise,1,994132619413442884,3311649810112369747494
2498,11750038,5,control,arb,0,22672395365324487290070,6764676616988560562
2499,11750038,5,poincare,noise,0,3677424231296122801886,1071075886712899648
2500,11750038,5,control,noise,0,3677424231296122801886,1088144447321559100
2501,11750039,5,control,arb,0,4390910274100867537347,1295978107869293894
2502,11750039,5,poincare,noise,1,2871159330424952834,9389016462946655664978
2503,11750039,5,control,noise,1,2871159330424952834,9711544427874481570250
2504,11750040,5,control,arb,0,16813540894412919116002,4959780692757591145
2505,11750040,5,poincare,noise,1,2207060553842482900,7181139316400849043173
2506,11750040,5,control,noise,1,2207060553842482900,7503783363484611798613
2507,11750041,5,poincare,arb,0,95408651469828945525762,27650338592114695659
2508,11750041,5,control,arb,0,21509194574869996859242,6298831280051544441
2509,11750041,5,poincare,noise,1,620126635020249186,2128576143441637625953
2510,11750041,5,control,noise,1,620126635020249186,2130467375591986265036
2511,11750042,5,control,arb,0,15929522393814079285513,4616854237956895651
2512,11750042,5,poincare,noise,1,1685000005227810504,5770233553769029043134
2513,11750042,5,control,noise,1,1685000005227810504,5832043714654056481806
2514,11750043,5,control,arb,0,20355504411370930420626,5854768777525862669
2515,11750043,5,poincare,noise,1,1522704778653143046,5197540210235081760164
2516,11750043,5,control,noise,1,1522704778653143046,5318774002088589459486
2517,11750044,5,control,arb,0,16382811127407592265074,4674250498282931760
2518,11750044,5,poincare,noise,1,94451749102038484,321870571127824067141
2519,11750044,5,control,noise,1,94451749102038484,332687271106452238320
2520,11750045,5,control,arb,0,7162542446982817688443,2029221968159984309
2521,11750045,5,poincare,noise,1,2674397068954439026,9088298487615000177506
2522,11750045,5,control,noise,1,2674397068954439026,9433221970468270314107
2523,11750046,5,poincare,arb,0,81400812556718143653204,22748657701006133112
2524,11750046,5,control,arb,0,17625019537046241072506,4984306350203170143
2525,11750046,5,poincare,noise,0,6349794042596107056234,1730633559057865989
2526,11750046,5,control,noise,0,6349794042596107056234,1782547298856743712
2527,11750047,5,control,arb,0,6857979091170335781479,1917453112655936347
2528,11750047,5,poincare,noise,0,3848909549172156453809,1024411995536319959
2529,11750047,5,control,noise,0,3848909549172156453809,1072624178993662497
2530,11750048,5,control,arb,0,23709163202658999909643,6552264870847969124
2531,11750048,5,poincare,noise,0,3674752102606036462076,976609913702356566
2532,11750048,5,control,noise,0,3674752102606036462076,1007153576128119646
2533,11750049,5,control,arb,0,4098599167485387625584,1120684439370507500
2534,11750049,5,poincare,noise,1,1842561171671501180,6585324740306463436501
2535,11750049,5,control,noise,1,1842561171671501180,6733304015374420972582
2536,11750050,5,control,arb,0,22782737257949224611605,6204426889229130262
2537,11750050,5,poincare,noise,0,10272160519863038322045,2748003800851830566
2538,11750050,5,control,noise,0,10272160519863038322045,2769740157292242413
2539,11750051,5,control,arb,0,1962496825199477500938,527222218864970775
2540,11750051,5,poincare,noise,0,11140645959421918394031,2955054192433619634
2541,11750051,5,control,noise,0,11140645959421918394031,2981226939822585824
2542,11750052,5,control,arb,0,5910822350209611259346,1573703141214021782
2543,11750052,5,poincare,noise,0,941577243257119490221,248206300370723395
2544,11750052,5,control,noise,0,941577243257119490221,250175301387216330
2545,11750053,5,poincare,arb,0,101424626169654399700401,26026646139901667269
2546,11750053,5,control,arb,0,27571976380061189152005,7264172391679421834
2547,11750053,5,poincare,noise,0,10892233498124512106491,2711088245125044740
2548,11750053,5,control,noise,0,10892233498124512106491,2837218346077822962
2549,11750054,5,control,arb,0,452127691228558448654,117377612445239215
2550,11750054,5,poincare,noise,1,2478777773463820940,9504207944143356551518
2551,11750054,5,control,noise,1,2478777773463820940,9522544058864900782211
2552,11750055,5,control,arb,0,24946726699196251522222,6464459325103624936
2553,11750055,5,poincare,noise,0,4672764801369855182283,1167777246338483685
2554,11750055,5,control,noise,0,4672764801369855182283,1200368407411928232
2555,11750056,5,control,arb,0,15698584960101016909649,4008834959617256073
2556,11750056,5,poincare,noise,1,2198380295877862940,8408462194736428137408
2557,11750056,5,control,noise,1,2198380295877862940,8626653365403736550443
2558,11750057,5,control,arb,0,16077960708072765046292,4088372712333643645
2559,11750057,5,poincare,noise,0,11458392681684323296367,2884623533639451986
2560,11750057,5,control,noise,0,11458392681684323296367,2890462371558629198
2561,11750058,5,poincare,arb,0,79204521424873442371856,19392643348109207227
2562,11750058,5,control,arb,0,14841487331621846579630,3715489825851118918
2563,11750058,5,poincare,noise,0,9433775053543719465524,2255953971291731696
2564,11750058,5,control,noise,0,9433775053543719465524,2345215832141582077
2565,11750059,5,control,arb,1,418449839363638487,1686999000096999580383
2566,11750059,5,poincare,noise,1,721642274864684952,2904815130253402013334
2567,11750059,5,control,noise,1,721642274864684952,2905491726491619619855
2568,11750060,5,control,arb,0,14286946614982400639610,3536897082040917758
2569,11750060,5,poincare,noise,0,10619433051530104321642,2511071909490106102
2570,11750060,5,control,noise,0,10619433051530104321642,2610248233991619218
2571,11750061,5,control,arb,0,14500348872700851516877,3538691405663084375
2572,11750061,5,poincare,noise,1,1956289836519854234,7895978118650657184508
2573,11750061,5,control,noise,1,1956289836519854234,8031029321485291679648
2574,11750062,5,control,arb,0,22476308868691585905049,5452617603397147670
2575,11750062,5,poincare,noise,0,1366199055484494759509,324742867607656211
2576,11750062,5,control,noise,0,1366199055484494759509,329192610938920215
2577,11750063,5,poincare,arb,0,88421830942501476500075,20556660376568355118
2578,11750063,5,control,arb,0,31812151994002202950293,7593881421748943494
2579,11750063,5,poincare,noise,1,277709554820191082,1172355478279980475568
2580,11750063,5,control,noise,1,277709554820191082,1173475706011531318244
2581,11750064,5,control,arb,0,32015068250769733142416,7511487792450900863
2582,11750064,5,poincare,noise,0,9728196067551533892193,2184239686092683930
2583,11750064,5,control,noise,0,9728196067551533892193,2256009221112174691
2584,11750065,5,control,arb,0,6926829855215854005326,1598946587810253448
2585,11750065,5,poincare,noise,0,9916780085184017056433,2215291805265647227
2586,11750065,5,control,noise,0,9916780085184017056433,2278472436686473727
2587,11750066,5,control,arb,0,12729304548767536957341,2906436046006932612
2588,11750066,5,poincare,noise,1,2270403698913405572,9654715792977548089210
2589,11750066,5,control,noise,1,2270403698913405572,9951310718187725300110
2590,11750067,5,control,arb,0,33460391603798347436898,7584922424804207769
2591,11750067,5,poincare,noise,0,7248726253697049998569,1631949973043201335
2592,11750067,5,control,noise,0,7248726253697049998569,1624900535901928484
2593,11750068,5,poincare,arb,0,121666270801059020345700,26470166176505306382
2594,11750068,5,control,arb,0,27116341805501520777699,6021872608088030718
2595,11750068,5,poincare,noise,0,1248135035796059931012,263359940323001978
2596,11750068,5,control,noise,0,1248135035796059931012,275049614447849861
2597,11750069,5,control,arb,0,16081683290737155203652,3527325845214532800
2598,11750069,5,poincare,noise,0,5105735526962920369922,1068689133582566031
2599,11750069,5,control,noise,0,5105735526962920369922,1113489324796667849
2600,11750070,5,control,arb,0,14844010892534808843373,3219939087864170509
2601,11750070,5,poincare,noise,1,959281147155123860,4354433671165405661790
2602,11750070,5,control,noise,1,959281147155123860,4434716360758903354427
2603,11750071,5,control,arb,0,16877088583261268749162,3638562775808702793
2604,11750071,5,poincare,noise,1,2743847991818968344,12401602545778203738814
2605,11750071,5,control,noise,1,2743847991818968344,12741191492605509439626
2606,11750072,5,poincare,arb,0,96661064993941939054981,20149754331009194309
2607,11750072,5,control,arb,0,41849302815540409257239,8942730069769822612
2608,11750072,5,poincare,noise,0,437933667221612946197,89148888891786915
2609,11750072,5,control,noise,0,437933667221612946197,92531392257150328
2610,11750073,5,control,arb,0,21037747509634012015399,4419892239953624321
2611,11750073,5,poincare,noise,0,6348381939639265326725,1273318671420497628
2612,11750073,5,control,noise,0,6348381939639265326725,1324130129323721651
2613,11750074,5,control,arb,0,4224117599132926008394,878604853313863402
2614,11750074,5,poincare,noise,1,2359220812140548108,11159860598673766042463
2615,11750074,5,control,noise,1,2359220812140548108,11321349110309298486095
2616,11750075,5,control,arb,0,27876919183687007808478,5783984840779942777
2617,11750075,5,poincare,noise,0,7488780826510436250403,1516730766142185506
2618,11750075,5,control,noise,0,7488780826510436250403,1539423973228463797
2619,11750076,5,control,arb,0,22012165268907148581225,4490200565920397819
2620,11750076,5,poincare,noise,0,5393881836360373321417,1088361486979494501
2621,11750076,5,control,noise,0,5393881836360373321417,1092453455209880793
2622,11750077,5,poincare,arb,0,98645006655238041629914,19405250538445149559
2623,11750077,5,control,arb,0,15612539674695015518425,3144918793513677408
2624,11750077,5,poincare,noise,0,10261461427472637032369,1967104884483591788
2625,11750077,5,control,noise,0,10261461427472637032369,2053228109414298149
2626,11750078,5,control,arb,0,22882400314760724663093,4539657446782263351
2627,11750078,5,poincare,noise,0,8660861255303805566439,1640894875315322270
2628,11750078,5,control,noise,0,8660861255303805566439,1704369192073861605
2629,11750079,5,control,arb,0,28985550907244317673241,5649528053342729342
2630,11750079,5,poincare,noise,0,10671822223463173442604,2012619885588151351
2631,11750079,5,control,noise,0,10671822223463173442604,2059136626735808884
2632,11750080,5,control,arb,0,14832477432668947671912,2843521316553245518
2633,11750080,5,poincare,noise,1,1247972295643536364,6292330399773227500912
2634,11750080,5,control,noise,1,1247972295643536364,6523416659103640450173
2635,11750081,5,poincare,arb,0,102327615787625332500852,18941116385180641895
2636,11750081,5,control,arb,0,26172036100480492541317,4982181704278856714
2637,11750081,5,poincare,noise,0,10871440428119875281696,1960639303310221660
2638,11750081,5,control,noise,0,10871440428119875281696,2050322343277030992
2639,11750082,5,control,arb,0,3830706013786118950822,719803107198521043
2640,11750082,5,poincare,noise,0,7026935989357461497511,1255412028112994937
2641,11750082,5,control,noise,0,7026935989357461497511,1316806027793754399
2642,11750083,5,control,arb,0,1801549360923222028327,336855715321674061
2643,11750083,5,poincare,noise,0,8766519931020725616975,1560501453444482607
2644,11750083,5,control,noise,0,8766519931020725616975,1634859389654888487
2645,11750084,5,control,arb,0,29803207166290935103500,5504973888335319074
2646,11750084,5,poincare,noise,0,16057295455035530756776,2841946094001904296
2647,11750084,5,control,noise,0,16057295455035530756776,2932462045098391219
2648,11750085,5,control,arb,0,21543106942084803332074,3898073351689664762
2649,11750085,5,poincare,noise,0,7393022008375921588430,1301529869481310057
2650,11750085,5,control,noise,0,7393022008375921588430,1328251113411711205
2651,11750086,5,control,arb,0,29855265260984012712596,5315385264346450527
2652,11750086,5,poincare,noise,1,2479898891896390634,13362222468906458760825
2653,11750086,5,control,noise,1,2479898891896390634,13983061769191175932698
2654,11750087,5,poincare,arb,0,138654904597839398316883,23942160830575323420
2655,11750087,5,control,arb,0,39200967641021203483985,6910003224955038330
2656,11750087,5,poincare,noise,0,1218549907952943772269,203994103303722265
2657,11750087,5,control,noise,0,1218549907952943772269,212701409439947464
2658,11750088,5,control,arb,0,38789087450797564245363,6706021980816378839
2659,11750088,5,poincare,noise,1,339907074561556718,1944245372555595588684
2660,11750088,5,control,noise,1,339907074561556718,1983548810870737333432
2661,11750089,5,control,arb,0,37566282367472885563107,6383202974208347948
2662,11750089,5,poincare,noise,1,1750661459512892014,9986470994627063249624
2663,11750089,5,control,noise,1,1750661459512892014,10369937723120047544022
2664,11750090,5,poincare,arb,0,107315316147574353221363,17660011335170442793
2665,11750090,5,control,arb,0,23009048139372442750040,3872809124410028761
2666,11750090,5,poincare,noise,0,2834637652537230606528,455484620669238705
2667,11750090,5,control,noise,0,2834637652537230606528,474206337391530406
2668,11750091,5,control,arb,0,18641405559436965268860,3102778726447980057
2669,11750091,5,poincare,noise,0,6123742278113053390225,972304551400316749
2670,11750091,5,control,noise,0,6123742278113053390225,1013345393629725238
2671,11750092,5,control,arb,0,26054367997756064810014,4279066264502556648
2672,11750092,5,poincare,noise,1,971733099159113814,5814140434327447621810
2673,11750092,5,control,noise,1,971733099159113814,5944610397964485709520
2674,11750093,5,control,arb,0,18872469134865750543545,3075704634443125074
2675,11750093,5,poincare,noise,1,2073898918734917076,12358557860869247350816
2676,11750093,5,control,noise,1,2073898918734917076,12743625101321398939921
2677,11750094,5,poincare,arb,0,106896882976202284887864,16901668444870600522
2678,11750094,5,control,arb,0,35941735182695740351311,5817774712908273740
2679,11750094,5,poincare,noise,0,6171746995555474715515,952664117074178938
2680,11750094,5,control,noise,0,6171746995555474715515,989283204964824737
2681,11750095,5,control,arb,0,23994856572635212864771,3819536739123203033
2682,11750095,5,poincare,noise,1,304550997078110092,1899769054523624403248
2683,11750095,5,control,noise,1,304550997078110092,1922985585040283980230
2684,11750096,5,control,arb,0,36461140815502022511174,5729044752631449089
2685,11750096,5,poincare,noise,1,1664257340561567102,10353828246948840099590
2686,11750096,5,control,noise,1,1664257340561567102,10654586267459833981604
2687,11750097,5,poincare,arb,0,118098498958052689920566,17795583894979425478
2688,11750097,5,control,arb,0,49417958255274700358428,7651539508763903452
2689,11750097,5,poincare,noise,0,15567706335797681823316,2281674919260481924
2690,11750097,5,control,noise,0,15567706335797681823316,2375134780630549661
2691,11750098,5,control,arb,0,3446400367050207941532,523561686686361764
2692,11750098,5,poincare,noise,0,13557044669070277578758,1955548787679465254
2693,11750098,5,control,noise,0,13557044669070277578758,2051672095222535772
2694,11750099,5,control,arb,0,17593092381269698633771,2643946233534851513
2695,11750099,5,poincare,noise,0,19837905020273324885943,2841816789777493776
2696,11750099,5,control,noise,0,19837905020273324885943,2956486424925689820
2697,11750100,5,control,arb,0,5795392153224870809373,858782676348866260
2698,11750100,5,poincare,noise,1,997782832251291454,6634062111294768080977
2699,11750100,5,control,noise,1,997782832251291454,6732015521575462156918
2700,11750101,5,control,arb,0,33512047920566036582786,4937605125494833719
2701,11750101,5,poincare,noise,1,3004350255110604542,19863840492425401554086
2702,11750101,5,control,noise,1,3004350255110604542,20450087974055438916119
2703,11750102,5,control,arb,0,30980838601692744393743,4540879113007237362
2704,11750102,5,poincare,noise,1,2270168281418479896,14899590240440100214110
2705,11750102,5,control,noise,1,2270168281418479896,15541606435495058561557
2706,11750103,5,poincare,arb,0,150042128013616395066377,21604732046371722180
2707,11750103,5,control,arb,0,47416636419348304665132,6877873272790821556
2708,11750103,5,poincare,noise,0,14731780732910389630377,2051308394843733316
2709,11750103,5,control,noise,0,14731780732910389630377,2107916142903842580
2710,11750104,5,control,arb,0,297529364109720327465,42432877386570464
2711,11750104,5,poincare,noise,1,1050780387619216950,7346309276116347878519
2712,11750104,5,control,noise,1,1050780387619216950,7356484965277979361478
2713,11750105,5,control,arb,0,51366209876585819822656,7267278305405875495
2714,11750105,5,poincare,noise,1,263665061606819888,1839882058326206034376
2715,11750105,5,control,noise,1,263665061606819888,1883762174115700001971
2716,11750106,5,control,arb,0,24140416247280762925105,3362705656192950964
2717,11750106,5,poincare,noise,1,2155659999955198984,14990362607897594025224
2718,11750106,5,control,noise,1,2155659999955198984,15504070183917745227179
2719,11750107,5,poincare,arb,0,139932775238004922535292,18947476318693867322
2720,11750107,5,control,arb,0,54767055557819015810212,7551000741082940675
2721,11750107,5,poincare,noise,0,16311244064981582745067,2141745393076263205
2722,11750107,5,control,noise,0,16311244064981582745067,2214961086117069533
2723,11750108,5,control,arb,0,28153068131327805025179,3787115666725192791
2724,11750108,5,poincare,noise,1,691872320122593066,5099835353992009088391
2725,11750108,5,control,noise,1,691872320122593066,5168422594614241782975
2726,11750109,5,control,arb,0,49978233935854557899111,6627649906558160315
2727,11750109,5,poincare,noise,0,11281681063347090370074,1458635067500346568
2728,11750109,5,control,noise,0,11281681063347090370074,1476949083513503994
2729,11750110,5,poincare,arb,0,116209303294520808387593,14634742136773110227
2730,11750110,5,control,arb,0,27059307279787316615043,3514307351562353107
2731,11750110,5,poincare,noise,1,2278944743356312818,17566762259831278375753
2732,11750110,5,control,noise,1,2278944743356312818,17582016386392692668102
2733,11750111,5,control,arb,0,59754695807770504953530,7678096991880873181
2734,11750111,5,poincare,noise,0,5084643620974566321666,628181560300366573
2735,11750111,5,control,noise,0,5084643620974566321666,644640197471597355
2736,11750112,5,control,arb,0,20683685734491512734451,2608489451631992337
2737,11750112,5,poincare,noise,1,1559615128590359446,11975906966604074939770
2738,11750112,5,control,noise,1,1559615128590359446,12387849388358988129423
2739,11750113,6,poincare,arb,0,151151312967635850481002,18344301049969599445
2740,11750113,6,control,arb,0,60776991617726803558338,7576737376909358204
2741,11750113,6,poincare,noise,0,14157236239626210646070,1666346625474838105
2742,11750113,6,control,noise,0,14157236239626210646070,1738189298612826505
2743,11750114,6,control,arb,0,13482938494730519841355,1646182686899332707
2744,11750114,6,poincare,noise,1,2455523912539951766,19946769559205318596740
2745,11750114,6,control,noise,1,2455523912539951766,20084965572008551895816
2746,11750115,6,control,arb,0,76100186365273350450000,9199945007723016786
2747,11750115,6,poincare,noise,0,24931469187382009128001,2940003982379438554
2748,11750115,6,control,noise,0,24931469187382009128001,2953665104140682440
2749,11750116,6,poincare,arb,0,118921617067813271775355,13577443825844307763
2750,11750116,6,control,arb,0,17184470744156991908945,2018928587358268817
2751,11750116,6,poincare,noise,1,2301195976383628794,19561948407499474946210
2752,11750116,6,control,noise,1,2301195976383628794,19577747481038863397395
2753,11750117,6,control,arb,0,66384658753824158508713,7731453015997058885
2754,11750117,6,poincare,noise,0,23378531217886091719823,2610807871119801699
2755,11750117,6,control,noise,0,23378531217886091719823,2675144312616316931
2756,11750118,6,control,arb,1,6259386614318064065,54369972867170439254095
2757,11750118,6,poincare,noise,1,911664098998363266,7776177306800520956727
2758,11750118,6,control,noise,1,911664098998363266,7822885771529276849104
2759,11750119,6,control,arb,1,1214607538370301838,10385035136961427935045
2760,11750119,6,poincare,noise,1,1721703307560650138,14624539657468371558135
2761,11750119,6,control,noise,1,1721703307560650138,14648076282639173189339
2762,11750120,6,poincare,arb,1,4770656913362672223,40111225632098187648547
2763,11750120,6,control,arb,1,4902044299775305561,41245350193987361658247
2764,11750120,6,poincare,noise,0,24626160816317049132000,2825589454418370869
2765,11750120,6,control,noise,0,24626160816317049132000,2936513627051462809
2766,11750121,6,poincare,arb,1,6461295420256122686,53862801318762555943071
2767,11750121,6,control,arb,1,6295719554290669289,52502944753465295407216
2768,11750121,6,poincare,noise,1,1779052693451332344,14640892125157004434911
2769,11750121,6,control,noise,1,1779052693451332344,14638240748723511218578
2770,11750122,6,poincare,arb,1,296643650620960351,2433396933106114615324
2771,11750122,6,control,arb,1,168873551184237830,1385035420773040973592
2772,11750122,6,poincare,noise,1,698822620034295040,5723666648887475444469
2773,11750122,6,control,noise,1,698822620034295040,5723260080497945255353
2774,11750123,6,poincare,arb,0,40958103148424189070232,4967600385998350726
2775,11750123,6,control,arb,0,38788830470114922908297,4704834514107649185
2776,11750123,6,poincare,noise,1,2866686697195108636,23713177518099418134596
2777,11750123,6,control,noise,1,2866686697195108636,23706246731247325480915
2778,11750124,6,poincare,arb,0,72885578480824812528667,8730447501586337785
2779,11750124,6,control,arb,0,69851826078907526723116,8369501979284965144
2780,11750124,6,poincare,noise,1,708896378016336658,5992920308740211601570
2781,11750124,6,control,noise,1,708896378016336658,5992481596629507925393
2782,11750125,6,poincare,arb,0,60578548300688725622895,6951785860160005454
2783,11750125,6,control,arb,0,57218075190355706665269,6700643095917896741
2784,11750125,6,poincare,noise,1,190562679912341300,1644880646132357316230
2785,11750125,6,control,noise,1,190562679912341300,1645219374042853851571
2786,11750126,6,control,arb,0,23965354022331176606668,2763742980422572737
2787,11750126,6,poincare,noise,1,170974049875462002,1474948517482807757976
2788,11750126,6,control,noise,1,170974049875462002,1489122774524427099842
2789,11750127,6,control,arb,0,27344726708483476267287,3123794084495043830
2790,11750127,6,poincare,noise,1,952706270515190918,8204077608891750731470
2791,11750127,6,control,noise,1,952706270515190918,8370656734531864203550
2792,11750128,6,control,arb,1,702754758255378961,6157077959294483008750
2793,11750128,6,poincare,noise,1,154026198055554916,1324040610638426716688
2794,11750128,6,control,noise,1,154026198055554916,1347502722870695821705
2795,11750129,6,control,arb,1,1897893389236210393,16545791625461193203534
2796,11750129,6,poincare,noise,0,8076651576266237819273,912517542087359057
2797,11750129,6,control,noise,0,8076651576266237819273,927970672898847005
2798,11750130,6,poincare,arb,1,2875721244799772887,24674194435946665659968
2799,11750130,6,control,arb,1,6020846617980457038,51952507388065498518876
2800,11750130,6,poincare,noise,1,2693378132698251086,22906760452519618876693
2801,11750130,6,control,noise,1,2693378132698251086,22900368452344137645423
2802,11750131,6,poincare,arb,1,331300687687224962,2804231717449139968007
2803,11750131,6,control,arb,1,144736747885311700,1224754843509186922827
2804,11750131,6,poincare,noise,0,7972927894736018055771,933962524609681178
2805,11750131,6,control,noise,0,7972927894736018055771,940949408043507243
2806,11750132,6,poincare,arb,1,6067469412507374737,50993875508811266380149
2807,11750132,6,control,arb,1,5754465820573200709,48368229842368384611927
2808,11750132,6,poincare,noise,0,6714210792688228679123,805519026913711057
2809,11750132,6,control,noise,0,6714210792688228679123,805452357539534990
2810,11750133,6,poincare,arb,0,32373213230881832647169,3855591176293685283
2811,11750133,6,control,arb,0,29962073458370341099625,3568133444258459033
2812,11750133,6,poincare,noise,1,1778552757293700648,14982200520126353368715
2813,11750133,6,control,noise,1,1778552757293700648,14979450508518567883209
2814,11750134,6,poincare,arb,0,66031829295714721143482,7764823836725827189
2815,11750134,6,control,arb,0,62880041111661874887631,7395555801054035968
2816,11750134,6,poincare,noise,1,1437469664305796318,12346861960154876648375
2817,11750134,6,control,noise,1,1437469664305796318,12345011847070933185111
2818,11750135,6,poincare,arb,0,39773572411983291625844,4607263096916089185
2819,11750135,6,control,arb,0,38079883195875230722072,4411731792233444541
2820,11750135,6,poincare,noise,0,20993760822351106090218,2404817389346093845
2821,11750135,6,control,noise,0,20993760822351106090218,2404210167393222252
2822,11750136,6,poincare,arb,0,37910354370484970639065,4210188565223948971
2823,11750136,6,control,arb,0,34276805768755613709327,3883365759009613434
2824,11750136,6,poincare,noise,0,9075386796309833171816,999426497389925799
2825,11750136,6,control,noise,0,9075386796309833171816,1019571105340600647
2826,11750137,6,control,arb,0,11793072584670454103688,1319555018850733033
2827,11750137,6,poincare,noise,0,17785356145647891142426,1913425228266804369
2828,11750137,6,control,noise,0,17785356145647891142426,1978729843872568141
2829,11750138,6,poincare,arb,1,6564261164966897350,58260268104555460927032
2830,11750138,6,control,arb,1,7738653171158896148,68871622989655142136499
2831,11750138,6,poincare,noise,0,25765032810586140676915,2801190450233416522
2832,11750138,6,control,noise,0,25765032810586140676915,2919239938579025544
2833,11750139,6,poincare,arb,1,7833286053671382205,68560967406069082150209
2834,11750139,6,control,arb,1,7583725949317170024,66403559295351263666165
2835,11750139,6,poincare,noise,1,174852517558799408,1510890426887703774364
2836,11750139,6,control,noise,1,174852517558799408,1510862671711045452296
2837,11750140,6,poincare,arb,1,3070602464660879395,26396487605742035826893
2838,11750140,6,control,arb,1,2869663925477424174,24668662777832858013088
2839,11750140,6,poincare,noise,1,1790844757048443788,15276805616132540269251
2840,11750140,6,control,noise,1,1790844757048443788,15273953884884686520695
2841,11750141,6,poincare,arb,1,2111080894426727474,17897952307085538567696
2842,11750141,6,control,arb,1,1869497743618813404,15846827806533365935056
2843,11750141,6,poincare,noise,0,7497959405959418812022,886102913557314003
2844,11750141,6,control,noise,0,7497959405959418812022,886021333936392605
2845,11750142,6,poincare,arb,1,5259189716145442219,44197523715471472075280
2846,11750142,6,control,arb,1,4988353595590011419,41925313229908352348246
2847,11750142,6,poincare,noise,0,21579982811502678748662,2578715569820606843
2848,11750142,6,control,noise,0,21579982811502678748662,2578029505482668542
2849,11750143,6,poincare,arb,0,11953604133596759693633,1419474693119274132
2850,11750143,6,control,arb,0,9877411423716314819075,1172617496122806902
2851,11750143,6,poincare,noise,0,11004934058284148687350,1301239470809452441
2852,11750143,6,control,noise,0,11004934058284148687350,1301063657051765228
2853,11750144,6,poincare,arb,0,2622801849501819709233,309338016912089108
2854,11750144,6,control,arb,0,1779056562418654875734,209796814289168232
2855,11750144,6,poincare,noise,1,2820291104719945682,23818267189383853124802
2856,11750144,6,control,noise,1,2820291104719945682,23811306561981317367032
2857,11750145,6,poincare,arb,0,58099203759805015764621,6835876785270681015
2858,11750145,6,control,arb,0,55969779146909164824390,6587256507055018177
2859,11750145,6,poincare,noise,0,2052277817992877423851,238785515886716687
2860,11750145,6,control,noise,0,2052277817992877423851,238779541905207060
2861,11750146,6,poincare,arb,0,28677903981150278616943,3317876161724653671
2862,11750146,6,control,arb,0,26775280813245907564334,3097675598938792043
2863,11750146,6,poincare,noise,1,2118492079971797698,18346029516150769599330
2864,11750146,6,control,noise,1,2118492079971797698,18341948918522682049272
2865,11750147,6,poincare,arb,0,48018262590690375627775,5514802127193475478
2866,11750147,6,control,arb,0,46177060479754106886502,5304523573572600755
2867,11750147,6,poincare,noise,0,26072563212173718419869,2954032691638394369
2868,11750147,6,control,noise,0,26072563212173718419869,2953108474954060060
2869,11750148,6,poincare,arb,1,6626129120592095318,58140114836233698744546
2870,11750148,6,control,arb,1,6397851359884763227,56154689983992598179666
2871,11750148,6,poincare,noise,1,3044938225517640210,26307075995522065391205
2872,11750148,6,control,noise,1,3044938225517640210,26298682672144327059242
2873,11750149,6,poincare,arb,1,1077386758458123734,9247367042841528055513
2874,11750149,6,control,arb,1,822157841447226161,7054448721241850977974
2875,11750149,6,poincare,noise,0,2208983658564359310882,257697979473628402
2876,11750149,6,control,noise,0,2208983658564359310882,257691031000991694
2877,11750150,6,poincare,arb,1,2116362888543469991,18088134362412943354718
2878,11750150,6,control,arb,1,2001278881936873436,17104995368532024861990
2879,11750150,6,poincare,noise,0,22704570502367753496037,2654232774783819747
2880,11750150,6,control,noise,0,22704570502367753496037,2653497992030057370
2881,11750151,6,poincare,arb,1,9461970535677972779,80076914277906349409834
2882,11750151,6,control,arb,1,9039742653093092677,76524772895281743575269
2883,11750151,6,poincare,noise,1,2020098409899870406,16790123298028935787606
2884,11750151,6,control,noise,1,2020098409899870406,16786634153813227914972
2885,11750152,6,poincare,arb,0,2241146202511959738662,270380645293038148
2886,11750152,6,control,arb,0,3138439913151099308732,378712368743096917
2887,11750152,6,poincare,noise,1,458237113920485444,3721206367384277310280
2888,11750152,6,control,noise,1,458237113920485444,3796970383307297923589
2889,11750153,6,poincare,arb,0,23620397284213003029082,2839863089619807136
2890,11750153,6,control,arb,0,22428347213833411139385,2696690156276917394
2891,11750153,6,poincare,noise,1,2524410891752250764,20419712071790577246707
2892,11750153,6,control,noise,1,2524410891752250764,21001512939414479758721
2893,11750154,6,poincare,arb,0,51202867020208534229796,6117768694348192196
2894,11750154,6,control,arb,0,49600450874781685144588,5928177671356095247
2895,11750154,6,poincare,noise,1,1270830401843666136,10454213927967097791931
2896,11750154,6,control,noise,1,1270830401843666136,10715841621771314233904
2897,11750155,6,poincare,arb,0,58579598985475127020861,6884523712007999447
2898,11750155,6,control,arb,0,55734063192321759112538,6551129121779314136
2899,11750155,6,poincare,noise,1,909978744914677090,7780757574186605917596
2900,11750155,6,control,noise,1,909978744914677090,7815526969615945983742
2901,11750156,6,poincare,arb,0,22137056070905841660920,2570405759675918634
2902,11750156,6,control,arb,0,21265076588700433585385,2469401019064620681
2903,11750156,6,poincare,noise,0,25824384988158079684331,2972193855220360582
2904,11750156,6,control,noise,0,25824384988158079684331,2971264279431155562
2905,11750157,6,poincare,arb,0,7606584363881597222561,853608077506336503
2906,11750157,6,control,arb,0,5533915957250114388638,632817155057043395
2907,11750157,6,poincare,noise,1,2803246771459538660,24430202376809187060824
2908,11750157,6,control,noise,1,2803246771459538660,24423626566027746791882
2909,11750158,6,poincare,arb,1,1026536047329489765,8891664236193763013414
2910,11750158,6,control,arb,1,796784560331312919,6899650734508769437789
2911,11750158,6,poincare,noise,0,2270037653286568771983,262393609475168037
2912,11750158,6,control,noise,0,2270037653286568771983,262386360932255494
2913,11750159,6,poincare,arb,1,5468272031465985188,46918513739903591842673
2914,11750159,6,control,arb,1,5145443835746892640,44149823776002595728021
2915,11750159,6,poincare,noise,1,2124626080588909446,18011692861234626554646
2916,11750159,6,control,noise,1,2124626080588909446,18007711270320294469295
2917,11750160,6,poincare,arb,1,591576863295434950,4993718331399287404859
2918,11750160,6,control,arb,1,423142809329927402,3571114814215089799811
2919,11750160,6,poincare,noise,1,2608696065760221224,21910585863759275274058
2920,11750160,6,control,noise,1,2608696065760221224,21904668974620947753351
2921,11750161,6,poincare,arb,1,4308361936530552132,35796766034693314530537
2922,11750161,6,control,arb,1,3879429288672410937,32224200967704151238394
2923,11750161,6,poincare,noise,0,6796368079612023110215,822450948923229621
2924,11750161,6,control,noise,0,6796368079612023110215,822381383128321747
2925,11750162,6,poincare,arb,1,4792541636364234593,38749306994663774729351
2926,11750162,6,control,arb,1,4546283371524580271,37341000467170922792340
2927,11750162,6,poincare,noise,1,1028231228437158960,8239844559743420122580
2928,11750162,6,control,noise,1,1028231228437158960,8367925114183221839171
2929,11750163,6,poincare,arb,0,61488468075058659239538,7478370534639392164
2930,11750163,6,control,arb,0,58536570824934935769539,7120601464480899243
2931,11750163,6,poincare,noise,1,2727201168623317592,21957827823474137774208
2932,11750163,6,control,noise,1,2727201168623317592,22582868712642202606782
2933,11750164,6,poincare,arb,0,50177336215068949707819,6025995469404119089
2934,11750164,6,control,arb,0,48751698129266882999492,5856777010373586176
2935,11750164,6,poincare,noise,1,1937363451874264312,16106215659390383035913
2936,11750164,6,control,noise,1,1937363451874264312,16232033995314306670952
2937,11750165,6,poincare,arb,0,29605394801439334495342,3523937737203318458
2938,11750165,6,control,arb,0,28831608513930061865009,3432564641518084634
2939,11750165,6,poincare,noise,1,813886313052732140,6866767930889677332531
2940,11750165,6,control,noise,1,813886313052732140,6866185916416928976927
2941,11750166,6,poincare,arb,0,61903169443119134176415,7262632815095257613
2942,11750166,6,control,arb,0,58482408798119717632152,6861882323167319960
2943,11750166,6,poincare,noise,1,259148702119200954,2233443811847582058749
2944,11750166,6,control,noise,1,259148702119200954,2233382861821907016537
2945,11750167,6,poincare,arb,0,32148534802304355498895,3635566278574186636
2946,11750167,6,control,arb,0,30289432342940791614819,3495326846249750428
2947,11750167,6,poincare,noise,1,1714598734235422752,14904094584283243490025
2948,11750167,6,control,noise,1,1714598734235422752,14903158125132452699612
2949,11750168,6,poincare,arb,1,4011364698815655003,34552400462558395727742
2950,11750168,6,control,arb,1,3690003520230964225,31780433182305620539415
2951,11750168,6,poincare,noise,0,25166322341174941742107,2854796858082463059
2952,11750168,6,control,noise,0,25166322341174941742107,2925839030417457885
2953,11750169,6,poincare,arb,1,9583980593712817853,81541188663400855024853
2954,11750169,6,control,arb,1,9202221587564374548,78321712649198588122148
2955,11750169,6,poincare,noise,1,791118637291461454,6621578378976666610561
2956,11750169,6,control,noise,1,791118637291461454,6621034052335787736224
2957,11750170,6,poincare,arb,1,5416568618299866158,44899259405012792500990
2958,11750170,6,control,arb,1,5030120021303236231,41692465046899473231236
2959,11750170,6,poincare,noise,1,1803955042934422648,14786297698512531251484
2960,11750170,6,control,noise,1,1803955042934422648,14783557288035668087493
2961,11750171,6,poincare,arb,1,147243110797383824,1179183662598221471761
2962,11750171,6,control,arb,1,25774718797947695,210588102901757480895
2963,11750171,6,poincare,noise,0,8584563947030656116066,1049033196374446890
2964,11750171,6,control,noise,0,8584563947030656116066,1048924926360574117
2965,11750172,6,control,arb,1,2831875191990004624,23108512335487526495190
2966,11750172,6,poincare,noise,1,3039780282126574186,24303117496871531766841
2967,11750172,6,control,noise,1,3039780282126574186,24566592180801417004664
2968,11750173,6,poincare,arb,0,47127910745390977720972,5751942565043523477
2969,11750173,6,control,arb,0,68321156111521948625689,8379534134969985032
2970,11750173,6,poincare,noise,0,10697909122000483628814,1291487571804116263
2971,11750173,6,control,noise,0,10697909122000483628814,1291315101593299196
2972,11750174,6,poincare,arb,0,5855311044121431658411,704676459097638891
2973,11750174,6,control,arb,0,4824052912795668326493,580488812807345808
2974,11750174,6,poincare,noise,1,2798743199903695240,23057861281774366473425
2975,11750174,6,control,noise,1,2798743199903695240,23172963389508320622050
2976,11750175,6,poincare,arb,0,62582073682533764908039,7500595480628655487
2977,11750175,6,control,arb,0,60177054780099265180163,7214516568586693411
2978,11750175,6,poincare,noise,0,5314232078485337447614,628872437569716101
2979,11750175,6,control,noise,0,5314232078485337447614,628831102378100937
2980,11750176,6,poincare,arb,0,18520076226002635975436,2181927916757277735
2981,11750176,6,control,arb,0,17034952995269272560277,2006827399714877963
2982,11750176,6,poincare,noise,0,9741307717377541986354,1141658503538469658
2983,11750176,6,control,noise,0,9741307717377541986354,1141521677682254580
2984,11750177,6,poincare,arb,0,5539196136129846163963,647345895176471576
2985,11750177,6,control,arb,0,4587063145306640527582,536009295478505920
2986,11750177,6,poincare,noise,0,16040248519955283367764,1867105430552275641
2987,11750177,6,control,noise,0,16040248519955283367764,1866738461524496099
2988,11750178,6,poincare,arb,1,6965140316263288833,59357852732831718831564
2989,11750178,6,control,arb,1,6647113193513620802,56658719219309844731953
2990,11750178,6,poincare,noise,0,11779457024097590143175,1366566466555591422
2991,11750178,6,control,noise,0,11779457024097590143175,1394252515829742376
2992,11750179,6,poincare,arb,1,7318294975278735376,61247269181184591460153
2993,11750179,6,control,arb,1,6961900415257992315,58274346551411839797779
2994,11750179,6,poincare,noise,0,5697273052469471003893,687863669914045676
2995,11750179,6,control,noise,0,5697273052469471003893,687814695835122982
2996,11750180,6,poincare,arb,1,8170705234161504431,66894899709634139063263
2997,11750180,6,control,arb,1,7704243936486634531,63080395954255479853803
2998,11750180,6,poincare,noise,0,3803719314016220540323,470172487989893829
2999,11750180,6,control,noise,0,3803719314016220540323,470149869959218759
3000,11750181,6,poincare,arb,1,5821911123697297051,45780443270961422846539
3001,11750181,6,control,arb,1,5488309766770855164,44040055188706301454662
3002,11750181,6,poincare,noise,1,962472683735506266,7491447292798154586069
3003,11750181,6,control,noise,1,962472683735506266,7642217792172944135368
3004,11750182,6,control,arb,1,2401185362966356538,18962026126819682787893
3005,11750182,6,poincare,noise,1,1488469760031163666,11307152574592889031522
3006,11750182,6,control,noise,1,1488469760031163666,11680505895359109064196
3007,11750183,6,poincare,arb,0,35257562583771614130714,4435224124412602725
3008,11750183,6,control,arb,0,53860069338925041863396,6804413103771542597
3009,11750183,6,poincare,noise,0,18721656182097132169141,2330853889129381748
3010,11750183,6,control,noise,0,18721656182097132169141,2330299665588536603
3011,11750184,6,poincare,arb,0,23964586474451194801020,2959430575542844870
3012,11750184,6,control,arb,0,21297921026417530035981,2629493804462345978
3013,11750184,6,poincare,noise,1,2724196672659460936,21546520459612824161844
3014,11750184,6,control,noise,1,2724196672659460936,22061553436516362167752
3015,11750185,6,poincare,arb,0,57635230136887429303183,7066508654388043979
3016,11750185,6,control,arb,0,55648749639522561128633,6825194337211835591
3017,11750185,6,poincare,noise,0,12511102408110823790476,1513720301325700032
3018,11750185,6,control,noise,0,12511102408110823790476,1513482846961691559
3019,11750186,6,poincare,arb,0,37203527589403259269077,4459472333670593417
3020,11750186,6,control,arb,0,34095474974042857774172,4086278526609543773
3021,11750186,6,poincare,noise,1,2857766049715029412,23900796068529045007237
3022,11750186,6,control,noise,1,2857766049715029412,23893684345824428754249
3023,11750187,6,poincare,arb,0,58897626552865774292230,6996536124325975823
3024,11750187,6,control,arb,0,56702587644107346446862,6737789048155175803
3025,11750187,6,poincare,noise,1,2950153700051076780,24992669152613402991670
3026,11750187,6,control,noise,1,2950153700051076780,24984943390762092896698
3027,11750188,6,poincare,arb,1,1045491262545928505,8801504400050661816602
3028,11750188,6,control,arb,1,795692063061345878,6696490521688357664163
3029,11750188,6,poincare,noise,1,1803399211002579192,15114301727565552873690
3030,11750188,6,control,noise,1,1803399211002579192,15111458076793247815225
3031,11750189,6,poincare,arb,1,2392659679347981418,19921728494454156518406
3032,11750189,6,control,arb,1,2130331028626605209,17734194275194249255949
3033,11750189,6,poincare,noise,0,23374161560705540101250,2805493866701356596
3034,11750189,6,control,noise,0,23374161560705540101250,2804675878344839540
3035,11750190,6,poincare,arb,1,8422687670875245664,69565040739702219527787
3036,11750190,6,control,arb,1,8070694708573998643,66677285508591062437715
3037,11750190,6,poincare,noise,0,24633005005847997797830,3007763017251743121
3038,11750190,6,control,noise,0,24633005005847997797830,3006831005511232676
3039,11750191,6,poincare,arb,1,7315400033882838646,59515545784459614175769
3040,11750191,6,control,arb,1,7045163744986227032,57334763747003015721208
3041,11750191,6,poincare,noise,1,2274073774978569742,18229662822047048793853
3042,11750191,6,control,noise,1,2274073774978569742,18225434614788253245197
3043,11750192,6,poincare,arb,1,5300752657652714418,41230937560499667152358
3044,11750192,6,control,arb,1,4827190667831649700,38242545913036476930266
3045,11750192,6,poincare,noise,0,5592554664889801302851,710609953428055454
3046,11750192,6,control,noise,0,5592554664889801302851,710664779836426654
3047,11750193,6,poincare,arb,0,33445356534978488690877,4217903131048663202
3048,11750193,6,control,arb,0,31364410467408116656484,3955478255268645708
3049,11750193,6,poincare,noise,0,1419635078510690692706,177839277482938620
3050,11750193,6,control,noise,0,1419635078510690692706,177836049047414746
3051,11750194,6,poincare,arb,0,32629633270935806882160,4061059532266017052
3052,11750194,6,control,arb,0,30498563959314877491767,3795759345784863870
3053,11750194,6,poincare,noise,1,426321352789895570,3418900643535545319383
3054,11750194,6,control,noise,1,426321352789895570,3444385704132723103114
3055,11750195,6,poincare,arb,0,32407609528270141085185,3988995682080348218
3056,11750195,6,control,arb,0,30606664783089233031697,3767494669760880479
3057,11750195,6,poincare,noise,1,1661119442683254674,13543841455531452714632
3058,11750195,6,control,noise,1,1661119442683254674,13541523385813557840533
3059,11750196,6,poincare,arb,0,66435954042866638715972,8067436079446855523
3060,11750196,6,control,arb,0,63123113163778962148550,7666464057105489577
3061,11750196,6,poincare,noise,0,23542383804648381659841,2810795552244102051
3062,11750196,6,control,noise,0,23542383804648381659841,2809971355732127223
3063,11750197,6,poincare,arb,0,32832168153388237750717,3801368016208542163
3064,11750197,6,control,arb,0,29303679102834228037606,3461059474853877376
3065,11750197,6,poincare,noise,0,22199414988258612919810,2544475104874891438
3066,11750197,6,control,noise,0,22199414988258612919810,2595374546514970663
3067,11750198,6,poincare,arb,1,5489069529274305250,46714672528161651354302
3068,11750198,6,control,arb,1,5367308160037028301,45695609207006587774576
3069,11750198,6,poincare,noise,1,1311164816416266300,11039623931515581721049
3070,11750198,6,control,noise,1,1311164816416266300,11038105609152687026942
3071,11750199,6,poincare,arb,1,3958576186309853506,33056234266980920110033
3072,11750199,6,control,arb,1,3628236586600380832,30293554474369764273534
3073,11750199,6,poincare,noise,1,1457071777937606190,12064836989706395624850
3074,11750199,6,control,noise,1,1457071777937606190,12063008574258776256846
3075,11750200,6,poincare,arb,1,5815116471785967414,47610526569549475649090
3076,11750200,6,control,arb,1,5359251230176773954,43871538178158974833599
3077,11750200,6,poincare,noise,0,15221799537030376145428,1870586893177085964
3078,11750200,6,control,noise,0,15221799537030376145428,1870226231681835236
3079,11750201,6,poincare,arb,1,5022273307484813059,40670885636542845336106
3080,11750201,6,control,arb,1,4824345663480629434,39075581254271332659409
3081,11750201,6,poincare,noise,0,3014909227059378096124,374972990031663640
3082,11750201,6,control,noise,0,3014909227059378096124,374958565351648770
3083,11750202,6,poincare,arb,1,2372762146522584356,19019518524932381936905
3084,11750202,6,control,arb,1,2247514077548147067,18016251718037916523749
3085,11750202,6,poincare,noise,0,3050592027512368761338,381736799387724308
3086,11750202,6,control,noise,0,3050592027512368761338,381721895310885334
3087,11750203,6,poincare,arb,0,19746467973509612978587,2460240687683689762
3088,11750203,6,control,arb,0,18317408808857185916877,2282103059221104345
3089,11750203,6,poincare,noise,0,4178536598229561892799,518237013610539360
3090,11750203,6,control,noise,0,4178536598229561892799,518209425659718480
3091,11750204,6,poincare,arb,0,28750788771352523222140,3543528542027453068
3092,11750204,6,control,arb,0,26686577236921620190143,3288939820169297811
3093,11750204,6,poincare,noise,1,2156834453285647726,17537085299936935125034
3094,11750204,6,control,noise,1,2156834453285647726,17533189146439838947414
3095,11750205,6,poincare,arb,0,47628279827391249770419,5824455081543220342
3096,11750205,6,control,arb,0,45738083540768663572755,5594546186666213667
3097,11750205,6,poincare,noise,0,23061384615473580740306,2782778396090838001
3098,11750205,6,control,noise,0,23061384615473580740306,2781973565695324086
3099,11750206,6,poincare,arb,0,35529617046162222709452,4240492110334837631
3100,11750206,6,control,arb,0,31856774675831458574663,3801035385837274756
3101,11750206,6,poincare,noise,1,2351015108558609658,19756623152906588454979
3102,11750206,6,control,noise,1,2351015108558609658,19751760203611968875846
3103,11750207,6,poincare,arb,0,74645760442887118520921,8690172043302285065
3104,11750207,6,control,arb,0,71200110625435133930228,8389015134505338872
3105,11750207,6,poincare,noise,0,7583369997037952584547,869617283342450083
3106,11750207,6,control,noise,0,7583369997037952584547,879664338647539968
3107,11750208,6,poincare,arb,1,4888690018843685971,41866279434264719759295
3108,11750208,6,control,arb,1,4689746830804168383,40169901714619922114160
3109,11750208,6,poincare,noise,0,5292005008787809725618,602428021488447440
3110,11750208,6,control,noise,0,5292005008787809725618,622093161334536694
3111,11750209,6,poincare,arb,1,7740455567983957567,65108874642260166645658
3112,11750209,6,control,arb,1,7302718212441259759,61431838012615081042007
3113,11750209,6,poincare,noise,1,2266389689370546150,18767228711361587736531
3114,11750209,6,control,noise,1,2266389689370546150,18762800869447809572077
3115,11750210,6,poincare,arb,1,659479580957207750,5436124096677449559649
3116,11750210,6,control,arb,1,475779681422277437,3920951071821404641016
3117,11750210,6,poincare,noise,1,2801260909419929326,22967392502305772697105
3118,11750210,6,control,noise,1,2801260909419929326,22960731045033780273747
3119,11750211,6,poincare,arb,0,3613165439607881462375,442300644004497343
3120,11750211,6,control,arb,0,4821653819360412680869,590407317176250114
3121,11750211,6,poincare,noise,1,2483669386450855028,20225328567805217440992
3122,11750211,6,control,noise,1,2483669386450855028,20220143678112245054408
3123,11750212,6,poincare,arb,1,1127273022425978249,9128754310712819106843
3124,11750212,6,control,arb,1,900560993811388855,7290951159070733882530
3125,11750212,6,poincare,noise,0,8696877507708426572371,1074030421807123648
3126,11750212,6,control,noise,0,8696877507708426572371,1073911546200186066
3127,11750213,6,poincare,arb,0,14653621358059871934930,1801658710093073191
3128,11750213,6,control,arb,0,13187566692106995800773,1621228232391213974
3129,11750213,6,poincare,noise,1,2064797162125057208,16787025951197763885704
3130,11750213,6,control,noise,1,2064797162125057208,16783449861341903690291
3131,11750214,6,poincare,arb,0,69726970818825295041523,8491217119806581304
3132,11750214,6,control,arb,0,66399574812545577598808,8087736105611054852
3133,11750214,6,poincare,noise,0,8321677359270206906199,998583951665587190
3134,11750214,6,control,noise,0,8321677359270206906199,998479697929290837
3135,11750215,6,poincare,arb,0,13678506768636930318539,1634646199230891169
3136,11750215,6,control,arb,0,12297231243092417129983,1469423820271173042
3137,11750215,6,poincare,noise,0,25221458804151861076604,2992282402771798345
3138,11750215,6,control,noise,0,25221458804151861076604,2991342624987088211
3139,11750216,6,poincare,arb,0,24356675425912987225481,2820287645324877205
3140,11750216,6,control,arb,0,21243925868181726565646,2496472593090559825
3141,11750216,6,poincare,noise,0,26038930328088689171201,2987289719568957592
3142,11750216,6,control,noise,0,26038930328088689171201,3031526756493004379
3143,11750217,6,control,arb,0,19940819022653576446318,2300674513564515319
3144,11750217,6,poincare,noise,1,1641825785444692132,14126839729422407527431
3145,11750217,6,control,noise,1,1641825785444692132,14246249923970305288463
3146,11750218,6,poincare,arb,1,963829394073727709,8258924106157905621533
3147,11750218,6,control,arb,1,3331435971334041947,28664347177164541323188
3148,11750218,6,poincare,noise,1,2925321732517762856,24913111129352958976924
3149,11750218,6,control,noise,1,2925321732517762856,24905413828164091162981
3150,11750219,6,poincare,arb,1,1730171830345687773,14627006451042811664535
3151,11750219,6,control,arb,1,1437572532615430952,12149594390576887269307
3152,11750219,6,poincare,noise,1,1582534031299194586,13309408385455905274341
3153,11750219,6,control,noise,1,1582534031299194586,13307195035238188118397
3154,11750220,6,poincare,arb,1,860062665562136145,7205637291467006734705
3155,11750220,6,control,arb,1,706544661834024630,5918473290622569957250
3156,11750220,6,poincare,noise,1,1853216989481344640,15460581092489965545675
3157,11750220,6,control,noise,1,1853216989481344640,15457583064673872117308
3158,11750221,6,poincare,arb,1,2397481586638996368,19868964232621698701113
3159,11750221,6,control,arb,1,2130323786624593335,17651488746368805940172
3160,11750221,6,poincare,noise,1,50106193005456478,413671616051741270717
3161,11750221,6,control,noise,1,50106193005456478,413669455040502351815
3162,11750222,6,poincare,arb,1,7411521745331658530,60487079881176735019254
3163,11750222,6,control,arb,1,6942555981508532636,56659449831184828899527
3164,11750222,6,poincare,noise,0,21013116338290263156140,2594033759022235752
3165,11750222,6,control,noise,0,21013116338290263156140,2593340377832175496
3166,11750223,6,poincare,arb,0,30027599198987060152151,3671163803770150308
3167,11750223,6,control,arb,0,26819673482799104386325,3278087462746948903
3168,11750223,6,poincare,noise,1,2097822252335336858,16900269085892574014328
3169,11750223,6,control,noise,1,2097822252335336858,17196761044704356873939
3170,11750224,6,poincare,arb,0,60435888037879113978967,7310888359987857329
3171,11750224,6,control,arb,0,57853858727513676415471,7000263921176408937
3172,11750224,6,poincare,noise,1,1213962012789210666,10130828163889572659430
3173,11750224,6,control,noise,1,1213962012789210666,10129539814719220654771
3174,11750225,6,poincare,arb,0,32272348103026318634614,3851191926904044158
3175,11750225,6,control,arb,0,30878868445224720846870,3685370945535764000
3176,11750225,6,poincare,noise,1,3015249957340018274,25300318612828399328773
3177,11750225,6,control,noise,1,3015249957340018274,25292318096939470329981
3178,11750226,6,poincare,arb,0,70806539717323170769125,8367650848782867812
3179,11750226,6,control,arb,0,67937246675696308488905,8031108189477637251
3180,11750226,6,poincare,noise,0,24259817571376597210424,2816798812186569971
3181,11750226,6,control,noise,0,24259817571376597210424,2815955657719198371
3182,11750227,6,poincare,arb,0,21037690934802804988633,2373955693828500379
3183,11750227,6,control,arb,0,18189521621300310959624,2093821829195538356
3184,11750227,6,poincare,noise,1,1279036054277985768,11127349050856096988502
3185,11750227,6,control,noise,1,1279036054277985768,11126686198484282976239
3186,11750228,6,poincare,arb,1,2934053674833160040,25355019675007397721052
3187,11750228,6,control,arb,1,2691695113798358239,23258359874077810800052
3188,11750228,6,poincare,noise,1,2884397719578822346,24696835286638331188808
3189,11750228,6,control,noise,1,2884397719578822346,24689283557438840651490
3190,11750229,6,poincare,arb,1,170848798330207061,1455786803390436780926
3191,11750229,6,control,arb,0,182007040237581719839,21366586988839343
3192,11750229,6,poincare,noise,1,794586053543087590,6760285431907660718537
3193,11750229,6,control,noise,1,794586053543087590,6759716722442038686427
3194,11750230,6,poincare,arb,1,6135655919175779523,51636673223217867096282
3195,11750230,6,control,arb,1,5699652106281474523,47963301436046420107767
3196,11750230,6,poincare,noise,0,11090828784917542644238,1327844789179817882
3197,11750230,6,control,noise,0,11090828784917542644238,1327659916423886148
3198,11750231,6,poincare,arb,1,7296344507984950159,60379842630120103281528
3199,11750231,6,control,arb,1,6920662120870699844,57278912236216773506801
3200,11750231,6,poincare,noise,1,270749400649376800,2214320505027034114224
3201,11750231,6,control,noise,1,270749400649376800,2214258243099928089991
3202,11750232,6,poincare,arb,1,6213330001848523181,49304581094856752245844
3203,11750232,6,control,arb,1,5805395711281552948,47006335211529364618150
3204,11750232,6,poincare,noise,0,5977635564610497426966,744334028824395189
3205,11750232,6,control,noise,0,5977635564610497426966,744419939488851073
3206,11750233,6,poincare,arb,0,18091603214275665651714,2242453620449783621
3207,11750233,6,control,arb,0,17046595613746064317075,2112965758664300148
3208,11750233,6,poincare,noise,0,18533963339435425365951,2281342841430082261
3209,11750233,6,control,noise,0,18533963339435425365951,2280804316181416816
3210,11750234,6,poincare,arb,0,5239438694305449591964,642019778885907373
3211,11750234,6,control,arb,0,3741636601384490574616,458376896489939278
3212,11750234,6,poincare,noise,0,10699056020385445532662,1307072322155842650
3213,11750234,6,control,noise,0,10699056020385445532662,1306894728959303914
3214,11750235,6,poincare,arb,0,48432507367178734972384,5851368162762852689
3215,11750235,6,control,arb,0,44707025449450638533131,5400540589549298426
3216,11750235,6,poincare,noise,0,13046245281731078278873,1558086829375217638
3217,11750235,6,control,noise,0,13046245281731078278873,1557831657992511759
3218,11750236,6,poincare,arb,0,9904478738491072001722,1177812180438569167
3219,11750236,6,control,arb,0,8458508051470689012543,1005696764847499276
3220,11750236,6,poincare,noise,1,473235086438208408,3983936160745868081727
3221,11750236,6,control,noise,1,473235086438208408,3983737264532261108863
3222,11750237,6,poincare,arb,0,46256241025953297670356,5451633324531963077
3223,11750237,6,control,arb,0,43592748646971062378070,5137977950773178624
3224,11750237,6,poincare,noise,1,2658158506576762222,22653343070110292212744
3225,11750237,6,control,noise,1,2658158506576762222,22646963998417401509210
3226,11750238,6,poincare,arb,1,3725943520873092243,31435610003674282184581
3227,11750238,6,control,arb,1,3323724210209683686,28034208102209163641263
3228,11750238,6,poincare,noise,1,2251635853151746038,18819657919955554444306
3229,11750238,6,control,noise,1,2251635853151746038,18815210564905825817380
3230,11750239,6,poincare,arb,1,4447763942504824715,36789220545143900205074
3231,11750239,6,control,arb,1,4025679841078904691,33290126655579136418678
3232,11750239,6,poincare,noise,1,1028898044548470788,8438273561502594658419
3233,11750239,6,control,noise,1,1028898044548470788,8437369961132124803935
3234,11750240,6,poincare,arb,1,6457148674444564387,52349224961084432990713
3235,11750240,6,control,arb,1,5985503243660273736,48520317313517423319370
3236,11750240,6,poincare,noise,0,11952031754629940058805,1485599662772774501
3237,11750240,6,control,noise,0,11952031754629940058805,1485372250161873899
3238,11750241,6,poincare,arb,1,6408612094566985834,50229801319542007604261
3239,11750241,6,control,arb,1,6098218795165797442,48701776312972689500607
3240,11750241,6,poincare,noise,0,5701230420521969969317,720100530125489838
3241,11750241,6,control,noise,0,5701230420521969969317,720177972682496284
3242,11750242,6,poincare,arb,1,8290571553873146114,62926616780409259087079
3243,11750242,6,control,arb,1,7757175425215556065,60715406128097725146468
3244,11750242,6,poincare,noise,0,12089198842572539637565,1559760304965216044
3245,11750242,6,control,noise,0,12089198842572539637565,1560108645123061753
3246,11750243,7,control,arb,1,1265478968475389753,9810768924947367677878
3247,11750243,7,poincare,noise,0,16850693417284706813572,2161924633320249724
3248,11750243,7,control,noise,0,16850693417284706813572,2170385101330039139
3249,11750244,7,control,arb,1,1694081133892827021,13162776386146456307483
3250,11750244,7,poincare,noise,0,2632730765884803852689,336504208115311339
3251,11750244,7,control,noise,0,2632730765884803852689,339578436710000836
3252,11750245,7,control,arb,1,531774288784903864,4121540318551749555146
3253,11750245,7,poincare,noise,0,13471200373311982904555,1716484298570075973
3254,11750245,7,control,noise,0,13471200373311982904555,1734735128611854871
3255,11750246,7,control,arb,1,1872132693227622571,14534961669059125979205
3256,11750246,7,poincare,noise,1,3004354992714147066,23222864899618096194458
3257,11750246,7,control,noise,1,3004354992714147066,23143536956359943744409
3258,11750247,7,control,arb,0,24706600348698839230324,3206222516265685443
3259,11750247,7,poincare,noise,0,9551936588854965664706,1222690852029360888
3260,11750247,7,control,noise,0,9551936588854965664706,1230780828204235515
3261,11750248,7,control,arb,1,702764139077890127,5458696166921117523390
3262,11750248,7,poincare,noise,1,217661437858325972,1683655675314789889642
3263,11750248,7,control,noise,1,217661437858325972,1688176021860285900630
3264,11750249,7,control,arb,0,994626177727360786650,128258479813993046
3265,11750249,7,poincare,noise,1,157264727491707312,1229762075938106758921
3266,11750249,7,control,noise,1,157264727491707312,1219508615637722272890
3267,11750250,7,poincare,arb,1,3174740980492469854,24207000654559715351810
3268,11750250,7,control,arb,1,370379367530312321,2869670431957417071310
3269,11750250,7,poincare,noise,0,23528318890342205969435,3024414440043136681
3270,11750250,7,control,noise,0,23528318890342205969435,3023773419562009637
3271,11750251,7,control,arb,1,2814856061350355064,21910063533061162461917
3272,11750251,7,poincare,noise,1,2648875509605467024,20215958116737059303330
3273,11750251,7,control,noise,1,2648875509605467024,20437838988294007813551
3274,11750252,7,poincare,arb,0,140596332543803912630,18132961343438828
3275,11750252,7,control,arb,0,22096671179995490096911,2862885839982466566
3276,11750252,7,poincare,noise,1,478800988752782882,3622253859356530956027
3277,11750252,7,control,noise,1,478800988752782882,3709693088987377195977
3278,11750253,7,poincare,arb,0,4680691980549086044411,603971839617576695
3279,11750253,7,control,arb,0,4659977846331261268133,601333430421520914
3280,11750253,7,poincare,noise,0,11333735730026499640598,1457908319533986786
3281,11750253,7,control,noise,0,11333735730026499640598,1457691710055676317
3282,11750254,7,control,arb,1,1005709113459555468,7825201626363301680020
3283,11750254,7,poincare,noise,0,13779852045898485703440,1763961938196414419
3284,11750254,7,control,noise,0,13779852045898485703440,1768833283425336623
3285,11750255,7,poincare,arb,1,2621852102847384371,20455096757081455588437
3286,11750255,7,control,arb,1,1658830889336816889,12925181452297674398338
3287,11750255,7,poincare,noise,0,12774896014784096940130,1639868297261578544
3288,11750255,7,control,noise,0,12774896014784096940130,1639594001255737375
3289,11750256,7,poincare,arb,1,1329140188200288256,10359115246220274397505
3290,11750256,7,control,arb,1,1348561918217664868,10512243590571756360526
3291,11750256,7,poincare,noise,0,1956306537091289948738,251415330254685512
3292,11750256,7,control,noise,0,1956306537091289948738,251408878913192227
3293,11750257,7,poincare,arb,1,248346835780907367,1932438989127067879795
3294,11750257,7,control,arb,1,248534886144426270,1933951873967882170259
3295,11750257,7,poincare,noise,0,1159427932893190512872,149025871867448457
3296,11750257,7,control,noise,0,1159427932893190512872,149023605155097971
3297,11750258,7,poincare,arb,1,173482549040526496,1349652191865948575721
3298,11750258,7,control,arb,1,171930054537399066,1337594505915702789666
3299,11750258,7,poincare,noise,1,2414372597370320330,18710194234275694098259
3300,11750258,7,control,noise,1,2414372597370320330,18705601607002735723660
3301,11750259,7,poincare,arb,0,13826863406228799700559,1785916231191425224
3302,11750259,7,control,arb,0,14131808951603818869926,1825751999445898962
3303,11750259,7,poincare,noise,0,4966444497267032976804,639142313402235883
3304,11750259,7,control,noise,0,4966444497267032976804,639100663011539669
3305,11750260,7,control,arb,1,131346890764160922,1021529669155168197106
3306,11750260,7,poincare,noise,1,2126621189047578880,16487922422183093333192
3307,11750260,7,control,noise,1,2126621189047578880,16479541056742657044515
3308,11750261,7,poincare,arb,0,11686538486227029840366,1508740664572413400
3309,11750261,7,control,arb,0,12689224147470151526610,1638781491324241937
3310,11750261,7,poincare,noise,1,2249060237948988182,17401605616877386075161
3311,11750261,7,control,noise,1,2249060237948988182,17397629234695786151792
3312,11750262,7,poincare,arb,0,20270682711531089961115,2618414432064883408
3313,11750262,7,control,arb,0,20084845031735854811961,2595002292619023466
3314,11750262,7,poincare,noise,1,2374527884153320042,18330979869819919643067
3315,11750262,7,control,noise,1,2374527884153320042,18384910369389440936435
3316,11750263,7,poincare,arb,0,16138258922444434391009,2084742225584310469
3317,11750263,7,control,arb,0,16303758401933804590099,2106641849192925377
3318,11750263,7,poincare,noise,1,1772314218040249896,13726155296771985000486
3319,11750263,7,control,noise,1,1772314218040249896,13723681237074308955262
3320,11750264,7,poincare,arb,0,16165011184463847938326,2086230724417534651
3321,11750264,7,control,arb,0,16007933148053996962620,2066330926120123766
3322,11750264,7,poincare,noise,1,1882694112871427930,14592385807458569875795
3323,11750264,7,control,noise,1,1882694112871427930,14589590982719517424888
3324,11750265,7,poincare,arb,0,19392903506021089311407,2499724311310781591
3325,11750265,7,control,arb,0,19085794215544029338791,2460609526828575555
3326,11750265,7,poincare,noise,1,1541716796022057756,11977915631074125595259
3327,11750265,7,control,noise,1,1541716796022057756,11976034256569535572153
3328,11750266,7,poincare,arb,0,7613371664219474585875,980771520631354060
3329,11750266,7,control,arb,0,7888167504312205023739,1016330969113316226
3330,11750266,7,poincare,noise,1,333819163119468840,2593842801749821906396
3331,11750266,7,control,noise,1,333819163119468840,2593754489498918370598
3332,11750267,7,poincare,arb,0,428337682220106523235,55148833187739528
3333,11750267,7,control,arb,0,565525092064746275314,72814305517026485
3334,11750267,7,poincare,noise,0,18572332968830148789059,2382419631748730201
3335,11750267,7,control,noise,0,18572332968830148789059,2381840805910278544
3336,11750268,7,poincare,arb,1,1780211277236080001,13890378749237607239729
3337,11750268,7,control,arb,1,1817807649402076464,14187177237736411500649
3338,11750268,7,poincare,noise,1,655593800145850574,5096596878217619234563
3339,11750268,7,control,noise,1,655593800145850574,5096256102955212215048
3340,11750269,7,poincare,arb,0,3944489014666981244440,507507316933509568
3341,11750269,7,control,arb,0,4017182672560388904432,516894816751555926
3342,11750269,7,poincare,noise,0,1240571638109655429279,159454463031744620
3343,11750269,7,control,noise,0,1240571638109655429279,159451867773711561
3344,11750270,7,poincare,arb,0,2866704374206739287250,368173072812172380
3345,11750270,7,control,arb,0,2606335892344695052888,334728298065282227
3346,11750270,7,poincare,noise,1,805334191242152934,6266437645512504671646
3347,11750270,7,control,noise,1,805334191242152934,6265922780265308685996
3348,11750271,7,poincare,arb,0,1159926815195020928790,149216164109404552
3349,11750271,7,control,arb,0,1483123935340305417010,190808804617274456
3350,11750271,7,poincare,noise,0,19049451267036437947950,2441004750982812356
3351,11750271,7,control,noise,0,19049451267036437947950,2440396813139729949
3352,11750272,7,poincare,arb,1,3039109901577675951,23695657390365817412233
3353,11750272,7,control,arb,1,3000586876073750496,23401125045541211575940
3354,11750272,7,poincare,noise,0,1570059953837165324131,202234135304012404
3355,11750272,7,control,noise,0,1570059953837165324131,202229965279717694
3356,11750273,7,poincare,arb,0,1795556159841490270020,231128551346719943
3357,11750273,7,control,arb,0,1582202989657357773250,203660989624583376
3358,11750273,7,poincare,noise,0,1587228086972617104594,204178008185164953
3359,11750273,7,control,noise,0,1587228086972617104594,204173754835220521
3360,11750274,7,poincare,arb,1,83902213023877280,652352817785825388826
3361,11750274,7,control,arb,1,91522484078182288,711616440157105215499
3362,11750274,7,poincare,noise,0,7023450698028567769846,902204914233516644
3363,11750274,7,control,noise,0,7023450698028567769846,902121858162897841
3364,11750275,7,poincare,arb,1,343161633895495919,2673685327027633525393
3365,11750275,7,control,arb,1,378517455017524618,2949425696729469399194
3366,11750275,7,poincare,noise,0,7269243902768124156576,932161798117943733
3367,11750275,7,control,noise,0,7269243902768124156576,932073060358483811
3368,11750276,7,poincare,arb,1,1288813264325534435,10045100075381776295761
3369,11750276,7,control,arb,1,1266115673269660295,9869132973252890644228
3370,11750276,7,poincare,noise,1,1153047500104327836,8953892691982969716994
3371,11750276,7,control,noise,1,1153047500104327836,8952840761593646229337
3372,11750277,7,poincare,arb,0,10035063562010049099134,1292005652865353471
3373,11750277,7,control,arb,0,9965474037064557447336,1283196816262152428
3374,11750277,7,poincare,noise,1,1050441940801762188,8161796186005627354333
3375,11750277,7,control,noise,1,1050441940801762188,8160922313212421700364
3376,11750278,7,poincare,arb,0,5195627690855220273171,669073928413262418
3377,11750278,7,control,arb,0,5382785200835771987703,693249613251238168
3378,11750278,7,poincare,noise,0,17517224238638716274316,2245900384791360771
3379,11750278,7,control,noise,0,17517224238638716274316,2245385800830888116
3380,11750279,7,poincare,arb,1,2373821356344695820,18511392232936374496732
3381,11750279,7,control,arb,1,2365197604882018813,18448369925544588049853
3382,11750279,7,poincare,noise,1,1593959388425400250,12355755967168301565049
3383,11750279,7,control,noise,1,1593959388425400250,12353751841499353130451
3384,11750280,7,poincare,arb,0,13573337651346855768494,1750620520215636794
3385,11750280,7,control,arb,0,13494148575433034376164,1740689456189577036
3386,11750280,7,poincare,noise,0,10428329080282114034221,1338744907625038506
3387,11750280,7,control,noise,0,10428329080282114034221,1338562042899052119
3388,11750281,7,poincare,arb,1,1762496093679894687,13720428653087362043191
3389,11750281,7,control,arb,1,1735450789548936453,13511735844194157940777
3390,11750281,7,poincare,noise,1,828010441818359504,6420649788864011381896
3391,11750281,7,control,noise,1,828010441818359504,6420108345661449667219
3392,11750282,7,poincare,arb,0,4251286972811373112100,548479161457507929
3393,11750282,7,control,arb,0,4388265798840740449993,566199211164968849
3394,11750282,7,poincare,noise,1,3031630781340230316,23410826457988247972335
3395,11750282,7,control,noise,1,3031630781340230316,23403626758760013214774
3396,11750283,7,poincare,arb,0,26805622326950771953443,3468960122836812381
3397,11750283,7,control,arb,0,26583219694200955655761,3441236936866903644
3398,11750283,7,poincare,noise,1,3042167349099204114,23522727145775420613177
3399,11750283,7,control,noise,1,3042167349099204114,23515463251653294942370
3400,11750284,7,poincare,arb,0,23286688865507235744160,3011778718259137610
3401,11750284,7,control,arb,0,23294387912397709550565,3013705114647879919
3402,11750284,7,poincare,noise,0,525422978955971063051,67641521877571433
3403,11750284,7,control,noise,0,525422978955971063051,67641055193102186
3404,11750285,7,poincare,arb,1,653892064651965868,5074791801960522809633
3405,11750285,7,control,arb,1,616727997723625272,4786398168242155610784
3406,11750285,7,poincare,noise,0,5741821491833670453944,739743784668302181
3407,11750285,7,control,noise,0,5741821491833670453944,739688021686916600
3408,11750286,7,poincare,arb,1,913448468350480736,7088246949764309961226
3409,11750286,7,control,arb,1,902381216331827245,7002894333731062673671
3410,11750286,7,poincare,noise,0,11916893235636777168241,1534269498581944549
3411,11750286,7,control,noise,0,11916893235636777168241,1534029704797753820
3412,11750287,7,poincare,arb,1,2093526445960399162,16247045227803771869733
3413,11750287,7,control,arb,1,2057834230200406621,15972548189608234733916
3414,11750287,7,poincare,noise,1,2312434833846352942,17827397167657433234637
3415,11750287,7,control,noise,1,2312434833846352942,17823216123433774862697
3416,11750288,7,poincare,arb,0,22191237768453560422312,2876039115352387280
3417,11750288,7,control,arb,0,21910424097420765766529,2840311107128290793
3418,11750288,7,poincare,noise,0,6692895822236056219300,862555215227831561
3419,11750288,7,control,noise,0,6692895822236056219300,862479420152452420
3420,11750289,7,poincare,arb,1,1049903608938122894,8144306814662978235373
3421,11750289,7,control,arb,1,1037951422623546098,8052298954581777085961
3422,11750289,7,poincare,noise,1,804262559046240794,6221434042080227683732
3423,11750289,7,control,noise,1,804262559046240794,6220925050757013715579
3424,11750290,7,poincare,arb,0,4278418780523816936744,553292313876748244
3425,11750290,7,control,arb,0,4401081432004542830402,569201822157024035
3426,11750290,7,poincare,noise,1,1199967660293768440,9269925981386330058995
3427,11750290,7,control,noise,1,1199967660293768440,9268795590949353748093
3428,11750291,7,poincare,arb,0,12017617236325416158655,1554818678897365094
3429,11750291,7,control,arb,0,11842305174501171310439,1532323959593387316
3430,11750291,7,poincare,noise,0,22049199036952050558383,2833887856471067065
3431,11750291,7,control,noise,0,22049199036952050558383,2833069974300965472
3432,11750292,7,poincare,arb,1,3274968856775710126,25464145455919537594822
3433,11750292,7,control,arb,1,3246189963443190198,25247665138531436085736
3434,11750292,7,poincare,noise,0,23507968673229343085114,3024527568196245850
3435,11750292,7,control,noise,0,23507968673229343085114,3023596580489573600
3436,11750293,7,poincare,arb,1,2529558898727120782,19675501186841867307779
3437,11750293,7,control,arb,1,2560004969843011178,19918449003892416267797
3438,11750293,7,poincare,noise,1,246056906878244624,1905894944990066384612
3439,11750293,7,control,noise,1,246056906878244624,1905847186694637686682
3440,11750294,7,poincare,arb,0,5178230353685978459178,668100783179161601
3441,11750294,7,control,arb,0,4970742676585323436674,641346573571108299
3442,11750294,7,poincare,noise,1,493463041057102440,3825675709857053801317
3443,11750294,7,control,noise,1,493463041057102440,3825483409419200135800
3444,11750295,7,poincare,arb,0,4461698503499184764327,575430762498205056
3445,11750295,7,control,arb,0,4421187439794953071413,570234663884595058
3446,11750295,7,poincare,noise,0,17743183246127621041878,2278530657185004898
3447,11750295,7,control,noise,0,17743183246127621041878,2278001451517043412
3448,11750296,7,poincare,arb,1,2280828883699364707,17761018313991066329945
3449,11750296,7,control,arb,1,2280153988833325324,17759887713191512846195
3450,11750296,7,poincare,noise,0,14282579499004451965442,1835370828091437454
3451,11750296,7,control,noise,0,14282579499004451965442,1835027443740627236
3452,11750297,7,poincare,arb,1,1271175626329037512,9900511795010408597924
3453,11750297,7,control,arb,1,1306597709825098113,10178299874526923979164
3454,11750297,7,poincare,noise,0,11976796978406649929119,1537142328541969541
3455,11750297,7,control,noise,0,11976796978406649929119,1536901258401029123
3456,11750298,7,poincare,arb,1,1716525119509398997,13370859640632136610245
3457,11750298,7,control,arb,1,1704912613697636619,13282487206469986340766
3458,11750298,7,poincare,noise,1,2627515593851741932,20333531664419689089500
3459,11750298,7,control,noise,1,2627515593851741932,20328104267910301907089
3460,11750299,7,poincare,arb,0,21858595526242852817289,2823750145406744485
3461,11750299,7,control,arb,0,21756491266222259392299,2811310442760990273
3462,11750299,7,poincare,noise,0,20698616599624457528590,2651919657787023687
3463,11750299,7,control,noise,0,20698616599624457528590,2651202197905337908
3464,11750300,7,poincare,arb,1,2137052270031500135,16692960403039983430816
3465,11750300,7,control,arb,1,2168973288720086659,16946887000531491066860
3466,11750300,7,poincare,noise,1,1919187629725692736,14899687512527375333494
3467,11750300,7,control,noise,1,1919187629725692736,14896776221816732558590
3468,11750301,7,poincare,arb,0,10747052025177877810791,1385413029650245220
3469,11750301,7,control,arb,0,11007384644622146208316,1419250074412129658
3470,11750301,7,poincare,noise,0,2838901381702975044350,365001779290335319
3471,11750301,7,control,noise,0,2838901381702975044350,364988185022708367
3472,11750302,7,poincare,arb,0,2217946223246540094794,284885241582365553
3473,11750302,7,control,arb,0,1897382489530999631644,243701191352991250
3474,11750302,7,poincare,noise,1,890855861745085466,6929337160244642924776
3475,11750302,7,control,noise,1,890855861745085466,6928707532367220111471
3476,11750303,7,poincare,arb,0,11545909365243059815214,1483049297608637926
3477,11750303,7,control,arb,0,11252625946186882943785,1445508965426895217
3478,11750303,7,poincare,noise,1,3016544406711619688,23430400574243170547031
3479,11750303,7,control,noise,1,3016544406711619688,23423209763780093163840
3480,11750304,7,poincare,arb,0,28059738284873260701266,3609313408707043816
3481,11750304,7,control,arb,0,27759084452171341423938,3571736590231339549
3482,11750304,7,poincare,noise,0,14628719026596670399025,1866194206990296221
3483,11750304,7,control,noise,0,14628719026596670399025,1865837906968811895
3484,11750305,7,poincare,arb,1,1338870015917003041,10503505080196374088568
3485,11750305,7,control,arb,1,1371941856265722644,10765010683754443049743
3486,11750305,7,poincare,noise,1,366961119024518934,2871402927899607213956
3487,11750305,7,control,noise,1,366961119024518934,2871295085812631169580
3488,11750306,7,poincare,arb,0,5184307385641036074381,662250926419381952
3489,11750306,7,control,arb,0,5037579881143190922428,643531912009299660
3490,11750306,7,poincare,noise,0,10330396506147826543919,1315672751221243538
3491,11750306,7,control,noise,0,10330396506147826543919,1315495429157385805
3492,11750307,7,poincare,arb,1,1464486210689466647,11496260020872058481104
3493,11750307,7,control,arb,1,1454875304321512390,11422353589340105298292
3494,11750307,7,poincare,noise,0,16466538703143360980052,2095632292807043669
3495,11750307,7,control,noise,0,16466538703143360980052,2095182549525390865
3496,11750308,7,poincare,arb,1,1451360691444823312,11415271689649200560290
3497,11750308,7,control,arb,1,1491752619930660034,11735481658455646553435
3498,11750308,7,poincare,noise,0,1051792363285216012822,133994463183090252
3499,11750308,7,control,noise,0,1051792363285216012822,133992622329992512
3500,11750309,7,poincare,arb,1,751960465792319858,5897009119975008317081
3501,11750309,7,control,arb,1,712784517949763067,5589861091099202894356
3502,11750309,7,poincare,noise,0,8630484859011041205596,1099940925166099776
3503,11750309,7,control,noise,0,8630484859011041205596,1099817007046056246
3504,11750310,7,poincare,arb,1,685310358176328795,5380538525458378466629
3505,11750310,7,control,arb,1,711470705086684469,5586559155789233329823
3506,11750310,7,poincare,noise,0,17724987854236788403365,2252239835522586558
3507,11750310,7,control,noise,0,17724987854236788403365,2251720023087390365
3508,11750311,7,poincare,arb,1,1903109296176996728,14985275228449016078841
3509,11750311,7,control,arb,1,1924721570367705492,15158951118497694656282
3510,11750311,7,poincare,noise,1,637174397336660994,4997882994586445408507
3511,11750311,7,control,noise,1,637174397336660994,4997556749269332992057
3512,11750312,7,poincare,arb,0,5755568069188420633367,733663524812748345
3513,11750312,7,control,arb,0,5707210644079135728147,727546885083203222
3514,11750312,7,poincare,noise,1,974196545372391688,7639760637262633036033
3515,11750312,7,control,noise,1,974196545372391688,7638998464993466300769
3516,11750313,7,poincare,arb,0,12335266647126747119144,1571527805297643167
3517,11750313,7,control,arb,0,12036846911134968065461,1533661776121832506
3518,11750313,7,poincare,noise,0,7391548659532156433110,938116048158593267
3519,11750313,7,control,noise,0,7391548659532156433110,938025709126452108
3520,11750314,7,poincare,arb,1,1009666186443860371,7954439019147875663238
3521,11750314,7,control,arb,1,1005040140333234405,7918756267867357360740
3522,11750314,7,poincare,noise,0,17525621960335096655045,2220456303364582850
3523,11750314,7,control,noise,0,17525621960335096655045,2219950312726594399
3524,11750315,7,poincare,arb,1,2714019044451623272,21405192026090957556099
3525,11750315,7,control,arb,1,2682225119617065764,21159258281860166253249
3526,11750315,7,poincare,noise,0,8820240786602252051103,1121051868959812886
3527,11750315,7,control,noise,0,8820240786602252051103,1120922974721908887
3528,11750316,7,poincare,arb,1,1578684368513286726,12412205186006581832046
3529,11750316,7,control,arb,1,1549545230307806892,12184503343040355776660
3530,11750316,7,poincare,noise,0,8333215038430509045432,1060718901871939477
3531,11750316,7,control,noise,0,8333215038430509045432,1060603587263582271
3532,11750317,7,poincare,arb,1,577358334677492366,4539162714343120296222
3533,11750317,7,control,arb,1,607884217956738945,4779675317042706563917
3534,11750317,7,poincare,noise,1,1781714801653525988,13957806590555693333006
3535,11750317,7,control,noise,1,1781714801653525988,13955262960015585976650
3536,11750318,7,poincare,arb,0,13551948026759973181438,1730042406277860695
3537,11750318,7,control,arb,0,13575132586336459574713,1733318023279930556
3538,11750318,7,poincare,noise,0,13988680901427687805400,1776331390475280805
3539,11750318,7,control,noise,0,13988680901427687805400,1776007808880329418
3540,11750319,7,poincare,arb,1,2036373886319467836,16030208820831454481268
3541,11750319,7,control,arb,1,2019565688239153186,15900792262640529128692
3542,11750319,7,poincare,noise,1,941018118880411104,7374273285288407415603
3543,11750319,7,control,noise,1,941018118880411104,7373562889187943327725
3544,11750320,7,poincare,arb,0,8761089095742634118675,1117688055882104794
3545,11750320,7,control,arb,0,8672465657979648257256,1106488593476886108
3546,11750320,7,poincare,noise,1,871721869544973274,6835606378565719661757
3547,11750320,7,control,noise,1,871721869544973274,6834996135255516146019
3548,11750321,7,poincare,arb,0,10912684571514772846199,1390563841219430558
3549,11750321,7,control,arb,0,10653620146808488835480,1357673405785800918
3550,11750321,7,poincare,noise,0,1029605732061970038981,130896861033706963
3551,11750321,7,control,noise,0,1029605732061970038981,130895102485505627
3552,11750322,7,poincare,arb,1,325977251295657934,2563306599951153667968
3553,11750322,7,control,arb,1,313608954705881567,2466082219265426060626
3554,11750322,7,poincare,noise,0,18164839658533781600315,2303106341846394020
3555,11750322,7,control,noise,0,18164839658533781600315,2302562217003125618
3556,11750323,7,poincare,arb,1,2883406718421564239,22721740189568224110393
3557,11750323,7,control,arb,1,2846076186329361571,22432869105739445446360
3558,11750323,7,poincare,noise,0,21086689894723441556323,2676758787577102517
3559,11750323,7,control,noise,0,21086689894723441556323,2676024458692134316
3560,11750324,7,poincare,arb,1,3193687940091837554,25139216929451776629725
3561,11750324,7,control,arb,1,3160184433224455569,24882319095322038746581
3562,11750324,7,poincare,noise,1,2392556474023140090,18674432637239630618002
3563,11750324,7,control,noise,1,2392556474023140090,18669873473487158318657
3564,11750325,7,poincare,arb,0,22627571368862451198575,2896817604613920439
3565,11750325,7,control,arb,0,22372414795280149028424,2864851478003424314
3566,11750325,7,poincare,noise,0,2757040221597406543425,351231829179562577
3567,11750325,7,control,noise,0,2757040221597406543425,351219183124837883
3568,11750326,7,poincare,arb,1,749937608003188788,5883180623506156810072
3569,11750326,7,control,arb,1,724650201248029642,5685008300026601610301
3570,11750326,7,poincare,noise,0,11152103750620005690771,1420131116645269576
3571,11750326,7,control,noise,0,11152103750620005690771,1419924524179607344
3572,11750327,7,poincare,arb,1,1345738292873659726,10569096825307702935952
3573,11750327,7,control,arb,1,1350247611033132410,10606054806121126093629
3574,11750327,7,poincare,noise,0,3159670444152772765231,402888842674435898
3575,11750327,7,control,noise,0,3159670444152772765231,402872211526108008
3576,11750328,7,poincare,arb,1,344050244550325523,2698466957881596678256
3577,11750328,7,control,arb,1,347763510400038831,2727703573874731442713
3578,11750328,7,poincare,noise,1,2424934963428030986,18939891957265539897382
3579,11750328,7,control,noise,1,2424934963428030986,18935203964811772851556
3580,11750329,7,poincare,arb,0,21872984129087324641008,2798882613092709452
3581,11750329,7,control,arb,0,21682361528477533931233,2775177319962394334
3582,11750329,7,poincare,noise,0,8375342970970598105187,1065467495644566970
3583,11750329,7,control,noise,0,8375342970970598105187,1065351113249295194
3584,11750330,7,poincare,arb,1,1612746387157742621,12666848189683744326396
3585,11750330,7,control,arb,1,1577936895823326282,12394801048135734885976
3586,11750330,7,poincare,noise,1,748502767250629456,5857909990668477374216
3587,11750330,7,control,noise,1,748502767250629456,5857461342912219578256
3588,11750331,7,poincare,arb,0,5414775663218709521654,691939884596257280
3589,11750331,7,control,arb,0,5442418191159695356826,695525519416585337
3590,11750331,7,poincare,noise,1,2329298356903260942,18182912108751063940023
3591,11750331,7,control,noise,1,2329298356903260942,18178589815935620762996
3592,11750332,7,poincare,arb,0,13729634128357706837560,1760331526798040887
3593,11750332,7,control,arb,0,14007614077609206067431,1796399477756322890
3594,11750332,7,poincare,noise,1,1837149311362905778,14327111449456155444028
3595,11750332,7,control,noise,1,1837149311362905778,14324425485198871948007
3596,11750333,7,poincare,arb,0,12792899821607566989327,1640905894826064013
3597,11750333,7,control,arb,0,12887470616136442477432,1653346159440835230
3598,11750333,7,poincare,noise,1,508861633169030156,3973992652251344211152
3599,11750333,7,control,noise,1,508861633169030156,3973785912131396493097
3600,11750334,7,poincare,arb,0,7557699630636714537088,967077620286593852
3601,11750334,7,control,arb,0,7330314502065979988608,938030387869546423
3602,11750334,7,poincare,noise,1,93723809709739622,733417990006917187115
3603,11750334,7,control,noise,1,93723809709739622,733410952947039901855
3604,11750335,7,poincare,arb,0,1352142088225146120819,172770173768056204
3605,11750335,7,control,arb,0,1312912886971417007364,167759265870738851
3606,11750335,7,poincare,noise,1,2389799022485749740,18640647886542044895762
3607,11750335,7,control,noise,1,2389799022485749740,18636103696546561352932
3608,11750336,7,poincare,arb,0,16943254326234060193566,2172899809357088281
3609,11750336,7,control,arb,0,17046311325711731482221,2186649486435043381
3610,11750336,7,poincare,noise,0,9228859243447055472837,1177583596710345872
3611,11750336,7,control,noise,0,9228859243447055472837,1177441659560921917
3612,11750337,7,poincare,arb,1,1682533795203494505,13176149571256627513823
3613,11750337,7,control,arb,1,1650382050044247599,12925922903499549884153
3614,11750337,7,poincare,noise,0,5838149187041566930290,746562087371043129
3615,11750337,7,control,noise,0,5838149187041566930290,746505079860314022
3616,11750338,7,poincare,arb,1,1099391358192182712,8592708033667833234193
3617,11750338,7,control,arb,1,1076967794033028509,8418091011839961834149
3618,11750338,7,poincare,noise,0,16219792021187572892043,2072181792214191775
3619,11750338,7,control,noise,0,16219792021187572892043,2071742892226128953
3620,11750339,7,poincare,arb,1,1740504549178133878,13630451072963618946125
3621,11750339,7,control,arb,1,1761091336282568861,13794594600131172455268
3622,11750339,7,poincare,noise,1,770413541468489614,6010488255016159569690
3623,11750339,7,control,noise,1,770413541468489614,6010015197859965213613
3624,11750340,7,poincare,arb,0,4022987318395061044341,515857632774618072
3625,11750340,7,control,arb,0,4148505940399376761212,531994443472727756
3626,11750340,7,poincare,noise,1,2613623589314865338,20318365840937308147361
3627,11750340,7,control,noise,1,2613623589314865338,20312958829352948354322
3628,11750341,7,poincare,arb,0,21764998402688732471775,2798925342460124404
3629,11750341,7,control,arb,0,21667886445348123525658,2787178691880000254
3630,11750341,7,poincare,noise,0,10595028517655906428209,1353980301677959064
3631,11750341,7,control,noise,0,10595028517655906428209,1353792828733970193
3632,11750342,7,poincare,arb,1,1594477139899606968,12472407138989630538796
3633,11750342,7,control,arb,1,1579044088992846283,12353396334736121565564
3634,11750342,7,poincare,noise,1,2528857755462906600,19658630054862534736885
3635,11750342,7,control,noise,1,2528857755462906600,19653568007514058133870
3636,11750343,7,poincare,arb,0,18209325923355016224260,2343078723828885485
3637,11750343,7,control,arb,0,18296138177939363450812,2354855630051720703
3638,11750343,7,poincare,noise,0,7946619081213699767025,1017357700316120637
3639,11750343,7,control,noise,0,7946619081213699767025,1017251922017273661
3640,11750344,7,poincare,arb,1,519226889558698218,4058753861274801691588
3641,11750344,7,control,arb,1,550698624574441791,4305213452002145072988
3642,11750344,7,poincare,noise,0,23282637074300718083964,2967464324473898787
3643,11750344,7,control,noise,0,23282637074300718083964,2966563872793689867
3644,11750345,7,poincare,arb,1,2893803446908108607,22707223829773279406067
3645,11750345,7,control,arb,1,2897572506311868516,22743700431898790862530
3646,11750345,7,poincare,noise,0,10572559912385085352041,1350521288270553796
3647,11750345,7,control,noise,0,10572559912385085352041,1350334730894654568
3648,11750346,7,poincare,arb,1,1319726228519715330,10331961597907466788489
3649,11750346,7,control,arb,1,1321491831878116201,10347213608654067327042
3650,11750346,7,poincare,noise,1,407861842235001604,3184763336583179100155
3651,11750346,7,control,noise,1,407861842235001604,3184630537754998549373
3652,11750347,7,poincare,arb,0,3556974691605406056889,455496889768187284
3653,11750347,7,control,arb,0,3533246666854170058749,452477208360741015
3654,11750347,7,poincare,noise,1,2819229626374398144,21937032091492093386765
3655,11750347,7,control,noise,1,2819229626374398144,21930733292118451340608
3656,11750348,7,poincare,arb,0,23504561503754731859174,3019764423651438232
3657,11750348,7,control,arb,0,23398893864273665869463,3007052119786062256
3658,11750348,7,poincare,noise,1,102260557913994228,799463487733942862402
3659,11750348,7,control,noise,1,102260557913994228,799455122312872269771
3660,11750349,7,poincare,arb,1,551278362020695599,4305587921294078683884
3661,11750349,7,control,arb,1,509849216302000883,3981976816971579406442
3662,11750349,7,poincare,noise,0,521423088694834568244,66810807629520206
3663,11750349,7,control,noise,0,521423088694834568244,66810351262530507
3664,11750350,7,poincare,arb,0,2037532501601828356086,260943170834107175
3665,11750350,7,control,arb,0,1875315163346497906206,240166643735431972
3666,11750350,7,poincare,noise,0,14982008557864291594067,1912419330270330542
3667,11750350,7,control,noise,0,14982008557864291594067,1912045288486622934
3668,11750351,7,poincare,arb,1,1463728992316272360,11474722626539653176628
3669,11750351,7,control,arb,1,1491798332903008270,11697056531214369438749
3670,11750351,7,poincare,noise,1,742299321499258726,5799771009325093365910
3671,11750351,7,control,noise,1,742299321499258726,5799330856901635052383
3672,11750352,7,poincare,arb,0,8498932294772410329739,1087191374097502296
3673,11750352,7,control,arb,0,8327386883270837510717,1065327973665680641
3674,11750352,7,poincare,noise,1,87011001829588312,681222887222762386707
3675,11750352,7,control,noise,1,87011001829588312,681216817590665002072
3676,11750353,7,poincare,arb,0,442349937497969639948,56502928398013009
3677,11750353,7,control,arb,0,457486504272885085486,58436896492705334
3678,11750353,7,poincare,noise,0,17800474442724815710070,2265729256218368089
3679,11750353,7,control,noise,0,17800474442724815710070,2265203656369255686
3680,11750354,7,poincare,arb,1,2881736519444367349,22618991152253822951077
3681,11750354,7,control,arb,1,2842160981032277528,22313535693033441762036
3682,11750354,7,poincare,noise,0,17150047942903087493388,2187278338693757591
3683,11750354,7,control,noise,0,17150047942903087493388,2186788958616775002
3684,11750355,7,poincare,arb,1,2689708434999840840,21073504530122879475408
3685,11750355,7,control,arb,1,2657369001255966193,20824788731086541897259
3686,11750355,7,poincare,noise,0,12680540144726558529667,1621098882567550266
3687,11750355,7,control,noise,0,12680540144726558529667,1620830253703914583
3688,11750356,7,poincare,arb,1,1715560598881500008,13417522935960362795693
3689,11750356,7,control,arb,1,1709303851956892974,13370804115521563436406
3690,11750356,7,poincare,noise,1,1263929392605597996,9840884109438108806839
3691,11750356,7,control,noise,1,1263929392605597996,9839615241706289995772
3692,11750357,7,poincare,arb,0,6910580481669162497803,888075084691391320
3693,11750357,7,control,arb,0,7095069450681008940449,911901244720441940
3694,11750357,7,poincare,noise,0,13696449374141358291545,1753115748334227512
3695,11750357,7,control,noise,0,13696449374141358291545,1752801812700079841
3696,11750358,7,poincare,arb,1,2298421781332410732,17941956798993634340911
3697,11750358,7,control,arb,1,2263539800225741354,17672825550051976354299
3698,11750358,7,poincare,noise,1,87905865932186276,683741996406034631330
3699,11750358,7,control,noise,1,87905865932186276,683735861773942657591
3700,11750359,7,poincare,arb,0,4910010138080638668552,630742769387253074
3701,11750359,7,control,arb,0,4642092371337621083687,596331246999309599
3702,11750359,7,poincare,noise,1,1036855352720109816,8066448982370286937822
3703,11750359,7,control,noise,1,1036855352720109816,8065595939119381995178
3704,11750360,7,poincare,arb,0,9460808384688639828407,1215756877879908674
3705,11750360,7,control,arb,0,9371564096324663490812,1204415950615955192
3706,11750360,7,poincare,noise,0,14517609017275768156120,1856939553551110659
3707,11750360,7,control,noise,0,14517609017275768156120,1856587242704626912
3708,11750361,7,poincare,arb,1,1426731965798180008,11161483187715371864004
3709,11750361,7,control,arb,1,1453651378637388046,11374234749714200767797
3710,11750361,7,poincare,noise,0,5348396023445737548007,684434472999108410
3711,11750361,7,control,noise,0,5348396023445737548007,684386573780323762
3712,11750362,7,poincare,arb,1,574427208081324289,4489509254967202302971
3713,11750362,7,control,arb,1,581352890495366309,4543955813545093827175
3714,11750362,7,poincare,noise,0,695610862563232272416,89067890667081114
3715,11750362,7,control,noise,0,695610862563232272416,89067079321940340
3716,11750363,7,poincare,arb,1,412819326956061014,3222499040500495636376
3717,11750363,7,control,arb,1,392295261338637216,3062314519968693889791
3718,11750363,7,poincare,noise,1,2866219970678512350,22263601564829680397288
3719,11750363,7,control,noise,1,2866219970678512350,22257108389901314051490
3720,11750364,7,poincare,arb,0,24512998820988073573281,3154434030075414721
3721,11750364,7,control,arb,0,24363911832803824995047,3136163561552860549
3722,11750364,7,poincare,noise,1,1040121940532542270,8108533801857679621693
3723,11750364,7,control,noise,1,1040121940532542270,8107672724061541821172
3724,11750365,7,poincare,arb,0,12610169843781880562687,1616161240654410617
3725,11750365,7,control,arb,0,12323941009200816699974,1579644951606424481
3726,11750365,7,poincare,noise,0,5693865059311847793101,727164836076741320
3727,11750365,7,control,noise,0,5693865059311847793101,727110716358170706
3728,11750366,7,poincare,arb,1,975107587211064237,7632450911638177904270
3729,11750366,7,control,arb,1,959335878144235004,7509560057988247542847
3730,11750366,7,poincare,noise,1,2574590722959656922,20044348411707665324137
3731,11750366,7,control,noise,1,2574590722959656922,20039089953466151110343
3732,11750367,7,poincare,arb,0,19946237076766386705896,2562037460168204953
3733,11750367,7,control,arb,0,19947198093246200631614,2562833236728052535
3734,11750367,7,poincare,noise,0,14719853298263028571395,1878081250231339711
3735,11750367,7,control,noise,0,14719853298263028571395,1877720425444731766
3736,11750368,7,poincare,arb,1,2364029081603726068,18514969218794124271507
3737,11750368,7,control,arb,1,2332863047052989347,18274389192578190081768
3738,11750368,7,poincare,noise,0,21730799678893579792326,2772912936779012147
3739,11750368,7,control,noise,0,21730799678893579792326,2772127011081313203
3740,11750369,7,poincare,arb,1,2414519800205164213,18932389670673939790762
3741,11750369,7,control,arb,1,2436453135789076165,19109786505774091063110
3742,11750369,7,poincare,noise,0,14389279471037973688910,1836728118398605895
3743,11750369,7,control,noise,0,14389279471037973688910,1836383073607469633
3744,11750370,7,poincare,arb,1,1574278869737875105,12338096074184528412993
3745,11750370,7,control,arb,1,1590571010330608463,12468124712498067235537
3746,11750370,7,poincare,noise,0,5690548335145586877500,727017686160905046
3747,11750370,7,control,noise,0,5690548335145586877500,726963598615945518
3748,11750371,7,poincare,arb,1,1113955646881921005,8714109713647552441797
3749,11750371,7,control,arb,1,1089372784278840194,8522440080641008058193
3750,11750371,7,poincare,noise,0,13189396086760327564206,1684591064322399020
3751,11750371,7,control,noise,0,13189396086760327564206,1684300862740309931
3752,11750372,7,poincare,arb,1,1358869918017452347,10644422918540310652081
3753,11750372,7,control,arb,1,1379227834584587559,10805753882956158738771
3754,11750372,7,poincare,noise,1,2439701450359536894,19001538808634044450244
3755,11750372,7,control,noise,1,2439701450359536894,18996813633675620154161
