block,scenario,fair,price_on,price_off,kappa,trend,d,lp_on,lp_off,cum_lvr_on,cum_lvr_off,cum_noise_on
1,0,3000842230740015777000,2992566894638486741631,2992566894638486741631,0,0,0,6000847891770394986521647,6000847891770394986521647,59104421983226940,59104421983226940,0
2,0,3004479994443282606840,3003296868259476419391,3003296868259476419391,0,0,1000000000000000000,6004478439595760734994410,6004478439595760734994410,11906455068242251822,11906455068242251822,0
3,0,3007534690354495189684,3020817161915934942899,3020817161915934942899,0,0,286588705377976750,6007544547693764128102825,6007544547693764128102825,13399532867844030636,13399532867844030636,0
4,0,3004719659861650989371,2990344351829554185629,2990344351829554185629,0,1,690740641050502431,6004735067851036942249456,6004735067851036942249456,34827966201719905775,34827966201719905775,0
5,0,3002856122121375961250,3008920716473340407860,3008920716473340407860,0,1,243281771724083018,6002858497059504433359088,6002858497059504433359088,47909215531743718213,47909215531743718213,0
6,0,2998856448557257814441,2982331773717214255840,2982331773717214255840,0,1,125551918709889524,5998879234097295460278122,5998879234097295460278122,56326579898758575873,56326579898758575873,0
7,0,2992162394302273473853,3002053571240044363340,3002053571240044363340,0,1,265059799323072973,5992165426628646231676940,5992165426628646231676940,64438313431855876767,64438313431855876767,0
8,0,2994086956305032504714,2978959696057429299802,2978959696057429299802,0,1,43165774028856628,5994103262866828459873000,5994103262866828459873000,69728822389883010459,69728822389883010459,0
9,0,2987247882361526773364,2973023723980138269221,2973023723980138269221,0,1,231175211281194419,5987251351903328384210725,5987251351903328384210725,75506046000624543805,75506046000624543805,0
10,0,2980091127120752724265,2977062855926830460392,2977062855926830460392,0,1,291346254134074802,5980058759454636504906590,5980058759454636504906590,79720167631316044068,79720167631316044068,0
11,0,2974734345166789598942,2988443695917519169895,2988443695917519169895,0,1,210724882365015243,5974696713230499409638867,5974696713230499409638867,80177408477382821625,80177408477382821625,0
12,0,2975961804183408825399,2964903415891435877734,2964903415891435877734,0,1,7049908228940407,5975923810233625564501422,5975923810233625564501422,93263267245092055911,93263267245092055911,0
13,0,2972450811758426515639,2978665241415387509222,2978665241415387509222,0,1,313068549746972016,5972390529498848231288303,5972390529498848231288303,98088595150709369539,98088595150709369539,0
14,0,2980605066059541170010,2969513219879688302343,2969513219879688302343,0,1,65220221572713846,5980584008678017610601006,5980584008678017610601006,98405443649787140098,98405443649787140098,0
15,0,2973847306708174009182,2971919511432838832493,2971919511432838832493,0,1,191917719287563669,5973790373959187588985025,5973790373959187588985025,99993811901163115172,99993811901163115172,0
16,0,2981689925234294307011,2985150502451900035265,2985150502451900035265,0,1,141032633966381473,5981662907417825258934759,5981662907417825258934759,108048671532743847989,108048671532743847989,0
17,0,2984271462727219121132,2993433643497211053043,2993433643497211053043,0,1,117296041234004363,5984257822188559027720546,5984257822188559027720546,108113554729964320213,108113554729964320213,0
18,0,2978298263858340217429,2961329440371683949959,2961329440371683949959,0,1,249740209302684904,5978283270919133381179509,5978283270919133381179509,127314952594570042203,127314952594570042203,0
19,0,2983245463240577766076,2972360355055043426592,2972360355055043426592,0,1,277543327460715689,5983231998364365649614403,5983231998364365649614403,167977204968040314342,167977204968040314342,0
20,0,2978313165098355966516,2968426398485478019152,2968426398485478019152,0,1,80966512474781876,5978282091791119269223653,5978282091791119269223653,170968490945965082250,170968490945965082250,0
21,0,2973939274215837276635,2968964369237608300017,2968964369237608300017,0,1,139893897804477344,5973884523405747197447908,5973884523405747197447908,173539269184551754861,173539269184551754861,0
22,0,2969911340366584644239,2958290099581215405425,2958290099581215405425,0,1,127528706830886997,5969846986464243268027206,5969846986464243268027206,173615161426462913912,173615161426462913912,0
23,0,2964859302324024199006,2969097944559965089203,2969097944559965089203,0,1,312747407242164525,5964757311154027724706674,5964757311154027724706674,177283615016355574064,177283615016355574064,0
24,0,2957201288062918201934,2972284596549410165790,2972284596549410165790,0,1,34735089724939080,5957066818859524011975953,5957066818859524011975953,189286484253780774870,189286484253780774870,0
25,0,2949994354778516332491,2946672938385199852580,2946672938385199852580,0,1,40017642121804458,5949785163247145429440625,5949785163247145429440625,231429700133190105037,231429700133190105037,0
26,0,2945596589509177397973,2938903781848241405087,2938903781848241405087,0,2,398327434964214983,5945351528630604501848221,5945351528630604501848221,231528894768912111371,231528894768912111371,0
27,0,2940375364303554852310,2936924616361072193509,2936924616361072193509,0,2,481639393684582963,5940077148913221558766816,5940077148913221558766816,231714967647614123943,231714967647614123943,0
28,0,2944348004525084853441,2951133935884639990943,2951133935884639990943,0,2,503564799481218045,5944091424739450915183066,5944091424739450915183066,236449939853157127634,236449939853157127634,0
29,0,2947781842065810442188,2942142762783739512559,2942142762783739512559,0,2,90484735040147755,5947555340586284817218976,5947555340586284817218976,237410216443031671338,237410216443031671338,0
30,0,2949126271627482047747,2966832142000946741675,2966832142000946741675,0,2,252725542010631143,5948935388970142018759505,5948935388970142018759505,241589842538758335894,241589842538758335894,0
31,0,2956660403574136379169,2953612497858558859342,2953612497858558859342,0,2,222229344706473079,5956503527953063076159133,5956503527953063076159133,250371914366271146106,250371914366271146106,0
32,0,2957784458210940210639,2961310616239732864805,2961310616239732864805,0,2,24762422631972446,5957635948492372693482923,5957635948492372693482923,251855607711220909027,251855607711220909027,0
33,0,2958247579594405477746,2953795026576359269645,2953795026576359269645,0,2,106754116691366182,5958102977498706722820534,5958102977498706722820534,252653241916441998108,252653241916441998108,0
34,0,2951717047164926523700,2968775377479477839254,2968775377479477839254,0,2,43108989603841533,5951545901118116602918395,5951545901118116602918395,253021680739609056355,253021680739609056355,0
35,0,2943152355528031990013,2930715095340466343165,2930715095340466343165,0,2,219784604936614668,5942893790796614735706251,5942893790796614735706251,308839849218391630799,308839849218391630799,0
36,0,2936339213396703099658,2944441439298545031985,2944441439298545031985,0,2,323674546135632315,5936003491028139301374880,5936003491028139301374880,311567147754330910155,311567147754330910155,0
37,0,2928479126257223439541,2912753934985169361093,2912753934985169361093,0,2,101518444611895738,5928069180060537315312341,5928069180060537315312341,333463284344008398290,333463284344008398290,0
38,0,2933228400689761375732,2949353486227576067111,2949353486227576067111,0,2,395285805099771906,5932874960060715667798269,5932874960060715667798269,369850407496153005448,369850407496153005448,0
39,0,2924777821186519529723,2923013471273826739126,2923013471273826739126,0,2,51896917319321648,5924300553580770872202000,5924300553580770872202000,421698887204427636832,421698887204427636832,0
40,0,2916419426524373183243,2899635026729809398021,2899635026729809398021,0,2,183191071830766155,5915853664975019706173362,5915853664975019706173362,425470685584434458456,425470685584434458456,0
41,0,2913249677958729627776,2922250650753248942412,2922250650753248942412,0,2,346588638008659855,5912620341994442467064644,5912620341994442467064644,441688072950082830106,441688072950082830106,0
42,0,2920423402719008888876,2937421971139462896073,2937421971139462896073,0,2,84273342536888504,5919913507788436301883644,5919913507788436301883644,441977577409672874232,441977577409672874232,0
43,0,2923328723534896770064,2911624714998857848999,2911624714998857848999,0,2,67126477624759012,5922844403160111382631333,5922844403160111382631333,459102042188079343736,459102042188079343736,0
44,0,2920537909887760791995,2936482476311640260108,2936482476311640260108,0,2,177443253919052277,5920026574851755915784848,5920026574851755915784848,466015580381505402587,466015580381505402587,0
45,0,2918774852095250477083,2913789287323054725550,2913789287323054725550,0,2,77305843982462647,5918219649219938988000463,5918219649219938988000463,493079614085567662223,493079614085567662223,0
46,0,2911876219710521501136,2904825937182805217839,2904825937182805217839,0,2,135947234415718482,5911223728772167584113569,5911223728772167584113569,493398339478997311376,493398339478997311376,0
47,0,2903773323420507905636,2912301656783619230444,2912301656783619230444,0,2,213256065841566439,5902995409426810260612787,5902995409426810260612787,493495264800644094101,493495264800644094101,0
48,0,2905628733888631112897,2896368819416850173206,2896368819416850173206,0,2,109716903993251001,5904882185162167338821261,5904882185162167338821261,497379238571731886831,497379238571731886831,0
49,0,2905270574498768808032,2908308992562200066758,2908308992562200066758,0,2,274827929756838149,5904511530772778837773527,5904511530772778837773527,504329553868773893174,504329553868773893174,0
50,0,2912667051779219529163,2905847821931382346184,2905847821931382346184,0,2,86023259372265058,5912026101934185406053543,5912026101934185406053543,505986471280366472850,505986471280366472850,0
51,0,2904913705037299760338,2902353799152546675587,2902353799152546675587,0,2,119565354876565285,5904148645997787681570369,5904148645997787681570369,506062760575447750250,506062760575447750250,0
52,0,2909658384141885548080,2895445764233020718003,2895445764233020718003,0,2,173449796792678570,5908985522271465975231571,5908985522271465975231571,510729571481227721741,510729571481227721741,0
53,0,2909790700129702462492,2908320894517178921316,2908320894517178921316,0,2,282212414800956354,5909102353994647414166704,5909102353994647414166704,528770167712510962736,528770167712510962736,0
54,0,2916557313882502722100,2931323993946859230036,2931323993946859230036,0,2,18399435862097302,5915987739176733141080319,5915987739176733141080319,534684418548554976558,534684418548554976558,0
55,0,2911323818491345030275,2925118160430657028313,2925118160430657028313,0,1,354369170330834522,5910675170989827876084455,5910675170989827876084455,569314849444502107735,569314849444502107735,0
56,0,2903795282889278887626,2916785662794891444031,2916785662794891444031,0,1,214582243264840622,5903026084898148406281431,5903026084898148406281431,608811875522923965833,608811875522923965833,0
57,0,2903087664852798540820,2885881675226187907765,2885881675226187907765,0,1,34869185810349596,5902318165861461801909744,5902318165861461801909744,625160440434841721311,625160440434841721311,0
58,0,2900842926035826479201,2907021259189363788467,2907021259189363788467,0,2,387872152445862757,5900013093640120470132854,5900013093640120470132854,644879903706244330952,644879903706244330952,0
59,0,2899450324135968100960,2906302577187830296964,2906302577187830296964,0,2,28150165161993875,5898597490654162377728664,5898597490654162377728664,649894008988704961519,649894008988704961519,0
60,0,2891432548029243783653,2899332510283737315659,2899332510283737315659,0,2,38701224527596262,5890437602815804890747109,5890437602815804890747109,669268317111271135357,669268317111271135357,0
61,0,2887180200728887762403,2872015720601218299643,2872015720601218299643,0,2,150638481748313360,5886119487223136623454058,5886119487223136623454058,682248560441966422668,682248560441966422668,0
62,0,2886386559373048082542,2870186633899568088933,2870186633899568088933,0,2,460327033419891131,5885313332324855630711929,5885313332324855630711929,700575929877922198277,700575929877922198277,0
63,0,2881659860989879883652,2883921848337413125746,2883921848337413125746,0,2,476387307053501003,5880469679745697278680925,5880469679745697278680925,712274691376626818021,712274691376626818021,0
64,0,2888538485235052027527,2904495162098851330769,2904495162098851330769,0,2,154543590973093224,5887505822549779460313289,5887505822549779460313289,714157600834022368385,714157600834022368385,0
65,0,2882488098986343202682,2891023110170860162742,2891023110170860162742,0,2,178690614259194038,5881320666329288319814761,5881320666329288319814761,756685000130811524539,756685000130811524539,0
66,0,2888394127590889336500,2872715888074447558053,2872715888074447558053,0,2,46338824985937828,5887358170647889153612499,5887358170647889153612499,757294110847279937239,757294110847279937239,0
67,0,2883738551242203733233,2899552559626183291601,2899552559626183291601,0,2,280843004941040400,5882611780598517926654754,5882611780598517926654754,768078677345720760411,768078677345720760411,0
68,0,2885863545401715851765,2881288615135434127441,2881288615135434127441,0,2,116609273023475958,5884758647314234316547708,5884758647314234316547708,784551783463951765845,784551783463951765845,0
69,0,2888621869720256402777,2875263990987418857511,2875263990987418857511,0,2,116315663568846450,5887584276290702880282431,5887584276290702880282431,789306907773392512306,789306907773392512306,0
70,0,2893396396743001014066,2885043835528048033558,2885043835528048033558,0,2,186575133124137654,5892438315844376760928401,5892438315844376760928401,818416004384644876118,818416004384644876118,0
71,0,2897996852775191712623,2882635534283482271365,2882635534283482271365,0,2,21829080331432848,5897135559809013272063821,5897135559809013272063821,833208471345314421957,833208471345314421957,0
72,0,2898472089014957042704,2911249588424896976649,2911249588424896976649,0,2,61871045025931528,5897612509299245888707383,5897612509299245888707383,855336714559013699435,855336714559013699435,0
73,0,2906788722180299031576,2920229088450184365150,2920229088450184365150,0,2,338489174871190787,5906068933240200100589024,5906068933240200100589024,857072726874291704197,857072726874291704197,0
74,0,2907126400524188184225,2912039519503625259491,2912039519503625259491,0,1,423240189430048375,5906398367377384782133063,5906398367377384782133063,872003146073683713100,872003146073683713100,0
75,0,2900499409190537425798,2899222170054417075926,2899222170054417075926,0,1,241877944914130968,5899660549415713612096451,5899660549415713612096451,883630649428200580641,883630649428200580641,0
76,0,2897019784966551974451,2898123181354516408370,2898123181354516408370,0,1,6654782657873322,5896120646652342107700817,5896120646652342107700817,884056277151878639703,884056277151878639703,0
77,0,2897830048195652321930,2908078143318990962348,2908078143318990962348,0,1,27562751016984788,5896954207173632639199914,5896954207173632639199914,884063818990504705787,884063818990504705787,0
78,0,2890159069328964951764,2899748327846133264409,2899748327846133264409,0,1,169955377744146299,5889142888817172381158511,5889142888817172381158511,912186957063830229971,912186957063830229971,0
79,0,2898740343340500017241,2916138636814836097829,2916138636814836097829,0,1,25843974438095305,5897897551303119869297897,5897897551303119869297897,912276070539226396724,912276070539226396724,0
80,0,2891509919414884059501,2901671645618544488150,2901671645618544488150,0,1,272996176359105053,5890519993415827439876393,5890519993415827439876393,965243849696577735735,965243849696577735735,0
81,0,2898927846509381741378,2894695912787821657140,2894695912787821657140,0,1,36560038957282100,5898063471927372155935844,5898063471927372155935844,965903689126894479484,965903689126894479484,0
82,0,2899886127927350197422,2897062082699619085200,2897062082699619085200,0,1,160114169900939589,5899037361615386339460793,5899037361615386339460793,968270032963353893443,968270032963353893443,0
83,0,2902294209143723974721,2903840131533342008939,2903840131533342008939,0,1,100241050494262304,5901485658606721631039644,5901485658606721631039644,970671786782323266977,970671786782323266977,0
84,0,2907762088094821045020,2919010029990639572491,2919010029990639572491,0,1,71140809330240035,5907052994820251582484610,5907052994820251582484610,972016885030744579506,972016885030744579506,0
85,0,2913950865400337325740,2919732602194620379794,2919732602194620379794,0,1,352321365628059038,5913327720689809623995891,5913327720689809623995891,974241124136112509708,974241124136112509708,0
86,0,2915681259847972723185,2902699792222937242971,2902699792222937242971,0,1,363757570408602266,5915095036051142597906067,5915095036051142597906067,975666683701960403684,975666683701960403684,0
87,0,2915845881102579139119,2920170128056915562232,2920170128056915562232,0,1,103816538707570972,5915248919828129458893866,5915248919828129458893866,990764314669058628680,990764314669058628680,0
88,0,2912844645576782817513,2917415287463887773910,2917415287463887773910,0,1,233219712694424272,5912204092303808473243867,5912204092303808473243867,995426678033783333581,995426678033783333581,0
89,0,2913028109807037871648,2927913248493696171459,2927913248493696171459,0,1,163378988020506947,5912407660178888866269777,5912407660178888866269777,997100465938238528089,997100465938238528089,0
90,0,2906232634602115113285,2893444886278286950243,2893444886278286950243,0,1,340936416614772244,5905502617374967690913399,5905502617374967690913399,1037877806149416703433,1037877806149416703433,0
91,0,2897992323279829884868,2896016870254127144625,2896016870254127144625,0,1,284693241357516797,5897110472247491224123585,5897110472247491224123585,1039695706702467294607,1039695706702467294607,0
92,0,2895861318485525805602,2906416104136244199077,2906416104136244199077,0,1,230835532583209543,5894951298561808469121174,5894951298561808469121174,1039697832689323839646,1039697832689323839646,0
93,0,2902202655951308361686,2892493561244476166960,2892493561244476166960,0,1,16037718035543292,5901400650826574879202656,5901400650826574879202656,1041250413575011214583,1041250413575011214583,0
94,0,2902234706337516971713,2906670992617073893267,2906670992617073893267,0,1,238553420451888943,5901426674000360145220549,5901426674000360145220549,1049588793649981526198,1049588793649981526198,0
95,0,2897571243292382373650,2902314086191235881430,2902314086191235881430,0,1,38271232276170743,5896683658734616589177875,5896683658734616589177875,1056835593867379813562,1056835593867379813562,0
96,0,2902147025458192506021,2910994795606587626301,2910994795606587626301,0,1,43696139353807215,5901342642321332542295068,5901342642321332542295068,1056838038115481082924,1056838038115481082924,0
97,0,2909867318662617185689,2921221139897809229015,2921221139897809229015,0,1,127686518834364351,5909191163738486509712170,5909191163738486509712170,1056948888690128534797,1056948888690128534797,0
98,0,2916989251221040106792,2899620649541809856137,2899620649541809856137,0,1,297101101751804351,5916433311223937591384943,5916433311223937591384943,1058503197108383698519,1058503197108383698519,0
99,0,2913338941730873656824,2916868402003648569565,2916868402003648569565,0,1,143140034132228169,5912704974281313203342417,5912704974281313203342417,1074968261670034669211,1074968261670034669211,0
100,0,2915981995041364134234,2915139217200090646775,2915139217200090646775,0,1,146283349758584229,5915385420363343741184611,5915385420363343741184611,1075036567487900714197,1075036567487900714197,0
101,0,2911831076310758821982,2909520478671573624436,2909520478671573624436,0,1,111122716074716337,5911174030648827008083988,5911174030648827008083988,1075989201772208749217,1075989201772208749217,0
102,0,2905398927547929263719,2904237085055285138241,2904237085055285138241,0,1,12110593152743172,5904641269794749792434763,5904641269794749792434763,1077472394746512820827,1077472394746512820827,0
103,0,2901958755708404652243,2899262254173556523865,2899262254173556523865,0,1,126230346348753879,5901145023829162411750440,5901145023829162411750440,1077926708561539436604,1077926708561539436604,0
104,0,2900429860805728019431,2917512887923380865269,2917512887923380865269,0,1,230975726195403371,5899615106972287841149898,5899615106972287841149898,1078046265573593991675,1078046265573593991675,0
105,0,2906596444100418451498,2899880983600313914041,2899880983600313914041,0,1,205039783065972256,5905861832418072010487411,5905861832418072010487411,1088420533760836289719,1088420533760836289719,0
106,0,2901687461442495256311,2887048545144070408693,2887048545144070408693,0,1,155956233905998194,5900887409471891591349180,5900887409471891591349180,1088706595920384381160,1088706595920384381160,0
107,0,2897012786734076378427,2892686443052690123235,2892686443052690123235,0,1,337468899577786137,5896115064382263474445163,5896115064382263474445163,1097455618125743592944,1097455618125743592944,0
108,0,2904000696112125679141,2897762921391755392806,2897762921391755392806,0,1,196037893177701646,5903223580042656809285674,5903223580042656809285674,1108700432234171410928,1108700432234171410928,0
109,0,2903167060920585972144,2886258774778989306988,2886258774778989306988,0,1,69037555412749331,5902397977729077495953579,5902397977729077495953579,1111261698820556549336,1111261698820556549336,0
110,0,2898082357388049769622,2906403832532675176388,2906403832532675176388,0,1,284493400396683838,5897207793998302411847525,5897207793998302411847525,1123581614479445721055,1123581614479445721055,0
111,0,2901734687764697087374,2904157319550041404745,2904157319550041404745,0,1,146985466052650184,5900917074151610420443258,5900917074151610420443258,1125488349910527526809,1125488349910527526809,0
112,0,2901837965109864772597,2903688272310497107081,2903688272310497107081,0,1,95831389884835701,5901021870702809503522940,5901021870702809503522940,1125959195107703547208,1125959195107703547208,0
113,0,2908940414935464664762,2891928589002933122061,2891928589002933122061,0,1,83217223753905433,5908264144096142207752990,5908264144096142207752990,1128371077718297994501,1128371077718297994501,0
114,0,2905549537461101062265,2894306847871071693813,2894306847871071693813,0,1,204399872894602107,5904805285812319118086982,5904805285812319118086982,1144668278987238561481,1144668278987238561481,0
115,0,2909565986134538333554,2910080980692310378033,2910080980692310378033,0,1,128526824359801103,5908874013467278821088784,5908874013467278821088784,1165090417820078161094,1165090417820078161094,0
116,0,2903177259601305363729,2901203514116129031327,2901203514116129031327,0,1,257870220456308085,5902383513763623431968151,5902383513763623431968151,1169252638541024762703,1169252638541024762703,0
117,0,2901892870201664698496,2915748552371084319559,2915748552371084319559,0,1,13937429417574468,5901094133266067285034260,5901094133266067285034260,1169294274539082028589,1169294274539082028589,0
118,0,2901135028490339826882,2899943943258363144416,2899943943258363144416,0,1,294044803927543252,5900306925026579998489975,5900306925026579998489975,1187914109100347881715,1187914109100347881715,0
119,0,2896066215191539644964,2904506837611407628187,2904506837611407628187,0,1,66289392686654639,5895156331153508207161052,5895156331153508207161052,1189233463412944713871,1189233463412944713871,0
120,0,2901388433864812343761,2887932386733268332597,2887932386733268332597,0,1,31248739947172292,5900580420425180458307890,5900580420425180458307890,1190084581756967339784,1190084581756967339784,0
121,0,2906488487061781849789,2899112212579731368163,2899112212579731368163,0,1,271823174574607266,5905752970417056575738139,5905752970417056575738139,1220367771790683932251,1220367771790683932251,0
122,0,2910834250121834561836,2901281763104805830261,2901281763104805830261,0,1,19070199035029382,5910169655459865589345875,5910169655459865589345875,1232396858249720210711,1232396858249720210711,0
123,0,2911746717082955405119,2916340366105169213369,2916340366105169213369,0,1,27694263828670688,5911089773632137807773291,5911089773632137807773291,1241975594702340846841,1241975594702340846841,0
124,0,2916304415976640504667,2929886699106865422275,2929886699106865422275,0,1,303985904516613728,5915728347783831023653546,5915728347783831023653546,1241975707071438652037,1241975707071438652037,0
125,0,2910172207952571928794,2893556690482586072434,2893556690482586072434,0,1,471903116817298210,5909513747056615106477932,5909513747056615106477932,1275647044915309344825,1275647044915309344825,0
126,0,2904731354553211660527,2898014213879649850279,2898014213879649850279,0,1,187670982132990484,5903966714206819486550449,5903966714206819486550449,1286611428069610863349,1286611428069610863349,0
127,0,2902058645114874299482,2917441987092428020309,2917441987092428020309,0,1,110903585705524447,5901266566191624034950335,5901266566191624034950335,1288046130689531973131,1288046130689531973131,0
128,0,2905955320380684814513,2918305255772088731455,2918305255772088731455,0,1,177534144089444884,5905219778731970485710992,5905219778731970485710992,1299534054815749911791,1299534054815749911791,0
129,0,2909007476942880993014,2910759150303897642550,2910759150303897642550,0,1,189186542465785278,5908307108279566246960160,5908307108279566246960160,1307054709461073985772,1307054709461073985772,0
130,0,2902240637493144171902,2901266515246261083007,2901266515246261083007,0,1,29614483771691370,5901431066370642419387657,5901431066370642419387657,1313391290358822741536,1313391290358822741536,0
131,1,2918150442582490744566,2909556203271660696885,2909556203271660696885,0,1,150215145780753796,5917590849992332636238261,5917590849992332636238261,1338297360472005119398,1338297360472005119398,0
132,1,2923498805804366873315,2917989213652443561748,2917989213652443561748,0,1,33996302131905335,5923007418399005980415360,5923007418399005980415360,1355217716556507327477,1355217716556507327477,0
133,1,2934500889514587210454,2928495257966126867437,2928495257966126867437,0,1,197050565745664115,5934142534725986809309397,5934142534725986809309397,1378835072543359141822,1378835072543359141822,0
134,1,2954729763019023638173,2972162389638513347352,2972162389638513347352,0,1,363751422511937548,5954583436230277949515079,5954583436230277949515079,1438037677815327771060,1438037677815327771060,0
135,1,2960864818117329933081,2978788256955457402286,2978788256955457402286,0,1,692448110816025185,5960763487562992071208710,5960763487562992071208710,1448844266381320156767,1448844266381320156767,0
136,1,2983402019838968132404,2995656342659495348263,2995656342659495348263,0,1,719682813148029474,5983391565344641896076525,5983391565344641896076525,1450635761338742928163,1450635761338742928163,0
137,1,2990842235603013721202,2979597008164405682248,2979597008164405682248,0,1,781120204801161738,5990845862504428265124802,5990845862504428265124802,1452572822399483424603,1452572822399483424603,0
138,1,2991115217870246258592,3008157350286771707887,3008157350286771707887,0,1,412698376626090531,5991132802829284335628775,5991132802829284335628775,1463720800161638836604,1463720800161638836604,0
139,1,2995142950637816954996,3002196719140238554493,3002196719140238554493,0,1,597427887571627855,5995145129761037275607127,5995145129761037275607127,1477808467142106212350,1477808467142106212350,0
140,1,2995721320356799374788,2979340876595555586736,2979340876595555586736,0,1,476710439257855517,5995742324664776977481198,5995742324664776977481198,1481302634457607382042,1481302634457607382042,0
141,1,3004882885835701756594,2987150249886087914790,2987150249886087914790,0,1,82664488356929415,6004907195706884839323896,6004907195706884839323896,1536001057162467748941,1536001057162467748941,0
142,1,3018970036460860174955,3002463749678173497492,3002463749678173497492,0,1,176726952950233851,6018962757108701993587848,6018962757108701993587848,1620471669875697234555,1620471669875697234555,0
143,1,3022343610317433032497,3025831451967026211748,3025831451967026211748,0,1,341574940206491285,6022303162826985573210234,6022303162826985573210234,1653256763904941681065,1653256763904941681065,0
144,1,3024976923803161213033,3017047239305027137265,3017047239305027137265,0,1,522702951936402281,6024930340696358329752020,6024930340696358329752020,1653316846354417195891,1653316846354417195891,0
145,1,3033475888286960152506,3036892440021479420334,3036892440021479420334,0,1,348776773056853063,6033383975056348830130132,6033383975056348830130132,1675557684659218616385,1675557684659218616385,0
146,1,3037468100117637904767,3024113173088963061639,3024113173088963061639,0,1,507385384405244689,6037366489899166730990573,6037366489899166730990573,1675584795788851266830,1675584795788851266830,0
147,1,3043096887855130642603,3033472474451703660924,3033472474451703660924,0,1,260548816158958879,6042950790920614316647836,6042950790920614316647836,1705165332048138403071,1705165332048138403071,0
148,1,3059531445028195565516,3057401565265932815706,3057401565265932815706,0,1,356996318794810097,6059239374010336332858504,6059239374010336332858504,1760582667696121986410,1760582667696121986410,0
149,1,3070055909936551134807,3055258829183715612427,3055258829183715612427,0,1,545441757112467213,6069669341301963489855522,6069669341301963489855522,1773526231405144043930,1773526231405144043930,0
150,1,3088275345188604299680,3069945952222439600411,3069945952222439600411,0,1,496525205109833843,6087662314403818451443855,6087662314403818451443855,1861439407818550584637,1861439407818550584637,0
151,1,3093507142544728016500,3098301503574005673421,3098301503574005673421,0,1,603762782229524151,6092791475764478234876658,6092791475764478234876658,1905957568547140861719,1905957568547140861719,0
152,1,3108781781462270725030,3106179831412159231590,3106179831412159231590,0,1,737667072701032443,6107813677271489428724699,6107813677271489428724699,1914663738208275698904,1914663738208275698904,0
153,1,3109626880592334886281,3125964749355552147065,3125964749355552147065,0,1,765077922827836585,6108664235079614836290995,6108664235079614836290995,1915603060925201924629,1915603060925201924629,0
154,1,3113586204843419949901,3124965821049296874766,3124965821049296874766,0,1,822907425411790473,6112541106227353852920610,6112541106227353852920610,1927631931458385187113,1927631931458385187113,0
155,1,3128119047596771976629,3140069451924051626687,3140069451924051626687,0,1,795102839766483854,6126790759678811143044980,6126790759678811143044980,1928410907407391246950,1928410907407391246950,0
156,1,3135134629919105776993,3143943870584837690531,3143943870584837690531,0,1,840872370150077131,6133652224307249702452972,6133652224307249702452972,1930307509400800135301,1930307509400800135301,0
157,1,3157799651028701958072,3141466565665341778212,3141466565665341778212,0,1,851478357280901645,6155798126063436659199243,6155798126063436659199243,1945187238585547931961,1945187238585547931961,0
158,1,3159248036457477573484,3174657787271598028983,3174657787271598028983,0,1,757856905053012459,6157207226797429253379916,6157207226797429253379916,1969706694485658230947,1969706694485658230947,0
159,1,3166447157912309121833,3161332779673023031833,3161332779673023031833,0,1,868596702945058559,6164202358533113560055523,6164202358533113560055523,1974874073414383440751,1974874073414383440751,0
160,1,3176150569181126214958,3195160147782697904450,3195160147782697904450,0,1,520692239226716332,6173665533713392882775434,6173665533713392882775434,1991749164632332605091,1991749164632332605091,0
161,1,3179727052729258428620,3175815109333438322094,3175815109333438322094,0,1,698343496672707699,6177114139211927985188708,6177114139211927985188708,2009850829082363405537,2009850829082363405537,0
162,1,3196019520760542880950,3186153479058048623422,3186153479058048623422,0,1,343257604296547926,6192925471924558637058465,6192925471924558637058465,2040984621774445396694,2040984621774445396694,0
163,1,3211866737517502628015,3225444458582528560130,3225444458582528560130,0,1,423842724265306368,6208266450398659579601543,6208266450398659579601543,2091122697464193547984,2091122697464193547984,0
164,1,3218792404375395919922,3205900945219245327719,3205900945219245327719,0,1,634977737617502120,6214954896746054646403696,6214954896746054646403696,2094433825906100497344,2094433825906100497344,0
165,1,3240515330614440233916,3226568466990261015494,3226568466990261015494,0,1,332344918865093245,6235893265892639252249874,6235893265892639252249874,2184332568096781991626,2184332568096781991626,0
166,1,3255286745579601786755,3240307885996898580221,3240307885996898580221,0,1,463574959000711977,6250091893222770544319234,6250091893222770544319234,2245677657390921907924,2245677657390921907924,0
167,1,3280794084108467563000,3296022397742989959556,3296022397742989959556,0,1,538544260441252972,6274531064812301501153403,6274531064812301501153403,2366607831576955614578,2366607831576955614578,0
168,1,3304980908521175323431,3306909782448984473795,3306923888274652730530,2582104062997715,1,728698760002727816,6297614107636224403729273,6297600680183002342611187,2366607831576955614578,2372407423620093429765,2385657292660583546
169,1,3325651038605966435087,3345050385940853798532,3345104866189686095955,2830225219802140,1,753281513561075490,6317354643583898674574302,6317289915061200819797787,2366607831576955614578,2397588867373191958359,28344778608387552621
170,1,3338522969422690509671,3327483076735825005033,3327482963637876615603,9886561623345156,1,822996502566318948,6329550410571971562526864,6329485407163057246571527,2369626447070529137713,2400658000608123411367,28344778608387552621
171,1,3360432956194487711661,3344881293565327034085,3344930443606371349324,2998585678652716,1,568595782742915928,6350341558226011517983865,6350229209999456319237439,2399674838592876005023,2477729744171245105034,28452942429164868721
172,1,3372806490647590665208,3366069478208712994454,3366137154020535512711,4844435539038303,1,632147427037708065,6362072452604218434355925,6361895749672031428462932,2399674838592876005023,2532504233870235335292,28516320959417258193
173,1,3382459382278791867084,3398359840377996763104,3398484303378005501867,7606545128646346,1,699212622643285933,6371300582224980957904483,6371007712674407303868669,2399674838592876005023,2551138435581297755853,85572787910122603258
174,1,3386029616453889659477,3377010614962482237247,3377010200807629520989,13062527300633370,1,776293404576271200,6374650337161842637188804,6374357039371753313734936,2410202876697229484947,2561879201596141765953,85572787910122603258
175,1,3410797703109114449174,3398454422721659995706,3432406994652474832611,5310835107987224,1,466257361393896939,6397981283846184774727901,6397654302322233620160772,2410202876697229484947,2641138417019320393796,85572787910122603258
176,1,3430608716238341996622,3446960327419885325965,3447159921178759090087,8085720113228635,1,562197341187787474,6416727673692612756484535,6416193809564125096744433,2410202876697229484947,2641358674222017952587,147628314338644737213
177,1,3450351311281750080055,3466505137895581652990,3470079671783639420263,17395746317956209,1,708724821032289131,6435324013362628725418613,6434636914302272597719267,2410202876697229484947,2642047433259520330728,298107490730085726053
178,1,3458047076574766632313,3458781937907353033719,3458789295055508069022,19607532479632966,1,750387873831280210,6442486028258173572965569,6441782780932091177381233,2415008854786086321851,2651762907961020023076,304883901620708045467
179,1,3469557738905689584385,3444145745431422903865,3454851567317345514513,15248836200932335,1,635064988298015748,6453243097865590002589644,6452509640824717461806121,2415008854786086321851,2659556633426621012606,326118177205928070735
180,1,3490522261313433037119,3458296125552730812851,3504835201264735694515,9215018116702432,1,413710884189006352,6472797704426544245864526,6471973616140175723959378,2415008854786086321851,2744915038278019684894,326118177205928070735
181,1,3512544236144308880693,3520537069030446168355,3520858919070313178109,10131779945154005,1,496150167689991184,6493414542039943560217081,6492348553515884277793125,2415008854786086321851,2748832655706037417309,364675183830138458891
182,1,3513818683162811667017,3536197953227589849277,3536457491005911266696,22496393183532210,1,714478504591070584,6494855868318506150167436,6493555187130074302103700,2417970978232279674181,2752084551752884215892,598831075333207527151
183,1,3521138090507049549065,3536592151997259740591,3536781193153964520628,23695202396499540,1,748390569365992937,6501770562825319746979359,6500297274228658944987680,2432774024733131735270,2767398024642528547764,769329497485455468288
184,1,3528068536222185017693,3505136682198632107461,3505131508733726865838,21288093312298775,1,749325215900376819,6508184932736966569089252,6506709823215692172544744,2437510913303018232644,2772345971187702258835,769329497485455468288
185,1,3539516058320482267805,3510648076763256279542,3545059235349353227410,1288093312298775,1,274872829012325603,6518758232743519091182513,6517224769973397243855634,2437510913303018232644,2849979346478992691973,769329497485455468288
186,1,3562222984136493587478,3543482781918771952190,3543478540684916343485,0,1,315672942674930224,6539602498999724267585150,6538116951775935355956513,2611380089452155274675,2869044497715008696825,769329497485455468288
187,1,3584451415087530032624,3597143701036770429274,3597567521250869317746,15410164679582550,1,516970423664936619,6560345625979528061831904,6558472416514644562679128,2611380089452155274675,2977399448002160343113,861006040538625401336
188,1,3610853497106328501341,3601684179182758344995,3615462588836899006063,25435192984796683,1,696901362633549074,6584510699256729249231199,6582572414540450012313596,2611380089452155274675,2988580258765763684278,906591064325284905449
189,1,3625101896352194404121,3587913724796377051929,3611192978435603823121,23986400862806944,1,708300897199568573,6597571477224049526303384,6595557859008942459822403,2611380089452155274675,2994425038287739200695,947456170399438259106
190,1,3652745940821644831265,3574637463185970730099,3639104557595698982121,18294179867684332,1,494885641121443987,6622978112824344741973564,6620657421758174381224702,2611380089452155274675,3102753015588793289244,1057165366633791117243
191,1,3663207935971164800274,3678034437024994855028,3678038798225078726297,0,1,298630491175017543,6632082103741956771383430,6630133832584332457360664,3108003414241883942214,3138871537595685594499,1057165366633791117243
192,1,3669131004645294401939,3661918643743826379124,3661916527502499864002,20000000000000000,1,689971510195228174,6637431345578043733009628,6635481496942630463701256,3112876966251908407197,3143748426363384650714,1057165366633791117243
193,1,3682070460727678371099,3673469074865215235652,3693819755897663214362,27807789233372285,1,526059815943324716,6649273806662000638559528,6647176667213106734416377,3112876966251908407197,3168778663321202620725,1175987800316423197113
194,1,3710261786100189363157,3658353364137602807235,3694913816031255849489,27932154186440211,1,563971399379473162,6674841007601691256828988,6672580661997148817924038,3112876966251908407197,3185231205295698091073,1244412299633698851116
195,1,3719810758941818716319,3635822425457954494830,3696703315995091791614,21996052573793803,1,382921716131762940,6683694767442424861154124,6681179718358129844565892,3112876966251908407197,3222895229719359230094,1415831137322646996934
196,1,3725915696292110579607,3740878954490433182394,3740990756207242648042,1996052573793803,1,136520222650112995,6688850194907643333972620,6686641204617216973820517,3531617018983203250244,3274679962169828196742,1429120965069664337657
197,1,3738193047234373507465,3743391516225076205471,3743451122874639990009,21996052573793803,1,573996589527389088,6699901374847242179928169,6697636801394470979894185,3532049056628961701164,3275148546967361549688,1480870804750824256727
198,1,3756242890525711404482,3728133604323751963012,3740901249483444267317,33645117042583895,1,580262259749064763,6716102859591229174182980,6713799478465278955407891,3532049056628961701164,3284914450815825352347,1504320397338156599531
199,1,3772224339657852119862,3740235675556246187216,3784573531533903451919,27741543058817365,1,421308111352724077,6730542063480826179460039,6728061605201816101192993,3532049056628961701164,3343387124129075472571,1593592173447841976588
200,1,3785716199360565075142,3720991351937468873323,3766113213393127468643,27942284762856421,1,473806507925616523,6742757176524254432359111,6740096475472636798329667,3532049056628961701164,3343463904403137761196,1698408290584323069035
201,1,3809595373093624121111,3719480743742278522298,3808029930183811765442,7942284762856421,1,248463729127054248,6764222487419964883398443,6761297686667635995475597,3532049056628961701164,3454838586170837388483,1714563123354115127475
202,1,3835913071751399041794,3813847789325106002845,3813839859480594157686,0,1,229959878085112649,6787088843435193325726692,6784640013871566604965371,4338099169201495549564,3499977163533649667075,1714563123354115127475
203,1,3837402560280732651806,3831579983037172386759,3831813903297815817495,20000000000000000,1,640696078985570941,6788589451901745672189988,6785930678716565842859726,4338099169201495549564,3532155872039082001463,1714714767154247111270
204,1,3861447446031157997911,3848021884365887775260,3878280986772427753128,38049469795045683,1,680175976041459573,6810116070734066286628812,6807171846554870474696263,4338099169201495549564,3582655328326729295550,1940681190724682186898
205,1,3863559855210093497033,3826601113036631530166,3842000091733126557784,39117781176907215,1,716162976656123333,6812046898671066275743179,6809044075107456775485474,4338099169201495549564,3594965086972701502965,1978872027447333462096
206,1,3865366808852580167855,3834119345529677637308,3873049252748364749605,31965907297291711,1,450243216514051067,6813725769354778115346751,6810612852167213044383328,4338099169201495549564,3626264941029529274162,2053762910139215489184
207,1,3867176140438469413295,3848422315529768186716,3881774688883270233432,31101574801288209,1,485296319019232572,6815484921166011386522046,6812215380593036830223870,4338099169201495549564,3628225984354265964783,2199642289507927351452
208,1,3892916140411290908176,3845450528619568168466,3889891230401421800575,31704494632680106,1,552896718970402139,6838237744388671886290458,6834837287145189482863757,4338099169201495549564,3635244028816394662683,2214817126596044107069
209,1,3919597218100076138098,3866507301098952577548,3941175340052230831777,28560738421691005,1,501746270775786628,6861933744962248488290201,6858244749272579772858983,4338099169201495549564,3684860843598361651196,2307450962922484860261
210,1,3934515758369004895654,3871944205840540792301,3940088481021602935439,30611425651280920,1,614071896099209115,6875116224444637844619852,6871259909653918123408911,4338099169201495549564,3687317379170646363192,2340423970501674117406
211,1,3960960224580334822119,3863489991079870485129,3952208338116930709824,29282397568015275,1,640164185057282808,6898495554498331804955518,6894315110021365667122043,4338099169201495549564,3711372698326483024664,2426008030041886556011
212,1,3967886467674711860113,3864684335528806109583,3969112788965398616686,24960862643672078,1,449594683880141479,6904601482488779423918605,6900336133027988538494125,4338099169201495549564,3724892466968884136626,2426008030041886556011
213,1,3993624112308747887594,3982471927094936974571,3983960093735698289525,22718436297329610,1,460670961338736299,6927665649987165880539733,6922684426915301326250075,4338099169201495549564,3757691126309637526581,2427577951867492626733
214,1,4006459731253088443412,4000794069427166744043,4025252922490855702806,42718436297329610,1,843371527201236564,6939132505769785092087352,6933814246232509507258699,4338099169201495549564,3785179905164618650696,2727031380894812312377
215,1,4021265269775925561152,3988800020144107322992,4009169836645594568980,46562480162039694,1,862075478147816510,6951997536926963314963956,6946602961950118728428303,4338099169201495549564,3786032928144485181904,2753617470924573043000
216,1,4052756952082627822373,3974029214385680553603,4037618198650387709134,41560463547543383,1,696439021113320737,6979444386064734371761982,6973754635053486382385948,4338099169201495549564,3887958694547010716906,2856383288663490852915
217,1,4059733153021569504633,3980759924244109011415,4066666101335417331147,35968844085604100,1,491515305364757246,6985558063916388835892811,6979744500669089296739409,4338099169201495549564,3913990118672465848936,2901580650874572474499
218,1,4073555678660465760807,3985863702777974662002,4078814434534648967171,34879045191576835,1,524280302482076409,6997596416188873233883581,6991615584686918588575074,4338099169201495549564,3916494268857479479622,2929506414142977410691
219,1,4095484388112966382066,3996350004504923443520,4106303574261302333240,33446787201043193,1,551624751170457286,7016673928567350070500361,7010413552403333218431242,4338099169201495549564,3931071746379084792928,2961302358030908859920
220,1,4109449328815678593186,4010545579845083648116,4124099357988909693601,33136302571094796,1,609203287465448830,7028830649627476619034699,7022360576728339818078127,4338099169201495549564,3931586509493991170969,2997485474560380138947
221,1,4119167421656287721912,3993873386429168683014,4101799383958874879798,33591170256498671,1,678787600597699855,7037453934179756267756088,7030663530680139567257187,4338099169201495549564,3932844860146076833089,3192903731396330037037
222,1,4129318609686955650656,4144614907627855185377,4145687475885060701733,13591170256498671,1,330803972837976723,7046191548712459366908619,7039319371156372739011853,4512602804687989536729,3972187022957227864095,3285856086558854119567
223,1,4153482060670052755847,4122938389707812056405,4131714881895272626382,33591170256498671,1,797480248553762385,7066813552491144414447904,7059895803562253767731643,4512602804687989536729,3975300773254585358539,3305579376008053382719
224,1,4169376102501534069111,4133422576603213585889,4180162480313974691765,43130192954197070,1,600063380601403926,7080538313617248725759938,7073372373108041521919690,4512602804687989536729,4048099084243269191029,3453326018189449800562
225,1,4169631514899517559368,4105487484919504659531,4141300893801626986228,42746579857446314,1,624997665624071888,7080901526917482333740394,7073624220140273415418472,4512602804687989536729,4053725020862083901352,3557627847630684061390
226,1,4174305545997129515107,4089901451943922411742,4158310359451869111285,22746579857446314,1,345096401556385940,7085025832491849385389615,7077559687579931780546099,4512602804687989536729,4109471872234008641035,3669391782198857015832
227,1,4195635175657322535572,4219578950245867129406,4219785345795710045940,2746579857446314,1,200157514575884750,7102915662690523011485756,7095635048955981701643558,4965731852205182839851,4180295483132586471363,3696928748223118606374
228,1,4227921333813808205344,4218768215409276593036,4227107359316648406874,22746579857446314,1,620091032517139537,7130167711783320437680027,7122854517395680184654507,4965731852205182839851,4183598930010018652700,3697605173161125127839
229,1,4259272087475430640230,4205474481727642069024,4245772795400674398134,42746579857446314,1,613572198585240153,7156694924801691398850582,7149223301264489925446098,4965731852205182839851,4234949808379225868995,3751464918637111903673
230,1,4262609417454833388722,4234512985242278826278,4292508475010063708345,42209813601631087,1,490445658413553424,7159924725160049113094969,7152058290208630786964513,4965731852205182839851,4248952631948913750257,4115972409707493184803
231,1,4286508640119605149492,4206243508282560800671,4257686244208062910558,45444146385787696,1,578171389776446878,7180249918930985297086936,7172077036733280158116597,4965731852205182839851,4250706577746963052867,4262172784210750965013
232,1,4290230773373651366637,4180933664072599504185,4264131714054182013600,25444146385787696,1,304830561248733254,7183643806542253285320963,7175182820420819996925915,4965731852205182839851,4302711094673842251353,4475765010785342524710
233,1,4292640450935613327180,4270816030681107971838,4271099454383107947866,5444146385787696,1,91841664522458035,7185345699750345836655561,7177186867626776881332967,5330602822377200700178,4342545883051625686374,4476389782616312268666
234,1,4308389081456537257995,4324907236705542886583,4325629562818642019782,25444146385787696,1,471720901848402132,7199088854580698604896341,7190332059194572831133263,5330602822377200700178,4410462731100023634605,4658070945293606454196
235,1,4325469826576510909000,4305084026202264645791,4305618685846384282249,45444146385787696,1,596544207220537021,7213352166146665300121942,7204575802304921093465875,5330602822377200700178,4410463959222258855910,4659122944258836566416
236,1,4338279058654821285267,4294182087810991004027,4327237459547578586680,43671636647958397,1,441172267120436569,7224099005075380920699648,7215222326912375394660860,5330602822377200700178,4461968682015437927596,4694244527313533719291
237,1,4341293705917317893148,4284797310248775377039,4331742549836849047513,23671636647958397,1,350500012950634538,7226669273582546636445132,7217727318878230177757350,5330602822377200700178,4471457645152590639563,4737320494945224786099
238,1,4373560838940012579667,4294766982501218013094,4383664042912787466420,3671636647958397,1,264678784426813903,7253635665122362445366522,7244501357791440956239392,5330602822377200700178,4555046895181535793462,4737320494945224786099
239,1,4382736022958528257791,4407722295608311083985,4407752826274974556201,0,1,321896856092377757,7260969633625045430409567,7252120947306158657869981,5703738271747625140309,4555087530656844964940,4737320494945224786099
240,1,4414215378582312386919,4386868149900658850115,4386899214815422561228,20000000000000000,1,675007647056130202,7287058621795519386098264,7278124402377716963064069,5703738271747625140309,4557040361959703855482,4737443453681529966246
241,1,4417474142592646254071,4373360659210037565451,4403808442600607707675,40000000000000000,1,497000576560627963,7289804529246559924345116,7280784087683531214691509,5703738271747625140309,4600942486895165946054,4776445902003844899592
242,1,4419733088696631262662,4399859768695417701964,4446930463495132859266,38478061121770926,1,377971596798266198,7292027570995760942145223,7282670944155023458607246,5703738271747625140309,4612803271533393221948,5091994748069238338324
243,1,4435741217588896341774,4414055819195404352270,4450312872505199517365,41012166573437585,1,479341241180389801,7305471294010562026988320,7295823308368385434409734,5703738271747625140309,4618591673221693824246,5290408773443955661254
244,1,4459221591206296538768,4428115459225157573199,4473669916067165022798,41196569934249837,1,530356649057864545,7325049373257793865101959,7315107592029015367099561,5703738271747625140309,4622248555231297274982,5475967082786230683061
245,1,4462030426147329882596,4446327257516721784009,4480724189413950031498,41346682943093638,1,581017314877775034,7327640270681490237151317,7317417514887768912183030,5703738271747625140309,4628456361399729709293,5735801742483777670646
246,1,4464571188714915076492,4465329476014277594770,4484051957166582503094,42266958528927875,1,643122590365327091,7330052654971742145012440,7319501906866989015131412,5703738271747625140309,4640389882842532133039,6040917529966026263815
247,1,4500092733983067536931,4461756366335121149536,4496472609687334357808,43320777207962324,1,700736833620164228,7359222302273084729709960,7348545539868233932923213,5703738271747625140309,4652102925222220456978,6052333443149395591678
248,1,4501440816929355496338,4484820222135671204224,4525117554596183633204,40153685704444140,1,638664096131010129,7360659022585900877528387,7349670839839543882058140,5703738271747625140309,4653223271525497950729,6356761827162031823076
249,1,4528017480681488108053,4460101149580995593810,4502903533156043676231,41950283899593463,1,720726298440462083,7382553974615470239319600,7371338411077349626012092,5703738271747625140309,4653601444568944601069,6454228789266343519047
250,1,4539387490405883790524,4447359964601748287363,4526285762932565227455,21950283899593463,1,319257077642303082,7391993652067912088183365,7380566621685405899546176,5703738271747625140309,4713678892193590392104,6547235330366486808453
251,1,4565304456112182280831,4574580718409203592600,4574721511856141653224,1950283899593463,1,146227368627247303,7412783152930882788766154,7401601963650944354146321,6243335099215413934396,4781844801723719101137,6554564300222595408788
252,1,4577402614474977513249,4564481141462299791715,4567278450346773556051,21950283899593463,1,673676328252829298,7422602266093437339833863,7411403288149431987610581,6243335099215413934396,4782162820881015197289,6557083863851786629793
253,1,4599735225555837056059,4594977416771195561524,4631055379006092462596,41950283899593463,1,578173148662618641,7441212469754663150704291,7429499186881717260680234,6243335099215413934396,4828730661936429730294,6991924791646729324140
254,1,4601562571748937563810,4618323684569282755039,4625548915164916406079,48707327314618625,1,652788378813259170,7443173096093869672956434,7430957139779701436168427,6243335099215413934396,4866644618917067177181,7448585468635910112531
255,1,4630329699260797793345,4585996076721969312122,4597823044667562177059,50000000000000000,1,702800559107171959,7466476764070093120388072,7454169696099096973694539,6243335099215413934396,4867638946834888265734,7482432354713258460215
256,1,4640358533874991040238,4557017131210402721870,4610815309584141394127,41646273776050767,1,362721941478149764,7474778617457223291291752,7462229579025282389857318,6243335099215413934396,4946738344624365407549,7621515737820564912827
257,1,4675406309629390897463,4573144160662390865294,4691947704862529498028,21646273776050767,1,112165297410247082,7503249110327298315642971,7490330477683684521146806,6243335099215413934396,5127935758350236578836,7621515737820564912827
258,1,4703131768129791360260,4704728874350272708968,4704842429322868255496,1646273776050767,1,212970180634736254,7525092202315064291155971,7512495130349532537107302,6894840602875858653382,5133258715575986509838,7622623997486201327411
259,1,4729276814850121639424,4752862613844673567359,4753433149994368793444,21646273776050767,1,632167872247874733,7546423472297034396448791,7533371758804609961107185,6894840602875858653382,5158526100769515899613,7829492956583954312822
260,1,4762503117568169918988,4724162940944190289090,4733666561405469579238,41646273776050767,1,703098890445793816,7572924805402305264073464,7559799230834765640002595,6894840602875858653382,5161959995514665434260,7852597474399996721347
261,2,4824678334913262821474,4699916138387655622236,4799611418001653742885,42452748189370935,1,489469249607498552,7622789113615922074354575,7608977117175887871274341,6894840602875858653382,5506908369093405691781,8058461013461527448304
262,2,4889161428738366301159,4693018869823904027972,4881830905052947540876,22452748189370935,1,314378787652492828,7674509953150063991073822,7659632508629387623305314,6894840602875858653382,5834097884631235714757,8169590723906780898197
263,2,4932782968626459501449,4958379869430046558227,4958763595170792603546,2452748189370935,1,261475908817933223,7707344178323144702189853,7693750969922327993018086,9048372269769847007271,5937777297449651978779,8193672256609231871695
264,2,5010834248162956661981,5025294653163085250690,5026088154663398370398,22452748189370935,1,743949988555416584,7768655913905254071146805,7754363278974380726247509,9048372269769847007271,6043545542747457096501,8325176453004822758944
265,2,5052996556070445097648,5038469385349828510281,5066519497926699907735,42452748189370935,1,786450956735396093,7801492692270742466622841,7786916395740628413619002,9048372269769847007271,6071296058228117438971,8518467981857725277191
266,2,5117090909472925085260,5033297131879627528051,5111787252045198571512,49681877420592410,1,794768065966049553,7851074890469672233393922,7836141105280287571225719,9048372269769847007271,6167920461633106899406,8549663155165172640949
267,2,5172091732208464938213,5022308776156727031107,5160624615666335933232,46325977594738610,1,761134728916665203,7893738696138202819006285,7878145544967502657189520,9048372269769847007271,6303373945220383092098,8666837019726694469199
268,2,5198533098313291570038,5046314707853591440628,5223528655362488584666,42004711560446798,1,677518714472331263,7914315237392232381195438,7898275508295514188049063,9048372269769847007271,6356258555532120756686,8746557006001340829058
269,2,5280444122424934581883,5255405454759082197485,5260588351196994690501,43478438658109880,1,714489119445753812,7979540331471018987299073,7960248381948070417159400,9048372269769847007271,6473116663215004316146,8753977574104554233086
270,2,5321512411185042928071,5244720385532928613081,5310598871079765652905,50000000000000000,1,871397239643124327,8010699333676198403055412,7991133600296935256439955,9048372269769847007271,6605557785631912707757,8804864683694686429507
271,2,5394518018745663856905,5248760752455320945683,5398721929363011499417,45803977006730065,1,809096559204793645,8066077591211933120693629,8045758264174380658491250,9048372269769847007271,6852784996491613262551,8833932814081425026700
272,2,5426646037748239220195,5272530426510559589766,5451419697621532564666,43945703533406792,1,812055824800278381,8090553198693932222512478,8069701989562549654535178,9048372269769847007271,6879632372000233940459,8940186583826149435631
273,2,5485236309881459855572,5281678547592222453214,5494806853290641609404,45211038999521460,1,831242390691810016,8134885053289765614651982,8113130451734960537744436,9048372269769847007271,6918416363562153403082,8963893783192768739176
274,2,5530853945056545342034,5542607726703439672906,5548754082611503489989,44155663824097821,1,839118917756052585,8171680487488090808720605,8146804316836433000517791,9048372269769847007271,6961956663202399346130,9247749211833818362187
275,2,5590818443306360241151,5498917893108067874632,5546424100423197793773,50000000000000000,1,938662099878639253,8216136487809390536807811,8190902717954372276637630,9048372269769847007271,7020354196269707161075,9387769356075605390252
276,2,5677707262404199781427,5516539732221948185563,5696043707296666875461,40905189476527118,1,720304670313227569,8280585958602427274821630,8254251282363483428360011,9048372269769847007271,7585036612950322943467,9452539479059021256849
277,2,5716662923607712710570,5550772095064090027590,5752353793099260904949,41071420686287660,1,735367761401719218,8309523720603877931979818,8282549089655810377905691,9048372269769847007271,7598554225222141010406,9533992968941645989593
278,2,5795109453048811505550,5809866109210978108208,5815917407592602411718,43726612923788234,1,765845855580440336,8369751144942678541958975,8339156838323963615258568,9048372269769847007271,7655716560860850516873,9853599171243410897289
279,2,5885071742944728918212,5852360367398631364762,5929103645738303194113,50000000000000000,1,886424927917216973,8435281693583161002173029,8403680259926128861930457,9048372269769847007271,7802488000993195596412,10443095145357368760589
280,2,5942544527974281621423,5882111425957830792212,5973411197058557308227,50000000000000000,1,897014467128315729,8477000058598654916546732,8444584822936008413814038,9048372269769847007271,7807900287571806092675,10829449301649025095109
281,2,5988917700430865282621,5914529999584053021474,6022599783300761896239,50000000000000000,1,904739593454262130,8510666830698083031459834,8477474713495319011098299,9048372269769847007271,7815022773915826788604,11218339428536775699210
282,2,6030538755150267619624,5912448396588817886743,6028387259571392406807,50000000000000000,1,913528028595361700,8540439572584062743175091,8506848262745207850127859,9048372269769847007271,7816868074215816443518,11232934729396112436851
283,2,6124510149774064354498,5901598095841031013065,6113026628454469554511,47206658941531633,1,899498740547447046,8607781496511322932056370,8572875043636457086890143,9048372269769847007271,8085038364415611519884,11372065429832374662366
284,2,6187741053268789115186,6151969265681615513427,6158187661298511931192,43175952280116377,1,812806279573266665,8655124314252693058657724,8617036504680717260545222,9048372269769847007271,8243996658042860164234,11382588330597676165037
285,2,6244984910133259918481,6107421726529518708587,6199224904263898418339,50000000000000000,1,918271984145903383,8695569874638443959951945,8656837312986201962534105,9048372269769847007271,8455973599966350009381,11618540007855540737874
286,2,6292113630797436189314,6155107413776505592707,6341762627596818998692,41443726452591084,1,707887029616566787,8729026551107674088511599,8689449330077815814810760,9048372269769847007271,8696235539520185777945,11831499567234087410850
287,2,6376250925166244532467,6144327301092550794667,6364833825987490403953,45424978821079495,1,745260561682665611,8788169921634043611303246,8747289439661893139216653,9048372269769847007271,8728398103971965401022,11967290227560019288691
288,2,6460421205588427336794,6480792681989447555052,6488320940267613282899,41464191436089089,1,684540412840578252,8849527637522162251108684,8804851751906632491323299,9048372269769847007271,8972954052291696834355,12350525776433400835275
289,2,6547533365582245895517,6426070262830427098264,6491685061057189113464,50000000000000000,1,864182440839499227,8909370700911984649026806,8864075912614947117187457,9048372269769847007271,9064397567356581067503,12542796603542994912824
290,2,6594931292378672824928,6468989311148396960315,6639536928619920683918,40433637025728453,1,674589538412188959,8942198999139788067786705,8896070734614784855109631,9048372269769847007271,9341269998424649131940,12770959322181486592221
291,2,6686953681139934589659,6467229913045379339402,6685095113438831393931,43480878659323665,1,704118157132066863,9005208313999566891487851,8957870602091630673910573,9048372269769847007271,9397973636856126283676,12791247534210937289194
292,2,6735917650756115740400,6482649697283364230101,6752064918223104948405,40754202677805651,1,696256004813484665,9038739894009793504323825,8990613308085370024647097,9048372269769847007271,9462435935931356397567,12796193928049928590161
293,2,6831041160859211881483,6877116042323967385323,6885840263107679136950,40238750281019515,1,710855015993991542,9106302413678185990233751,9053938493381175195726663,9048372269769847007271,9615477657034410330193,13503628976775499288984
294,2,6919070004005330514963,6915768334410151115268,6959068629372054452385,50000000000000000,1,883887769416662135,9165397167889086331833635,9112054090496284343697171,9048372269769847007271,9641875783845439012915,14083146766739485687369
295,2,6959308776073482944271,6925852010325719244610,6969744591740639395006,50000000000000000,1,891582707869273198,9192208014591800207064505,9138476469827941570880076,9048372269769847007271,9641877144098509491471,14233775104770462343073
296,2,6994200746179944968236,6946824379591059786610,7015930693708748637865,48714173563534020,1,893868270701853130,9215597275540060806914817,9161365120006026232545367,9048372269769847007271,9655927610132389487682,14512950382938406792480
297,2,7025598744246574473904,6944389797018400915129,7023107994881672766585,48733800953507578,1,899371062211996834,9236361926011499519852660,9181894552922945549872031,9048372269769847007271,9658104073927169181784,14522074296764428399701
298,2,7131013147486092280296,7000023586404536091057,7189063557260178828437,45941699945557120,1,885206489056397139,9306513896250495429349891,9250598035264536144625351,9048372269769847007271,9926931594758463204206,14902518676193359654594
299,2,7243822012316795048157,7044638214055325487849,7290655209990556598825,50000000000000000,1,905302069971646135,9381110899473332716650424,9323452508550466139780361,9048372269769847007271,9994035104790842794295,15156694266265230738302
300,2,7274927168556909051752,7020986791314269908148,7249956782885564034647,50000000000000000,1,919353086385728220,9401800567884253552733164,9343413938842868578919699,9048372269769847007271,9999482249509161521501,15410416663957131923248
301,2,7365275856885041355145,7055188601028669314150,7401327455350868960752,44697488555347395,1,747763426804447683,9461222873560490630665829,9401267845387605906434583,9048372269769847007271,10292144186449895843508,15410416663957131923248
302,2,7448181639420585926365,7384061587823533727920,7393039478204722237326,46247106209265150,1,782831347319659758,9518253168653428200632041,9454068623232827765577745,9048372269769847007271,10339205231300561970758,15432183893670761147021
303,2,7507614205079891433413,7409102971000145008754,7533689062701739607345,50000000000000000,1,917404892848917335,9556687280249764902964296,9491661667173686572815488,9048372269769847007271,10619811829436896942525,15712542367399846902584
304,2,7572486346396632813302,7404590089928138875119,7567791558754219682698,50000000000000000,1,921900220408701615,9598281223091642301348990,9532567591902792844921292,9048372269769847007271,10651251328651547424200,15744417853089716153612
305,2,7648051111736679428436,7462695394387247718274,7708945297131672813644,46992262418622430,1,898653818500153719,9647080837703245404857149,9580086449475090575282305,9048372269769847007271,10784525667181274060923,16041918809296206692955
306,2,7709357507307285323494,7526801080964072594911,7776657119382283389398,50000000000000000,1,915118194590127340,9686699940863540969781715,9618421769248613695572592,9048372269769847007271,10784529104612326192920,16430647836568793621723
307,2,7775677871248940460928,7555901529733697185745,7806229331427513515467,50000000000000000,1,930550850708756044,9729059058614782401405651,9659632144410296531127825,9048372269769847007271,10784548252640561033178,16606668102055219194031
308,2,7834541939509609111779,7496149456656515731098,7771016937647898795744,50000000000000000,1,937009207772017232,9767191684147584682386972,9696187970006757200470054,9048372269769847007271,10800434156286956296703,17305208051237296937216
309,2,7946731550151079510477,7927758366769111887130,7937279528619379413554,40883804528072480,1,563152619451104456,9840437973306131839003113,9765286087428203363350440,9048372269769847007271,11410716347856954470007,17308706510445643792336
310,2,8042710734036296111742,7856858126467472034854,7969712675064167850055,50000000000000000,1,838271342582739966,9900354456576097712885184,9824181119624822374667059,9048372269769847007271,11624542762458995501099,17626562381498749885818
311,2,8114544269977036138565,7909164603598846656266,8169208973049448740393,40013732473105435,1,632088996684579130,9945280905711113452510598,9867909029534260402829168,9048372269769847007271,12024619893550424125810,17768052630339016077996
312,2,8179156977923264922310,7846638928273698989184,8112901776100761662939,43043204505001220,1,666612834826833916,9986127087764884677229381,9907144239564604389627108,9048372269769847007271,12026454058108149719326,18429764694132512493535
313,2,8275816075616409441931,8326706876740962129721,8335808485055670019130,33929133333529643,1,461550734278087696,10048053317366278488704812,9965494879572288218200978,9048372269769847007271,12518863854227641466075,19022848881425612856310
314,2,8408026067480001899427,8337927126645993623364,8419686208911224324714,50000000000000000,1,749642738588700472,10128212518462169164836050,10044718077326910827772538,9048372269769847007271,12612294586973827705262,19164507697488048260744
315,2,8475584521122688942955,8416295949316638665596,8557253044156075497835,48622162018703774,1,753382947945831777,10169982748847763834279307,10085105479479312373184831,9048372269769847007271,12667491666754677432508,19958408291755365747556
316,2,8559594638552846597968,8380557845904103120185,8522633239529049566673,50000000000000000,1,781703856234220565,10220768863350584718643631,10134871313982539888290779,9048372269769847007271,12667586500521412917583,20141382581006971256023
317,2,8655170573523036381138,8440566016119918646810,8718056082704985435984,43953883787130268,1,672498994774569598,10278733937952565351441274,10191339838744565268206384,9048372269769847007271,12970946991160272368762,20374359735194795787362
318,2,8747670232510041308233,8476140270546785435880,8785082882430199394026,47399624519207939,1,709780699291678762,10334511597529294322466570,10245609829238554291891719,9048372269769847007271,12985674625807564455306,20513693428692490951820
319,2,8870791973605631849324,8528856609960255048927,8926537079060347586994,48404474129921100,1,732240287474268621,10408503695886510847491214,10317487487119218726000624,9048372269769847007271,13107244172384030938073,20580525179841601428617
320,2,8931417579733785395588,8571858757415676811032,8976944323989618632411,50000000000000000,1,765658563406333836,10444871806283269324357766,10352666498350044419120003,9048372269769847007271,13107630794035201649711,20648826108871170041414
321,2,8986758507280825335914,8536081982570266001924,8948022997259509415259,50000000000000000,1,791982745241900477,10478436520883392251017823,10384681272874240163851505,9048372269769847007271,13109180605486823943491,21165280050746510875429
322,2,9025320395686254137933,8925613209479067937502,8935839321316476205841,44014598343228928,1,604607610783019946,10504108225151959940562724,10407042464886638107268257,9048372269769847007271,13205423788249833434485,21196137638242605902019
323,2,9113780546849612496931,8891575760296761571281,9078335661950762497647,50000000000000000,1,834873314583278233,10556100879461870717458229,10457809604719244793770583,9048372269769847007271,13713651806283922545998,21405896372876014212320
324,2,9224244168032043407966,8870969686032182358546,9202268973425292600351,44316043704863693,1,727214951760178433,10621096408730165658639675,10520983197778698771980636,9048372269769847007271,14047987947611282020078,21631819244767323559529
325,2,9292917785914861314812,9298190455151982657770,9307325531893018684413,39882566736831343,1,653569479306441830,10663686427478150428897462,10560070091650849303470259,9048372269769847007271,14174826505486399753382,21791164345212426526866
326,2,9404540692916321904046,9212380131562738394113,9316406979316736514837,50000000000000000,1,833485341957253656,10728110349190964900889236,10623417038038154996991464,9048372269769847007271,14318201035110168732338,22071502839773626514981
327,2,9517343341157874726025,9184457942507901763441,9487737329543165492155,39773699516045832,1,625481806294440822,10793392700374785069728943,10686832891280134089123240,9048372269769847007271,14926474715709500325958,22337696135600092064868
328,2,9648339416874079252504,9610529189508458626793,9618543375803428097623,34744079083154689,1,553361178055185924,10870424999821986180125413,10760127782995458331363786,9048372269769847007271,15305446101614891569285,22344758931353802054758
329,2,9782053511154779861344,9569135310225959165215,9739113513712353477908,50000000000000000,1,755735587519870954,10946132670764634092241387,10834445537472458359124275,9048372269769847007271,15690266384525409684351,22552987808365551619205
330,2,9887157151302069110938,9511326827025813325389,9825828208080546168348,43902965968393100,1,665921421445781934,11006180800093418746948710,10892521938873004573461724,9048372269769847007271,16000164408515682016781,23095808305683975445729
331,2,9998390232053110275886,10079756055471819493362,10091659092936939966924,36353414961360700,1,528698749968319176,11071943816982110484427756,10953687452430235458227816,9048372269769847007271,16415164939692962776755,23994381940568473935104
332,2,10157203234847075858385,10052128680595369080809,10128955909131809366501,50000000000000000,1,762726258544265188,11159589178051725044661397,11040229850144710595075697,9048372269769847007271,16473003519477693359663,24052795765130976772420
333,2,10253425674134547976857,10117758037950155254542,10321982094092649495213,45212799655716080,1,712466994567606093,11213266103127834268610823,11092451221497416599720630,9048372269769847007271,16679839053392534857177,24534134359275163227727
334,2,10358414100067824986520,10178892676306372968964,10422493301561928039100,48135866716598483,1,734871646683067168,11271547341728588469078619,11149087456343487639649684,9048372269769847007271,16697139476806965838690,24971756912790288455968
335,2,10429299963795735133088,10107611872684155250916,10354572372471355014966,50000000000000000,1,756799357244570848,11311004546362437318311563,11187189882326935479511349,9048372269769847007271,16697735509141702870820,25452164792839259378571
336,2,10555521782066321801230,10194418232632988237488,10647119345446305736621,41643799982928785,1,567729953812632170,11380609208623608399287651,11254715697720690947118534,9048372269769847007271,17217482586788342209535,25452164792839259378571
337,2,10618212875229276807839,10297733581227152964470,10727359681098067798249,46270089694091539,1,628539205480314939,11415332636945693835855909,11288130318369695032530766,9048372269769847007271,17227911348043363690679,25644171673281200098149
338,2,10671342402523391895442,10248635015217551232601,10618975057319044612089,50000000000000000,1,692332178419635245,11444849170606149568359043,11316222142439664290742031,9048372269769847007271,17266685430929374557750,26129878667739777063199
339,2,10799059328279720259049,10767437516069710218415,10779619255828318291924,43517247586668995,1,536043674057354777,11517430370145242987407159,11383708407835118848388107,9048372269769847007271,17669095611908111345213,26135726929024015838084
340,2,10913553741422548781461,10765414934549022462329,10911465613088736938126,50000000000000000,1,788415129132972489,11578582657210350463604969,11443891213039671707462349,9048372269769847007271,17887215269911612021410,26143055205962907586871
341,2,11050232732691754487189,10661164743802766223802,10940564646327920905786,47343449946132739,1,783801047376384715,11652459985617667819194532,11515471797845498626541775,9048372269769847007271,18117094983707860634056,26877911826742252578950
342,2,11217101123567379414080,11158062623563906832374,11167999796499407519178,36734284060336520,1,528468378382301246,11743815831777433775272465,11601976604044685485482825,9048372269769847007271,19020762187406674932448,26889570440902385068665
343,2,11362386250688934643749,11207581791866858406482,11414269136469363407558,50000000000000000,1,743400473083611157,11820533422779581022280387,11676872119709129463725819,9048372269769847007271,19455386861208217047131,27322596902045739684102
344,2,11468949798186207797985,11085656309015591123655,11341209391225642610551,50000000000000000,1,756866369248837214,11877270068279170427755619,11731654356754598448645789,9048372269769847007271,19488880135393734803463,28064921453333520032209
345,2,11568853357957930794216,11125933255082398587503,11611320979043236276760,38384627736904874,1,511881044755776428,11929861238908389991530217,11782474539028290844642377,9048372269769847007271,20070578279264963617843,28064921453333520032209
346,2,11747715805660830681253,11871329765749713953622,11888507479148857244340,38906848043442784,1,538548938266734972,12027428142335823544161028,11873398490575756323477358,9048372269769847007271,20272989406622834670374,29397880123602792189987
347,2,11871600396118616330984,11756153456776416133378,11754936525500678002535,50000000000000000,1,792244158080902780,12090657700560038370984589,11935773050155347432343892,9048372269769847007271,20276011138887886936455,29397880123602792189987
348,2,12004547254471586352222,11778493686708726904576,12027875163586447201736,39375476805807069,1,624410797244297947,12158805222842145754073543,12002279066335598555783001,9048372269769847007271,20938413646723951886674,29508949653203349728761
349,2,12090148074443650794083,11701940559895904800073,12009512303097675673455,38457558215835536,1,632781211820748918,12203151972952000403077199,12045057124717323063661867,9048372269769847007271,20978564383917487435766,30025844515094173381090
350,2,12159274856467001086830,12142353004205755027647,12149393602822220479102,30523715067144040,1,490198678341935964,12239976230393178055479583,12079375910503209058005527,9048372269769847007271,21210476655419482057094,30027280320683481342594
351,2,12231969361703879838197,12185224165534927329062,12276691893680278587557,50000000000000000,1,685009192719504528,12277084944497557607276638,12115449686127211580722645,9048372269769847007271,21279963364440654889976,30501855964241340143896
352,2,12401706012683357285090,12219673040839029077756,12437828266172026743850,50000000000000000,1,698737253786727062,12362735799285720841898000,12199212551376828384414909,9048372269769847007271,21436492038579479762823,30795388925905948949264
353,2,12491947936984007152755,12303127698105389981383,12579653642159281842438,49852594637905340,1,711333724993467791,12408735424685923834918172,12243578304722314686528862,9048372269769847007271,21465342368114027004534,31408377504463006319409
354,2,12676752181974613008257,12296564826638318480074,12669795745337742021537,50000000000000000,1,743637403155465384,12501271334835485633969576,12333735753701326886600734,9048372269769847007271,21556491333879395911335,31458241920353212105156
355,2,12745966728755847560629,12177291743151927908048,12618430240733877484350,47055355443557225,1,724724089968324810,12537164352895901371738597,12367516639971751979435970,9048372269769847007271,21612033496078903693462,32547144757097671320628
356,2,12802718847734263868888,12853734864623902846435,12867645229269234111020,36432808605277467,1,382338739617434036,12568171702961862993856052,12394902539815122939642920,9048372269769847007271,21937746778464360624586,33103056710282043651890
357,2,12958381396075882601559,12842008494757457232208,12946345737486596154727,50000000000000000,1,740076924621554873,12644449883990663381931957,12469988384918680774639262,9048372269769847007271,22014710435364922331082,33126421363152308703243
358,2,13047411826050904411316,12695380123747770947639,12895181045798864577679,46739409000128737,1,719065216702241841,12688869742922018758767406,12512966605800990466949351,9048372269769847007271,22109290699963209570795,33698141953668692069109
359,2,13150954195328278663216,12595898649172876384655,13044623841957023473480,34669781205589350,1,444702439226520027,12740888614289649305585685,12562406239598434225999140,9048372269769847007271,22715041493182864393574,34576492507791973759526
360,2,13258466220822752427314,13267655484894186290857,13273014895907359734435,14669781205589350,1,270996533084011930,12792376332808503450068820,12613549955927842507030149,10814516243278833826827,23131913574022354886603,34625888563993066922613
361,2,13332390338598513494849,13247383383455571019147,13311680573667329353662,34669781205589350,1,634152924276027878,12828054285751717063488735,12648667151972286346651785,10814516243278833826827,23163412099558315354564,34649685259950074221997
362,2,13530623370200263711166,13334895625966480168952,13622453506736350117841,46225747962052137,1,604744948057764376,12924354749341589078741784,12742422750288351401730532,10814516243278833826827,23587311638027962645467,35205127997535411395768
363,2,13702828012931690794472,13418484520115149525428,13790948757385690500112,49212646372672461,1,639649287514318150,13007735547262887169104628,12823245508229534327394091,10814516243278833826827,23642783902433359482062,35676550612262624022729
364,2,13885035694969454199391,13544227833011392062078,14018129752716047212798,50000000000000000,1,673820602796330696,13095793139702511573457790,12908300402981111763062590,10814516243278833826827,23717375584744189435870,36198117556634798778739
365,2,13966566654298401777236,13679753604957312292530,14109785690857130305574,50000000000000000,1,722855543605774607,13135558898517306181722573,12946163949785394221015685,10814516243278833826827,23739351318004935032599,36869401849738757597925
366,2,14053549354238674653626,13761018987944635551589,14139271765959661717632,50000000000000000,1,769159714688050844,13177420770772167919567450,12986306302532127904461655,10814516243278833826827,23765240648392573755627,37343271069025553536878
367,2,14191948216077224286610,13710104298910612347762,14137845845311923727367,50000000000000000,1,794669880161460696,13243389698248365216155918,13050057459869935000646558,10814516243278833826827,23787797849415625048673,37720601825425820060810
368,2,14418299501763641941605,14246531452873492915454,14260225877875269667816,44411014109816633,1,651865047782323511,13354388266921925419554924,13153891086934598817768255,10814516243278833826827,24422210906607458676174,37758409822311326051323
369,2,14520221379425564944144,14205539086634710784378,14477401612357485524263,50000000000000000,1,828493548358501801,13402069306541396280777481,13200115018316861905892345,10814516243278833826827,24960865563904306358941,37941633575641865433858
370,2,14698560165132675185706,14219154286368131969153,14712945276272641111077,45098745666833820,1,745388841553144756,13485314093967261478616080,13280917294198376766524096,10814516243278833826827,25342435242794004175566,37980463753425765317447
371,2,14789433935372864999770,14276300341393845555452,14849919618613185788623,43397065669563842,1,750108734285303672,13527787808902289753780088,13321934781517122162583218,10814516243278833826827,25387208491313102523313,38048907958788044596871
372,2,14861913420034589489840,14413336547961811552979,15007103431763824790933,44239477783036862,1,772208385845511491,13561842793070547914551760,13354668662033895768531875,10814516243278833826827,25388296551351538512178,38212681377336800982159
373,2,15000547520760800481173,14522643917917408411270,15116678352616821801599,49700380719944691,1,819684897177850460,13626449226995459227177175,13416752464892287587394749,10814516243278833826827,25388616747643473009836,38496730529093427869899
374,2,15192092507120556553906,14503940907689166327322,15171771989120345697818,50000000000000000,1,850489905147454931,13715058884963463623992836,13502043983602204505163233,10814516243278833826827,25430413306367216866368,38695645261474152761791
375,2,15349770732086352462646,15152808563186333790397,15170077111082178396260,46426098670755793,1,785454428623120516,13791828217908582158315421,13572163952076673782414275,10814516243278833826827,25661217428010141754039,38744866143886994684917
376,2,15550936708729396508222,14956114294298390427592,15343190409160042829323,50000000000000000,1,913905210124013265,13884258252478649997666542,13660881345622959957630375,10814516243278833826827,26711116835239887537515,39908265908761864158542
377,2,15790517758187864000476,15794667101696740502441,15811284381845938936186,36611917199657943,1,564385438210390700,13995351834831006040354845,13765402098131059035001052,10814516243278833826827,28132186150536635677163,40069368186628340362452
378,2,16019030402824916496316,15640949984190984810346,15859431470894236443341,50000000000000000,1,776963027608592971,14097260144310416773563547,13864818178803726960299043,10814516243278833826827,28427494806423270750535,40550279159013120833380
379,2,16085817128508293474632,15487660173023994772331,15923307542096246449984,39350096750248010,1,601795380361380716,14128145072873952995737236,13893695733951687842809382,10814516243278833826827,28776381031997137679061,41517977777034059206186
380,2,16187466069408548014443,16076850480883972577019,16085405964580209716485,28642692613546243,1,424969998535064329,14174786957042393235178963,13937414950872755123853613,10814516243278833826827,29248009312222335512244,41530865300796182126240
381,2,16264550726191686113681,16142353288855763256961,16333233119530282177175,48642692613546243,1,622464583241182912,14209235344119501773952496,13970521649429392627924148,10814516243278833826827,29462225591370768253518,42082390091409845344699
382,2,16418223737184904836763,16149371002397962932771,16425606699541337919386,50000000000000000,1,639327268765643293,14276668919983430142261836,14036334806553829683751274,10814516243278833826827,29509486996576477664365,42135648763035621934437
383,2,16550780366956885395590,16297234334848585489300,16706788408347154900405,47862203929268047,1,641467037509789801,14335730081812520538680114,14093038523121597464026693,10814516243278833826827,29611016992196287229201,42932853761126603491616
384,2,16782678014827329440138,16258016061147386754543,16740991917517359410696,50000000000000000,1,689718381459369249,14437201958903540688079905,14191280688533716338060581,10814516243278833826827,29647453863327583720076,43187579286023062732303
385,2,16904037262992271260394,16378003526499319673644,17031402352004402029292,45492218756540065,1,617776423572541714,14490532490422111525444829,14242587705888845357579149,10814516243278833826827,29814693220465590582235,43389615378663465302560
386,2,16988481140259716122702,16525614435717762378416,17145293729805811514574,49119804549386789,1,671184107528056967,14527896534106055801999688,14278167822045715771160011,10814516243278833826827,29826056841105365218340,43837308608536853085185
387,2,17256750881997448518902,16590126733373594855745,17325546760194172138652,50000000000000000,1,728951236154592378,14644330311673660148976144,14390338081615372157749990,10814516243278833826827,29901581876319085349246,43951391828155824350744
388,2,17335362616700283109817,16783929231879417392135,17542139517786175456506,50000000000000000,1,752548366138477290,14678909724966265959775266,14423302794810352245912650,10814516243278833826827,29902160243465170740206,44264841509987917616039
389,2,17557143065186335738644,16869024975796083012406,17647988354547250937316,50000000000000000,1,813158136729964425,14774489992740849344855336,14515065266669027843306364,10814516243278833826827,29903486351910156263212,44381696617344448060451
390,2,17827103244269390165682,17993451995028277965736,18027081592667037686880,50000000000000000,1,835137473592569488,14897294036159660285839690,14626410842771861163678631,10814516243278833826827,30089920580381530447014,46357648155553112758834
391,3,18054994452755133245341,18218119844404363507018,18290161148830460128330,50000000000000000,1,942681246664418880,14994593388345445765620882,14719680853777212094436728,10814516243278833826827,30094324964058096220517,48571939732077314369258
392,3,18253002684395437164725,18262286610330712590377,18299195263081069425091,50000000000000000,1,950450635376932773,15076908012517796076884068,14799877770573619583608660,10814516243278833826827,30101976195694370331331,49022029912434429797062
393,3,18437260811474363829183,18232459322735618471282,18406438332399500810213,49517831478975350,1,952036436031543128,15153051014380041101868743,14874383502482638066979642,10814516243278833826827,30207024623265595154742,49080932567046540366887
394,3,18565041292173932067263,18479728096215262773907,18825233610387009258066,45655658492431050,1,900705093270496396,15207673827123217923816008,14926194566050359906315140,10814516243278833826827,30344366663101277280163,50539532124235206885676
395,3,18646523006462599680589,18460418215429202333966,18626581953573187430265,50000000000000000,1,921869549430014501,15241161697124939198980986,14958554078600238890423711,10814516243278833826827,30514488281828906174084,50575266842249919083274
396,3,18853110442092858885722,18390076520398217781084,18779147996258790094380,46628776120611929,1,882934493206910636,15326350426817089036868847,15041216680093011384851071,10814516243278833826827,30789225597580447450854,50882020633365651557247
397,3,19112123788661052936978,18620051631340420180500,19356036313588771425626,40947372407699114,1,723552100427876936,15433402004136158647842446,15144461243568564429179256,10814516243278833826827,31373998465323485632742,51039753931464491750546
398,3,19200988834972619853529,18887694170701542950187,19484948460317012060589,48803910037461939,1,794376596303342233,15471219241300035832051806,15179732563182462833713787,10814516243278833826827,31496728277853586478456,52100039929848378976290
399,3,18943860009262860079734,18668312517322223264362,18719309762355850165032,50000000000000000,1,849663322076621160,15367171690933308136262148,15077612575874803037140009,10814516243278833826827,32991525003689107211792,52227514230795510560250
400,3,18850559694431921973504,18448671986918163339036,18623465549337805624100,37764134019812686,1,450565057150907033,15329761090579478007193594,15040446265878961589674490,10814516243278833826827,33083304470410865355495,52660364087833146245905
401,3,18728769969779468498758,18181145989018314225415,18449957448503905398886,17764134019812686,1,139286531189872223,15280954568724240224425234,14991927152141808701521863,10814516243278833826827,33142881363326665226872,53487121096715103447861
402,3,18644738384388190508699,18755258702452925751924,18757383371916206776681,0,1,144080328514835132,15245023357681267644822154,14957903931915947373471252,12022647335503391789780,33349094829855933546984,53487121096715103447861
403,3,18815016668360205963123,18855566827714287931629,18856345628653586148987,0,1,311502308189789144,15314421858804472159874132,15025993204187273999841101,12042019316701663042630,33366772407083265400583,53487121096715103447861
404,3,18960055882696181939119,18882872566096170131938,18882456230863636870929,20000000000000000,1,365674865050304665,15373784074453304768064393,15083820050198159842743618,12042019316701663042630,33423496280483203029953,53487378243421529881007
405,3,19176542498980431786079,18850359404629371192776,19142629452948729320019,34787241537166463,1,382160597486563841,15461840841602366906461070,15169663484356838751614972,12042019316701663042630,33876393865941258235905,53589976707685799278366
406,3,19318957298300685296619,18722842116535799984578,19184134167065040538186,14787241537166463,1,330679814080915701,15520483105003359454248551,15225975506614415911317087,12042019316701663042630,34036403717145232765002,54232653079406990865992
407,3,19399126605166161054363,19337919901808059059919,19336746131655607595492,0,1,124473039114226197,15550762838800864373880653,15257461223331994793674045,14489571126717093744532,34273273871306756941031,54232653079406990865992
408,3,19612951142282998330766,19818532272533572453246,19827520580427251165174,20000000000000000,1,544574684324390840,15638369090593360696502232,15341524689197340939473886,14489571126717093744532,34659021631427953048076,55055058373415957907680
409,3,19825728012692637098219,20093482029058648365465,20111849314659633327235,40000000000000000,1,687107095744408417,15725327306564815691718551,15424686307012366658556483,14489571126717093744532,34659037391884890041318,57230967602827443530028
410,3,20071980623485613134794,19802395596390581059825,19797194352872310225503,50000000000000000,1,743437492625493550,15822692665399658255094582,15520154948731827932636525,14491838216497140213785,34666676055151643975534,57230967602827443530028
411,3,19987704990804775546743,20062150799948963669585,20258606583230702223302,35339528986632722,1,407879442963567660,15790963758201826685464805,15487521671286057825973247,14491838216497140213785,34844238655661290249457,58592918039275746952200
412,3,19764253369781109309885,19885647554802049326584,19890810254321814915669,43699591511811578,1,512601350331669064,15703570559937643349267546,15400436880898197454981291,14931123016227439299500,36019160601522288932644,59663675253283943902242
413,3,19619795546361525744289,19833523848885130347128,19840377690450925161886,23699591511811578,1,315414030862880040,15647251735640846290070657,15344214015298157499775369,15285409169625310424272,36380139267488766925785,60672746048163700468392
414,3,19385315940140161469614,19261368178121938135524,19258932157364662785558,3699591511811578,1,254688260816883114,15553320940241175578119957,15252090984653264799371513,16301196978117678245154,37406595204699437100964,60672746048163700468392
415,3,19617192932410644470526,19766902789314572528229,19769865332476200601033,0,1,236618022988982259,15646097336405256972751131,15343071798627470743407505,16956515024994078813951,38058132532380366830476,60672746048163700468392
416,3,19725927735211840375832,19624844998219851999012,19622856415830098330447,0,1,137168215396494803,15689337668607891069816571,15385472271092799639357867,16964959566612648675055,38067652833374715027706,60672746048163700468392
417,3,19866794644948864196691,19584895850844315033381,19579388822561782135956,0,1,28937041932918749,15745608424403556509744732,15440666832375981747727902,17260468247957158257249,38362251040142549162504,60672746048163700468392
418,3,19953943645968663663637,19904916008375973617824,19903949518879678861928,0,1,4522584135706254,15779715089044301448525211,15474097727258534145311242,17947876283842670205623,39056808493399105232665,60672746048163700468392
419,3,20185866812802185970649,19929344651983201542467,19924327604207400203923,0,1,240906339507588709,15871465874656304979882361,15564083690864004356008296,18337607908441141420588,39441644535639927356329,60672746048163700468392
420,3,20443248186503275535138,20726441359547550635987,20732054122275084671415,0,1,258053395727896873,15972381829377283722305817,15663047206404458877201283,19631720666111770339333,40735917446742061597639,60672746048163700468392
421,3,20543426827566907282308,20638506221079091852706,20641369107535005233586,20000000000000000,1,610082516807911269,16011506662227159049537506,15701035511223113536862043,19789156032981418780804,40899873955534725089463,61044850390682182864911
422,3,20682591744209677012894,20409388343329806704686,20448235015525587957405,40000000000000000,1,512810735554777817,16065959831465930757901643,15754337777290849065676595,19789156032981418780804,40907712421582027646591,61135060669718523933057
423,3,20400213183198027114098,20439016746897733175241,20440184711115292917671,20000000000000000,1,262479493318674213,15955716722454575409329396,15646175018058743919183199,19789559292445501265202,40918524389769581402802,61287976528696105119481
424,3,20306426005758761203929,20094657982179250818247,20090501858486934617560,0,1,281783890006938395,15919208867359796624082660,15610383533119740370202036,19873845649184753858672,41002633302070100090147,61287976528696105119481
425,3,20145183819594883177747,19920346995998453375767,19915936885565440420118,0,1,73342992519075600,15855911895705337127997305,15548315736198045320563298,19886344480722591185956,41016991905339206878400,61287976528696105119481
426,3,19910292374606197088796,19756675745911496161537,19753654567438879974155,0,1,213079157800705953,15763071436315008740682050,15457271256673167654105531,19886846712860799640111,41017147148942700363010,61287976528696105119481
427,3,20039409276763422797582,19935527935318511145113,19933480913568164544664,0,1,332267432463683857,15814034878054888138985611,15507243470731686685132222,20285964979491181229109,41416992376997270852699,61287976528696105119481
428,3,20218273077433723422777,20062986444560666506357,20059932339845607633963,0,1,103959133888324886,15884517390250234489476350,15576361143144729290021974,20679781500631297493990,41808820921335904622522,61287976528696105119481
429,3,20423403646814726366091,20132315323344757639998,20126619380455023644847,0,1,41275031000805103,15965187214096820726346560,15655477404969120952267282,21312414087527623716346,42439834383226099127364,61287976528696105119481
430,3,20508501450344271491778,20734201410726711878151,20738679092766191626566,0,1,119636191414391573,15998241023023837767366485,15687883273317391309334140,21997814468571040492446,43132640613584180263263,61287976528696105119481
431,3,20718534567809075363253,20674277598948713463689,20673403455079726440937,20000000000000000,1,529840805279489594,16079721912966124905441298,15767774427115366597549527,21998962899588807746754,43134502075102954666119,61287976528696105119481
432,3,20842977698629765856998,20757875430118310758239,20929390278188533240089,18745678486836878,1,447035181726793415,16128272710103722759260427,15815081495706020474628336,21998962899588807746754,43266426964662920621748,61462944034200692516340
433,3,21025171802407089675328,20647915907219915214904,20910873766170057778696,19608523463664301,1,494702266925483292,16199240032450917598194156,15884078061850765569384064,21998962899588807746754,43307820946505183311689,61736270291846515892479
434,3,21134485427675113711471,21409051353639488019351,21414506578682606109289,0,1,309049338228626544,16240969521530164399967519,15925602343410042556408414,23100299556059771110891,43533046904406663721040,61736270291846515892479
435,3,20839931376770654249448,20955159474192181430257,20958636573023502270045,20000000000000000,1,664288954781520974,16127571331962285122617457,15813955655784533375787460,24563687494129661670839,44995285019761279229612,62183528332708583938276
436,3,20581592352027891158886,20677509691326426861121,20679414161062483173354,0,1,205624620332976511,16027280519193958934121593,15715613142091833473441966,25211914688143585658979,45642686599954649129855,62183528332708583938276
437,3,20330042656638720172967,20394942559288422837398,20396230687953914778820,0,1,7246719863530312,15929013306271987642678503,15619255943935932325312899,25783763514505822165353,46209526404237928167363,62183528332708583938276
438,3,20115062370385920833676,19924057586239730464248,19920297167023089458866,0,1,191357770938184526,15844728871844793142761629,15536616788528007194784116,26161931837283802256063,46583738277643926085660,62183528332708583938276
439,3,20222279577126598398502,20074974716110889175656,20070555412133910240496,20000000000000000,2,419723332171683902,15887413558837190661176862,15577894460425920642727084,26600270407961961755552,47024543688881518611390,62766918346485711348350
440,3,20462047300750745158496,20661591100520316376921,20665565754384676672953,0,2,274393719057822723,15981402836565233725818527,15670053620688769476010661,27328872867190982557404,47755517992326663915874,62766918346485711348350
441,3,20673030336211035372418,20717116204120879170836,20717992645788382477411,0,2,143778529372355092,16063403224500178432448286,15750449414760806976964626,27329488006430569147646,47755774772937974494370,62766918346485711348350
442,3,20864613104755452773912,20936644450739477325623,20938076938046992131203,0,2,175297486488872411,16137678409431388048026872,15823278122055128691955606,27431013523450018031035,47854138639709726745481,62766918346485711348350
443,3,21060049179390209567836,20761818855466160979648,20755957482134523233578,0,2,301529940713654810,16213470164900171022039053,15897608490790636561171252,27501009190047675484954,47921181918764779015823,62766918346485711348350
444,3,21299301932349965554931,21209489101595266020147,21207710321537225965450,0,2,129598560907535875,16304928481949513437490813,15987270244870634400363429,28832410661243644285041,49255647953761443779054,62766918346485711348350
445,3,21473757339237039336099,21777467763819259044024,21789474127931379330490,20000000000000000,1,387081482394671607,16374126087867344591815925,16053000084967768759057978,28832410661243644285041,49567512068093654379386,63918915700924056952970
446,3,21573558408092501676168,21848080793596883821241,21859354721179789386664,39956600796813805,1,579638749183083058,16414177497563956865202441,16090180567009066602342878,29013965173044941129137,49766973451866748201516,66020666824496017023002
447,3,21336447944534538900856,21418863580864051631231,21422252599324326427902,40154297207117838,1,598932149034749825,16324075280309065560914303,16001200154359594601003402,30159707116703025395104,50939532888709235703274,66664085893042013132503
448,3,21185705836433552248594,21095406835904751325147,21093590697985104456186,20154297207117838,1,182965147682715846,16266315109071638265785450,15944581425366299535653334,30403294774757146263631,51185255263001754489410,66664085893042013132503
449,3,20994190244150305257940,21264597173441212699432,21270092838223522351030,154297207117838,1,53172150808095594,16192928280636583246639446,15872650044882742000699663,30450115922550937446297,51229521915990748530589,66665407852020507670331
450,3,20803326557263967960032,21008121577271060314527,21012264429381655060475,0,1,68804209572857857,16119016496183146368732589,15800194665907609106627931,31419178722100141118916,52201934216130027020897,66665407852020507670331
451,3,21089563668861681423347,20831274085151688245796,20826111032027157300486,0,1,123870220188290868,16229643407605173256398126,15908637972573856815383512,31449549321374577620736,52228747132731155832793,66665407852020507670331
452,3,21375180462452711259384,21302407394670441586291,21300942745451171784136,0,1,242748136137890188,16338886777747672040198525,16015709217698420347485135,32806413855574916090149,53584478705780809769810,66665407852020507670331
453,3,21492712454328371696697,21651852866148932246850,21655070177963685797183,0,1,142165120841296280,16383832732856201249408262,16059769651425116694813199,32968408692413614284828,53745734019431018892002,66665407852020507670331
454,3,21736558532591874636169,21588842342984953136639,21585877115787829426550,0,1,330689544123499274,16476495861810825109637713,16150599305015153149988648,32999807344443418812083,53774213781899272530863,66665407852020507670331
455,3,21969024806111625819265,22190145157775447191511,22194618508039435470957,0,1,268283281774024248,16564478641557099354619295,16236846267309048229143879,33630790976862488441635,54402488476080024954813,66665407852020507670331
456,3,22133872751891568969418,22213569086060549324489,22216002259343631841410,20000000000000000,1,528709319560776105,16626630033091783672870836,16297465566375880984258167,33644190177624181363142,54417790748455554946993,66966393014747283721420
457,3,22323048297553333113435,21895254014513514389909,21995980410649034981497,28979497291802268,1,536626459206147109,16698286278297006686910311,16367381266364139516110150,33644190177624181363142,54465062157283190074851,67251716046838557066803
458,3,22466913397725565925559,21929298729714753605771,22502255174061091448843,8979497291802268,1,193710755675865833,16752510543507530942260336,16419595832262038105026875,33644190177624181363142,55386130062968236063041,67251716046838557066803
459,3,22287850805487478099545,22154624608349881098785,22151945632157519887396,0,1,217215962119885033,16684469293448094889767522,16354103798604787764228380,34192751098792053852580,55573502310842135042249,67251716046838557066803
460,3,22142724656140861430802,22383356015481331945845,22390637954975161685508,19265279272037373,1,368602818824430203,16631105242705676867188205,16300948766861774035896649,34193351161812652240097,55573855515977700049715,68118527452353692914781
461,3,22004403188644902732961,21937062844142892668431,21935702079174369344094,25324768457107330,1,491995240072793478,16578855519873865820791374,16249722575022043060667472,34797566355331850420291,56188853766335730055413,68118527452353692914781
462,3,21836327842890156659205,21647406165022241464408,21643604973785486765991,5324768457107330,1,8792286122051125,16515553827272329262797549,16187683044441148051215569,34841298541455491650810,56230570120161064818193,68118527452353692914781
463,3,21984097691752495779366,21757723386678891494050,21753174421322220525493,0,1,203905858115297432,16571406792001978122985965,16242429820593420274248324,35334707434486041460545,56725251720885102334739,68118527452353692914781
464,3,22181024084483851851381,22320561200214088340986,22323392007543333663301,0,1,93674522802633416,16645320871994303988224481,16314870912069126197467047,36107197488252437029636,57498928012551054289040,68118527452353692914781
465,3,22449557230490680709040,22189505337180948865975,22184284827891481069888,0,1,305623151272735771,16745977352152656365640674,16413537183893953363308876,36176708249198223880849,57564093105221325640973,68118527452353692914781
466,3,22625792564346877700135,22431852565073542598131,22427950161548676656904,0,1,181314459458809392,16811449620509613244240010,16477704525206542294847259,36973407554040136803423,58363963086226016370161,68118527452353692914781
467,3,22739446408894846868143,23004397381954883101730,23009779748828690934280,0,1,328687620994465930,16853746937028908939232216,16519167201895613190575979,37364162434573002121181,58756808406293855097790,68118527452353692914781
468,3,23032006353188873836912,23107706431097253243664,23110308837975772796369,20000000000000000,1,558952293455373196,16961940877449962924158495,16624826981147491709816272,37364162434573002121181,58758745579713257931596,68399777032572294368944
469,3,23150622375439893465080,22998664330236479497150,23039067447954911626217,31865206771308393,1,590190684348013871,17005631523977465535726595,16667605975325649330870602,37364162434573002121181,58765074291033689921294,68436037442432664329885
470,3,23288689920440902409249,22992016703899325757374,23281778835921912225421,25423513452074255,1,454275002942518521,17056523901337994937159961,16717185325283016295821741,37364162434573002121181,59007750621572042752694,68451479135499619707058
471,3,23107709714615785371284,22619417418069524651990,22724788576192445728357,22682608619690380,1,444840630838795795,16990739783626783016847585,16652683677598030938259814,37364162434573002121181,59124983106433365953740,68785504335085128554182
472,3,22903019643785480655840,22591962458931256002315,22874480186557682943109,2682608619690380,1,9235090022498327,16914750601783850386089424,16578188759560149761996362,37364162434573002121181,59251462441050287979432,68849392640983177027562
473,3,22734737277886649258315,23016815708885369371664,23022553639326571016958,0,1,37346553761156355,16852420970184540603129611,16517495020125900387425163,37447765522590617214848,59328991224702548935521,68849392640983177027562
474,3,22458892340703537714217,22169532302785173601158,22163722670753097058076,0,1,328172820471767376,16749905851442566755811622,16417018640003154333976832,38708467518931703852243,60589868251783097240913,68849392640983177027562
475,3,22677116011803638440259,22504813067949279820378,22501339475235228572706,0,1,296025632448678521,16830853650165103523949167,16496348430744117394282940,39786594924741499373808,61671178320586893415378,68849392640983177027562
476,3,22788289234584999820605,23123408015379921465044,23130228802603621148202,0,1,49323114044993776,16872386129458147656684120,16537068535028105601337474,40117053225883699353863,62003106232410450709125,68849392640983177027562
477,3,23059278762441719337302,22940593793069668407985,22938196605050279435562,0,1,266127544311870519,16972013949790851206671300,16634700556112094721508564,40133415985024937576711,62022730925907348758468,68849392640983177027562
478,3,23376830287450918406735,23165573738177714087985,23161319577449594626316,0,1,140657871042247919,17088595135859794290511768,16748969499077192667650915,40891392899221792849999,62773908770098123458552,68849392640983177027562
479,3,23474572657442246560508,23109590375057391508614,23102277589251611685055,0,1,254239554839685685,17124632191149889100264128,16784304292538751783410589,41267218477795929955949,63152546851141135560002,68849392640983177027562
480,3,23797172755268664955029,23749231551776738013887,23748260907077000993379,0,1,204885701949758854,17241378149697359388465024,16898709278501693913269066,43119855353285293811232,65007777449966269720606,68849392640983177027562
481,3,23974535111348617331163,23876622960211754461196,23876939828803089315646,20000000000000000,1,488680207050095132,17306355949717300569682543,16961592439313571698439905,43119855353285293811232,65198438235881238433436,68850324924963966936535
482,3,24080730822544468620493,23611443944423679082709,23806741355610981853294,27650778326630557,1,529786289575685064,17345446470754471283630039,16999359688670031426875907,43119855353285293811232,65351919424197521266880,69254735113547426987944
483,3,23793245061715289567823,23576979242526870798341,23757673847140341226442,7650778326630557,1,264505902396443393,17240941980300859642933251,16897310452191927649567288,43119855353285293811232,65352598632347690171815,69302897514512488429575
484,3,23525184541767246480687,23641864561281353804883,23644239205837661711001,0,1,229644572605455786,17143420338187362838879161,16801905038159476168537949,43130220023380288894286,65555709674966466969833,69302897514512488429575
485,3,23317745174663539492207,23248834701079839803810,23247437187974970562603,0,1,276551090750480835,17067636186385348255468448,16727629240278257780684561,43536775187301865911636,65959985023201252949596,69302897514512488429575
486,3,23071557237990775162184,23358608921124752571659,23364461969553282521116,0,1,128199071511268467,16977603230227521449749852,16639402114010882283007241,43661113640521878321314,66079939980414357331126,69302897514512488429575
487,3,23351668714563001588239,23197916027744963067151,23194806595321259482278,0,1,15145565043973567,17080121464533363126780329,16739868788669794391696096,43661302169664807304960,66080567674440132670640,69302897514512488429575
488,3,23640966771881247426656,23710881362184317667399,23712303524615857135058,0,1,167888697112295927,17185521484747350935373976,16843166124484485028089334,44430176347704730536287,66844841555133049874844,69302897514512488429575
489,3,23936972152525420584540,24083654489551323960799,24086640617718025567557,0,1,276505313616301503,17292837432940267907738214,16948346699294425250900388,44624856031877918304754,67033238881626450755650,69302897514512488429575
490,3,24227068864562789455530,24458809338384386508513,24466422189755180271855,14845371655212283,1,459770248821040240,17398432948976528033757890,17050860714523999784783851,44624856031877918304754,67105263671019160622076,69917649901224623250334
491,3,24350399333608124939223,24666240092322849516844,24676857467987317080428,25226269759371840,1,588786325887983517,17444265990312745565313477,17094377685784933492618496,44667880412399594863322,67153543265974734821740,71341246147283558511453
492,3,24679732075457827081989,24901965651998334788423,24924021699009039871838,29763819480415304,1,646449909841372455,17562910893317528354588095,17209415098322420683932932,44667880412399594863322,67153572453526118014083,72573006931500298357089
493,3,24997249037036698263036,24752330061457748843270,24843677756112116939393,35189845622244642,1,704738655975779712,17675564247889301658028051,17319637304189442603393557,44667880412399594863322,67172205448509196057858,72672762494425300712451
494,3,25334148416198410826521,24722582163411548267966,25302713652590930211988,27667250854313432,1,507828401752407747,17795388982653604945056988,17435879620858907276835321,44667880412399594863322,68005209829103283851945,72796911382234603964338
495,3,25015729339877825801241,24954445379446168077898,25256694492843610398365,24165130106195757,1,465607251966816951,17682907526687387562393131,17326155054350392918993066,44667880412399594863322,68287009015173674866700,73315812244048149577678
496,3,24896314921137718794526,24851243860506628688972,24850316622539582595972,29444208660173715,1,579782174112646244,17640645684009398133652950,17284560581172374283675300,44679873987736261249999,68733251909803578106553,73315812244048149577678
497,3,24740466519107999938304,24774594915091704599118,24775712661951712839464,23490732152625750,1,412332094436404313,17585485743296401539891017,17230372853008659972655495,44723747867279127649691,68775525114713465629320,73459729119202218777587
498,3,24517353236540138084007,24132763556946236863443,24124932674032109100970,3490732152625750,1,285385123063941891,17506554734638908484023262,17153057698036725748707423,44962142621419810697460,69011129476091159470982,73459729119202218777587
499,3,24769218869932636939429,25131980779150038715689,25139484936448110111103,0,1,342414275377380267,17596162119468859857420083,17240852264127608668146668,46452582844557831082303,70508113512541830100236,73459729119202218777587
500,3,25045157533467809569202,24622596172111021896729,24614000065779504178948,0,1,309331999424032261,17694077507304640690674684,17336797508302856882748048,46479070495358375913073,70538737218653823346260,73459729119202218777587
501,3,25179152615178371156730,25579453791133468308651,25587737089114559383559,0,1,2321208807720385,17741256883723393619329088,17383020571473121641983368,47586996631536639335087,71658472281573492750115,73459729119202218777587
502,3,25388444930574984152446,25060396407530281019658,25053702422229250574329,20000000000000000,1,354551121784155076,17814660722086840131651137,17454935022808658928891477,47712096404711082486784,71791864184634741967397,73459729119202218777587
503,3,25673261776184696782417,25921743622149204073021,25926877349487364234539,0,1,94760083293233235,17914136721205299671390890,17552395388759590038802318,49019308906106802834147,73101160167911010733647,73459729119202218777587
504,3,25843669539118424801588,25692279758150211583501,25689173660102890456511,0,1,351169251744437296,17973360561229551707003268,17610417993492250136887227,49039751338648275574242,73123905969161384406141,73459729119202218777587
505,3,26045871556388049117677,25911848184367142035650,25909096888368803863363,0,1,236021897838992735,18043517927206872317024939,17679157920718787720071820,49461144555945355847227,73544126230698045779806,73459729119202218777587
506,3,26224715422563160352086,26435586596533332943145,26439941473337125619847,0,1,306704306592533022,18105444746047924758074540,17739837682776083936601445,49787148474902820258533,73869223997745586415303,73459729119202218777587
507,3,25885097242724790821455,25578947132744470382944,25572694691480019287779,20000000000000000,1,454933939284502561,17988001221627589905641540,17624772795133700987549840,50782857200393170833702,74860159039224991887019,73459729119202218777587
508,3,25530899142975921427598,25744508692213801005097,25748920484453334321277,0,1,10404208203873804,17864347040725723934841546,17503608993824685772459872,50790751161200586476795,74866013017048428260176,73459729119202218777587
509,3,25301206883118937226038,25701803364922021610880,25710092638735581416068,0,1,79274246924146759,17784200202071060091276160,17425096584926364271647571,51461401159262399193414,75536149429398931162012,73459729119202218777587
510,3,25130855616958797974848,25042873912798494412334,25041065496338249306037,0,1,55643227908083062,17723709722130062257678736,17365806439345525466582523,52579479237418640315349,76663325827310326060868,73459729119202218777587
511,3,25282924142209112752336,25025165349466339720115,25019894534191612666296,0,1,260836599240366674,17777458546820480767767535,17418478270332068880879216,52781717953281899949217,76864491978659090155164,73459729119202218777587
512,3,25575800396222849319891,25551891448035672654613,25551399043949109148978,0,1,268304851553211758,17879895975533490990825339,17518837708703125826950956,53840444019396284478758,77922015276554875903932,73459729119202218777587
513,3,25854682996555000599186,26293245759341879989662,26302323206736255270894,0,1,75504430564925058,17977748097370397376287379,17614739599962144561513040,54152298081269293076678,78228572410129322090455,73459729119202218777587
514,3,26207044654391914453528,26340145553482004557097,26344269763547477162263,20000000000000000,1,369060968811580201,18099720427843853850469277,17733772306963604482560387,54176694859819062001301,78257765996057402888826,73921005858730834437457
515,3,26516209030589288814741,26537935599957789166665,26721546268828012839597,26979412327302651,1,384288739834945996,18207044663753737647412410,17838140093791227099777826,54176694859819062001301,78352130301476620815270,74621825709636361335957
516,3,26728062543018575050570,26826240506039662043454,27028042002722208692027,30713594954409960,1,453499071948834903,18281207016559671671846611,17909403640914065513234321,54176694859819062001301,78352263394107490582286,75801739089979422563414
517,3,26966749498208985253179,26769478861360344623490,26908355022620150697033,37218003660279690,1,545697701010125496,18362745890304999201906501,17988923651745324459019100,54176694859819062001301,78363853471765981787862,75852267586504629944389
518,3,27184451958438290858846,26827841039989282828982,27245494383109521684182,32952885519902060,1,484336409467402620,18437332211947823637958815,18061390693700373911616693,54176694859819062001301,78599127257638936721939,76033938490982648389513
519,3,27044009772383715958068,27107749951774837355950,27335642027354629077676,32267721342637258,1,509368599588391006,18390825473689189504793515,18014923013085798906095397,54176694859819062001301,78723193225194525749079,77208692024779703192450
520,3,26754217171511421594028,26827956111874432394797,26830974321220880561876,38417279689162603,1,619429704875095999,18292523795654552338733503,17917903471415417762543953,54570735029774412490850,79758454275992623296254,77700990310868821282917
521,4,26642730867367863837603,27092958808798400481136,27106739386142334715122,18417279689162603,1,264891966109570161,18256422126026228109852752,17881180018759871790582525,54680259005656434453528,79869247510961470199594,79103061611688074306791
522,4,26530653889804741138816,26794313294500271627489,26804406210434818578892,32962453430679795,1,416239666192022485,18219078803504047494055261,17843100463258025896962641,55681923964029273601406,80898473481259331119930,80603941055469327346716
523,4,26340548683528516183336,26297517630989742249801,26296612001322437681578,12962453430679795,1,97681513000729596,18153471277123153401611359,17778830232388356476652223,56343920059653624227904,81575714074223403580686,80603941055469327346716
524,4,25986188239368351342662,25750637335449360780971,25745708233282305003589,0,1,255675008710480649,18031128976790430001241383,17659020288370256868197801,56663594190320476763926,81886982905699163007586,80603941055469327346716
525,4,25754857811431598110270,26068031273541733468566,26074650927397605943594,18178744898065801,2,487323815694189567,17950834265097280059987079,17580388507248172141637223,56663654454943817565251,81887260345237391474935,80603941055469327346716
526,4,25380907870900090467879,25463411558923421946217,25465151543785790324798,0,2,212386617379178591,17819736455493601461940631,17451983570189182379633929,58253099235419509572225,83473636295655929775223,80603941055469327346716
527,4,25182117204024887003630,25018303716863399177032,25010309277404985894735,20000000000000000,2,454046963160491637,17751470394083781413653243,17383582690108965780037037,58253099235419509572225,83745082092121521349221,81192664730418071142079
528,4,24949167375875423249126,25448820971291339204307,25388230292405656557562,34721804933098606,2,576193770749041386,17669948045839735988890174,17303548419722797721780153,58253099235419509572225,83758039891912211882608,81385925416210707382032
529,4,24752844208877776077165,25127185867049884305124,24435475818317390589320,14721804933098606,2,240536212222628959,17600752287992301857474207,17235036886101586729084017,58253099235419509572225,85141968265400279428500,81385925416210707382032
530,4,24481591848039312176229,24876467246061545802411,24876327893789965141024,26102924411499046,2,366289649195423978,17507107911635447682225756,17140533629924859569410395,58253099235419509572225,85149584910738394584949,81397784861640514673393
531,4,24138008599876273433417,23932726521692501812020,23912925698306180622376,31959671250788613,2,455194951802573055,17388919425477863144868444,17019472936821995515940663,58253099235419509572225,87080785746038668797303,82646322791839139524294
532,4,23979592129317440485809,23622341905794684720303,23605357455965735103623,50000000000000000,2,675002799084813522,17335442517430099006500821,16963870568933508590171602,58261390547375234064297,87097220425074301528651,85958032764120206697876
533,4,23689110904117636857866,24032426842014812057991,24039975355475106455518,50000000000000000,2,722277380069347888,17230085193607117058744412,16860744155987986283796832,58278548441840919126831,87123657945838295875469,85958032764120206697876
534,4,23473918974017517730023,23948273697552271463438,23389506661894259086148,33157431916464293,2,389233192376320725,17152569439012922030872549,16783561648702405045164894,58278548441840919126831,88314839028107726487643,86111107689403184444344
535,4,23317796872122597422068,24183536680141402875185,23555055564388577428831,33580594417413983,2,417909631744499013,17097419090015875452041518,16727843012233928766277978,58278548441840919126831,88334553831923066736175,87215702915648837297751
536,4,22988223709466588382465,22795110235537878621052,22781384511626558661446,13580594417413983,2,218594734544742840,16976962236221007559670084,16609163687064744909968436,60771972975973481646563,89566399181439731700262,87707772372669409801734
537,4,22850034437859135736392,22638145020894365791951,22629797480617623891200,33580594417413983,2,621180113085180544,16927241121018478207702778,16559192112012298831992485,60784226349086788293656,89585138638174843633777,89046850088424480626786
538,4,22671566215664573616661,22776208830333070168930,22778537475825552220450,50000000000000000,2,647695177658496981,16860868927320341454316282,16494250563297797294154820,60788813154713982361496,89592149667128298380693,89046850088424480626786
539,4,22323894765378734841817,22682105657623410709630,22228533638655612979328,42433164551556044,2,529909513150331042,16732324831726346474875093,16367283357096220423402915,60788813154713982361496,90423758795642605118785,89449414388250276882149
540,4,22193225482291592899760,22384612306999375483236,21892415298929916498780,43383333062725555,2,556871902390379427,16685358397917805624139019,16319653964756656239983225,60788813154713982361496,90428913806956243672740,90683282679202986925675
541,4,22085249505956313384492,22651190817737017949038,22356000401796133120168,50000000000000000,2,639329956122963244,16645898171277545404849428,16279828966190036477185688,60788813154713982361496,90585416519023184952663,91336029972130260329365
542,4,21767421913634827615367,22505639205678337419265,21624547916808435487485,37634455783649691,2,356417620075448390,16527687508333145256068310,16162051072842670458558801,60788813154713982361496,92023527751261002572806,91336029972130260329365
543,4,21620332876254445889266,21656337245089893347661,21638997337795938148474,40506552542402568,2,424070686401907300,16476226695828399067295412,16107266770358210986562361,60788813154713982361496,92023604262621568045469,91338845709407747336181
544,4,21463597002015001859059,21544297104325878881427,21347629971912700105314,50000000000000000,2,677185801209098100,16417512497369751953545006,16048833413434099688265080,60788813154713982361496,92156487834307777859482,92238006057202125302537
545,4,21244139320206563765765,21661535297282759318794,21363237470549838607909,50000000000000000,2,699449326597110396,16334109404436907021272031,15966579587603928319347514,60788813154713982361496,92203621693689871789118,92546673794573844431765
546,4,20992386647848952919981,21524989074506405116378,20856208556242629268420,42977521043566502,2,558845333008774405,16238672632731027126542803,15871714061478376348060129,60788813154713982361496,92812026770500567942545,92867637054673184701230
547,4,20664887099995051926950,21797735031495226683020,20938324930093031831137,45747169380084294,2,606289373300933300,16115978153420824055129874,15747677855484372631384878,60788813154713982361496,92979202723274010176542,94915009638012651783122
548,4,20395447209040809793317,20151574032405166099484,20124609997734854186927,25747169380084294,2,267109319763367035,16013474987067185618590722,15644689236240385359258742,62669921591425241998037,94328716715630582614011,96204879843309492445436
549,4,20216550051669483475511,19943940796999687337676,19931074570315593819716,45747169380084294,2,723022952915610083,15945710963383364011045191,15575970831123871426325074,62690573707175614538846,94369167652537913813209,98720645684314332227715
550,4,19934368927286433599136,20097807221284126111751,20091857616782886712757,50000000000000000,2,748787850594881359,15833802536853245224868694,15466613414748829258340715,62690573707175614538846,94369220461786626677239,98732428120217531219698
551,4,19773041260038738487391,19893559700248480761557,19564748361641207873784,41095551758074229,2,609883127114081244,15771236779842549785964590,15403997785946575010865755,62690573707175614538846,94861847282049279977491,99760162036016471890700
552,4,19625256641040854771428,19852910698107565949726,19583495223002586781136,47107776298790894,2,655362436581640487,15712765317586648181335060,15346118299384238265686554,62690573707175614538846,94880138728315412893379,100038400458091078096684
553,4,19529089378596009988845,19793818169586906272033,19468664191760844761280,46312288921988471,2,665133853325955964,15674869175715776737410526,15308482458129046010079551,62690573707175614538846,94894948908195085310552,100399560363105276030484
554,4,19418988079803137019934,19936767030799481149610,19563971398814565461417,46296418717258918,2,681580546577964647,15631619439880528437128780,15265355556112616146183248,62690573707175614538846,94907403979021163654773,100932749283161030135588
555,4,19332921580304493051193,19705206567122177192966,19102182706730546253763,37799801026123365,2,464535733696191300,15598060247507995622272578,15231658490754860994014517,62690573707175614538846,95176125410626831578523,101283629258865756884878
556,4,19135935761469312096936,19544163362123073100303,18974499101991685289497,45035403485880568,2,575680944801746974,15520019926010526919423185,15153723954470929999802940,62690573707175614538846,95182029037106466809762,101814930743169326212978
557,4,18885460238786478880398,19659539865475624847352,19001618996925100325465,49373904292070325,2,641092041852739409,15420363627476355531981666,15054157337261907853809339,62690573707175614538846,95223660832654778788731,102588787016762292332334
558,4,18778300208586729948260,19392102064712623220963,18517160132008841931037,41968889928757641,2,441814772900333577,15377704105093405749750091,15011683808423252253849828,62690573707175614538846,95485918759218026554425,102588787016762292332334
559,4,18603560843247625713274,19563623320736205736213,18775654106584183192332,50000000000000000,2,587510417790857875,15308854011189577961785325,14941467873640392408797100,62690573707175614538846,95526391466982450188960,103977558976701262094210
560,4,18428412343986341002963,18669885292664298319490,18658583727336492241593,30000000000000000,2,312244636420210574,15239051019556631230608143,14871094992530984510468725,62690573707175614538846,96174154328661955517185,104012400826777583467281
561,4,18146004855654324028608,18503810527329373973898,17978774089522679507433,50000000000000000,2,680249136052782186,15123970881163559457557065,14756582422506283443264571,62690573707175614538846,97605458011370225244523,104780064214046844354609
562,4,17942982262124850040065,18656943591629626561863,18097538367507294120698,50000000000000000,2,716484420534454450,15041272658740162369676905,14673777528402562216810413,62690573707175614538846,97612741859529448000527,105726538247977337801265
563,4,17746074885858323194531,18546660282288050367063,17639054188569178416739,40631914985079397,2,518124685006123845,14960227752713094425744803,14592972507235457559192986,62690573707175614538846,98314326300641603884374,105726538247977337801265
564,4,17551651772208706076751,17509553796276626051447,17485503733132471097686,43072459309023730,2,563483667419311079,14883984749801412222906484,14512772718708683957060975,62690573707175614538846,98359088617163851259849,106299686284231261426081
565,4,17462340814597002696793,17400041481524577115441,17347631105564753715269,50000000000000000,2,796213244780361520,14847277236480547054752119,14475854561967258946241996,62690573707175614538846,98362268109405017195786,107427358278517203211900
566,4,17208028276605441295038,17213794732735546333223,17015383483132980228494,50000000000000000,2,810018040610938456,14740782432335059916372158,14370208160551267919866874,62690573707175614538846,98479536662912472016401,109012134882487921389132
567,4,17078288706153497098809,17403173006584148649570,17271803355846962407295,50000000000000000,2,834111730248525224,14685760050264304027852651,14315934092266722273836651,62690573707175614538846,98503904094886407459633,109322177300218310167195
568,4,16984838375096613851877,17525811980851697848916,17109129064561535335822,38382112852567881,2,579528024542257368,14646675120885655069438199,14276581147504374390672537,62690573707175614538846,99004840305270533517529,109943162289364638062845
569,4,16738839735030969333462,16728487256518021051602,16715910103891547184623,30030264296081582,2,421261952467735429,14543653110371346989837112,14172726314291608104794340,62690573707175614538846,99853003568335505039714,110085599869344755354812
570,4,16637330289438324624308,16834600752191708220504,16745928880018202829403,50000000000000000,2,683831173672120658,14499738598896425534283358,14129758535905664422346435,62690573707175614538846,99892218384665480608153,110208545841678847749720
571,4,16485807888380969661150,17012794235828174468416,16666778467406987875574,42230627427604813,2,563422000566098269,14435095956921151352328671,14065404000031876030482103,62690573707175614538846,100323122285565088315438,110994482097163055907402
572,4,16414749340500552396381,16845052746578683009003,16249065568351145064444,30956189000516060,2,360865303364151772,14404500368872909744615607,14035029756830245528791139,62690573707175614538846,100730434105744542015595,110994482097163055907402
573,4,16327885220853491435318,16715028734906164897331,16198176951566470252508,36713401464908283,2,445389764377988177,14367163290053379675901280,13997776201953947972265122,62690573707175614538846,100771405021540697625265,111166115938057525303670
574,4,16143780374668843845678,16640790526600696073964,16069962788779120176792,40670709101570260,2,508879835318681442,14287257273067296857753126,13918562488353007575185076,62690573707175614538846,100791091802607417742161,111272924375737632682017
575,4,16003485234585441200352,16737626032418103495869,16100959508587381197423,41880123357163120,2,546184340350889548,14226983371467066201615776,13857979402705536490506821,62690573707175614538846,100820858323492812707959,112074664173437746795670
576,4,15774870084746045414296,15787300735452629112815,15770746632602263687258,34544874141376920,2,375896784796221373,14128811087565713928133730,13758577115796953295354853,62690573707175614538846,101540850945607341952154,112104821073102718795208
577,4,15655956530062746967528,15859461494031415186548,15729752810117980786437,50000000000000000,2,738528398732071813,14075750073604825847931836,13706659586074713653797479,62690573707175614538846,101632286692580146380070,112237591421379109004663
578,4,15466270846309020933272,16006169602248775596015,15615061152915876725567,43699670015879585,2,645298153047160140,13991987439820283630521371,13623490869223064280818959,62690573707175614538846,102118223695189039954378,113038285571659049177761
579,4,15388479002474106811795,15834579740382844283718,15219558198550928372915,33526348229621617,2,449159438358295320,13957411361811843375346931,13589237379264001792771142,62690573707175614538846,102481138502182235066921,113038285571659049177761
580,4,15265930691017491332820,15479916973871409798664,15474138825628178215690,40008105176517319,2,530969657236128617,13905772743876409412727952,13535123669872663512344968,62690573707175614538846,102496797269640848346174,113063664257105493712221
581,4,15097541856363713193298,15674675099660766428045,15295171212518170745564,50000000000000000,2,662612407178888055,13830964988272421281464097,13460243794244538223201861,62690573707175614538846,103518155728923471007156,114130462476883645830039
582,4,14975870469595101920366,15697937620780957559161,14999231613852117641765,37080954743663565,2,392891948002246355,13776514913001434917197496,13405616538949073183494891,62690573707175614538846,104263982611189064535535,114363071025837437011007
583,4,14750412284111962016546,14914900147193960331275,14903437563855998819477,33345135591950975,2,360176332395670149,13676045784428855354670952,13304497777103854888427784,62690573707175614538846,104729343822589829165554,114394259409342561804618
584,4,14631650123379250327386,14894476169893701480186,14610728561448637558177,50000000000000000,2,682156286913664325,13621448190795621881362348,13250656261305678476904290,62690573707175614538846,105290413893372787109375,114543978702146072533312
585,4,14488073193489376908020,14969201750656022848542,14563835599575635023530,48641921492470003,2,687421923227859369,13555722640082573733904283,13185524664979763650407140,62690573707175614538846,105407551039291914543161,115010716834920259543373
586,4,14323447156726574132964,14869618471436138699601,14225585746529847832514,41971541177572620,2,568777326047369080,13480013853859963680077936,13110430409451007516342690,62690573707175614538846,105861514337517395102145,115010716834920259543373
587,4,14140607565097663533724,14138933412027830014507,14121822298384751123034,45033850511669323,2,614022825814152158,13399224637162380632063689,13026410317018582805732068,62690573707175614538846,105919967812505184763128,115200798129252260121690
588,4,14069380624701564520526,14162962598693551107603,14094036986276551815528,50000000000000000,2,806050126906919746,13365509157575488909758658,12993563672036429580482203,62690573707175614538846,105942449303785428910074,115228615769676309071776
589,4,13919740951078596755272,14010795345706065637752,13763671855765309225434,46084948017236324,2,768976838611428744,13295938297173005098655681,12924480666985923236424330,62690573707175614538846,106192610800014351088465,116293470828746320325114
590,4,13808286123021497792693,13901464533597983752488,13695440170472048640011,50000000000000000,2,801395007655665256,13243938478932962867745818,12872537547725423046230671,62690573707175614538846,106209462498582354527120,117241804226107403072671
591,4,13686336167271928245004,13868267769240545993272,13652117600050172116236,50000000000000000,2,823807929776126460,13185943137304320566742981,12815470779892510909321650,62690573707175614538846,106210170845210484044912,117522683111496228127583
592,4,13608068915129076835640,13834971853389783895221,13573927614839063645279,49492383878529639,2,831080253918445576,13148750302909092889801436,12778774769097905543149356,62690573707175614538846,106226853608049451676875,117773674460402786372008
593,4,13401856156179965827069,13838573937145686838528,13405503940788258348779,48995514940481999,2,839410364040161678,13049974959678238396918211,12681572333585696000335229,62690573707175614538846,106484857284006590589134,117800678883590080511704
594,4,13332396431804130101428,13881466710004096261501,13375716540801445325741,46278575882298036,2,827212109668740726,13017089945058813667069678,12648682859723736596902677,62690573707175614538846,106532138271983258090450,118174846552167718418951
595,4,13236441563269348495195,13154262532297455554935,13136433495085910310149,41199647058604497,2,663303359135022076,12975001830311169478422111,12603157654041971298673016,62690573707175614538846,106704738425007640909194,119132372121806798143674
596,4,13042453518654236687468,13291672070150128562467,13183327441704058443973,50000000000000000,2,885851824207339321,12880087003690136759900307,12510553875038859178801488,62690573707175614538846,106785352853606404053008,119411366662815938157425
597,4,12907525378518962879399,13191805011193271458958,12807200054764670531451,38840145061490199,2,626345747338554920,12814434687586125548230973,12445588063260347656369878,62690573707175614538846,107480756544491224253657,119658022377177851565598
598,4,12747249396198632762022,13171269562767761076974,12726729266973361936063,42625040609663687,2,667814255959916458,12735791206639532911550899,12367986578751636474932687,62690573707175614538846,107514791526088953453845,119703969405255020834872
599,4,12608242168411816754185,12743269583040454441261,12735400699549552710109,41423286540808564,2,677068227972542482,12670435657936487752779939,12300516855872410295382871,62690573707175614538846,107649314455015796819282,119727539243042137348804
600,4,12428149943611570674536,12613650326437665578462,12296283923217701920322,50000000000000000,2,814235673727310934,12581439816946297561526132,12212372486071403243924578,62690573707175614538846,108559761124579652189457,120566322294982888062016
601,4,12297788564151706899139,12502462553980827738988,12184710009844315763979,50000000000000000,2,840452356660880014,12516787953690984661187443,12148111417028477707690596,62690573707175614538846,108559783858743595524699,121280725633732086566747
602,4,12181094303766685000633,12595431572235748599562,12275651119521550064545,50000000000000000,2,861597051022302842,12458578174745342157169247,12090298453731860596822406,62690573707175614538846,108559916974211104374298,121876651831772102643471
603,4,12126443538379685333266,12606663686516281286865,12137798888428957238259,41326212203568240,2,634963317958987803,12431204031897611585015211,12063057420512378932991126,62690573707175614538846,108785427644027197916757,121981668374229736088695
604,4,11961405716985934803301,12046315783719873213155,12036401062848623821336,38083409213783835,2,605566579543535089,12350326356291589197992079,11980745820982324063582372,62690573707175614538846,109106370200958545600037,121998824529219770787585
605,4,11905287838286806945707,12158055584122833883914,12019807940521495597241,50000000000000000,2,816235623051851292,12321923784734736017407399,11952687035548434534730593,62690573707175614538846,109285605595564344010342,122328124631762208183321
606,4,11789787552130090163427,12035161313630068103117,11666378908829665873784,39805756639181123,2,599392298475248534,12263248930265619155297519,11894594021192568812881514,62690573707175614538846,109840707412646632084117,122631951323287995245241
607,4,11724843301708185438760,11960296222745418885876,11648897635972827590772,45771995203509131,2,655898378844539233,12230276912520205534388207,11861686432251293578819974,62690573707175614538846,109877757841969915117417,123025618998619241716960
608,4,11661339641735636123562,12077207043202044995627,11780374808234080608328,48471960911605048,2,689520758518580036,12198380673730404713285178,11829610478986217981883039,62690573707175614538846,109879442929055494302904,123768199399966384434366
609,4,11497654797172523881396,11952363901569785771160,11375795685024316523152,37865756963376780,2,419287307286697148,12114102877180445896212696,11746308938622194570517446,62690573707175614538846,110745873916481871870706,123768199399966384434366
610,4,11421543377207146836606,11484657862547354563954,11474713095913689641000,44024828543600604,2,521483808912092761,12077819202684384207426429,11707231083176614000024379,62690573707175614538846,110769445806130410626101,123780937245453622958364
611,4,11372211716980507676381,11499193287938805637622,11387133821756153698990,50000000000000000,2,740650834427124921,12051847861128065899268668,11681891938685918792129732,62690573707175614538846,110887015006024538372840,123818332471991104775091
612,4,11208345851300104432435,11451669626997431556073,11160048529607720172956,46445968103567271,2,709636030472871056,11965798435716961821802271,11597447014938010991808646,62690573707175614538846,111250080722065520004788,124089278640467078332812
613,4,11087921492926632503411,11528611103358410077863,11166037798078692114941,47397089530509815,2,729371497655283221,11902917241228726114016972,11535020476485820544590022,62690573707175614538846,111310699129160811146268,124728043182872092159504
614,4,10970396782980286398240,11000422229623755693062,10990193402405965472030,39316815093372055,2,520492700855780029,11843276393843332983846419,11473659763764522521008744,62690573707175614538846,111758826745461484749798,124732997252501127974887
615,4,10887334146730225948914,11003744984209000775067,10890746274337490016054,50000000000000000,2,766934270066665261,11798511173389940226474185,11430136174511432139977470,62690573707175614538846,111885160347620288807089,124742196733904367973764
616,4,10741094399630378582946,10922223255822202775633,10657990960529106618424,47248323838070378,2,759654407356428690,11720304130865022582960707,11353196763037241773895998,62690573707175614538846,112156852976401554263221,125267551500751011383359
617,4,10679938460544155043578,10838244935209915345881,10593981229215229311648,50000000000000000,2,786701681694851964,11687957412820397856446050,11320837152820544955602798,62690573707175614538846,112162841377956793871447,125915054579325629268369
618,4,10535204654365128248768,10785725045473134886359,10481913607148864243472,50000000000000000,2,813877396827661699,11609701178631015625981570,11243810237755799828839869,62690573707175614538846,112206345224392639651844,126237237549300833703783
619,4,10481520246297119851292,10768369256543457862760,10463913994156401202370,50000000000000000,2,830832790300007678,11580578439801211106430039,11215093928574184875647835,62690573707175614538846,112206347198770137307475,126342842334027404921275
620,4,10381052504333915688301,10791298203850547206336,10404297510767722667367,48842033709661960,2,836986920287783612,11526057411306726814868534,11161217937668965900675049,62690573707175614538846,112294531147149822865135,126566863314131269632607
621,4,10247379696273238553387,10222532559788680377732,10208555316958622411280,44569514413785533,2,732907826464653145,11456618887821565271580089,11089138799600687326296816,62690573707175614538846,112614656221521200977478,127023109753837924165522
622,4,10153836911033803502268,10212810963884513719617,10143639558400080993002,50000000000000000,2,904706910975786700,11404386921402333240468039,11038390901143881904478788,62690573707175614538846,112654511637613793583471,127143860394878066779606
623,4,10004802397715124755013,10199876309357616914498,9991524895346596715225,48292874416023583,2,906034487689453372,11321040469108861287932979,10957083631380344315297576,62690573707175614538846,112914652671011583914425,127247471677369304824824
624,4,9871156203737065879144,10107836189069591230597,9778467098655891791685,46848970565519390,2,908164671464397055,11246662212816688348860478,10883772793334520851786686,62690573707175614538846,113114504414491766030177,127632464532408735341575
625,4,9781451332490380149087,10098421861159109079553,9771953749060556371649,50000000000000000,2,923641454136614993,11196214551032078221349277,10834087118102505239650645,62690573707175614538846,113114630508341839040160,127680585117980350939105
626,4,9655805862301412461119,10150456501540457942094,9708385239736046335756,48276519215670755,2,925259975593262129,11126129164878666911153136,10764317193266037256149413,62690573707175614538846,113307003329876867804334,128318224319343056555665
627,4,9532624890092080012328,9598801271689826124513,9587970342263358298531,41493586107884184,2,679781852397105030,11058861412644681443644253,10695440949620041926838382,62690573707175614538846,113753255291773583768230,128337160178147738048601
628,4,9403400155856889117440,9550914545753650275704,9354165598330158709392,50000000000000000,2,882827987048570521,10984620533418152218809918,10622691715911889424880493,62690573707175614538846,114254955569344489856766,128757644281368492479196
629,4,9349028198424757584275,9547039697065578404241,9345048346278369149993,50000000000000000,2,890589419549508393,10953143752042746254329056,10591899898785562647194325,62690573707175614538846,114255355145059930230241,128790879480303743785753
630,4,9233348526279840925436,9563613197033983659183,9250202808347564586885,47838155655485031,2,891319538581611586,10886251582790438908433344,10526170929788235765673997,62690573707175614538846,114445612077708515827646,128948288666985753095086
631,4,9120932750842941508236,9620121224660422507077,9178001387256374181582,43892757268239793,2,826206906437484829,10821948181660723108441665,10461943297742150160310276,62690573707175614538846,114704624302648976822393,129699553632787266034137
632,4,9022217152133639848796,9076292654118926333071,9067038520802528270823,36483373288795499,2,593316385014380765,10765852462180300874926748,10405155958760494160109898,62690573707175614538846,115085808542935659487746,129713765469337891209405
633,4,8918894407245385870311,9008426684499872370184,8848754549923709716899,50000000000000000,2,842037760138305719,10705147169353929271881024,10345453145345636344641610,62690573707175614538846,115436755189710535253097,130389133888109922380747
634,4,8807010011186756798384,9085910979524580887875,8886294423822716389117,50000000000000000,2,856215131733163329,10638948944683355554440094,10280381427007125299509324,62690573707175614538846,115465489644992676125007,130898509693155658177101
635,4,8672818068057031678038,9003009162708364529177,8591179968900387933402,40362889844929886,2,645549052988199515,10559143974806580343855034,10201771617053924492340631,62690573707175614538846,116219510453237088304730,130898509693155658177101
636,4,8581157214208449193953,8597303947031419350186,8588054060413842532224,45501303912399448,2,692271430229200472,10507169637798250948368881,10147605785925214911100396,62690573707175614538846,116221238872330012432668,130900730508995338632988
637,4,8479603353253784754134,8613470063800987077082,8496227640236042048602,50000000000000000,2,831739302684816525,10445126661753398986164398,10087385083539697828049603,62690573707175614538846,116424886094297084866923,130968122956703377781646
638,4,8358935729999579850324,8665851644287603189560,8412370093384807019888,45934495981626750,2,790414735305520039,10371909026238847209802839,10015400490542045208209043,62690573707175614538846,116757148874381794946537,131436458567041197669467
639,4,8287803181506503613924,8619860737276904822721,8242396677396344968985,38382046409208959,2,641057500635369007,10328535539311437582809430,9972682116520709595481414,62690573707175614538846,117034584294135277035709,131436458567041197669467
640,4,8166648469409158709983,8145396062549750084869,8134703805705575865360,40316442334827854,2,671153472538475163,10256841719315203617045887,9899502915260190462616496,62690573707175614538846,117140063683166678124178,131816245119524405843494
641,4,8132673582705733482317,8196237915429581834888,8185312579285008552303,50000000000000000,2,844525044266425480,10235553094802397352453765,9878921932184043839485598,62690573707175614538846,117140140619184938348653,131839271408746835501346
642,4,8045674018939958409993,8149294567834590668829,7997354865234014396201,42314674286334960,2,719950790472912008,10181422464086257018294217,9825933240389531859244377,62690573707175614538846,117503793338719313968880,132198551313284222921470
643,4,7946152662618664194076,8103951811081773699909,7899890222928068715730,44601249935980645,2,740197132829116635,10119183445771494227417210,9764970286793277514058927,62690573707175614538846,117554149426780980055997,132484816850127377157832
644,4,7856873914067588776883,8129814776725930038455,7883263241309286801664,46750872266540117,2,761163167172255380,10063156408469693642193099,9709930585986169081245853,62690573707175614538846,117590333725669940722217,132732117557900369882722
645,4,7801673130164683943553,8084288470593291701227,7756387052329336330843,41595605605154763,2,665234537595413855,10028467565228369370630869,9675787863398489948933689,62690573707175614538846,117721243731848053729368,132749575406517006087055
646,4,7700184254113417748364,7699628887898091053627,7690807525206498672455,43775320242035784,2,701101428155035576,9966947801319448582970477,9612608664979405969798219,62690573707175614538846,117784792194178538089153,132874639160262643795801
647,4,7580953010290252968649,7765418509412491009456,7648646501588187260074,50000000000000000,2,861789094480214899,9890196121856932518672119,9537988963325945959320389,62690573707175614538846,118031564826847396908679,133196661373515432501650
648,4,7540643842634579847501,7715070078450846153226,7489666728865741639493,40409816062567579,2,666356244819674159,9864461972403800306536197,9512558384167073466945769,62690573707175614538846,118272042764044390792772,133385639177093397471872
649,4,7480543938374055655421,7747025217823802013989,7513173508806030457536,43330468454034552,2,696774663835737789,9825935300014305455233882,9474542331390482250782873,62690573707175614538846,118273802011436765239439,133697591838130340037773
650,4,7367288288459581592855,7367912262305765286210,7360547686484624888259,37386003753334363,2,582198371672212531,9754493247345706896781088,9402525085323062160518496,62690573707175614538846,118725694934933269991287,133776011622157875212632
651,5,7128203616186894967479,7390832447895219931620,7151592778578967185277,50000000000000000,2,793639040537537526,9596480600355944158317766,9248711957662786378849501,62690573707175614538846,119915116253448796809941,134021612028286997849767
652,5,6845593042240605655872,6800090534711457130478,6784682404461645604772,44911680954164960,2,726046826459191517,9411991820834942685922314,9063595148375307850797438,62690573707175614538846,122081735111894519037068,134892145559116717117409
653,5,6624804327247567444437,6808217277491921670493,6633134143362789188912,50000000000000000,2,878963855892255568,9259778573530871246081089,8916147335505522514531758,62690573707175614538846,122715527447878161072126,134964238458022801818879
654,5,6435651052025672043327,6487104919577361862177,6480216425948287441751,46504683528778836,2,860353305903556632,9131902653921538518363457,8787987942164754429289214,62690573707175614538846,123719035010796966364602,134982304372994941328768
655,5,6232603103786903489395,6537274311700513202825,6283708807771138967082,50000000000000000,2,906953020257149137,8989177680434095972163801,8648264807511401099400677,62690573707175614538846,125359939125791995790357,135669655219103636752097
656,5,5984462469109665862609,6035951552308062773679,6026430820675280909069,41080034364072185,2,788026710238634948,8814154966500641252609863,8474339292128906005371245,63115213355097669636354,127882055253552760385024,135694997751920236052442
657,5,5740487057143245599395,5751346434459784831858,5744195484162383458631,50000000000000000,2,882716353345944632,8638024340845320206879272,8299750108777422966675303,63115213355097669636354,130333732004303011357735,135696680760174000714616
658,5,5516598003326895448350,5796079770613932380928,5562200029949723549568,50000000000000000,2,912345412096363152,8470481590668416034344553,8136356534265025893746799,63115213355097669636354,131996096647187769798401,136374868403586662962949
659,5,5291440204509376798401,5300024544694819174281,5289811293795389337272,41043502085527979,2,820145214598145273,8301244018233946647599251,7968518303856847844976913,63787750916001202579876,134476760640923478944932,136398912069803670159477
660,5,5106430183341448285400,5316456683253479785307,5123233690061022747270,50000000000000000,2,893950248837882291,8156483830061521274873449,7827983619024628105968161,63787750916001202579876,135694844436080929350285,136632972891817399799006
661,5,4905474465797205918889,4882015975185008919968,4870908147616057702763,44920339293240482,2,860923390509761304,8000756162064255452823637,7672446121509263829073215,63787750916001202579876,137504174819934324060924,137215505482669989490752
662,5,4733840886579623507337,4864925015296370726528,4716389065386079696604,50000000000000000,2,913092273645381325,7860608197327156809175520,7536994385515220187635038,63787750916001202579876,138271764668423444937629,137356069000778784191298
663,5,4533142081168072990875,4526496448504203231614,4517349399031264760668,50000000000000000,2,914736905996945828,7698688495904787826840019,7375491211300267050599202,63787750916001202579876,139719610744621911072877,137666118540022467035517
664,5,4395469837187219736723,4518917162163771965088,4387705686920780777747,50000000000000000,2,942635783768192809,7581769871454940985041773,7262622065259627012000839,63787750916001202579876,140398745199799459753648,137735606806915737085134
665,5,4224656649458326307912,4253866051209951976958,4247764908841486199149,48896525067927253,2,943175970475552189,7438542311315999855847700,7120130400991226702388786,63787750916001202579876,141675081123737840082240,137750664403364360143569
666,5,4080099499588015426882,4276562375913560917562,4103323471042336521862,50000000000000000,2,960111122471903332,7312148123664223893341434,6997255770931853127915340,63787750916001202579876,143093641132732464911786,138153987422070475098341
667,5,3961820525920749375938,3990584114237654407690,3984926807287012868966,43065604069951167,2,897867582828344401,7209478473127101019707038,6895088705075299567063875,63787750916001202579876,144155128945898857042426,138169466472263197431606
668,5,3840046916308286954968,3968456580160679821410,3817650528052221887631,50000000000000000,2,932642946057874800,7099235926287022836844948,6788295600769292239498084,63787750916001202579876,145318962877810126340034,138295213877974163918850
669,5,3716322933244585542627,3716096283529113822867,3709442550090009619673,50000000000000000,2,934869955992607474,6988965922442640678655094,6678017182124212536128188,63787750916001202579876,145923027733745318010504,138444811027968447444702
670,5,3564399090294515936519,3717738606778740721425,3566082451026711576203,50000000000000000,2,956240204701240895,6846138255989386284365808,6540091090146487462265209,63787750916001202579876,147223652274218490283352,138476310029312053537779
671,5,3440107073636319489210,3467717113360467506751,3462289941575367296841,47131790926087675,2,950859349672534098,6730545205456567300729042,6425084533302626794403506,63787750916001202579876,148262518201980428770538,138493970361095508121425
672,5,3310597540232172173881,3482413608364700757295,3325641023831523045991,50000000000000000,2,968126522248669187,6604697819641654891323187,6302965542477069224421301,63787750916001202579876,149843974446299312801970,138816254843902329195023
673,5,3186305849636193174004,3210533557121941895290,3205017813843335186596,43975721705278753,2,916978294097760061,6483970996554025206660351,6183526335006601287925205,63787750916001202579876,151259942139448959810457,138833030494075486481195
674,5,3099593616290927834627,3215096073177258260972,3104294528403922713982,50000000000000000,2,948890950247366926,6396159110833491405132928,6098782235137048423671989,63787750916001202579876,152112783104844516393527,138912737853310436592620
675,5,2986659335998833818660,2984283466614714037968,2978549847404122754428,46316583721600174,2,932668054724258093,6283149003586901968846104,5986650003916388657382794,63787750916001202579876,153229592090350078064119,139094099282810085081308
676,5,2889150054585292642987,2984975214775189358168,2889864400491979419514,50000000000000000,2,956443445580242119,6180552839472198595762169,5888106757248992607780047,63787750916001202579876,153913123587451546885984,139105696791724116388320
677,5,2779751498193362988623,2783145383864305066631,2778277151819799005542,47306858159867062,2,953760552431915019,6066836272492160856694548,5775553681292504582664998,63787750916001202579876,155002694850694364898269,139140669467207901591391
678,5,2674066302979478655556,2772312569099744097713,2663075991563112619751,50000000000000000,2,969534853048027468,5951654325928675945085229,5664709322135038478430509,63787750916001202579876,156037658694189600625095,139205864426035950028127
679,5,2578352977247496146934,2580670497018043220862,2575725204547064490115,50000000000000000,2,970241737933775775,5848682528749448846448720,5562395506397014813571600,63787750916001202579876,156764467726669050370710,139274225246364187504951
680,5,2497484461091980119648,2585187363733807846264,2502156771193661942013,50000000000000000,2,980584905738768414,5757088156148407598927293,5474471637254252453584191,63787750916001202579876,157415630883626589505535,139356493974269681520281
681,5,2519622866989287197497,2588848884174375556497,2523423792987870269533,46042717721948000,2,959798389365394464,5782218094908693450705901,5498680894486536237124990,63787750916001202579876,157448889847158230015625,139408934752306027059328
682,5,2564381369506309025243,2586208713556481264606,2561585468960132530247,42363264236519494,2,939208223805519425,5832930751239289042799908,5547304353379473607835214,63787750916001202579876,157628644690984264863099,139459152074987876730010
683,5,2583221882487772819946,2598783810064925697792,2596437541328188164949,40713551341893740,2,939778382363355100,5854292641747254914613187,5567662381088127437229855,63787750916001202579876,157677880327406076926209,139466450683936854707834
684,5,2602355980091758408753,2604426079533420498205,2604532670400901270832,34171397919655539,2,837376891855414297,5875908177997280563679378,5588226661337911295487071,63789136753522430912382,157681501536316267087517,139466450683936854707834
685,5,2620642349026195390747,2616455629066306003428,2616173673299552650515,29864093134158410,2,784720276653396205,5896589507386265441662937,5607827662035936625317480,63817534676354026745893,157708154141778528046221,139537777132649581055234
686,5,2657756823396451993727,2661507930034519777965,2661701156202639377094,23523882644632657,2,658479828767813651,5938197092358813113200261,5647397579052713826253680,63999611412630855294241,157883705609895942502505,139537777132649581055234
687,5,2674428831076041935443,2660837517326755627930,2660115288295566357960,3523882644632657,2,249267520117451195,5956837683103917860005091,5665101678501074010998729,64017075607509463493337,157899820351569104807798,139563530965966453953533
688,5,2715371506818981278668,2726111648012065104739,2726665311511901049129,0,2,252668778907246048,6002253154733690781876135,5708292075403135292484943,64325891208228938652724,158201423865112163022841,139563530965966453953533
689,5,2727639539093031588735,2739426684899304365806,2740034380556158478188,0,2,189111233494726770,6015799210483595296659080,5721174938535671144161039,64326127286764910426461,158201515128408729852209,139563530965966453953533
690,5,2761014565582026740973,2755268441312070685943,2754973016536748730560,0,2,255127725769220968,6052480777925882313741162,5756058941118740548913398,64372743088952100046991,158243377836913362265942,139563530965966453953533
691,5,2805721200408491971432,2810048689760233160269,2810271634583195758558,0,2,335193527741891991,6101283709944325315755150,5802471586255002316099250,64623864404560382501129,158485031284664025106262,139563530965966453953533
692,5,2817235544463294052722,2816085422677039619761,2816101865738661886754,20000000000000000,1,544258413321428367,6113866804262140088304230,5814363929331856126929968,64623864404560382501129,158489483199777638888192,139563540149700973310675
693,5,2839125068200390266933,2825684209990211011441,2849410964120741083058,29295655390346331,1,562984070890267805,6137745302109669979682372,5836918040326134448055108,64623864404560382501129,158537854713608424772258,139675704392144933877619
694,5,2880542321996682080682,2822052142041822158345,2876611541091332027591,29631289479174740,1,595894432565326248,6182659847423041149899705,5879330232071560924054533,64623864404560382501129,158624631055401098901956,139713837217123107910955
695,5,2895786778804061255377,2831900027429004984643,2906415816789307700901,26059453430560747,1,541061247744514246,6199200471129395784664158,5894875567799997273612127,64623864404560382501129,158657155990752962739260,139716778495265738979049
696,5,2951256310195005191333,2953041782563883391969,2954895918600850003330,26462406695445077,1,588883094665427763,6259678617468367042904690,5951057819521690577279711,64623864404560382501129,158831526817358735579968,139764247242502002359568
697,5,3002185733612123678393,2944764799121684914761,2993262410136161798965,46462406695445077,1,839795786177590426,6313752827415766788370963,6002191983623841871217428,64623864404560382501129,159020660142225516800264,139836936696474903284708
698,5,3058119241987986991317,2959815065875260360863,3074626668862578109001,45160997988123156,1,750319466191849996,6373225970421360139734258,6057862394034311949354282,64623864404560382501129,159368618782060367657794,139904700159857819172859
699,5,3099943754063941580479,3088176416672073786261,3091122245311838420739,46909197321377956,1,775146377197358776,6419335260757220440521129,6099131132692673950423906,64623864404560382501129,159419888026845547038033,139909149540915754451659
700,5,3145539339987379370658,3103054820668138058806,3161751197737906560385,50000000000000000,1,889511976993338917,6466909118426703883908593,6143836053999116313400562,64623864404560382501129,159653771390355739710483,140163476785320725866910
701,5,3178495155765433394314,3085501333038241946169,3159346436778270273193,50000000000000000,1,896930660712677484,6501263963907154265588947,6175944466143794793929764,64623864404560382501129,159675308016216893977169,140382899447661887104071
702,5,3218813589208780781324,3088011813906324322464,3221571547566895804033,42772582093695070,1,725950725786871034,6543112012791088559321727,6214963407269203564318019,64623864404560382501129,159945455122071153160101,140384764600247365088451
703,5,3275340106469699313509,3267291335177190993648,3271071906589521510452,40950338002070765,1,730307073892410786,6602936666901661521874981,6269298045673855885934634,64623864404560382501129,160160165981416849365055,140387193907096612086658
704,5,3300380742391738145392,3278764800421585645604,3312838613331411074003,50000000000000000,1,886624627421184710,6628457908276010966417382,6293227268382258975239558,64623864404560382501129,160222758654460815577097,140625826757248532733119
705,5,3334686694135999076946,3272303809317286925080,3327707361858461968745,50000000000000000,1,891507265506397957,6663079798737948122061529,6325842571841394532159987,64623864404560382501129,160256924978232995317442,140681162652573925823231
706,5,3375635960710299015736,3279433230989043778171,3383442198307413457707,45856249546437888,1,835895635871949322,6704438561410202614734236,6364564836648236796092561,64623864404560382501129,160419615263791183111916,140738779899562079938596
707,5,3392774794662752604234,3260819959897908863309,3372150757717618387778,45169871501940847,1,842290571227350293,6722056717099426584671032,6380726913534412626516628,64623864404560382501129,160425666848503981810730,141061307864489905843868
708,5,3407896837247806437619,3246619450571210375342,3391920288289378827998,37926599133978787,1,634110666872822516,6737674652850195799051991,6394918905205206995257633,64623864404560382501129,160514546890382391950356,141383951911573668599308
709,5,3437816628334506562022,3430326274267600973099,3433256873086627679042,31789599752223804,1,474420819173654471,6768323500708398743398856,6422913490592361937625516,64623864404560382501129,160659579229147119663711,141385843143724017238391
710,5,3467423472013708675768,3418625602721012890007,3454894923795473178734,50000000000000000,1,793121733834666430,6797572422964104844217236,6450520751200668449219456,64623864404560382501129,160738645586890744640546,141447653304609044677063
711,5,3498721692705638485315,3408103329952015573151,3487243355861367794059,44652682838697915,1,712541893117960053,6828598482815381845584528,6479565853978857821365812,64623864404560382501129,160867347703225222203006,141568887096462552376385
712,5,3522659183810029680160,3407452245387670482925,3521938211403373192964,39583789984982124,1,629936668203260178,6852275709201584606572651,6501685216041218891576352,64623864404560382501129,160950328021022606870570,141579703796441180547564
713,5,3537476588847983955945,3389093972512200564095,3517019352545690275479,36924574652955137,1,623868382092976860,6867299010717031120741185,6515372287392918583308981,64623864404560382501129,160966110779981762785712,141924627279294450684165
714,5,3555289752841944203904,3565639634059377517078,3569128236349281774955,29922700481711042,1,435035953289360057,6885679378412832035757990,6531740809372847439094066,64623864404560382501129,161061744534837883482561,142109195666433103666174
715,5,3584104430610308627417,3573405747914695692773,3592523269710654945352,49922700481711042,1,761250554991325706,6913719432383843196741119,6558148546220226911281459,64623864404560382501129,161076117640225216405484,142281993166771962084157
716,5,3644600849867869404844,3580830466641723542710,3652706048385130870571,49313061481668128,1,768412030536161280,6972270692096837234706443,6613264258570130025734311,64623864404560382501129,161247344554418110328940,142393312624806975515129
717,5,3661756723002457123488,3567194601825501265131,3646893911465351802098,48542740972705391,1,776409927001566072,6988987153353991522162120,6628820588529747829241318,64623864404560382501129,161252419167161918089461,142541291899874933051210
718,5,3697305448947314508001,3588017875162664735325,3720147919059207155757,42863335652966171,1,645813672279135542,7023467794701576756536440,6660937333416498691980656,64623864404560382501129,161409343254354792921848,142621657848982328826293
719,5,3724519977706721394668,3610641313486867790223,3749387814598323478352,45213723206410069,1,689362983844404507,7049838642401638606770790,6685412069626460708938126,64623864404560382501129,161410496116008764559734,142719138769504004830862
720,5,3762615382238594755251,3612553946875031120573,3764724646951487444042,47951622888784099,1,733581540523102224,7086459886651188855746034,6719478263387749947322008,64623864404560382501129,161420913412008227127239,142726547363016304577102
721,5,3826751788572598646962,3844427927478765342232,3851395094131060522966,45892940376849230,1,737516652428595403,7150430283181199048395336,6776540009946085374646497,64623864404560382501129,161647121724305957084074,143209215952430191066854
722,5,3852419727260649085659,3824062215596420161724,3830868079274637799344,50000000000000000,1,917167612136231168,7174400867084254456194022,6799220577542213654131997,64623864404560382501129,161647181862800193261880,143227552067151735297547
723,5,3887456364873591205482,3833852393566448420688,3898102036703311945707,43073713690053594,1,786658414551852813,7207279011592434105214415,6830048579483537183045369,64623864404560382501129,161830758712444468271186,143354248783705317724873
724,5,3933973754980463965007,3815857236620882219296,3914241268153598734282,42704446795040631,1,795053425445006811,7250939513350305620952643,6870806611032741711814900,64623864404560382501129,161902825271525904857781,143572439954372626137908
725,5,3951057705617716049433,3839942922990692295874,3977401107658001206358,36283777251286310,1,646070852881616970,7266984771885845968867259,6885725517751773349047516,64623864404560382501129,161978261071956184506262,143595509539925044172533
726,5,4011652518609896407591,4028472315750986078862,4033500264430481924917,39027245239152685,1,689194473593024891,7325295677515436266026428,6938312852776495282934413,64623864404560382501129,162042027858079424524371,143953597108819152561662
727,5,4029588975344728773398,4022098283828503309228,4022857071757867566890,50000000000000000,1,856118511028620273,7341640551425634640628126,6953783250857985390350657,64623864404560382501129,162042845998741933741801,143954273705057370168183
728,5,4056013535422096290008,4044884103790060540384,4080746772567624275624,46180417912508900,1,815843895222210633,7366169324627530264881248,6976575961490169620662039,64623864404560382501129,162101601821912412088930,144356534219628921453287
729,5,4114640288935968759711,4027535642676989298843,4095851020522125950180,48388060222007927,1,832091025817759628,7419632249642863239681946,7026801694111678319173277,64623864404560382501129,162161695177064343501729,144491585422463555948427
730,5,4148544460638381548550,4030471213595598470834,4151758234456509894029,42306216452977030,1,690264213327093884,7450546724873691072007763,7055674382422286398603773,64623864404560382501129,162305812862925322212168,144510045380511733811057
731,5,4226943269632418021428,4220200253486996424576,4224157885369320498329,40413391217332015,1,695262875052169332,7523494397573692281876690,7122030942476017333018793,64623864404560382501129,162592566834971473635400,144511165608243284653733
732,5,4300478592405525267044,4241524664194452014287,4323804996926122247555,50000000000000000,1,865966346013357773,7589323953467243389842457,7183740017445774609720591,64623864404560382501129,162880491032752276958361,144819808957181503334009
733,5,4340452701892931206403,4263316332446576173725,4364342028675547336435,50000000000000000,1,875517038919663899,7625141209602032430459604,7217050970824599863589050,64623864404560382501129,162893813214779920512528,145094041499539331141022
734,5,4395102760813375958600,4241556521254136465932,4371045916118366973438,50000000000000000,1,885854109740806432,7673899089421492073203886,7262343308698390814396802,64623864404560382501129,162938593755944965262352,145390636424749508351922
735,5,4452197110896079307930,4257534449158886450520,4469875746293161806091,43235805608798306,1,708746121256862538,7724611885494712515808504,7309348472404805567363863,64623864404560382501129,163247771858230796007556,145390636424749508351922
736,5,4536319351738887519171,4532754270996884491685,4539389477852222509944,43869071425830210,1,731874168877240577,7800862021269330428028759,7378064681888029674604096,64623864404560382501129,163448567298505334599556,145443664519697577147820
737,5,4579039630347563831731,4544336079427652517807,4591664122442449560000,50000000000000000,1,898960149646162285,7837820497803349649369803,7412730920174758174157337,64623864404560382501129,163518648842154741825565,145648806370714098113417
738,5,4628466281811901792601,4534204441674345866415,4617456080423366563558,49626565207716728,1,902067911971324420,7880368113088930445162740,7452628673316630033194724,64623864404560382501129,163578017447287416808636,145729089060307595806054
739,5,4659427324101730944735,4505411087376694693730,4627723982415712445676,45266566908078425,1,840186419372374359,7907379359730026580239425,7477551702491665789766259,64623864404560382501129,163654547682088658478833,146068678007134901506866
740,5,4732261797874410616629,4728878124036981405587,4733361910937221626903,37457813900730933,1,648807261710138910,7971543810333956817154771,7535724407218417103442338,64623864404560382501129,164124584744422743466482,146084684898591992416080
741,5,4786360470739439660285,4743581558953820235143,4802411347410135318943,50000000000000000,1,823330939583643299,8017378812130356970968581,7578686336508118486801188,64623864404560382501129,164242034737030757150755,146327886852160624972492
742,5,4813106245168346379482,4717088082524244618522,4784468894976416460573,50000000000000000,1,830099181946752188,8040074898965425605257613,7599854549069469279332108,64623864404560382501129,164246735644418005973654,146489375363796157416124
743,5,4855137395614465484482,4734476622049033687579,4874209874143060104390,42832686675641645,1,684561915402131415,8075658999244865031426317,7632946523828272706158864,64623864404560382501129,164451857556868878355175,146599554002147170330621
744,5,4930487067984626805525,4747016737956229368758,4944326559885419170609,43398944254255808,1,703899006464710065,8139140613291181766858028,7691941304295797289271628,64623864404560382501129,164578568110889504011413,146619729398589693881348
745,5,4984494158762713765823,5003659926694371153487,5010983122842050033413,43103260027267245,1,719358798015195630,8186938672511581241507649,7733973751024324791373191,64623864404560382501129,164641857792246494682468,147049010110190607061777
746,5,5070304616154448136419,5024284434554040511907,5092848535385318027740,50000000000000000,1,877934551105199801,8257615511323268719855630,7800253506872402134809482,64623864404560382501129,164776903585665795867514,147370844231458678699378
747,5,5168660645619735355305,5049754420651599464345,5196714016737593215923,50000000000000000,1,884317759729576403,8338342371128401930049034,7875555984701297726962075,64623864404560382501129,164991845994058716316599,147611273480791056393235
748,5,5235830736770764386762,5034344031160343540540,5218608889993453727240,50000000000000000,1,892921958582205166,8393395767207657145252341,7926546495281727504455251,64623864404560382501129,165047564871262122072183,147842359740121469342496
749,5,5287874587602209251279,5308624960319618799443,5316780676572153106326,44953019464066582,1,792207259751372491,8438602281404198233286391,7965862572132128299603272,64623864404560382501129,165220680795654461024110,148316592408100873689004
750,5,5326984919635801650520,5325844694975457348990,5345728719088965044452,50000000000000000,1,903548314512770109,8470087464143605109508727,7995249602140442647878727,64623864404560382501129,165224355079021856012059,148643637318556404563873
751,5,5350539512062961222476,5347365315710401023663,5373980195048136214768,50000000000000000,1,907337096803116287,8489232765882353480851158,8012913382873794513386405,64623864404560382501129,165225165532791483684732,149041492394285638436934
752,5,5454053768079316569913,5386892610734459180246,5497441067429190396544,50000000000000000,1,912676356205999175,8571932805317098871948417,8090097186686629798214918,64623864404560382501129,165446381945354042470547,149535171258434716085648
753,5,5555921205636006146089,5405139706561219647650,5576061344018999652224,50000000000000000,1,922827488127761915,8652641179945747449808469,8165247865173615554563422,64623864404560382501129,165560663399046468778590,149683632384228604243348
754,5,5657764017384418722589,5371338513870071271821,5619423636523076601777,50000000000000000,1,927654392562816443,8733704167135911558436588,8239778697179504979081624,64623864404560382501129,165778593625217170492713,150304471684513321415221
755,5,5727238919206470715726,5722464511661954449836,5730606741527182279482,42272363963025400,1,683485113058019922,8790302472891067053689894,8290167246092671724780543,64623864404560382501129,166152865386000687868966,150354340507098155694412
756,5,5838329119721355938980,5717400725241384354897,5832796209584790896896,50000000000000000,1,878181196860893481,8875630206666057743849241,8370183103253075632161822,64623864404560382501129,166515741343294876374264,150393643945413297439160
757,5,5938029150602246780151,5691426289408209996905,5908886246064943065819,46762260139371064,1,858205874475286466,8952615996494414139738570,8441373170862042011486039,64623864404560382501129,166853104310882122537990,150777110673906281733558
758,5,5973646107891313246345,5975117905822340038250,5981648725090241714789,40467759518911466,1,739277218941054427,8981969122067078313726449,8466627747449084341706295,64623864404560382501129,166978847324147612841008,150888947584137443267463
759,5,6034409722244635673825,5991013504167983540226,6051792376378493858142,50000000000000000,1,859421874373349718,9027902012383421797696373,8509586738044993835497618,64623864404560382501129,167060879877562167319845,151136604841495694061887
760,5,6126028911591574353924,5975534313533310662736,6109051125007564002342,49713971966770075,1,863709669335190414,9096822437935764943339283,8573942412275764777470584,64623864404560382501129,167220195530764923429715,151267074805132732149597
761,5,6163032157971789922638,5942698204274520534418,6126555458592611716663,45058073219700470,1,796993807989740550,9125060962657938462515079,8599827755714957398283103,64623864404560382501129,167303392966395021273567,151652142045584883738702
762,5,6229711166141897015671,6240515582952637000583,6247511220647681291409,37966202138605129,1,640631121355128957,9177163579927552641213487,8646194893617590725360809,64623864404560382501129,167604713874801923043726,151880268386311171398971
763,5,6316956530236251766041,6235353715513404907268,6311376925822650214882,50000000000000000,1,817136376272615822,9241393774526820249964402,8706520152211604882635790,64623864404560382501129,167737704848848306352856,151903484916827830975953
764,5,6417589863352775892056,6207258840261317092317,6386460923253809877376,46810419764441335,1,798451625637005134,9315809797487021437470561,8775621547619124642148579,64623864404560382501129,168043223564528282963487,152204242937338824857967
765,5,6531481288740549431185,6567086992223288622583,6577503009569372641614,40547152889915326,1,680569873334327855,9402381649350687089719183,8853176914781288204418160,64623864404560382501129,168601152440804073242540,152814674273125707972651
766,5,6587713205207121398989,6603964637856413075990,6627953711507183033361,50000000000000000,1,842052479553552597,9443420353628208444141281,8891191787543729442853094,64623864404560382501129,168603826310878124216121,153447907055555378924259
767,5,6680356835152488138935,6658107796344045648724,6739693918462186071357,50000000000000000,1,851384920824893262,9510593958927210753033187,8953538365053277028627733,64623864404560382501129,168673238222578647538525,154213941136502072363970
768,5,6757078012534154389146,6639512454006776947127,6736886486690290841319,50000000000000000,1,865833564556868469,9565405738120677615449948,9004727519592301764467243,64623864404560382501129,168680707609255935911620,154311894546782766439911
769,5,6837699277496424651673,6583989407157008806787,6776091155582651420579,45169338058448064,1,791269251725028927,9623649769583162407930458,9058370259069429660299626,64623864404560382501129,168930518687848567020998,154898142028412803801944
770,5,6869533063567695082628,6542495360623507030083,6822577739575909107263,35671270813277155,1,557636804194580911,9647170709157035059993394,9079392394363615571403097,64623864404560382501129,169143399290622987787065,155540158223467762149391
771,5,6966339803749631741495,7001849474037563793018,7011310139978351921916,27902763989309301,1,387351124657901262,9716780958555484137058332,9143136385301383176826964,65087641194928550299398,169640365216663132339830,155934507031979532316483
772,5,7012219870736301221933,6980744284059099732593,6989743869017255688996,47902763989309301,1,751631528086933761,9748718797203695067605032,9173159503040355929146737,65087641194928550299398,169640384518536038470650,155944682721141163799442
773,5,7147434724759520243194,6975463480637532471195,7141620628833983627028,44984347757491978,1,695566172736083432,9842965899889196370351559,9261167901357324866105329,65087641194928550299398,170216571956499695060458,155988562836930657767037
774,5,7216307375386732355489,6932512814592241225732,7168295526552413764623,41853708001737473,1,678728846299740956,9891532294791149906007460,9305732277833321369637837,65087641194928550299398,170342473337258805679115,156502270412950808968992
775,5,7338610834434302812323,7378585982006551413059,7389722213718130071995,34206685210097243,1,524304788163483612,9978513867489591918530151,9384262920249091275916161,65087641194928550299398,170989273628772508056742,157039571891150686473142
776,5,7478357287350432744938,7363550271044824037643,7462045803157059242376,50000000000000000,1,779866841858929804,10073338611509460632875321,9473140683813648169526802,65087641194928550299398,171157609541738041305105,157108159131772919167726
777,5,7620523058368887022351,7396067652574694455808,7656526799867714961006,45800142765704024,1,741609201062406469,10169993941433500885055405,9562781217200033836417160,65087641194928550299398,171685534541606343543727,157247721513092522366777
778,5,7743228223822438342941,7681867564338148209135,7686837688617898209648,46972034805766488,1,755783239548992347,10256064861076961557054014,9639501010240802704239451,65087641194928550299398,171838311133623323765902,157262975639653936659126
779,5,7879328025822459515572,7696786652517136142647,7895817299055640304559,50000000000000000,1,846405294340584179,10346691896891222130030302,9723787308259127521458235,65087641194928550299398,172581860138962904261353,157392658640784058646236
780,5,7963071233774769875316,7660771348113779170799,7922757328305456277276,49116861554644097,1,849966591999191917,10402763127785128397276448,9775350131901473636729886,65087641194928550299398,172669761720367033655347,157804601062538971835889
781,6,8121524831713497975298,8154109676100981924861,8168178843676588346066,42708322360114064,1,728840265328856574,10511057255824159832645048,9872137428071053897537919,65087641194928550299398,173427430852581375564858,158388073116405820917702
782,6,8212734986266291864914,8092454321237224656948,8146405777857997183290,50000000000000000,1,870198096369692859,10570181986202287312066991,9927458890425165686864573,65087641194928550299398,173464154504334854364019,158526269129209054216778
783,6,8399142298164142505039,8167955598258501286656,8482781885713079334724,41175006105873235,1,732869188119332774,10691262405034011027604613,10039530946114156090149804,65087641194928550299398,174635615394211932889264,158641010834834288367522
784,6,8540673246604027217501,8469922502048822337860,8474734989376334711951,46413824909815490,1,759840312247731345,10785649638571435249057061,10123715625730305113789802,65087641194928550299398,174694154022909769099502,158656809908373676818707
785,6,8699355642583992447765,8541966694670822937875,8779159287271577419093,50000000000000000,1,839182179889835465,10886929156149062488626212,10217359932293422935296779,65087641194928550299398,175568154689172651229012,159216495493730161521495
786,6,8594126661209158152570,8517354624104419611317,8567665886560394071760,50000000000000000,1,853315270869230731,10820541729020790091716455,10155282620515393163321502,65087641194928550299398,176144166171416490027713,159263203958458917413872
787,6,8532601716346931901006,8471163260361557561505,8483265986509265440212,45095440914378586,1,786458766242171078,10781702151970073923934814,10118897240045164991234809,65087641194928550299398,176165438941791558554139,159286740583629719045076
788,6,8345117254176627720610,8420910237535262689820,8427464624205993284931,38063803930135599,1,646533955936656275,10663569253158870568770704,10007188465057503997778583,65387175505566888563822,176502654668985832541165,160212415810575401488711
789,6,8252388003060183299342,8206875012053358369027,8203902850991622583631,30605544356995166,1,487217586125159545,10604090227626041453231663,9951357479258648578983870,65928860013980112389237,177050878901991404358488,160212415810575401488711
790,6,8199322699163749492387,8181572381007407941412,8180410101381398442948,10605544356995166,1,23720455999927593,10569907314052671342491110,9919274346654767638922025,65929979928986986106219,177051265581251132803263,160212415810575401488711
791,6,8309015891642375314772,8235110920234998247345,8230297777204133131203,0,1,71541559101014559,10640476149334750499294240,9985511973935469886239604,66247747331151890979729,177354979856404200209734,160212415810575401488711
792,6,8463319701846883750530,8444437853732344973727,8443201547770274594594,0,1,51173194394247350,10738721479828840101220810,10077697169124687712892215,67250737196442633903241,178336924773425608109216,160212415810575401488711
793,6,8636272940342297068433,8629086322815424300392,8630690987402008804635,20000000000000000,1,388211899269272926,10849112165621150020920857,10180141753168059270069514,67250737196442633903241,178987432235237068018308,160212754538485898024052
794,6,8712179710744655534962,8624392472820286960647,8707105131579510341018,38456128229762453,1,557518479323740820,10896824655601670234835188,10224781924396577123394930,67250737196442633903241,179100303732656393344514,160226928795527517365918
795,6,8800525181672995694792,8598307267340382815293,8771874873366667794915,35502707582779088,1,544082589836237302,10952534042857058866981720,10276506357180505642513121,67250737196442633903241,179246605527132691943122,160393507921167630837998
796,6,8750830813529686195531,8594101127827522968856,8746228602261372893162,30478400919709450,1,456637479603132867,10921275343195847711613591,10247437583480142789909141,67250737196442633903241,179253995493531399122670,160416970033399899943015
797,6,8689817399972363283598,8619419902685446921054,8717331125486028128350,27570649283047125,1,440169428601893396,10883005151111180502553989,10211663396182560106219152,67250737196442633903241,179307440121915250084412,160551254918409616959641
798,6,8541110793181920068857,8468730905782453573295,8464005263593295682538,27522093612930113,1,484009268466450087,10789492739539981821187156,10124003001269680870545025,67363077870247412827238,179835229477055006301633,160551254918409616959641
799,6,8459891363743524143005,8484941063837170797212,8486690026414930231069,7522093612930113,1,64823785640973169,10738044781011985201899504,10075661280214918330761234,67364541761129107833894,179835527157112920992635,160610363193230924785496
800,6,8324765666939560796961,8345768229666068826529,8347149888475086679019,0,1,13998832339486197,10651939633038474630447036,9994867086856032007940497,67848156219493033634918,180299177504796337410090,160610363193230924785496
801,6,8447405468856680980668,8400291672047259734049,8397208175805343252533,0,1,349602381781284134,10730147983200730932981233,10068255352477955935588191,68044684976910041651196,180478574017065328409264,160610363193230924785496
802,6,8608928036481285289462,8569721951599659389928,8567153887444038129973,0,1,155955520203666288,10832233495917899720597119,10164041888951710759642049,68859665307522476128267,181266340586459354331943,160610363193230924785496
803,6,8696338643275344612029,8763545373793148501410,8767972681532616275406,0,1,254224107158157253,10887139360316438055966276,10215567505638850719027091,69152413004987010080308,181552371059150221227475,160610363193230924785496
804,6,8885562073255167885964,8913366079820410088750,8916827077505107633182,20000000000000000,1,501746308268037018,11005825324069180549505240,10326038628235678758603220,69152413004987010080308,181781452795228196920841,160789359357618035726664
805,6,8957536632574478435089,8969885870652627009088,9019106837978703390220,37967236226860937,1,620940510564140304,11050975998587248691788959,10367820433629121774302984,69152413004987010080308,181808342630610690402546,161374327844182859678069
806,6,8781856523243862368197,8863064781304740940649,8870242198270557120500,40734732613602187,1,658967349415157569,10943233266129909996007365,10265715775370978201737785,69766281377701568162019,182720223788002278643278,162411021513476346574119
807,6,8643347575591408244024,8638536683492559701011,8638219305203293853946,20734732613602187,1,340394361595121386,10856476437413428912289654,10184310484300402900216271,70621434762856119133804,183575003785373329829795,162411021513476346574119
808,6,8554702563518800887315,8506370827183939827364,8503195344038347242719,734732613602187,1,114733137242645290,10800704599309183219829909,10131997175338400075452187,70749831592616581791199,183694545223487042072094,162411021513476346574119
809,6,8449920652965829169294,8473546356700172409093,8475106816921917758249,0,1,294623362115095397,10734322204940931352583572,10069720571043824092060746,70809317849804140668991,183744265435542779956240,162411021513476346574119
810,6,8334757917475603013854,8402379901602393589859,8406852573637505049396,0,1,336862672228271203,10660999629024891734369347,10000947444937759557363911,71172768439126119006566,184092859039439392339624,162411021513476346574119
811,6,8439954716501673955623,8474621606596616893166,8476912125943550432218,20000000000000000,2,429945528466486837,10728002321965395614833499,10063793518138483437243425,71199466436676143258007,184112286182777145005953,162411021513476346574119
812,6,8482894238283059789679,8407916653266077237319,8403003128446134256219,0,2,213773730496030721,10755341225904765723072145,10089450408270936333493352,71200746268519791949576,184112913807502216433392,162411021513476346574119
813,6,8591391521692291549887,8597908741177448114089,8598338965558996962459,0,2,330545502063588758,10823797913033782928324161,10153655258126378465186848,71831236365022462481633,184736834366517913472153,162411021513476346574119
814,6,8689236887194080738107,8630756204851551965134,8626917256862177465990,0,2,127493369101008332,10885319548681137108100105,10211375676710737897850396,71983144315471957934458,184877990632131974949734,162411021513476346574119
815,6,8784239465139968545332,8868143196334840257353,8873694884334530432144,0,2,187179334966993934,10944725597480817720214250,10267111520426846930270892,72408224212912358122577,185297135471119605106264,162411021513476346574119
816,6,8681590247596496362014,8597830954303086931071,8592345520386583520421,20000000000000000,1,494660638544574383,10880594691579393333068563,10206951739012609612346620,73023001096498573374412,185908301483564660749625,162411021513476346574119
817,6,8568484638386884530360,8575490238760744722095,8575952710135053083125,0,1,29108137903038302,10809358877975101720885171,10140110214912776140529666,73038796249890227378781,185918103370036634528989,162411021513476346574119
818,6,8518209540051348253052,8590140108925691830897,8594898176004552363080,0,1,63583706214788523,10777694933645990575603265,10110418748067008748236394,73099308064901556414309,185975785874150688236214,162411021513476346574119
819,6,8337795304930918886983,8285362003016943331301,8281918809821363233351,0,1,33489173012037773,10662908030275758743868628,10002733357572778872158772,74284248835037412851418,187129034918689075445126,162411021513476346574119
820,6,8292351237256287376338,8280629545914349247695,8279730634891483382163,20000000000000000,2,447252992142113064,10633835689076383183689652,9975383328922974278377411,74285193911051331373006,187131010985049055190661,162486785529399367187428
821,6,8354418637302102308544,8289693375293115750084,8284472106647427438660,27955367946614329,2,451891913238480331,10674225687509322471135256,10012731662331607458926396,74390201750144375520591,187231942271844641582258,163068586397023269699442
822,6,8450141590771123884297,8416844245635515108018,8414210926519387090747,24543714994744566,2,423302235477699211,10735406206981153984400911,10069863920951157155061707,74883346416765055666344,187725432095269807977084,163330214090827486141415
823,6,8601925916288145048925,8577170438594781586780,8575478011549199062433,4543714994744566,2,60197296315779174,10831419306365667911102291,10159889551660130789442592,75523910370911800909767,188343696276531526585018,163364983486256826207561
824,6,8647534805309633801892,8729982887858584706899,8735446185235113356326,0,2,240164515664861368,10860207326361152657488803,10186906881834766703191345,75614527570571815664483,188432850948459478908632,163364983486256826207561
825,6,8754342588502705623185,8675997318531974910574,8671098161463480893443,18958690442964227,1,429308471338179687,10927201822046359081420628,10249610166041022382166374,75614527570571815664483,188438833162460359824501,163364983486256826207561
826,6,8647653731733955657385,8654885427661825788725,8655363624582949322720,0,1,288478147475545168,10860304245239339011883746,10186847666668520803312074,75629063526317291985822,188448166920432051966399,163364983486256826207561
827,6,8506030717498046027226,8449229409429681068436,8445494318342276740956,0,1,229026023840597303,10771066786332431592297126,10103151506597440540764968,76034287394935772117638,188830687374410608400571,163364983486256826207561
828,6,8433515013048277617386,8364738946056073865704,8360221809857916688239,0,1,216841002725179339,10725085413675021175474439,10060025239454451178740020,76038933368361000295847,188833220953478330658767,163364983486256826207561
829,6,8252980787302274351833,8274141369196953748568,8275541258782043611143,0,1,341612464359401079,10609589514506456553431038,9951680961434172038902987,76278871116123247330660,189040566536071345723416,163364983486256826207561
830,6,8151968394342634124732,8127251416032983421507,8124403850706465826379,15523546539199032,2,458469288700990605,10545206192653585226093840,9890596609696347925688178,76278871116123247330660,189320408646848418728663,163493064040696627924152
831,6,8318206400553367538314,8248778912930322436184,8243168519771589636977,27950518755507767,2,603253644277497252,10652899781900298409961233,9991022271259535656008282,76997032688011689175170,190014470499548181423716,164118104929864692756726
832,6,8405584894367426980473,8354889467943585664858,8351331888956474115280,7950518755507767,2,255559877645215082,10708789661597106536076978,10043310015559647660241601,77471712964092555382893,190492408738355933574042,164243923265788616391765
833,6,8447818067368767141687,8426218138014113924903,8424789817406343117910,0,2,17926403226745162,10735618358143922316035756,10068465903209993719657709,77635903047282025056229,190658481820453542438881,164243923265788616391765
834,6,8621938044224110960167,8614837467968647418679,8614367281615618623166,0,2,120467722308059126,10845683285841145142169526,10171689952581716136095828,78350703773863145590850,191338797279439066383371,164243923265788616391765
835,6,8717326227890892815562,8668708729586009637581,8666591417056976128372,20000000000000000,1,390297805980964818,10906201953537957949262024,10227844628742989496656540,78350703773863145590850,191519269328362382342125,164243923265788616391765
836,6,8558895852075984767669,8637820150330956223882,8644122443324083325615,24580880878276398,1,449720234876695749,10807331970840323547380375,10134558258536879766048746,78570251554564199786078,191717346687217421034045,164851965819909070885417
837,6,8380271087631077201795,8359527851757607893942,8358153518803963563475,19106221982411580,1,355182912685184841,10693858035105861390631957,10028131861711583476487252,79795084744056201721000,192921947824175730130573,164851965819909070885417
838,6,8219551246795178531169,8173712611199885580308,8170683150756488526722,0,1,224645757922047169,10590849552497680959920056,9931540252556747426331185,80172580809170691863493,193269083578442798005317,164851965819909070885417
839,6,8169988089391609116236,8196616463350033172920,8198346029983279975400,20000000000000000,2,432851033866079608,10558867096806226832151177,9901522677932592954689261,80172580809170691863493,193269092535757904805568,164851965819909070885417
840,6,8122122074911013907467,8120683065431326860617,8041479015158323724118,19998667956236092,2,375381900254769270,10528372826485021708763219,9872582795715218480005972,80172580809170691863493,193376768860990549072692,165115440503838956123240
841,6,8266748621793530859822,8300086423138116337049,8302303718128907690518,25254643540945817,2,464653773104336826,10621717406960483438165661,9959991981010724386508931,80594533335988808580277,194327115011003571013710,165115440503838956123240
842,6,8318361686045273097998,8246321700993207636536,8241366888837936570637,5254643540945817,2,31848396481600585,10655025438196386215634805,9991120968108364110727134,80600975950283225292213,194331777997842434682745,165230542611572910271865
843,6,8442054239354613284555,8458780854138771219795,8459892939141558652415,0,2,127675152749330743,10733856022927407380085155,10065026761880711930910776,81339336142674654622577,195060063400474562268770,165230542611572910271865
844,6,8517202408241898855292,8548012037345369309796,8550061335547687895515,0,2,240260945780537797,10781536953847146526481588,10109738262758566805969393,81403181623887333988601,195117665566982676059142,165230542611572910271865
845,6,8565556112542241318560,8616461201652426805658,8619849234042006987623,0,2,349675913524830012,10812127842579038882479321,10138426863429099696603148,81408863077115442942803,195121820118941412266384,165230542611572910271865
846,6,8428837619469989794964,8465535016755311727124,8468373084833403402418,20000000000000000,1,427946835362646774,10725706072148046229547282,10057166855517695317766009,82058679087340050480978,195753101591888347826617,165463903825229373637846
847,6,8273689683737791226297,8291442546500890209266,8292623330280443230827,0,1,70960632983255416,10626515660155468197410674,9964156055194650805588845,82756646629010855187219,196426844498370291779757,165463903825229373637846
848,6,8084195951970543042510,8095909894334284768507,8096688871229347713466,0,1,216825854748003447,10504117057128135649356205,9849386237330336047643921,83597964159892032131908,197224622808286919242077,165463903825229373637846
849,6,7952634574650270743758,7930970405992021471006,7927768661605767128421,20000000000000000,2,434848995444924924,10419389307912766244744048,9768922605692141937076415,83597964159892032131908,197618155989380554309954,165614674324604163187145
850,6,7866239009507827913246,7895817351832160645361,7828456382197683514345,40000000000000000,2,565313019510358188,10363116713557692777263777,9715730295099968991057882,83597964159892032131908,197691884144975070391838,165988027645370383219819
851,6,8003433406332486553706,8060873283486055972286,8064708032349736044646,43617747335464374,2,590796328315788235,10453145604157685024163746,9800132526983390486910867,83837422498015995161905,198290481951261713004288,165988027645370383219819
852,6,8134698698053330881349,8067505794765919597160,8062204147616948945513,23617747335464374,2,186020760334846055,10539065265836933946370748,9880199389098467165670306,83946912073412400208974,198382700752543328607662,166503060622273921225727
853,6,8245689688445067713773,8284625857579502953496,8287225655640316156363,3617747335464374,2,171211662238197199,10610658121053051386198976,9947306208317952112103176,84579919481320295945087,199012385681002068523008,166503060622273921225727
854,6,8400949890611765610362,8326126278941794746481,8321172109913284428257,0,2,221256584402934186,10710165099834018462904513,10040602235615902221117112,84840195505653203552891,199245531848088864258510,166503060622273921225727
855,6,8511114498288410512805,8432368194258380541632,8427155753839228795946,0,2,278147220563544912,10780168034264543987888612,10106229929713466816763463,85490888998336847137269,199889038258143903936850,166503060622273921225727
856,6,8404723761942719925448,8357357512754573904713,8354213051180900515329,20000000000000000,1,413946198189381543,10712506030856561920459527,10042788523474832972776654,85505328141164248849007,199897956790231342737179,166503060622273921225727
857,6,8295129893481889552078,8368165192433705564049,8373047082660280773581,0,1,212938634371446359,10642493425460156945727804,9977160615487388782379343,85579633804530172256597,199960778466853016123680,166503060622273921225727
858,6,8151742446239616579398,8228053566887896970656,8233155171212459609552,0,1,232660478478801252,10550123937130999788595259,9890567449820450787353854,86485093946139558125445,200847839348919941431872,166503060622273921225727
859,6,8044287261948189902345,7988414684497849701669,7984709431560773019822,0,1,125297367991542220,10480307999902632826714042,9825109707354590305270196,87153460421980096570936,201509282123791045295746,166503060622273921225727
860,6,7860416715801526199950,7878572251283782503902,7878532302369120603502,18404441257632031,2,465148601030271387,10360556963459675338022529,9712112311563070697068506,87153460421980096570936,201808097821042490325687,166503491580690749566934
861,6,7980515307659556567705,7984856921640444360087,7985146838447180339977,27442463399505425,2,564277151731882697,10439399367660787464241255,9786020220244368492791586,87369144390560637237534,202010442118920315800733,166503491580690749566934
862,6,8084972274147859180363,8074413608603815362987,8073667327443613869379,7442463399505425,2,277775232511414222,10507525414031073444291225,9849858617166236318201760,87573064841659451547051,202200487229613679332503,166528976641287927350665
863,6,8174399718339443394124,8132538523392207009185,8129754944143759523428,0,2,73260086070503753,10565509748975761384862484,9904217895629683159754318,87773100493444164821898,202390829813863141993823,166528976641287927350665
864,6,8338907505608654003441,8412657328078327172612,8417593107709002318603,0,2,49090572832310290,10671362580978873656894944,10003454236842817776895142,88610749724494963142581,203197651317360119496211,166528976641287927350665
865,6,8516050855518234755114,8584559259647410840174,8591020022477183454119,20000000000000000,1,431532763614759293,10785199467002928597518121,10109133143443014121859469,88610749724494963142581,203368530716354746195940,166962438874812324496667
866,6,8437060254276831360882,8402389968328475234703,8400078900601344465548,40000000000000000,1,562815429331527502,10735000502765708478269209,10062067952594737797322143,89013811894254337620880,203779837573857212101660,166962438874812324496667
867,6,8299002699920156238227,8261427922904522599424,8258924088356679728428,20000000000000000,1,196546412173274482,10646813439370214458147922,9979409595522276602949869,89217811703210148061995,203962646820081324087075,166962438874812324496667
868,6,8113981551963882310068,8160977987996963905621,8164125879174420029387,0,1,28052195906305548,10527479198616773522365616,9867558086367783256273876,89644590498166984195063,204349319384246213133244,166962438874812324496667
869,6,8035712066305075446659,8044964709275571102169,8045583701796532545973,0,1,169030660540471637,10476538868669825962547094,9819805554697235001778869,89957933917472216848684,204657847978459686884461,166962438874812324496667
870,6,7986683666875267190995,7996017254714007221888,7996641665226236811540,0,1,314494022255964296,10444529696794353699581988,9789802919557123481257704,90026951761392774750531,204723915722271584566259,166962438874812324496667
871,6,8056565356153104206568,8069407175435347442884,8070266381474689159172,20000000000000000,2,372976053564399936,10490125362057699118286514,9832540569721145816898033,90101573680073865793179,204792419359506163837558,166962438874812324496667
872,6,8158043699386646113303,8103920590522699368880,8100320150580402731596,0,2,183957642661134742,10556039150991074727588474,9894329609475027885554035,90259045604605154295607,204937156900178532566053,166962438874812324496667
873,6,8251331125697400830886,8323184008184376743878,8328000531634355585339,0,2,95863019967464421,10616262834243564230917599,9950783437229862723982145,90690273281777871379192,205361526443600498968726,166962438874812324496667
874,6,8434494082641407302558,8372507667517421009096,8368386510872357594126,0,2,307199950742477807,10733418078815376429483367,10060591219088214602534610,90927061847722410312848,205564562237524132792310,166962438874812324496667
875,6,8607908665754061662887,8630458388887550138925,8633618801219136692534,11674889108007155,1,371183958847908471,10844104784683431228256136,10163421356827573740310040,91085508643270712198987,206576327685539480529441,167048923009238318035592
876,6,8497865865042208211879,8514304307855483615756,8515688507064704379385,31674889108007155,1,605233258380977571,10774730187141288623053359,10098242534447177678546772,91408356041631123310416,206893389890978783814100,167216034729867681291291
877,6,8309945312506038026458,8251500989892266775782,8247607817128226844306,11674889108007155,1,329101607905621582,10654990141049642888735045,9986028101177365256848626,92194468220061739621467,207640038925565145134429,167216034729867681291291
878,6,8234610503734417119702,8163439923432315652448,8158705165666786623440,0,1,112471569892417393,10606616989775533819236707,9940696385252154047788908,92200034832390594355065,207643129635283249271302,167216034729867681291291
879,6,8174615803614467615632,8112155223867632759322,8107996553355653251792,0,1,222912759857731223,10567886350093663224402918,9904394568676753480193070,92202507227210733497963,207647828801481430285054,167216034729867681291291
880,6,8084041937850127730059,8110824098643511563505,8112619837790452739519,0,1,287965204985424142,10509114840422290537373207,9849304811193749806795076,92218339149224876905929,207658607118988907322102,167216034729867681291291
881,6,8156050322824611150233,8104250148349380715988,8100797667855790804367,0,1,289900108134669448,10555855031228054007686856,9893115507762071514243067,92259136895239387081681,207693859475048645961444,167216034729867681291291
882,6,8320489316156118912216,8346486893430467612510,8348229939128398944021,0,1,301621470852468714,10661694327611941150524594,9992304455665354105545083,93183247402926683346709,208588206521129946473290,167216034729867681291291
883,6,8389307738280125776621,8468551291405092689869,8473873186970836326082,0,1,255985817228966137,10705800006497062659665524,10033654600142329097636516,93218290642847664496957,208618423904251626091733,167216034729867681291291
884,6,8545431335058029541062,8626797676965196502286,8633551398921101681891,14975683600000846,1,411370584828371633,10805715655035836701822788,10126592431104582312032439,93218290642847664496957,208707933160179543106185,167594059291368549774877
885,6,8701340066186179711077,8581955913299468554562,8652883002507215984081,27903944812759080,1,558382609191953584,10903981290964643774750541,10218458537780597495168921,93218290642847664496957,208786065461658283197170,167713469485916447535909
886,6,8555794356639237770917,8477119744033114734806,8471882271813151442489,21061013086953006,1,432495783961413187,10812259667095826777436313,10132720546355976115387500,93230888658426554584536,208947331555778070935280,167713469485916447535909
887,6,8431097553192702287481,8389329882295742262787,8386539828731532309643,1061013086953006,1,156968506190188657,10733097182307633519422854,10058522796340121291123758,93270647624038898852586,208976611684083962099685,167713469485916447535909
888,6,8366760380502864490657,8318437327564150540021,8315211512397185405595,0,1,38768429928650517,10692078841931690120419515,10020083995343900576268403,93280346680530939486889,208983595091017820425208,167713469485916447535909
889,6,8256541085169677905788,8255254862359909040816,8255168612052910090599,0,1,180111983269704078,10621374942115008701056818,9953818046688552274757637,93354405692129977957659,209045977968406429144771,167713469485916447535909
890,6,8068261717894859661152,8132980014441309106477,8137329624151601431351,0,1,296318092632432121,10499657179960876755703800,9839761141176327052119843,94043388404101997153550,209691069149643990975273,167713469485916447535909
891,6,8225910693775992939616,8173077657648321026820,8169057395851313736135,17454971395330517,2,477496750939693419,10602011067383221056344202,9935397090826571986820710,94214454797151167326092,209836650381788025449795,168009961444728230395520
892,6,8361109020735894676316,8329440260824438937288,8327321866370477946939,0,2,335805913577444220,10688745316446033223524562,10016672077659011848023584,94905701375559578174355,210512761473154447761083,168009961444728230395520
893,6,8430532130536107527843,8351228234293259208917,8345947386162040321145,0,2,86255034510587010,10733128958786357967560798,10058278049548792677490699,95100950553159068223880,210703531197213220487105,168009961444728230395520
894,6,8574114692903678728511,8651155434500166722896,8656336874312665680007,0,2,133434310123171193,10824129819450077355983458,10143555553948254348564664,96039608923473022759170,211625927249216182994647,168009961444728230395520
895,6,8718242784310146896460,8682054394081991756234,8680348213522422228987,20000000000000000,1,537025073264586542,10915062554857440032561711,10228363002194244276719891,96039608923473022759170,211690852681930947174280,168009961444728230395520
896,6,8601402928483390529970,8523206899458842354601,8517995291655511503317,25275650144511508,1,562746623474582829,10841764869227312837948266,10159689232831180056662614,96157650727443024039836,211796858321599126288228,168009961444728230395520
897,6,8518608677955404213673,8497272022368809899840,8495842415346015474564,5275650144511508,1,149349180210067983,10789355075560984359887929,10110563147290772728181870,96158043474759506177896,211796864874702960425068,168009961444728230395520
898,6,8335180202391660906627,8369863609980046733764,8372194730270512864971,0,1,89872562054229808,10672575679217843477498689,10001132604179175565556405,96652918951776207076096,212252538913952103337954,168009961444728230395520
899,6,8181913977515020153775,8175061838564161552889,8174602114737189853836,0,1,174757024511677544,10573975576141691276499875,9908732883205021926360546,97334698467249294075556,212907189009758153911645,168009961444728230395520
900,6,8020150311733932630610,8040020129886939049281,8039709669984496371339,20000000000000000,2,439792803279663311,10469938593971962775647434,9810297981988144351961928,97334698467249294075556,213353377997713936099217,168010650461170547522868
901,6,8095618483856783447387,8152774939035458280089,8156625329393035456132,34855495923731385,2,563684896194482556,10519140404763485810226992,9856408610349296258252109,97397144231878460622894,213412547035567051539469,168010650461170547522868
902,6,8168969174041206069751,8202088085056872382947,8204317390875772773169,14855495923731385,2,270116152106784572,10566643749279079774056116,9900913441737439228873269,97402345320416739535776,213415377171701551638335,168010650461170547522868
903,6,8352848964788971791185,8393694091425401508770,8396444075265128792745,0,2,152955942571471065,10684917034863689184980905,10011736444141264281120590,97845432454170846444648,213818251594968593872048,168010650461170547522868
904,6,8424769514055409732290,8412262962990888560131,8411423027099530235870,0,2,200185994265991900,10730789661950660652026585,10054715197342388710581263,97863749866721761368453,213832506988369269007591,168010650461170547522868
905,6,8558044873170762671123,8486493756549211611023,8481714918413417188684,0,2,228454313792807454,10815426608021789603164707,10134031736623459688810215,98262831464186110902322,214210804201477029177602,168010650461170547522868
906,6,8387701249082834956428,8328833608957478940524,8324897628433941121955,0,2,343724477394890661,10707219796103051276154543,10032638554934394218209347,98446340343821061340595,214366606594103569863777,168010650461170547522868
907,6,8214356129784139170345,8188210337224918377676,8186456785697674178826,0,2,39251905249352038,10595949109632504376971635,9928371407198397045080351,98700043884017585108172,214588365370567766310675,168010650461170547522868
908,6,8026938770643793690897,8063617935318895395812,8066087227153391191118,0,2,274086750706394225,10474387865413537082044763,9814470707302037610731672,99218131802391764427323,215063414635734352444622,168010650461170547522868
909,6,7907162877129184083654,7925952385685837516313,7925685497096221973898,18427998977692030,2,430710797780086917,10396869377738869083584062,9740948844424385709159403,99218131802391764427323,215545581674960588544770,168011262812082418853274
910,6,7729541762116369951865,7768900858679577323054,7768400489123163605828,30277868778525559,2,563056626517494170,10281422532782379691527643,9630944101035888465518566,99218131802391764427323,216301576397791863103928,168013955321879909469269
911,7,7736857946596592596522,7819786122119551210474,7791074049378508261035,44456029319419274,2,673372927667646538,10286400163879627409466020,9635529419153368305651593,99218131802391764427323,216321514309239552682215,168079412761033374963076
912,7,7748707418990419722678,7827751373661503964558,7757172068983043625319,36515604880412435,2,517184915905602358,10294260557528213565257522,9642847957830781115707983,99218131802391764427323,216357351644818957668261,168103234058952717960518
913,7,7743922703836584101275,7868571557072786120116,7787270063433119335449,33167201712385156,2,490074115469953748,10291277285829768474958966,9639906447537138135875292,99218131802391764427323,216360872975132737991841,168244567076077112361494
914,7,7740504907887972248441,7797800324934129063171,7666332974392878945636,13167201712385156,2,337452300848507650,10289056739251732589454268,9637853066929713731196220,99218131802391764427323,216404582344045923915292,168244567076077112361494
915,7,7745527189188643324687,7826677255384987927352,7776253920712797009110,31361871356316044,2,457993730823582452,10292463913087352000515861,9640886396324676820302992,99218131802391764427323,216531865669671778506600,168307228206499492123591
916,7,7758686903587192562250,7821554172941167924475,7753258086375152219641,11361871356316044,2,333885001829068670,10301166950592975128804197,9649054577873944639086365,99218131802391764427323,216538034914418541529280,168311748553044988134579
917,7,7756456363961428562448,7817834650374770494768,7752535055398577569320,0,2,346207999618118911,10299682242641517195563116,9647667195640953714245675,99218131802391764427323,216538240038676445526583,168311748553044988134579
918,7,7743311591992002367741,7815031964976704460046,7819096439273267705821,20000000000000000,2,357009474840026212,10291474607781277697074970,9639602828284111845014357,99218131802391764427323,216539947620601728949292,168311748553044988134579
919,7,7748512182893392978114,7753421578776752923494,7682959264056413507184,19522396544897930,2,366865856751599665,10295223561140623397635456,9642812045048435430033461,99218131802391764427323,216639064669198353188168,168533629424601936644800
920,7,7753844987705432457410,7742808334981381705181,7741921622327676780407,23618074963295696,2,555057959513148200,10298855501704721679947372,9646045559820748289890982,99218135641273040036002,216740766509923768235314,168621068654232782884750
921,7,7756900784502655569257,7791077039544549737645,7793392682158949217619,22259561797396034,2,581940203125285624,10300906968702214519678712,9647969839538406871022441,99222393297271046726074,216745272421776875593241,168621068654232782884750
922,7,7768188267108593402492,7832730616956574326820,7812599536889919271536,2259561797396034,2,178231923287072564,10308462259359630439718726,9654999564072123277007038,99222393297271046726074,216757936312839473333160,168658910181085131774871
923,7,7770939114158093462020,7809501296342785485233,7812114497164703969184,0,2,74949828868166318,10310230644518927474571376,9656703394031289196229971,99303236996798114657472,216792443923416021530312,168658910181085131774871
924,7,7778224049712906859457,7784125913516324747346,7784525411728388667899,0,2,64950262014959833,10315031368503366637062014,9661195779969444302297818,99324002065718967756078,216815270769180166756039,168658910181085131774871
925,7,7778296040799259432827,7781793595373374604346,7782030325947463463620,0,2,206418537929249284,10315078622414227257556469,9661239975561803439638432,99324725845346380004420,216816044722250363350148,168658910181085131774871
926,7,7777722281391026898286,7721391508717262538308,7717601369440699860076,0,2,220000910259445554,10314766038624383155953546,9660956082139973086569622,99325078950107314137173,216816415012149763000450,168658910181085131774871
927,7,7763000295458829315434,7777972968420837073732,7778986787331858704927,9567779074860995,2,498814039490571042,10304936034185903230333067,9651740884751511438348122,99362283774282267373776,216857919371679006149128,168658910181085131774871
928,7,7775697241440216701567,7728321272707889560254,7722725700928430064922,0,2,56502230501884061,10313403187671370857775147,9659682030002777566711536,99362283774282267373776,216858135384647538788346,168658910181085131774871
929,7,7763497682847202745555,7711148036269190117343,7707624342072558275540,0,2,287152027607346803,10305320341108063295288603,9652107919438914602094921,99388849941480517718811,216891587547766022828857,168658910181085131774871
930,7,7772145799133392536649,7716886838193161162078,7713074870714879933992,3174042664050920,2,355558632127781929,10311123724018274750630285,9657489672872147665772288,99468865958512759175699,216975478683350633894072,168712840680654653068239
931,7,7765447723731892806028,7724135305780401492667,7721351095749898042565,0,2,303278226141735697,10306650743187042713541904,9653296234560022523832210,99519563806299768698039,217030737433950377074808,168712840680654653068239
932,7,7772799619995258901796,7728862940145521410427,7725902663591265879323,0,2,228534043494462364,10311533215126615872519300,9657869819311212709358120,99570406003810967791601,217083980523227329517063,168712840680654653068239
933,7,7787280874180659698446,7751173401404493892813,7748738634755560176127,0,2,173697822116647635,10321120698334096665328725,9666847760136983024686032,99643557817984749274059,217159643814782189449497,168712840680654653068239
934,7,7774114223080809663021,7766294577184461932029,7765765750010239868030,0,2,70590711175926104,10312365049814590006828403,9658643672984417320627332,99654815981898078041861,217172549352811319160133,168712840680654653068239
935,7,7767585613582334824609,7823666967684598380218,7827469984943687393313,0,2,209623921620351811,10308099418585078990526665,9654657000966102014188538,99654851582952909090411,217172615612743616642077,168712840680654653068239
936,7,7781704310893114878692,7766335853176331441806,7765297322281235358660,0,1,536757433282235692,10317401682735093630871433,9663361512835125926197722,99692152561821974519939,217214151228753409741587,168712840680654653068239
937,7,7778228875409501434580,7781971201800652887259,7782224524485605862236,0,1,13026398110466748,10315092725114863432070892,9661198303492455921620455,99695171614208818826749,217217494745399476010932,168712840680654653068239
938,7,7790622386735889557128,7771717663588320899609,7770440630868727354434,0,1,116003784445219802,10323314595743635453090909,9668899931836240078289432,99696764623245932375916,217218900625436172224139,168712840680654653068239
939,7,7775215223613178641686,7832768142903702769736,7836671138732379706769,0,1,28101877597741781,10313164071115700810592235,9659401043161415745635729,99697025598843516122128,217219356212555531729826,168712840680654653068239
940,7,7761210123783810159073,7765941356990339585386,7766261630971193821770,0,1,386548397657505187,10303802023238300271928525,9650623365490526646286389,99805512453793056057251,217332296018220313984987,168712840680654653068239
941,7,7771353869639964328468,7776139969550842159393,7776463958195119785975,0,1,78595050873823746,10310533265663084038864155,9656927902264794925290365,99806138055844177004875,217332814648376666856787,168712840680654653068239
942,7,7774172697900873964225,7795366093282728045524,7796801558515141481226,0,1,13499283355096308,10312412081554372530220279,9658688803549289907017898,99806220579846312515193,217332919491569099892481,168712840680654653068239
943,7,7787294796498141442041,7809248891801507995573,7810735917371619155359,0,1,112483229292535522,10321112283593281945542537,9666837570183651546130926,99807605100881750431557,217334718180456880514242,168712840680654653068239
944,7,7778919490651221974725,7751934540559278936368,7750113206131367938160,0,1,201844083839536105,10315565917045489984350274,9661643498743414184564347,99827130554591801687185,217354839265493416315039,168712840680654653068239
945,7,7782181060749822956621,7757576254230796125219,7755915156168856220142,0,1,209858925511024600,10317725620996438023174969,9663665949447653769232604,99846688914692216598875,217375435189158651918413,168712840680654653068239
946,7,7773234649879143214107,7826143770154589889476,7829731277941089152085,0,1,160770128839708930,10311839664362419685979781,9658159181688261559202006,99851929867509725148331,217381441903062719693531,168712840680654653068239
947,7,7770237240786120074237,7733032961446993219581,7730524541403921271115,0,1,280576243992593869,10309821701459498171398293,9656265267543920747883518,99918166994403125287152,217451665317334910039496,168712840680654653068239
948,7,7773908320032045851100,7805385848368216334220,7807518625474392238774,0,1,222203606177252051,10312248227099275162462798,9658536840731153830541701,99953992770379436710156,217489476987966085955897,168712840680654653068239
949,7,7763984446318276460503,7744647945869611330289,7743341813213947642556,0,1,115543943839072281,10305650989451972227900852,9652356108571225079943272,99990429165439376482215,217527199894751528785065,168712840680654653068239
950,7,7757448472298836410687,7687090175502861023450,7682362770682581038340,0,1,135075758643153558,10301411146532357744834434,9648397964446100128025411,99993941025764295090810,217531195301579282212672,168712840680654653068239
951,7,7767677713981704296309,7696937182461417841748,7692184238310174678388,0,1,317970815892609535,10308201693529014409896860,9654758169770607520925909,100134082935664266061536,217678395070410039125267,168712840680654653068239
952,7,7766966262443363192425,7768550003354913201370,7768657200799766422895,0,1,260781252124957658,10307621822155045322683177,9654200964009264034839028,100239777764820667334866,217791353108435420836060,168712840680654653068239
953,7,7753260210901097419742,7770560810755101655364,7771732455984260725362,0,1,94519498569390902,10298529426388347203989087,9645685784230184940724470,100244774239691135229609,217796098630978290041065,168712840680654653068239
954,7,7749206106411456795608,7785124860504512496065,7787558933915703121280,0,1,103346336584283251,10295857702700927119595324,9643186191641383263175690,100254520740621707543648,217806254932799759221957,168712840680654653068239
955,7,7736175150293329083165,7682641724085615387036,7679038539864045750638,0,1,175993015986951321,10287231879778865807379362,9635111685628479953297495,100305678700704729339261,217859037087308606106548,168712840680654653068239
956,7,7749307530316608781932,7769470521639946460008,7770836150699459564988,0,1,314969933269912429,10295906247447397813945976,9643229194358518425419991,100401752506336541510429,217959057240799008298179,168712840680654653068239
957,7,7744938471855301274267,7726224579276783793285,7724960426871333671324,0,1,88467052634897529,10293002265257936610521931,9640509149521194441775787,100414620468394928390954,217972486290386742284901,168712840680654653068239
958,7,7739091507656371270496,7711226636969672864548,7709346111623317689472,0,1,85682330381999349,10289125438289729449228953,9636879287237708922550845,100418181535446197213142,217976509846380156307340,168712840680654653068239
959,7,7747360567049637433893,7813876565602835754530,7818388810530333255045,0,1,145194368897972320,10294698135258039445619637,9642108826900880543614381,100446305220922439633334,218005670892378155872084,168712840680654653068239
960,7,7737084098059981280162,7807963857767605160723,7812772857433921516645,0,1,262934961242019905,10287881138935011332389117,9635725657914736278542751,100571741213440954035104,218137291285471373120829,168712840680654653068239
961,7,7748617465291193341313,7742880821402202290363,7742492780962078125974,0,1,231530062897425102,10295439835287694368869300,9642791303261432862601794,100646658138123096274545,218219241068805978265639,168712840680654653068239
962,7,7758471978241126593599,7746951721139936671205,7746172928121664108308,0,1,83483267509086278,10301986643670466090405428,9648923376348736556448943,100651868989373593716287,218224367811613059671761,168712840680654653068239
963,7,7760388063440776919173,7813936616105681086352,7817567570658603518607,0,1,62157234639033284,10303316746923193466418224,9650176756615842076259474,100655736506502104126159,218228422650788281576392,168712840680654653068239
964,7,7760334330209167300747,7803424251976724701398,7806344997921051324424,0,1,242935689351504005,10303259663908643377646544,9650120492738908390071207,100716760132988338300113,218293553086273169607560,168712840680654653068239
965,7,7773542151881005029220,7809698246112362922072,7812148413552298174665,0,1,176862294133487270,10312012067357574551653832,9658316529220342644404797,100735734614286236283428,218314960587923507414085,168712840680654653068239
966,7,7769339143215395310683,7708164048809380586092,7704049694250703436031,0,1,208269333193380902,10309276713827379943259156,9655761473986079563509134,100770328453601514848465,218351403489030777422150,168712840680654653068239
967,7,7773937170435383053198,7836477461332821104383,7840719400290931051539,0,1,319897524851289731,10312329073261670409814487,9658620629784880763643872,100863389142758470711585,218449862971421334663190,168712840680654653068239
968,7,7786020596088897819540,7741121799283010873422,7738096976887799924676,0,1,218689312995825422,10320300772756169626466255,9666081809887065074545304,100917216556414661235466,218509079273611559528164,168712840680654653068239
969,7,7773493972532008580328,7782056563760147796947,7782636272003305388359,0,1,115768692999271492,10311953917131620824618196,9658258636467072911378302,100939664366690273529738,218534226527947707877211,168712840680654653068239
970,7,7788749532228423932411,7767848817214242563084,7766437244404799928928,0,1,27890973611841321,10322075366107299100972405,9667739481928240070516294,100940617935557164682493,218534971578570828475266,168712840680654653068239
971,7,7802689922239162821294,7732067427101834700734,7727322198836411167575,0,1,26401012039363984,10331405954569083092574892,9676491323990252208576280,100966482378948892966760,218561203869426739271294,168712840680654653068239
972,7,7816681375418066377448,7860976781686745620393,7863979329348743435910,0,1,165591199602119863,10340599143448253308130529,9685093181098223660543364,101119596993962677075182,218721246300015939618801,168712840680654653068239
973,7,7829159753197251199044,7820472981134151052398,7819885560760804127873,0,1,289269401860105363,10348809892111306749232182,9692778241312505942187448,101140874830779087850771,218745105018968058894512,168712840680654653068239
974,7,7836160422274306016124,7867466523779237617219,7869587655323937240573,0,1,118767567789659898,10353454680494997393218363,9697131072053426669872993,101146071944360106215654,218750344437182653138745,168712840680654653068239
975,7,7832631210738461785702,7882551111379362464417,7885935546684394672364,0,1,260534887832536432,10351154603501457268374979,9694980941072076347124339,101171551563689745516931,218777196310161462801519,168712840680654653068239
976,7,7847927753085257093442,7851114729299431766065,7851330455328195555094,0,1,305206378414176974,10361205127225084962679606,9704387536631708570849394,101196649403212108744707,218805511181925639046008,168712840680654653068239
977,7,7833254892251799358203,7859400304220439670202,7861171466097006851940,0,1,127575280854753122,10351528847440560216549875,9695326509140273390091959,101203360525739485715401,218811949460673519901389,168712840680654653068239
978,7,7843095249704644099912,7896872607676916135151,7900519034717913767303,0,1,165066599163632522,10358074829180953843044703,9701463555876226461905307,101208944636411711605207,218818376109093364504637,168712840680654653068239
979,7,7851395493312871928842,7836257188494644330613,7835234171840239906789,0,1,327878455340422565,10363498623330592326778184,9706536247552643476226519,101252156113574823967262,218865576964123982558075,168712840680654653068239
980,7,7853691753714904426364,7830553867556150173859,7828991532402879318897,0,1,48028631778451703,10365020447020305384634140,9707962444809724243424432,101258555219209695181636,218872295291863765181905,168712840680654653068239
981,7,7867929565604892711910,7890368499256311114776,7891888377807529536863,0,1,78828563473311931,10374410697970664282598964,9716757329241510661574215,101287958654554444076939,218902191212715874963290,168712840680654653068239
982,7,7866222077429980474547,7919471743421826691754,7923082306426534691258,0,1,241697136328628006,10373333419148016159835562,9715754685375009181500383,101300139227063090422731,218915078539990618074124,168712840680654653068239
983,7,7854458715135137493033,7881215577948594505470,7883028194344512474858,0,1,357196946653707515,10365530244615996700832968,9708440410491194023231351,101388180716418257444462,219006910355120135496180,168712840680654653068239
984,7,7843575258311174368936,7868835999913014050082,7870547178492352281554,0,1,85397133824460162,10358344717156540491807157,9701710178802009062966827,101417856248871423156074,219037439068084086651329,168712840680654653068239
985,7,7855071254760088645661,7812820517496879451283,7809973205069808086200,0,1,3819767546523953,10365957125433123994685595,9708843201024924468231051,101421828104793218292659,219042140538432496620849,168712840680654653068239
986,7,7853841099293148168217,7896296287562083956228,7899173897557225423292,0,1,296531620470946854,10365145374594387444853751,9708082904294310402590003,101457358231978321813746,219080212281477513432176,168712840680654653068239
987,7,7847654698431678506597,7825328890391692864066,7823821266481350736437,0,1,166961812655926503,10361035174311284320094744,9704229706165260188589702,101506807956071227764850,219132150382016645612940,168712840680654653068239
988,7,7851856872900332007523,7831155272558082031021,7829757094683319507635,0,1,154128130641924323,10363807322929618488281265,9706825928547479052661873,101521645503665108525904,219147674791514307012611,168712840680654653068239
989,7,7864217294116169013940,7867340272946783608160,7867551666494126356241,0,1,122305824861218843,10371952654715213260159729,9714453755556576637514607,101544657140840791953015,219171093322248112996910,168712840680654653068239
990,7,7859566453906922341136,7914738393011598516268,7918479542422252592174,0,1,75133348129526393,10368948470920037296509191,9711648283278531841295895,101545923871771805686452,219172345121462376844349,168712840680654653068239
991,7,7845756088627696591930,7909764363291035953344,7914106001772463017682,0,1,281111278980066820,10359856740882893535352790,9703135780189001042211909,101645158244294035847927,219275594659609939049351,168712840680654653068239
992,7,7833484504516160449295,7777059973098303213777,7773263063986482228168,0,1,244841432468974230,10351733814902334625705748,9695525447675133786175722,101766670182776267259442,219402657965855020125426,168712840680654653068239
993,7,7845455012905203087707,7853809022355306826607,7854374603573683900186,0,2,362427277325182817,10359573937644048551369245,9702859915647489013133431,101865951011504140734209,219506306559905716538146,168712840680654653068239
994,7,7835987984065052470389,7869786564349079375362,7872076766199788742483,0,2,6280697458713661,10353344163518353095352621,9697028005810777761808407,101872629549898822673792,219512964590302435784301,168712840680654653068239
995,7,7837753096099113378641,7847322773732242468881,7847970684802370906154,0,2,57456332432331196,10354488131154284337204299,9698096568979837928333565,101894161903696863686464,219536112002548196970144,168712840680654653068239
996,7,7839149576808830902524,7781903707610970671091,7778051838656532081670,0,2,48503727592472173,10355478146891809512212164,9699032669126996302259322,101895567532610801260620,219537645401040910546459,168712840680654653068239
997,7,7848033614784527308834,7873429371992930921404,7875149703645594181299,0,2,303859377693287281,10361288313550064584253624,9704467191949435821954839,101988308234911016741435,219634968766615882958748,168712840680654653068239
998,7,7835036786454950991967,7817313484670080341441,7816116099987039203768,0,2,112150656222359744,10352698421588450074795796,9696420929545723327133225,102019229153991529078948,219666576189271322712358,168712840680654653068239
999,7,7833695367154362881356,7778752603865159981783,7775054840810145739369,0,2,105968794942851813,10351869617846489287495086,9695652181800216212485832,102024899759083844711481,219672693037302963776182,168712840680654653068239
1000,7,7820221151292905092732,7776950505568934796864,7774034823210475464504,0,2,235533785058676879,10342938762700607527664512,9687284294809910177781810,102061447469879910592897,219713320151815282552730,168712840680654653068239
1001,7,7815581796478843484036,7803571105458785020863,7802759191898461319495,0,2,241967897828433712,10339833594056434138152962,9684371160459171770465025,102093181889609757185557,219747711682682839473225,168712840680654653068239
1002,7,7826420837813756635331,7824201979358188923073,7824051835471819156562,0,2,75145266504144311,10346998054935638536343439,9691081064858414524557625,102104238698167380513906,219758817754741598099593,168712840680654653068239
1003,7,7828292949806431693717,7771989014746049273644,7768200188292245049419,0,2,48316292525692957,10348302798097407765848654,9692311900844731656667779,102104592143187540880151,219759173546050788773845,168712840680654653068239
1004,7,7823157575906007385017,7851099323089461596092,7852992291314756647859,0,2,231446227514963545,10344857049231734213175455,9689077920564694748622354,102160275422210105026213,219819365715994347246301,168712840680654653068239
1005,7,7811221774330933988454,7828878375742952539342,7830074139633308318947,0,2,181525823718272215,10336952618522814122086225,9681673278092912101891303,102193780376325531882136,219853788414223345107404,168712840680654653068239
1006,7,7802897947803918328895,7851975371359372312294,7855302615249384517658,0,2,57466512916447106,10331487682642525478200187,9676560555649786239758873,102208049837322220137936,219868409636152075789232,168712840680654653068239
1007,7,7810722387756073949566,7792565977992778163111,7791339394102143574673,0,2,170608641849960075,10336622593612892790433786,9681364227931158492770925,102243903062028896203549,219907608709097727001849,168712840680654653068239
1008,7,7804716231085771503093,7743447383371973305791,7739326644620569515317,0,2,155924427388313337,10332720818307025452626927,9677719369938040340544813,102247038183079380275117,219911168436517390526788,168712840680654653068239
1009,7,7809087674098564222797,7841141101637277009673,7843312931119783851873,0,2,345827219617152725,10335555536454841528090074,9680366735175415688372043,102339093172918108024171,220008604759439536973319,168712840680654653068239
1010,7,7803414836506632004153,7744136543373839872153,7740148865835445415127,0,2,135965555367803863,10331854197652855350038853,9676907016036628874401581,102369133741944484849344,220040065022630783284801,168712840680654653068239
1011,7,7799036912901024609512,7823056421064891169880,7824683456819013341802,0,2,213489724928582879,10328892702139132918605177,9674125032048280905467635,102433565275563972086613,220109532828017588940325,168712840680654653068239
1012,7,7810783788142034968409,7881315402279526360111,7886100615779398503249,0,2,75934978380586849,10336760638592996672318997,9681506257585218462075086,102436750165506278887807,220113358391041567211277,168712840680654653068239
1013,7,7812523104430405633549,7844515515282903300263,7846683204951083662556,0,2,241425223001555519,10337828631389987683217706,9682495721428382183587615,102536067706629613130813,220219706670616567932814,168712840680654653068239
1014,7,7813250424500739666836,7803625741012983687218,7802974960632605747868,0,2,87813707519420576,10338290210249593753586403,9682925471581513718810817,102556677789330653952837,220241773662874683756451,168712840680654653068239
1015,7,7814375672766974280489,7748195211628884990779,7743746358171626358351,0,2,72397973811636922,10339126156901033036275256,9683720393781652352096843,102559126912150790726872,220244353885516201666530,168712840680654653068239
1016,7,7819115427922757553272,7816697902221411195541,7816534318447484338435,0,2,258577561302325268,10342167852027085741615453,9686557060793537638096391,102666452002061293649293,220357947643629567179154,168712840680654653068239
1017,7,7803684511059518132754,7805259905299326846850,7805366537731736615314,0,2,39103744677988664,10331957678214735311126466,9676994121116597285616490,102670037508372208367080,220361222028369388323281,168712840680654653068239
1018,7,7811417499791000272395,7856768950124420370578,7859843194584878814829,0,2,9608569914647841,10337118839505755713314029,9681833765966297924691808,102670841057874877343039,220361948788763914330094,168712840680654653068239
1019,7,7822022499296216700141,7804489588089740699579,7803305046613574370205,0,2,200763326719991062,10344096619618607367398508,9688364396625688697918745,102696242573644469023931,220390125195598365516672,168712840680654653068239
1020,7,7830188866460536325525,7828127410842988741745,7827987915700901006833,0,2,50307341599987472,10349488520895410434455729,9693413653301544175039820,102710224072042253091309,220404457550853503997895,168712840680654653068239
1021,7,7829465979661504844031,7883425891002596225088,7887084730385743033629,0,2,60876612277888844,10349071709617437329280592,9693031236392890538915908,102710261890187776237363,220404500739627256036733,168712840680654653068239
1022,7,7814891119004607509558,7866827753494720462297,7870349171998554618259,0,2,282017611584681667,10339430357765394066423776,9684000504745167926690549,102808795909324564349610,220506857823210129408974,168712840680654653068239
1023,7,7803033630506461049957,7841389287812651845474,7843988693942084451469,0,2,178182267146734380,10331557789757575912752064,9676623640003462093101851,102894415064886784147783,220596106868831000969612,168712840680654653068239
1024,7,7800807322068796387628,7771110006528521635441,7769106146932397782887,0,2,19559273608921382,10330071558680410391085624,9675230019314848914991098,102929180319639612298767,220632960980366835735696,168712840680654653068239
1025,7,7791958480650515546886,7833361718656876690871,7836167959026809813168,0,2,305381103423586473,10324228410125241391306513,9669759563738862302263473,102938444025585961229230,220643388167001035535892,168712840680654653068239
1026,7,7779146935270229077064,7777084612281063152120,7776945058650989921403,0,2,35237491154292261,10315701241675342947761924,9661768217748052391333479,103000640068369232011469,220707805017264749457007,168712840680654653068239
1027,7,7791900399044149952738,7767567611764584050294,7765924826746926127315,0,2,200434879683060022,10324166311961780147559175,9669698311678886552872872,103005314766771342819189,220712266327383544386863,168712840680654653068239
1028,7,7796110401056222677719,7840011098014999687990,7842986862316820065474,0,2,237293328532177373,10326983109361879509503951,9672340220199763543942958,103022681222877898940213,220730461950853947014783,168712840680654653068239
1029,7,7806248244248806897686,7822417747679585106100,7823512745230382365403,0,2,138890063221422343,10333660188391590136423935,9678589423364414374738549,103046740507567579304132,220757133178330179745911,168712840680654653068239
1030,7,7808843740542633753740,7810946144555743677789,7811088450828998074152,0,2,42965547047951515,10335372524930298377058176,9680192499208441717730924,103050637454311551429864,220761395111884165170828,168712840680654653068239
1031,7,7801208892052802661455,7734102079287817480654,7729591438508908248104,0,2,24149984202259631,10330415034109386443548437,9675561864267854330117425,103052646690551170631366,220763332350787704354123,168712840680654653068239
1032,7,7808005135031675887494,7783520212798982796792,7781867173981571787361,0,2,367108907831712172,10334830193115575898294779,9679686203550399791842146,103169484974510599134351,220886601710887843863745,168712840680654653068239
1033,7,7821615092867407877592,7838846534504142896442,7840013487340961829178,0,2,65543747752776512,10343826983150996331641747,9688111820298061828917424,103200306283138571601558,220918035496543643003340,168712840680654653068239
1034,7,7815752643769856482434,7755265669496158786517,7751197151966595972949,0,2,184508894887041644,10340021565681781737505334,9684557019690781016072143,103211557492071828299568,220929663628662808933841,168712840680654653068239
1035,7,7815456005148655945515,7860024267263520889616,7863045339020258626564,0,2,179674400982411687,10339789119086994969918107,9684334573597440692095092,103288811468792849404752,221012175945597433436851,168712840680654653068239
1036,7,7803985831297221610754,7869777913122213879007,7874240866973623224848,0,2,203486165281905149,10332248121741796770028352,9677278049647438353988966,103354931229976912153279,221080934972617231035924,168712840680654653068239
1037,7,7812442794064256259616,7856000377810832120693,7858952840951635517166,0,2,232294678995230182,10337793861467186234431916,9682465557992310362787189,103424023086412549055473,221156070734620693144628,168712840680654653068239
1038,7,7818644501962696545243,7835862631829676194443,7837028682894202750087,0,2,158304191627094708,10341862537643507525450008,9686271904140598456725803,103453392331164992138188,221188086162216097112338,168712840680654653068239
1039,7,7809503690320490064313,7849416996068498402354,7852122105970202157070,0,2,43575439358983270,10335842735339343239254608,9680637284541487498421207,103468061309634833780238,221203065463896795532874,168712840680654653068239
1040,7,7817197280955866467785,7759846045236141876362,7755987192373979017762,0,2,117176480260235626,10340969194457990253901539,9685443540575934979600187,103489929999876394764107,221227123268519668836994,168712840680654653068239
