iso_time,close_usd
2022-09-19T08:00:00,1308.010000
2022-09-19T12:00:00,1341.640000
2022-09-19T16:00:00,1362.680000
2022-09-19T20:00:00,1376.300000
2022-09-20T00:00:00,1355.320000
2022-09-20T04:00:00,1358.940000
2022-09-20T08:00:00,1356.250000
2022-09-20T12:00:00,1377.260000
2022-09-20T16:00:00,1352.180000
2022-09-20T20:00:00,1322.930000
2022-09-21T00:00:00,1337.540000
2022-09-21T04:00:00,1332.230000
2022-09-21T08:00:00,1350.830000
2022-09-21T12:00:00,1343.410000
2022-09-21T16:00:00,1323.710000
2022-09-21T20:00:00,1245.930000
2022-09-22T00:00:00,1263.230000
2022-09-22T04:00:00,1278.720000
2022-09-22T08:00:00,1308.540000
2022-09-22T12:00:00,1272.050000
2022-09-22T16:00:00,1323.670000
2022-09-22T20:00:00,1326.080000
2022-09-23T00:00:00,1340.750000
2022-09-23T04:00:00,1331.880000
2022-09-23T08:00:00,1287.890000
2022-09-23T12:00:00,1294.350000
2022-09-23T16:00:00,1293.100000
2022-09-23T20:00:00,1326.980000
2022-09-24T00:00:00,1321.460000
2022-09-24T04:00:00,1322.470000
2022-09-24T08:00:00,1327.080000
2022-09-24T12:00:00,1339.740000
2022-09-24T16:00:00,1342.410000
2022-09-24T20:00:00,1316.800000
2022-09-25T00:00:00,1329.150000
2022-09-25T04:00:00,1332.710000
2022-09-25T08:00:00,1329.340000
2022-09-25T12:00:00,1310.930000
2022-09-25T16:00:00,1299.920000
2022-09-25T20:00:00,1294.940000
2022-09-26T00:00:00,1303.600000
2022-09-26T04:00:00,1295.160000
2022-09-26T08:00:00,1296.250000
2022-09-26T12:00:00,1326.130000
2022-09-26T16:00:00,1330.670000
2022-09-26T20:00:00,1336.380000
2022-09-27T00:00:00,1385.350000
2022-09-27T04:00:00,1382.190000
2022-09-27T08:00:00,1388.310000
2022-09-27T12:00:00,1365.340000
2022-09-27T16:00:00,1324.430000
2022-09-27T20:00:00,1328.030000
2022-09-28T00:00:00,1287.090000
2022-09-28T04:00:00,1285.510000
2022-09-28T08:00:00,1294.850000
2022-09-28T12:00:00,1332.100000
2022-09-28T16:00:00,1334.130000
2022-09-28T20:00:00,1337.680000
2022-09-29T00:00:00,1338.120000
2023-03-12T04:00:00,1552.300000
2023-03-12T08:00:00,1539.110000
2023-03-12T12:00:00,1535.660000
2023-03-12T16:00:00,1588.280000
2023-03-12T20:00:00,1601.600000
2023-03-13T00:00:00,1606.650000
2023-03-13T04:00:00,1629.070000
2023-03-13T08:00:00,1601.080000
2023-03-13T12:00:00,1675.740000
2023-03-13T16:00:00,1683.000000
2023-03-13T20:00:00,1683.080000
2023-03-14T00:00:00,1687.890000
2023-03-14T04:00:00,1678.190000
2023-03-14T08:00:00,1692.660000
2023-03-14T12:00:00,1778.770000
2023-03-14T16:00:00,1729.810000
2023-03-14T20:00:00,1707.010000
2023-03-15T00:00:00,1710.940000
2023-03-15T04:00:00,1715.460000
2023-03-15T08:00:00,1688.440000
2023-03-15T12:00:00,1639.030000
2023-03-15T16:00:00,1648.270000
2023-03-15T20:00:00,1655.190000
2023-03-16T00:00:00,1651.590000
2023-03-16T04:00:00,1660.940000
2023-03-16T08:00:00,1665.520000
2023-03-16T12:00:00,1669.050000
2023-03-16T16:00:00,1684.740000
2023-03-16T20:00:00,1677.920000
2023-03-17T00:00:00,1713.000000
2023-03-17T04:00:00,1720.020000
2023-03-17T08:00:00,1765.240000
2023-03-17T12:00:00,1719.510000
2023-03-17T16:00:00,1746.710000
2023-03-17T20:00:00,1793.780000
2023-03-18T00:00:00,1815.480000
2023-03-18T04:00:00,1818.710000
2023-03-18T08:00:00,1818.350000
2023-03-18T12:00:00,1792.040000
2023-03-18T16:00:00,1796.330000
2023-03-18T20:00:00,1764.130000
2023-03-19T00:00:00,1787.840000
2023-03-19T04:00:00,1779.990000
2023-03-19T08:00:00,1790.050000
2023-03-19T12:00:00,1799.960000
2023-03-19T16:00:00,1825.890000
2023-03-19T20:00:00,1784.780000
2023-03-20T00:00:00,1757.930000
2023-03-20T04:00:00,1797.320000
2023-03-20T08:00:00,1784.800000
2023-03-20T12:00:00,1770.000000
2023-03-20T16:00:00,1759.290000
2023-03-20T20:00:00,1740.140000
2023-03-21T00:00:00,1751.660000
2023-03-21T04:00:00,1736.680000
2023-03-21T08:00:00,1767.020000
2023-03-21T12:00:00,1818.460000
2023-03-21T16:00:00,1795.990000
2023-03-21T20:00:00,1806.740000
2023-03-22T00:00:00,1805.000000
2023-03-22T04:00:00,1797.330000
2023-03-22T08:00:00,1790.060000
2023-03-22T12:00:00,1809.830000
2023-03-22T16:00:00,1721.300000
2023-03-22T20:00:00,1739.040000
2023-03-23T00:00:00,1741.340000
2023-03-23T04:00:00,1756.080000
2023-03-23T08:00:00,1759.800000
2023-03-23T12:00:00,1841.560000
2023-03-23T16:00:00,1825.010000
2023-03-23T20:00:00,1816.790000
2023-03-24T00:00:00,1815.620000
2023-03-24T04:00:00,1817.500000
2023-03-24T08:00:00,1791.760000
2023-03-24T12:00:00,1769.580000
2023-03-24T16:00:00,1765.070000
2023-03-24T20:00:00,1751.850000
2023-03-25T00:00:00,1757.920000
2023-03-25T04:00:00,1749.540000
2023-03-25T08:00:00,1747.560000
2023-03-25T12:00:00,1757.010000
2023-03-25T16:00:00,1719.220000
2023-03-25T20:00:00,1743.400000
2023-03-26T00:00:00,1750.100000
2023-03-26T04:00:00,1754.650000
2023-03-26T08:00:00,1779.670000
2023-03-26T12:00:00,1764.770000
2023-03-26T16:00:00,1766.740000
2023-03-26T20:00:00,1775.400000
2023-03-27T00:00:00,1766.800000
2023-03-27T04:00:00,1753.460000
2023-03-27T08:00:00,1767.970000
2023-03-27T12:00:00,1712.740000
2023-03-27T16:00:00,1704.700000
2023-03-27T20:00:00,1715.970000
2023-03-28T00:00:00,1712.640000
2023-03-28T04:00:00,1725.090000
2023-03-28T08:00:00,1746.100000
2023-03-28T12:00:00,1744.880000
2023-03-28T16:00:00,1786.280000
2023-03-28T20:00:00,1773.410000
2023-03-29T00:00:00,1778.510000
2023-03-29T04:00:00,1804.740000
2023-03-29T08:00:00,1811.520000
2023-03-29T12:00:00,1808.660000
2023-03-29T16:00:00,1808.630000
2023-03-29T20:00:00,1792.870000
2023-03-30T00:00:00,1787.580000
2023-03-30T04:00:00,1807.720000
2023-03-30T08:00:00,1806.350000
2023-03-30T12:00:00,1789.820000
2023-03-30T16:00:00,1781.290000
2023-03-30T20:00:00,1793.560000
2023-03-31T00:00:00,1803.760000
2023-03-31T04:00:00,1795.180000
2023-03-31T08:00:00,1794.190000
2023-03-31T12:00:00,1829.920000
2023-03-31T16:00:00,1829.350000
2023-03-31T20:00:00,1822.470000
2023-04-01T00:00:00,1826.400000
2023-04-01T04:00:00,1824.020000
2023-04-01T08:00:00,1824.790000
2023-04-01T12:00:00,1820.620000
2023-04-01T16:00:00,1815.450000
2023-04-01T20:00:00,1821.240000
2023-04-02T00:00:00,1818.550000
2023-04-02T04:00:00,1821.330000
2023-04-02T08:00:00,1818.550000
2023-04-02T12:00:00,1799.250000
2023-04-02T16:00:00,1782.210000
2023-04-02T20:00:00,1794.730000
2023-04-03T00:00:00,1779.470000
2023-04-03T04:00:00,1795.270000
2023-04-03T08:00:00,1808.990000
2023-04-03T12:00:00,1796.780000
2023-04-03T16:00:00,1819.710000
2023-04-03T20:00:00,1811.310000
2023-04-04T00:00:00,1808.820000
2023-04-04T04:00:00,1812.790000
2023-04-04T08:00:00,1865.100000
2023-04-04T12:00:00,1863.420000
2023-04-04T16:00:00,1869.530000
2023-04-04T20:00:00,1871.350000
2023-04-05T00:00:00,1912.660000
2023-04-05T04:00:00,1910.030000
2023-04-05T08:00:00,1914.680000
2023-04-05T12:00:00,1897.240000
2023-04-05T16:00:00,1910.760000
2023-04-05T20:00:00,1909.180000
2023-04-06T00:00:00,1900.220000
2023-04-06T04:00:00,1880.000000
2023-04-06T08:00:00,1869.370000
2023-04-06T12:00:00,1875.110000
2023-04-06T16:00:00,1872.510000
2023-04-06T20:00:00,1872.940000
2023-04-07T00:00:00,1877.790000
2023-04-07T04:00:00,1852.030000
2023-04-07T08:00:00,1850.070000
2023-04-07T12:00:00,1861.440000
2023-04-07T16:00:00,1855.610000
2023-04-07T20:00:00,1865.360000
2023-04-08T00:00:00,1869.600000
2023-04-08T04:00:00,1871.800000
2023-04-08T08:00:00,1868.600000
2023-04-08T12:00:00,1868.240000
2023-04-08T16:00:00,1855.110000
2023-04-08T20:00:00,1849.980000
2023-04-09T00:00:00,1853.040000
2023-04-09T04:00:00,1836.740000
2023-04-09T08:00:00,1840.320000
2023-04-09T12:00:00,1838.380000
2023-04-09T16:00:00,1857.330000
2023-04-09T20:00:00,1859.850000
2023-04-10T00:00:00,1858.830000
2023-04-10T04:00:00,1860.420000
2023-04-10T08:00:00,1859.110000
2023-04-10T12:00:00,1862.580000
2023-04-10T16:00:00,1890.130000
2023-04-10T20:00:00,1911.490000
2023-04-11T00:00:00,1924.540000
2023-04-11T04:00:00,1923.580000
2023-04-11T08:00:00,1917.560000
2023-04-11T12:00:00,1915.460000
2023-04-11T16:00:00,1896.950000
2023-04-11T20:00:00,1891.930000
2023-04-12T00:00:00,1865.320000
2023-04-12T04:00:00,1871.510000
2023-04-12T08:00:00,1874.310000
2023-04-12T12:00:00,1913.760000
2023-04-12T16:00:00,1902.620000
2023-04-12T20:00:00,1918.860000
2023-04-13T00:00:00,1914.200000
2023-04-13T04:00:00,1923.700000
2023-04-13T08:00:00,1987.460000
2023-04-13T12:00:00,1998.620000
2023-04-13T16:00:00,2012.200000
2023-04-13T20:00:00,2013.930000
2023-04-14T00:00:00,2110.260000
2023-04-14T04:00:00,2108.030000
2023-04-14T08:00:00,2117.440000
2023-04-14T12:00:00,2060.610000
2023-04-14T16:00:00,2092.590000
2023-04-14T20:00:00,2102.410000
2023-04-15T00:00:00,2090.950000
2023-04-15T04:00:00,2099.270000
2023-04-15T08:00:00,2102.430000
2023-04-15T12:00:00,2100.040000
2023-04-15T16:00:00,2102.850000
2023-04-15T20:00:00,2092.270000
2023-04-16T00:00:00,2088.370000
2023-04-16T04:00:00,2099.680000
2023-04-16T08:00:00,2087.950000
2023-04-16T12:00:00,2095.670000
2023-04-16T16:00:00,2116.070000
2023-04-16T20:00:00,2120.790000
2023-04-17T00:00:00,2098.560000
2023-04-17T04:00:00,2091.630000
2023-04-17T08:00:00,2078.410000
2023-04-17T12:00:00,2072.280000
2023-04-17T16:00:00,2079.260000
2023-04-17T20:00:00,2076.100000
2023-04-18T00:00:00,2080.920000
2023-04-18T04:00:00,2101.340000
2023-04-18T08:00:00,2118.700000
2023-04-18T12:00:00,2096.540000
2023-04-18T16:00:00,2081.610000
2023-04-18T20:00:00,2104.350000
2023-04-19T00:00:00,2092.570000
2023-04-19T04:00:00,2074.980000
2023-04-19T08:00:00,1982.230000
2023-04-19T12:00:00,1984.500000
2023-04-19T16:00:00,1981.090000
2023-04-19T20:00:00,1935.130000
2023-04-20T00:00:00,1949.810000
2023-04-20T04:00:00,1949.440000
2023-04-20T08:00:00,1940.680000
2023-04-20T12:00:00,1946.490000
2023-04-20T16:00:00,1928.550000
2023-04-20T20:00:00,1942.870000
2023-04-21T00:00:00,1946.110000
2023-04-21T04:00:00,1927.830000
2023-04-21T08:00:00,1908.300000
2023-04-21T12:00:00,1903.000000
2023-04-21T16:00:00,1843.130000
2023-04-21T20:00:00,1848.550000
2023-04-22T00:00:00,1859.190000
2023-04-22T04:00:00,1850.870000
2023-04-22T08:00:00,1852.380000
2023-04-22T12:00:00,1865.520000
2023-04-22T16:00:00,1872.400000
2023-04-22T20:00:00,1873.630000
2023-04-23T00:00:00,1862.580000
2023-04-23T04:00:00,1874.610000
2023-04-23T08:00:00,1874.320000
2023-04-23T12:00:00,1860.000000
2023-04-23T16:00:00,1847.080000
2023-04-23T20:00:00,1862.070000
2023-04-24T00:00:00,1868.050000
2023-04-24T04:00:00,1844.080000
2023-04-24T08:00:00,1855.370000
2023-04-24T12:00:00,1833.820000
2023-04-24T16:00:00,1831.350000
2023-04-24T20:00:00,1842.070000
2023-04-25T00:00:00,1830.350000
2023-04-25T04:00:00,1815.970000
2023-04-25T08:00:00,1826.030000
2023-04-25T12:00:00,1814.760000
2023-04-25T16:00:00,1837.280000
2023-04-25T20:00:00,1866.340000
2023-04-26T00:00:00,1863.240000
2023-04-26T04:00:00,1862.440000
2023-04-26T08:00:00,1914.650000
2023-04-26T12:00:00,1953.930000
2023-04-26T16:00:00,1829.870000
2023-04-26T20:00:00,1866.410000
2023-04-27T00:00:00,1899.240000
2023-04-27T04:00:00,1886.100000
2023-04-27T08:00:00,1881.580000
2023-04-27T12:00:00,1900.640000
2023-04-27T16:00:00,1922.680000
2023-04-27T20:00:00,1909.990000
2023-04-28T00:00:00,1905.820000
2023-04-28T04:00:00,1919.560000
2023-04-28T08:00:00,1903.820000
2023-04-28T12:00:00,1887.710000
2023-04-28T16:00:00,1893.310000
2023-04-28T20:00:00,1892.400000
2023-04-29T00:00:00,1897.620000
2023-04-29T04:00:00,1903.360000
2023-04-29T08:00:00,1899.260000
2023-04-29T12:00:00,1907.340000
2023-04-29T16:00:00,1904.520000
2023-04-29T20:00:00,1908.830000
2023-04-30T00:00:00,1897.560000
2023-04-30T04:00:00,1904.340000
2023-04-30T08:00:00,1902.020000
2023-04-30T12:00:00,1921.000000
2023-04-30T16:00:00,1905.650000
2023-04-30T20:00:00,1870.390000
2023-05-01T00:00:00,1847.160000
2023-05-01T04:00:00,1850.240000
2023-05-01T08:00:00,1845.760000
2023-05-01T12:00:00,1834.550000
2023-05-01T16:00:00,1813.050000
2023-05-01T20:00:00,1831.190000
2023-05-02T00:00:00,1830.960000
2023-05-02T04:00:00,1835.910000
2023-05-02T08:00:00,1833.440000
2023-05-02T12:00:00,1859.240000
2023-05-02T16:00:00,1869.230000
2023-05-02T20:00:00,1870.700000
2023-05-03T00:00:00,1863.570000
2023-05-03T04:00:00,1866.370000
2023-05-03T08:00:00,1859.960000
2023-05-03T12:00:00,1853.210000
2023-05-03T16:00:00,1868.550000
2023-05-03T20:00:00,1905.810000
2023-05-04T00:00:00,1903.770000
2023-05-04T04:00:00,1899.020000
2023-05-04T08:00:00,1905.230000
2023-05-04T12:00:00,1887.870000
2023-05-04T16:00:00,1876.840000
2023-05-04T20:00:00,1877.740000
2023-05-05T00:00:00,1897.410000
2023-05-05T04:00:00,1895.790000
2023-05-05T08:00:00,1911.290000
2023-05-05T12:00:00,1954.640000
2023-05-05T16:00:00,1992.550000
2023-05-05T20:00:00,1995.260000
2023-05-06T00:00:00,1973.190000
2023-05-06T04:00:00,1960.980000
2023-05-06T08:00:00,1937.220000
2023-05-06T12:00:00,1880.740000
2023-05-06T16:00:00,1901.920000
2023-05-06T20:00:00,1899.600000
2023-05-07T00:00:00,1896.420000
2023-05-07T04:00:00,1908.530000
2023-05-07T08:00:00,1905.060000
2023-05-07T12:00:00,1918.640000
2023-05-07T16:00:00,1915.260000
2023-05-07T20:00:00,1873.220000
2023-05-08T00:00:00,1867.040000
2023-05-08T04:00:00,1853.950000
2023-05-08T08:00:00,1864.410000
2023-05-08T12:00:00,1867.140000
2023-05-08T16:00:00,1830.000000
2023-05-08T20:00:00,1849.630000
2023-05-09T00:00:00,1844.620000
2023-05-09T04:00:00,1849.640000
2023-05-09T08:00:00,1847.430000
2023-05-09T12:00:00,1840.100000
2023-05-09T16:00:00,1853.050000
2023-05-09T20:00:00,1847.470000
2023-05-10T00:00:00,1844.530000
2023-05-10T04:00:00,1839.240000
2023-05-10T08:00:00,1851.430000
2023-05-10T12:00:00,1873.350000
2023-05-10T16:00:00,1850.650000
2023-05-10T20:00:00,1842.180000
2023-05-11T00:00:00,1828.530000
2023-05-11T04:00:00,1830.490000
2023-05-11T08:00:00,1821.370000
2023-05-11T12:00:00,1808.510000
2023-05-11T16:00:00,1784.690000
2023-05-11T20:00:00,1795.450000
2023-05-12T00:00:00,1764.100000
2023-05-12T04:00:00,1759.960000
2023-05-12T08:00:00,1765.340000
2023-05-12T12:00:00,1766.010000
2023-05-12T16:00:00,1790.440000
2023-05-12T20:00:00,1808.400000
2023-05-13T00:00:00,1806.230000
2023-05-13T04:00:00,1804.010000
2023-05-13T08:00:00,1804.310000
2023-05-13T12:00:00,1796.670000
2023-05-13T16:00:00,1794.160000
2023-05-13T20:00:00,1796.110000
2023-05-14T00:00:00,1804.680000
2023-05-14T04:00:00,1806.210000
2023-05-14T08:00:00,1802.900000
2023-05-14T12:00:00,1819.850000
2023-05-14T16:00:00,1797.420000
2023-05-14T20:00:00,1800.130000
2023-05-15T00:00:00,1826.760000
2023-05-15T04:00:00,1829.520000
2023-05-15T08:00:00,1825.220000
2023-05-15T12:00:00,1828.640000
2023-05-15T16:00:00,1828.560000
2023-05-15T20:00:00,1817.390000
2023-05-16T00:00:00,1813.680000
2023-05-16T04:00:00,1822.950000
2023-05-16T08:00:00,1817.270000
2023-05-16T12:00:00,1820.710000
2023-05-16T16:00:00,1817.710000
2023-05-16T20:00:00,1824.420000
2023-05-17T00:00:00,1824.000000
2023-05-17T04:00:00,1808.830000
2023-05-17T08:00:00,1790.460000
2023-05-17T12:00:00,1797.380000
2023-05-17T16:00:00,1827.780000
2023-05-17T20:00:00,1822.250000
2023-05-18T00:00:00,1826.680000
2023-05-18T04:00:00,1827.460000
2023-05-18T08:00:00,1825.240000
2023-05-18T12:00:00,1808.070000
2023-05-18T16:00:00,1796.480000
2023-05-18T20:00:00,1800.480000
2023-05-19T00:00:00,1801.290000
2023-05-19T04:00:00,1805.950000
2023-05-19T08:00:00,1808.290000
2023-05-19T12:00:00,1815.670000
2023-05-19T16:00:00,1812.030000
2023-05-19T20:00:00,1811.900000
2023-05-20T00:00:00,1813.770000
2023-05-20T04:00:00,1811.570000
2023-05-20T08:00:00,1813.500000
2023-05-20T12:00:00,1818.140000
2023-05-20T16:00:00,1821.310000
2023-05-20T20:00:00,1819.570000
2023-05-21T00:00:00,1818.540000
2023-05-21T04:00:00,1817.670000
2023-05-21T08:00:00,1810.020000
2023-05-21T12:00:00,1808.000000
2023-05-21T16:00:00,1810.630000
2023-05-21T20:00:00,1805.340000
2023-05-22T00:00:00,1801.530000
2023-05-22T04:00:00,1811.820000
2023-05-22T08:00:00,1814.100000
2023-05-22T12:00:00,1817.300000
2023-05-22T16:00:00,1815.780000
2023-05-22T20:00:00,1817.720000
2023-05-23T00:00:00,1866.270000
2023-05-23T04:00:00,1853.790000
2023-05-23T08:00:00,1855.270000
2023-05-23T12:00:00,1857.360000
2023-05-23T16:00:00,1851.410000
2023-05-23T20:00:00,1854.270000
2023-05-24T00:00:00,1822.170000
2023-05-24T04:00:00,1814.630000
2023-05-24T08:00:00,1816.070000
2023-05-24T12:00:00,1792.920000
2023-05-24T16:00:00,1791.980000
2023-05-24T20:00:00,1800.010000
2023-05-25T00:00:00,1781.320000
2023-05-25T04:00:00,1778.710000
2023-05-25T08:00:00,1789.450000
2023-05-25T12:00:00,1791.360000
2023-05-25T16:00:00,1809.550000
2023-05-25T20:00:00,1806.410000
2023-05-26T00:00:00,1807.710000
2023-05-26T04:00:00,1816.690000
2023-05-26T08:00:00,1812.270000
2023-05-26T12:00:00,1831.460000
2023-05-26T16:00:00,1835.930000
2023-05-26T20:00:00,1828.560000
2023-05-27T00:00:00,1834.870000
2023-05-27T04:00:00,1830.250000
2023-05-27T08:00:00,1827.450000
2023-05-27T12:00:00,1824.030000
2023-05-27T16:00:00,1826.320000
2023-05-27T20:00:00,1830.710000
2023-05-28T00:00:00,1851.430000
2023-05-28T04:00:00,1848.410000
2023-05-28T08:00:00,1844.730000
2023-05-28T12:00:00,1843.990000
2023-05-28T16:00:00,1849.080000
2023-05-28T20:00:00,1908.630000
2023-05-29T00:00:00,1904.110000
2023-05-29T04:00:00,1900.470000
2023-05-29T08:00:00,1903.800000
2023-05-29T12:00:00,1889.760000
2023-05-29T16:00:00,1891.900000
2023-05-29T20:00:00,1893.160000
2023-05-30T00:00:00,1901.830000
2023-05-30T04:00:00,1898.990000
2023-05-30T08:00:00,1916.550000
2023-05-30T12:00:00,1901.210000
2023-05-30T16:00:00,1907.790000
2023-05-30T20:00:00,1900.880000
2023-05-31T00:00:00,1898.430000
2023-05-31T04:00:00,1870.090000
2023-05-31T08:00:00,1865.900000
2023-05-31T12:00:00,1858.400000
2023-05-31T16:00:00,1863.740000
2023-05-31T20:00:00,1874.160000
2023-06-01T00:00:00,1856.100000
2023-06-01T04:00:00,1854.870000
2023-06-01T08:00:00,1862.360000
2023-06-01T12:00:00,1863.070000
2023-06-01T16:00:00,1869.800000
2023-06-01T20:00:00,1862.190000
2023-06-02T00:00:00,1879.450000
2023-06-02T04:00:00,1886.130000
2023-06-02T08:00:00,1895.490000
2023-06-02T12:00:00,1892.610000
2023-06-02T16:00:00,1907.830000
2023-06-02T20:00:00,1907.920000
2023-06-03T00:00:00,1900.560000
2023-06-03T04:00:00,1902.930000
2023-06-03T08:00:00,1904.140000
2023-06-03T12:00:00,1903.840000
2023-06-03T16:00:00,1887.230000
2023-06-03T20:00:00,1892.460000
2023-06-04T00:00:00,1894.460000
2023-06-04T04:00:00,1900.720000
2023-06-04T08:00:00,1903.260000
2023-06-04T12:00:00,1902.570000
2023-06-04T16:00:00,1905.240000
2023-06-04T20:00:00,1890.830000
2023-06-05T00:00:00,1870.120000
2023-06-05T04:00:00,1873.840000
2023-06-05T08:00:00,1870.210000
2023-06-05T12:00:00,1822.070000
2023-06-05T16:00:00,1806.910000
2023-06-05T20:00:00,1810.850000
2023-06-06T00:00:00,1812.870000
2023-06-06T04:00:00,1813.640000
2023-06-06T08:00:00,1813.930000
2023-06-06T12:00:00,1842.220000
2023-06-06T16:00:00,1892.650000
2023-06-06T20:00:00,1884.380000
2023-06-07T00:00:00,1877.810000
2023-06-07T04:00:00,1876.120000
2023-06-07T08:00:00,1870.420000
2023-06-07T12:00:00,1838.620000
2023-06-07T16:00:00,1850.430000
2023-06-07T20:00:00,1832.410000
2023-06-08T00:00:00,1835.060000
2023-06-08T04:00:00,1841.900000
2023-06-08T08:00:00,1843.630000
2023-06-08T12:00:00,1856.210000
2023-06-08T16:00:00,1847.890000
2023-06-08T20:00:00,1845.750000
2023-06-09T00:00:00,1838.500000
2023-06-09T04:00:00,1836.630000
2023-06-09T08:00:00,1844.020000
2023-06-09T12:00:00,1841.460000
2023-06-09T16:00:00,1830.170000
2023-06-09T20:00:00,1840.010000
2023-06-10T00:00:00,1827.240000
2023-06-10T04:00:00,1732.610000
2023-06-10T08:00:00,1748.690000
2023-06-10T12:00:00,1737.180000
2023-06-10T16:00:00,1744.500000
2023-06-10T20:00:00,1752.310000
2023-06-11T00:00:00,1751.310000
2023-06-11T04:00:00,1754.760000
2023-06-11T08:00:00,1753.040000
2023-06-11T12:00:00,1742.170000
2023-06-11T16:00:00,1762.940000
2023-06-11T20:00:00,1753.060000
2023-06-12T00:00:00,1736.420000
2023-06-12T04:00:00,1737.050000
2023-06-12T08:00:00,1745.930000
2023-06-12T12:00:00,1732.170000
2023-06-12T16:00:00,1732.990000
2023-06-12T20:00:00,1742.810000
2023-06-13T00:00:00,1746.940000
2023-06-13T04:00:00,1748.510000
2023-06-13T08:00:00,1753.110000
2023-06-13T12:00:00,1730.550000
2023-06-13T16:00:00,1739.720000
2023-06-13T20:00:00,1739.260000
2023-06-14T00:00:00,1745.550000
2023-06-14T04:00:00,1741.630000
2023-06-14T08:00:00,1745.880000
2023-06-14T12:00:00,1740.740000
2023-06-14T16:00:00,1729.140000
2023-06-14T20:00:00,1650.780000
2023-06-15T00:00:00,1651.350000
2023-06-15T04:00:00,1635.360000
2023-06-15T08:00:00,1639.550000
2023-06-15T12:00:00,1640.620000
2023-06-15T16:00:00,1667.580000
2023-06-15T20:00:00,1665.530000
2023-06-16T00:00:00,1665.770000
2023-06-16T04:00:00,1669.520000
2023-06-16T08:00:00,1662.290000
2023-06-16T12:00:00,1678.540000
2023-06-16T16:00:00,1720.540000
2023-06-16T20:00:00,1716.660000
2023-06-17T00:00:00,1717.600000
2023-06-17T04:00:00,1743.000000
2023-06-17T08:00:00,1737.270000
2023-06-17T12:00:00,1726.680000
2023-06-17T16:00:00,1727.640000
2023-06-17T20:00:00,1727.120000
2023-06-18T00:00:00,1727.880000
2023-06-18T04:00:00,1729.640000
2023-06-18T08:00:00,1733.960000
2023-06-18T12:00:00,1737.840000
2023-06-18T16:00:00,1740.860000
2023-06-18T20:00:00,1720.390000
2023-06-19T00:00:00,1722.450000
2023-06-19T04:00:00,1724.480000
2023-06-19T08:00:00,1725.240000
2023-06-19T12:00:00,1720.740000
2023-06-19T16:00:00,1723.730000
2023-06-19T20:00:00,1736.780000
2023-06-20T00:00:00,1730.640000
2023-06-20T04:00:00,1729.670000
2023-06-20T08:00:00,1733.310000
2023-06-20T12:00:00,1732.690000
2023-06-20T16:00:00,1781.590000
2023-06-20T20:00:00,1792.050000
2023-06-21T00:00:00,1811.200000
2023-06-21T04:00:00,1812.820000
2023-06-21T08:00:00,1829.950000
2023-06-21T12:00:00,1850.180000
2023-06-21T16:00:00,1882.560000
2023-06-21T20:00:00,1889.110000
2023-06-22T00:00:00,1918.600000
2023-06-22T04:00:00,1910.410000
2023-06-22T08:00:00,1887.140000
2023-06-22T12:00:00,1877.450000
2023-06-22T16:00:00,1889.620000
2023-06-22T20:00:00,1872.670000
2023-06-23T00:00:00,1881.900000
2023-06-23T04:00:00,1881.130000
2023-06-23T08:00:00,1880.610000
2023-06-23T12:00:00,1918.080000
2023-06-23T16:00:00,1901.750000
2023-06-23T20:00:00,1893.550000
2023-06-24T00:00:00,1895.610000
2023-06-24T04:00:00,1883.940000
2023-06-24T08:00:00,1891.640000
2023-06-24T12:00:00,1875.210000
2023-06-24T16:00:00,1888.390000
2023-06-24T20:00:00,1875.800000
2023-06-25T00:00:00,1896.030000
2023-06-25T04:00:00,1912.320000
2023-06-25T08:00:00,1918.500000
2023-06-25T12:00:00,1887.240000
2023-06-25T16:00:00,1895.690000
2023-06-25T20:00:00,1899.270000
2023-06-26T00:00:00,1880.970000
2023-06-26T04:00:00,1892.610000
2023-06-26T08:00:00,1881.370000
2023-06-26T12:00:00,1889.910000
2023-06-26T16:00:00,1854.440000
2023-06-26T20:00:00,1859.450000
2023-06-27T00:00:00,1872.150000
2023-06-27T04:00:00,1875.770000
2023-06-27T08:00:00,1881.400000
2023-06-27T12:00:00,1871.800000
2023-06-27T16:00:00,1894.640000
2023-06-27T20:00:00,1889.550000
2023-06-28T00:00:00,1866.960000
2023-06-28T04:00:00,1851.040000
2023-06-28T08:00:00,1860.990000
2023-06-28T12:00:00,1859.380000
2023-06-28T16:00:00,1832.490000
2023-06-28T20:00:00,1827.880000
2023-06-29T00:00:00,1836.910000
2023-06-29T04:00:00,1848.200000
2023-06-29T08:00:00,1869.390000
2023-06-29T12:00:00,1851.890000
2023-06-29T16:00:00,1857.390000
2023-06-29T20:00:00,1851.760000
2023-06-30T00:00:00,1873.030000
2023-06-30T04:00:00,1887.560000
2023-06-30T08:00:00,1890.720000
2023-06-30T12:00:00,1852.160000
2023-06-30T16:00:00,1926.080000
2023-06-30T20:00:00,1933.200000
2023-07-01T00:00:00,1919.720000
2023-07-01T04:00:00,1919.720000
2023-07-01T08:00:00,1922.160000
2023-07-01T12:00:00,1922.450000
2023-07-01T16:00:00,1922.800000
2023-07-01T20:00:00,1924.550000
2023-07-02T00:00:00,1913.630000
2023-07-02T04:00:00,1915.000000
2023-07-02T08:00:00,1919.760000
2023-07-02T12:00:00,1917.540000
2023-07-02T16:00:00,1914.240000
2023-07-02T20:00:00,1936.870000
2023-07-03T00:00:00,1950.000000
2023-07-03T04:00:00,1966.720000
2023-07-03T08:00:00,1962.220000
2023-07-03T12:00:00,1968.040000
2023-07-03T16:00:00,1967.200000
2023-07-03T20:00:00,1955.590000
2023-07-04T00:00:00,1963.700000
2023-07-04T04:00:00,1949.230000
2023-07-04T08:00:00,1960.650000
2023-07-04T12:00:00,1953.920000
2023-07-04T16:00:00,1934.750000
2023-07-04T20:00:00,1936.320000
2023-07-05T00:00:00,1941.430000
2023-07-05T04:00:00,1936.630000
2023-07-05T08:00:00,1909.770000
2023-07-05T12:00:00,1902.910000
2023-07-05T16:00:00,1908.320000
2023-07-05T20:00:00,1910.410000
2023-07-06T00:00:00,1913.720000
2023-07-06T04:00:00,1924.910000
2023-07-06T08:00:00,1917.560000
2023-07-06T12:00:00,1888.910000
2023-07-06T16:00:00,1885.500000
2023-07-06T20:00:00,1846.750000
2023-07-07T00:00:00,1858.100000
2023-07-07T04:00:00,1856.450000
2023-07-07T08:00:00,1860.460000
2023-07-07T12:00:00,1872.480000
2023-07-07T16:00:00,1863.120000
2023-07-07T20:00:00,1871.090000
2023-07-08T00:00:00,1864.020000
2023-07-08T04:00:00,1862.100000
2023-07-08T08:00:00,1859.120000
2023-07-08T12:00:00,1859.460000
2023-07-08T16:00:00,1846.400000
2023-07-08T20:00:00,1865.480000
2023-07-09T00:00:00,1867.930000
2023-07-09T04:00:00,1867.380000
2023-07-09T08:00:00,1868.900000
2023-07-09T12:00:00,1865.880000
2023-07-09T16:00:00,1868.420000
2023-07-09T20:00:00,1862.700000
2023-07-10T00:00:00,1862.060000
2023-07-10T04:00:00,1856.370000
2023-07-10T08:00:00,1864.320000
2023-07-10T12:00:00,1871.820000
2023-07-10T16:00:00,1899.360000
2023-07-10T20:00:00,1880.640000
2023-07-11T00:00:00,1880.000000
2023-07-11T04:00:00,1882.910000
2023-07-11T08:00:00,1868.180000
2023-07-11T12:00:00,1871.800000
2023-07-11T16:00:00,1874.800000
2023-07-11T20:00:00,1878.170000
2023-07-12T00:00:00,1880.470000
2023-07-12T04:00:00,1890.780000
2023-07-12T08:00:00,1890.090000
2023-07-12T12:00:00,1884.270000
2023-07-12T16:00:00,1870.400000
2023-07-12T20:00:00,1871.540000
2023-07-13T00:00:00,1867.200000
2023-07-13T04:00:00,1870.320000
2023-07-13T08:00:00,1883.650000
2023-07-13T12:00:00,1932.900000
2023-07-13T16:00:00,1996.710000
2023-07-13T20:00:00,2004.740000
2023-07-14T00:00:00,2010.110000
2023-07-14T04:00:00,1992.220000
2023-07-14T08:00:00,1992.910000
2023-07-14T12:00:00,1999.680000
2023-07-14T16:00:00,1914.090000
2023-07-14T20:00:00,1939.120000
2023-07-15T00:00:00,1930.960000
2023-07-15T04:00:00,1942.460000
2023-07-15T08:00:00,1940.620000
2023-07-15T12:00:00,1935.510000
2023-07-15T16:00:00,1934.450000
2023-07-15T20:00:00,1931.700000
2023-07-16T00:00:00,1923.720000
2023-07-16T04:00:00,1926.110000
2023-07-16T08:00:00,1933.620000
2023-07-16T12:00:00,1937.740000
2023-07-16T16:00:00,1928.620000
2023-07-16T20:00:00,1923.070000
2023-07-17T00:00:00,1933.040000
2023-07-17T04:00:00,1929.370000
2023-07-17T08:00:00,1911.350000
2023-07-17T12:00:00,1909.110000
2023-07-17T16:00:00,1887.010000
2023-07-17T20:00:00,1912.220000
2023-07-18T00:00:00,1909.130000
2023-07-18T04:00:00,1898.700000
2023-07-18T08:00:00,1894.500000
2023-07-18T12:00:00,1897.260000
2023-07-18T16:00:00,1892.020000
2023-07-18T20:00:00,1897.720000
2023-07-19T00:00:00,1912.830000
2023-07-19T04:00:00,1908.840000
2023-07-19T08:00:00,1910.130000
2023-07-19T12:00:00,1906.110000
2023-07-19T16:00:00,1909.390000
2023-07-19T20:00:00,1888.650000
2023-07-20T00:00:00,1895.050000
2023-07-20T04:00:00,1912.110000
2023-07-20T08:00:00,1920.990000
2023-07-20T12:00:00,1888.680000
2023-07-20T16:00:00,1887.870000
2023-07-20T20:00:00,1890.500000
2023-07-21T00:00:00,1896.380000
2023-07-21T04:00:00,1889.380000
2023-07-21T08:00:00,1889.160000
2023-07-21T12:00:00,1891.060000
2023-07-21T16:00:00,1894.690000
2023-07-21T20:00:00,1891.600000
2023-07-22T00:00:00,1893.210000
2023-07-22T04:00:00,1891.790000
2023-07-22T08:00:00,1888.530000
2023-07-22T12:00:00,1888.840000
2023-07-22T16:00:00,1887.230000
2023-07-22T20:00:00,1866.110000
2023-07-23T00:00:00,1869.570000
2023-07-23T04:00:00,1874.940000
2023-07-23T08:00:00,1874.780000
2023-07-23T12:00:00,1873.250000
2023-07-23T16:00:00,1888.880000
2023-07-23T20:00:00,1888.920000
2023-07-24T00:00:00,1868.620000
2023-07-24T04:00:00,1874.230000
2023-07-24T08:00:00,1852.890000
2023-07-24T12:00:00,1842.640000
2023-07-24T16:00:00,1848.900000
2023-07-24T20:00:00,1850.140000
2023-07-25T00:00:00,1850.730000
2023-07-25T04:00:00,1850.630000
2023-07-25T08:00:00,1852.960000
2023-07-25T12:00:00,1857.780000
2023-07-25T16:00:00,1856.810000
2023-07-25T20:00:00,1858.010000
2023-07-26T00:00:00,1858.990000
2023-07-26T04:00:00,1852.870000
2023-07-26T08:00:00,1850.600000
2023-07-26T12:00:00,1860.620000
2023-07-26T16:00:00,1873.130000
2023-07-26T20:00:00,1871.260000
2023-07-27T00:00:00,1875.820000
2023-07-27T04:00:00,1871.450000
2023-07-27T08:00:00,1876.620000
2023-07-27T12:00:00,1868.590000
2023-07-27T16:00:00,1860.630000
2023-07-27T20:00:00,1860.310000
2023-07-28T00:00:00,1862.220000
2023-07-28T04:00:00,1858.540000
2023-07-28T08:00:00,1865.850000
2023-07-28T12:00:00,1874.780000
2023-07-28T16:00:00,1873.590000
2023-07-28T20:00:00,1874.180000
2023-07-29T00:00:00,1873.850000
2023-07-29T04:00:00,1871.910000
2023-07-29T08:00:00,1871.060000
2023-07-29T12:00:00,1872.820000
2023-07-29T16:00:00,1877.810000
2023-07-29T20:00:00,1880.450000
2023-07-30T00:00:00,1878.670000
2023-07-30T04:00:00,1875.110000
2023-07-30T08:00:00,1876.180000
2023-07-30T12:00:00,1876.640000
2023-07-30T16:00:00,1862.760000
2023-07-30T20:00:00,1861.460000
2023-07-31T00:00:00,1868.650000
2023-07-31T04:00:00,1864.930000
2023-07-31T08:00:00,1867.580000
2023-07-31T12:00:00,1856.770000
2023-07-31T16:00:00,1855.380000
2023-07-31T20:00:00,1856.160000
2023-08-01T00:00:00,1826.220000
2023-08-01T04:00:00,1833.610000
2023-08-01T08:00:00,1829.870000
2023-08-01T12:00:00,1831.940000
2023-08-01T16:00:00,1850.660000
2023-08-01T20:00:00,1872.970000
2023-08-02T00:00:00,1862.260000
2023-08-02T04:00:00,1855.920000
2023-08-02T08:00:00,1859.310000
2023-08-02T12:00:00,1841.430000
2023-08-02T16:00:00,1841.440000
2023-08-02T20:00:00,1839.880000
2023-08-03T00:00:00,1839.390000
2023-08-03T04:00:00,1830.360000
2023-08-03T08:00:00,1835.720000
2023-08-03T12:00:00,1838.820000
2023-08-03T16:00:00,1844.650000
2023-08-03T20:00:00,1834.190000
2023-08-04T00:00:00,1833.110000
2023-08-04T04:00:00,1836.250000
2023-08-04T08:00:00,1832.970000
2023-08-04T12:00:00,1845.450000
2023-08-04T16:00:00,1828.800000
2023-08-04T20:00:00,1827.690000
2023-08-05T00:00:00,1829.030000
2023-08-05T04:00:00,1828.440000
2023-08-05T08:00:00,1830.560000
2023-08-05T12:00:00,1831.280000
2023-08-05T16:00:00,1834.260000
2023-08-05T20:00:00,1834.780000
2023-08-06T00:00:00,1832.400000
2023-08-06T04:00:00,1832.950000
2023-08-06T08:00:00,1830.100000
2023-08-06T12:00:00,1826.890000
2023-08-06T16:00:00,1829.400000
2023-08-06T20:00:00,1827.560000
2023-08-07T00:00:00,1835.700000
2023-08-07T04:00:00,1833.480000
2023-08-07T08:00:00,1830.800000
2023-08-07T12:00:00,1816.330000
2023-08-07T16:00:00,1823.020000
2023-08-07T20:00:00,1827.110000
2023-08-08T00:00:00,1827.510000
2023-08-08T04:00:00,1827.730000
2023-08-08T08:00:00,1836.920000
2023-08-08T12:00:00,1842.160000
2023-08-08T16:00:00,1858.440000
2023-08-08T20:00:00,1855.470000
2023-08-09T00:00:00,1854.300000
2023-08-09T04:00:00,1860.500000
2023-08-09T08:00:00,1862.200000
2023-08-09T12:00:00,1851.930000
2023-08-09T16:00:00,1847.780000
2023-08-09T20:00:00,1853.770000
2023-08-10T00:00:00,1851.390000
2023-08-10T04:00:00,1849.190000
2023-08-10T08:00:00,1848.940000
2023-08-10T12:00:00,1852.180000
2023-08-10T16:00:00,1847.740000
2023-08-10T20:00:00,1850.480000
2023-08-11T00:00:00,1844.000000
2023-08-11T04:00:00,1847.120000
2023-08-11T08:00:00,1849.290000
2023-08-11T12:00:00,1843.670000
2023-08-11T16:00:00,1842.120000
2023-08-11T20:00:00,1847.070000
2023-08-12T00:00:00,1846.410000
2023-08-12T04:00:00,1848.950000
2023-08-12T08:00:00,1849.580000
2023-08-12T12:00:00,1849.740000
2023-08-12T16:00:00,1846.150000
2023-08-12T20:00:00,1848.730000
2023-08-13T00:00:00,1848.730000
2023-08-13T04:00:00,1848.750000
2023-08-13T08:00:00,1848.240000
2023-08-13T12:00:00,1846.770000
2023-08-13T16:00:00,1856.820000
2023-08-13T20:00:00,1839.230000
2023-08-14T00:00:00,1844.320000
2023-08-14T04:00:00,1847.470000
2023-08-14T08:00:00,1845.920000
2023-08-14T12:00:00,1851.010000
2023-08-14T16:00:00,1840.130000
2023-08-14T20:00:00,1843.730000
2023-08-15T00:00:00,1842.610000
2023-08-15T04:00:00,1841.030000
2023-08-15T08:00:00,1837.710000
2023-08-15T12:00:00,1837.520000
2023-08-15T16:00:00,1826.430000
2023-08-15T20:00:00,1827.110000
2023-08-16T00:00:00,1826.550000
2023-08-16T04:00:00,1825.160000
2023-08-16T08:00:00,1822.890000
2023-08-16T12:00:00,1818.410000
2023-08-16T16:00:00,1818.490000
2023-08-16T20:00:00,1805.570000
2023-08-17T00:00:00,1796.580000
2023-08-17T04:00:00,1798.080000
2023-08-17T08:00:00,1785.310000
2023-08-17T12:00:00,1737.980000
2023-08-17T16:00:00,1736.180000
2023-08-17T20:00:00,1680.590000
2023-08-18T00:00:00,1676.440000
2023-08-18T04:00:00,1689.910000
2023-08-18T08:00:00,1684.920000
2023-08-18T12:00:00,1659.480000
2023-08-18T16:00:00,1655.560000
2023-08-18T20:00:00,1660.740000
2023-08-19T00:00:00,1658.830000
2023-08-19T04:00:00,1660.580000
2023-08-19T08:00:00,1659.790000
2023-08-19T12:00:00,1683.060000
2023-08-19T16:00:00,1676.640000
2023-08-19T20:00:00,1669.360000
2023-08-20T00:00:00,1667.840000
2023-08-20T04:00:00,1665.710000
2023-08-20T08:00:00,1674.690000
2023-08-20T12:00:00,1670.910000
2023-08-20T16:00:00,1678.040000
2023-08-20T20:00:00,1684.770000
2023-08-21T00:00:00,1676.650000
2023-08-21T04:00:00,1671.280000
2023-08-21T08:00:00,1672.330000
2023-08-21T12:00:00,1656.990000
2023-08-21T16:00:00,1671.140000
2023-08-21T20:00:00,1667.040000
2023-08-22T00:00:00,1663.360000
2023-08-22T04:00:00,1665.900000
2023-08-22T08:00:00,1661.830000
2023-08-22T12:00:00,1649.000000
2023-08-22T16:00:00,1624.170000
2023-08-22T20:00:00,1634.220000
2023-08-23T00:00:00,1632.050000
2023-08-23T04:00:00,1645.040000
2023-08-23T08:00:00,1642.130000
2023-08-23T12:00:00,1656.780000
2023-08-23T16:00:00,1686.790000
2023-08-23T20:00:00,1679.820000
2023-08-24T00:00:00,1675.240000
2023-08-24T04:00:00,1674.250000
2023-08-24T08:00:00,1667.420000
2023-08-24T12:00:00,1643.290000
2023-08-24T16:00:00,1649.420000
2023-08-24T20:00:00,1660.740000
2023-08-25T00:00:00,1655.070000
2023-08-25T04:00:00,1650.580000
2023-08-25T08:00:00,1653.250000
2023-08-25T12:00:00,1646.810000
2023-08-25T16:00:00,1646.650000
2023-08-25T20:00:00,1653.170000
2023-08-26T00:00:00,1653.690000
2023-08-26T04:00:00,1651.720000
2023-08-26T08:00:00,1649.390000
2023-08-26T12:00:00,1650.910000
2023-08-26T16:00:00,1645.590000
2023-08-26T20:00:00,1646.350000
2023-08-27T00:00:00,1646.590000
2023-08-27T04:00:00,1648.050000
2023-08-27T08:00:00,1648.670000
2023-08-27T12:00:00,1654.720000
2023-08-27T16:00:00,1655.240000
2023-08-27T20:00:00,1657.720000
2023-08-28T00:00:00,1649.330000
2023-08-28T04:00:00,1640.390000
2023-08-28T08:00:00,1639.150000
2023-08-28T12:00:00,1648.010000
2023-08-28T16:00:00,1646.040000
2023-08-28T20:00:00,1651.950000
2023-08-29T00:00:00,1651.830000
2023-08-29T04:00:00,1646.760000
2023-08-29T08:00:00,1641.420000
2023-08-29T12:00:00,1715.010000
2023-08-29T16:00:00,1736.770000
2023-08-29T20:00:00,1729.700000
2023-08-30T00:00:00,1718.570000
2023-08-30T04:00:00,1717.390000
2023-08-30T08:00:00,1716.340000
2023-08-30T12:00:00,1703.580000
2023-08-30T16:00:00,1701.770000
2023-08-30T20:00:00,1705.550000
2023-08-31T00:00:00,1699.240000
2023-08-31T04:00:00,1706.270000
2023-08-31T08:00:00,1713.720000
2023-08-31T12:00:00,1689.110000
2023-08-31T16:00:00,1656.950000
2023-08-31T20:00:00,1645.250000
2023-09-01T00:00:00,1651.420000
2023-09-01T04:00:00,1645.540000
2023-09-01T08:00:00,1646.450000
2023-09-01T12:00:00,1633.920000
2023-09-01T16:00:00,1618.100000
2023-09-01T20:00:00,1627.750000
2023-09-02T00:00:00,1631.430000
2023-09-02T04:00:00,1630.940000
2023-09-02T08:00:00,1633.900000
2023-09-02T12:00:00,1638.160000
2023-09-02T16:00:00,1633.130000
2023-09-02T20:00:00,1636.770000
2023-09-03T00:00:00,1636.040000
2023-09-03T04:00:00,1635.360000
2023-09-03T08:00:00,1633.440000
2023-09-03T12:00:00,1632.760000
2023-09-03T16:00:00,1638.390000
2023-09-03T20:00:00,1635.330000
2023-09-04T00:00:00,1637.390000
2023-09-04T04:00:00,1638.310000
2023-09-04T08:00:00,1631.370000
2023-09-04T12:00:00,1625.690000
2023-09-04T16:00:00,1630.730000
2023-09-04T20:00:00,1629.700000
2023-09-05T00:00:00,1617.260000
2023-09-05T04:00:00,1623.750000
2023-09-05T08:00:00,1634.200000
2023-09-05T12:00:00,1635.080000
2023-09-05T16:00:00,1631.520000
2023-09-05T20:00:00,1633.440000
2023-09-06T00:00:00,1632.210000
2023-09-06T04:00:00,1628.040000
2023-09-06T08:00:00,1631.490000
2023-09-06T12:00:00,1622.440000
2023-09-06T16:00:00,1629.990000
2023-09-06T20:00:00,1631.980000
2023-09-07T00:00:00,1639.010000
2023-09-07T04:00:00,1635.110000
2023-09-07T08:00:00,1626.660000
2023-09-07T12:00:00,1629.410000
2023-09-07T16:00:00,1636.200000
2023-09-07T20:00:00,1647.210000
2023-09-08T00:00:00,1645.760000
2023-09-08T04:00:00,1646.120000
2023-09-08T08:00:00,1624.990000
2023-09-08T12:00:00,1627.810000
2023-09-08T16:00:00,1632.870000
2023-09-08T20:00:00,1635.820000
2023-09-09T00:00:00,1633.810000
2023-09-09T04:00:00,1633.830000
2023-09-09T08:00:00,1634.700000
2023-09-09T12:00:00,1634.620000
2023-09-09T16:00:00,1633.450000
2023-09-09T20:00:00,1635.110000
2023-09-10T00:00:00,1630.480000
2023-09-10T04:00:00,1624.440000
2023-09-10T08:00:00,1623.690000
2023-09-10T12:00:00,1619.330000
2023-09-10T16:00:00,1616.140000
2023-09-10T20:00:00,1616.550000
2023-09-11T00:00:00,1611.470000
2023-09-11T04:00:00,1611.640000
2023-09-11T08:00:00,1585.880000
2023-09-11T12:00:00,1561.820000
2023-09-11T16:00:00,1538.460000
2023-09-11T20:00:00,1550.990000
2023-09-12T00:00:00,1583.710000
2023-09-12T04:00:00,1579.590000
2023-09-12T08:00:00,1608.490000
2023-09-12T12:00:00,1603.620000
2023-09-12T16:00:00,1598.110000
2023-09-12T20:00:00,1593.010000
2023-09-13T00:00:00,1589.580000
2023-09-13T04:00:00,1584.450000
2023-09-13T08:00:00,1603.690000
2023-09-13T12:00:00,1608.010000
2023-09-13T16:00:00,1599.530000
2023-09-13T20:00:00,1607.730000
2023-09-14T00:00:00,1619.880000
2023-09-14T04:00:00,1620.810000
2023-09-14T08:00:00,1624.510000
2023-09-14T12:00:00,1634.770000
2023-09-14T16:00:00,1635.850000
2023-09-14T20:00:00,1626.540000
2023-09-15T00:00:00,1634.470000
2023-09-15T04:00:00,1628.020000
2023-09-15T08:00:00,1620.600000
2023-09-15T12:00:00,1619.280000
2023-09-15T16:00:00,1620.830000
2023-09-15T20:00:00,1641.060000
2023-09-16T00:00:00,1641.420000
2023-09-16T04:00:00,1636.900000
2023-09-16T08:00:00,1635.720000
2023-09-16T12:00:00,1634.550000
2023-09-16T16:00:00,1633.680000
2023-09-16T20:00:00,1634.580000
2023-09-17T00:00:00,1629.140000
2023-09-17T04:00:00,1628.230000
2023-09-17T08:00:00,1629.560000
2023-09-17T12:00:00,1629.430000
2023-09-17T16:00:00,1625.930000
2023-09-17T20:00:00,1622.540000
2023-09-18T00:00:00,1630.230000
2023-09-18T04:00:00,1634.000000
2023-09-18T08:00:00,1655.040000
2023-09-18T12:00:00,1655.670000
2023-09-18T16:00:00,1640.860000
2023-09-18T20:00:00,1636.890000
2023-09-19T00:00:00,1634.970000
2023-09-19T04:00:00,1636.360000
2023-09-19T08:00:00,1647.960000
2023-09-19T12:00:00,1656.220000
2023-09-19T16:00:00,1644.380000
2023-09-19T20:00:00,1643.270000
2023-09-20T00:00:00,1637.940000
2023-09-20T04:00:00,1634.530000
2023-09-20T08:00:00,1629.880000
2023-09-20T12:00:00,1629.360000
2023-09-20T16:00:00,1615.760000
2023-09-20T20:00:00,1622.360000
2023-09-21T00:00:00,1623.380000
2023-09-21T04:00:00,1618.180000
2023-09-21T08:00:00,1594.990000
2023-09-21T12:00:00,1583.540000
2023-09-21T16:00:00,1589.530000
2023-09-21T20:00:00,1583.790000
2023-09-22T00:00:00,1593.690000
2023-09-22T04:00:00,1595.300000
2023-09-22T08:00:00,1596.870000
2023-09-22T12:00:00,1593.250000
2023-09-22T16:00:00,1592.110000
2023-09-22T20:00:00,1593.000000
2023-09-23T00:00:00,1590.960000
2023-09-23T04:00:00,1594.490000
2023-09-23T08:00:00,1593.270000
2023-09-23T12:00:00,1590.330000
2023-09-23T16:00:00,1594.600000
2023-09-23T20:00:00,1593.880000
2023-09-24T00:00:00,1592.240000
2023-09-24T04:00:00,1591.970000
2023-09-24T08:00:00,1593.930000
2023-09-24T12:00:00,1590.750000
2023-09-24T16:00:00,1586.250000
2023-09-24T20:00:00,1580.450000
2023-09-25T00:00:00,1577.520000
2023-09-25T04:00:00,1580.770000
2023-09-25T08:00:00,1568.530000
2023-09-25T12:00:00,1583.610000
2023-09-25T16:00:00,1590.880000
2023-09-25T20:00:00,1587.760000
2023-09-26T00:00:00,1591.410000
2023-09-26T04:00:00,1588.430000
2023-09-26T08:00:00,1591.000000
2023-09-26T12:00:00,1582.090000
2023-09-26T16:00:00,1588.800000
2023-09-26T20:00:00,1593.120000
2023-09-27T00:00:00,1594.620000
2023-09-27T04:00:00,1591.390000
2023-09-27T08:00:00,1628.140000
2023-09-27T12:00:00,1600.040000
2023-09-27T16:00:00,1596.100000
2023-09-27T20:00:00,1597.210000
2023-09-28T00:00:00,1604.850000
2023-09-28T04:00:00,1617.460000
2023-09-28T08:00:00,1621.950000
2023-09-28T12:00:00,1650.490000
2023-09-28T16:00:00,1657.420000
2023-09-28T20:00:00,1652.770000
2023-09-29T00:00:00,1651.680000
2023-09-29T04:00:00,1686.110000
2023-09-29T08:00:00,1668.430000
2023-09-29T12:00:00,1671.830000
2023-09-29T16:00:00,1664.740000
2023-09-29T20:00:00,1667.130000
2023-09-30T00:00:00,1670.140000
2023-09-30T04:00:00,1671.830000
2023-09-30T08:00:00,1675.890000
2023-09-30T12:00:00,1683.400000
2023-09-30T16:00:00,1679.360000
2023-09-30T20:00:00,1671.060000
2023-10-01T00:00:00,1674.390000
2023-10-01T04:00:00,1678.470000
2023-10-01T08:00:00,1688.820000
2023-10-01T12:00:00,1683.870000
2023-10-01T16:00:00,1676.330000
2023-10-01T20:00:00,1732.500000
2023-10-02T00:00:00,1729.040000
2023-10-02T04:00:00,1730.480000
2023-10-02T08:00:00,1725.430000
2023-10-02T12:00:00,1692.170000
2023-10-02T16:00:00,1674.570000
2023-10-02T20:00:00,1662.520000
2023-10-03T00:00:00,1665.800000
2023-10-03T04:00:00,1662.360000
2023-10-03T08:00:00,1656.370000
2023-10-03T12:00:00,1648.150000
2023-10-03T16:00:00,1650.000000
2023-10-03T20:00:00,1656.960000
2023-10-04T00:00:00,1641.850000
2023-10-04T04:00:00,1644.840000
2023-10-04T08:00:00,1646.380000
2023-10-04T12:00:00,1631.960000
2023-10-04T16:00:00,1642.560000
2023-10-04T20:00:00,1646.420000
2023-10-05T00:00:00,1642.340000
2023-10-05T04:00:00,1636.060000
2023-10-05T08:00:00,1636.700000
2023-10-05T12:00:00,1618.600000
2023-10-05T16:00:00,1616.580000
2023-10-05T20:00:00,1611.410000
2023-10-06T00:00:00,1624.230000
2023-10-06T04:00:00,1630.340000
2023-10-06T08:00:00,1634.500000
2023-10-06T12:00:00,1642.830000
2023-10-06T16:00:00,1646.560000
2023-10-06T20:00:00,1645.520000
2023-10-07T00:00:00,1641.880000
2023-10-07T04:00:00,1637.610000
2023-10-07T08:00:00,1639.100000
2023-10-07T12:00:00,1639.540000
2023-10-07T16:00:00,1631.240000
2023-10-07T20:00:00,1634.550000
2023-10-08T00:00:00,1639.890000
2023-10-08T04:00:00,1629.810000
2023-10-08T08:00:00,1618.520000
2023-10-08T12:00:00,1632.030000
2023-10-08T16:00:00,1636.240000
2023-10-08T20:00:00,1633.320000
2023-10-09T00:00:00,1634.110000
2023-10-09T04:00:00,1620.510000
2023-10-09T08:00:00,1590.830000
2023-10-09T12:00:00,1585.720000
2023-10-09T16:00:00,1581.650000
2023-10-09T20:00:00,1579.950000
2023-10-10T00:00:00,1585.080000
2023-10-10T04:00:00,1590.390000
2023-10-10T08:00:00,1579.480000
2023-10-10T12:00:00,1567.760000
2023-10-10T16:00:00,1565.480000
2023-10-10T20:00:00,1567.400000
2023-10-11T00:00:00,1556.620000
2023-10-11T04:00:00,1556.750000
2023-10-11T08:00:00,1572.690000
2023-10-11T12:00:00,1559.070000
2023-10-11T16:00:00,1562.520000
2023-10-11T20:00:00,1566.370000
2023-10-12T00:00:00,1561.210000
2023-10-12T04:00:00,1558.590000
2023-10-12T08:00:00,1551.360000
2023-10-12T12:00:00,1540.750000
2023-10-12T16:00:00,1530.750000
2023-10-12T20:00:00,1539.070000
2023-10-13T00:00:00,1538.460000
2023-10-13T04:00:00,1548.990000
2023-10-13T08:00:00,1545.880000
2023-10-13T12:00:00,1538.950000
2023-10-13T16:00:00,1545.470000
2023-10-13T20:00:00,1551.910000
2023-10-14T00:00:00,1553.470000
2023-10-14T04:00:00,1547.560000
2023-10-14T08:00:00,1547.130000
2023-10-14T12:00:00,1556.460000
2023-10-14T16:00:00,1555.320000
2023-10-14T20:00:00,1555.300000
2023-10-15T00:00:00,1554.760000
2023-10-15T04:00:00,1555.000000
2023-10-15T08:00:00,1555.510000
2023-10-15T12:00:00,1553.920000
2023-10-15T16:00:00,1559.890000
2023-10-15T20:00:00,1557.870000
2023-10-16T00:00:00,1563.220000
2023-10-16T04:00:00,1578.840000
2023-10-16T08:00:00,1583.120000
2023-10-16T12:00:00,1577.900000
2023-10-16T16:00:00,1589.830000
2023-10-16T20:00:00,1600.120000
2023-10-17T00:00:00,1589.740000
2023-10-17T04:00:00,1590.860000
2023-10-17T08:00:00,1584.700000
2023-10-17T12:00:00,1576.360000
2023-10-17T16:00:00,1564.750000
2023-10-17T20:00:00,1565.290000
2023-10-18T00:00:00,1568.690000
2023-10-18T04:00:00,1572.950000
2023-10-18T08:00:00,1579.310000
2023-10-18T12:00:00,1571.340000
2023-10-18T16:00:00,1563.630000
2023-10-18T20:00:00,1564.050000
2023-10-19T00:00:00,1549.310000
2023-10-19T04:00:00,1552.450000
2023-10-19T08:00:00,1554.040000
2023-10-19T12:00:00,1562.180000
2023-10-19T16:00:00,1568.710000
2023-10-19T20:00:00,1567.380000
2023-10-20T00:00:00,1588.100000
2023-10-20T04:00:00,1584.420000
2023-10-20T08:00:00,1613.750000
2023-10-20T12:00:00,1605.990000
2023-10-20T16:00:00,1607.790000
2023-10-20T20:00:00,1604.530000
2023-10-21T00:00:00,1598.440000
2023-10-21T04:00:00,1607.190000
2023-10-21T08:00:00,1608.680000
2023-10-21T12:00:00,1628.960000
2023-10-21T16:00:00,1636.000000
2023-10-21T20:00:00,1629.000000
2023-10-22T00:00:00,1630.480000
2023-10-22T04:00:00,1631.640000
2023-10-22T08:00:00,1629.450000
2023-10-22T12:00:00,1626.470000
2023-10-22T16:00:00,1635.740000
2023-10-22T20:00:00,1664.300000
2023-10-23T00:00:00,1694.350000
2023-10-23T04:00:00,1676.080000
2023-10-23T08:00:00,1677.380000
2023-10-23T12:00:00,1677.300000
2023-10-23T16:00:00,1709.640000
2023-10-23T20:00:00,1766.270000
2023-10-24T00:00:00,1809.400000
2023-10-24T04:00:00,1808.660000
2023-10-24T08:00:00,1845.280000
2023-10-24T12:00:00,1777.220000
2023-10-24T16:00:00,1777.800000
2023-10-24T20:00:00,1784.690000
2023-10-25T00:00:00,1788.210000
2023-10-25T04:00:00,1769.660000
2023-10-25T08:00:00,1785.260000
2023-10-25T12:00:00,1807.540000
2023-10-25T16:00:00,1790.450000
2023-10-25T20:00:00,1787.300000
2023-10-26T00:00:00,1816.640000
2023-10-26T04:00:00,1849.580000
2023-10-26T08:00:00,1812.420000
2023-10-26T12:00:00,1777.510000
2023-10-26T16:00:00,1792.750000
2023-10-26T20:00:00,1803.420000
2023-10-27T00:00:00,1790.670000
2023-10-27T04:00:00,1777.530000
2023-10-27T08:00:00,1781.750000
2023-10-27T12:00:00,1782.610000
2023-10-27T16:00:00,1773.870000
2023-10-27T20:00:00,1779.700000
2023-10-28T00:00:00,1790.230000
2023-10-28T04:00:00,1787.480000
2023-10-28T08:00:00,1788.600000
2023-10-28T12:00:00,1790.850000
2023-10-28T16:00:00,1777.280000
2023-10-28T20:00:00,1776.420000
2023-10-29T00:00:00,1775.300000
2023-10-29T04:00:00,1783.400000
2023-10-29T08:00:00,1789.190000
2023-10-29T12:00:00,1791.550000
2023-10-29T16:00:00,1793.820000
2023-10-29T20:00:00,1795.280000
2023-10-30T00:00:00,1783.390000
2023-10-30T04:00:00,1787.780000
2023-10-30T08:00:00,1815.450000
2023-10-30T12:00:00,1820.080000
2023-10-30T16:00:00,1801.970000
2023-10-30T20:00:00,1809.660000
2023-10-31T00:00:00,1795.860000
2023-10-31T04:00:00,1791.090000
2023-10-31T08:00:00,1810.400000
2023-10-31T12:00:00,1791.970000
2023-10-31T16:00:00,1811.500000
2023-10-31T20:00:00,1815.790000
2023-11-01T00:00:00,1810.340000
2023-11-01T04:00:00,1804.850000
2023-11-01T08:00:00,1799.950000
2023-11-01T12:00:00,1792.160000
2023-11-01T16:00:00,1836.340000
2023-11-01T20:00:00,1847.360000
2023-11-02T00:00:00,1859.230000
2023-11-02T04:00:00,1836.430000
2023-11-02T08:00:00,1836.550000
2023-11-02T12:00:00,1803.440000
2023-11-02T16:00:00,1812.220000
2023-11-02T20:00:00,1801.080000
2023-11-03T00:00:00,1799.670000
2023-11-03T04:00:00,1798.850000
2023-11-03T08:00:00,1790.230000
2023-11-03T12:00:00,1813.170000
2023-11-03T16:00:00,1817.830000
2023-11-03T20:00:00,1833.230000
2023-11-04T00:00:00,1835.340000
2023-11-04T04:00:00,1834.180000
2023-11-04T08:00:00,1838.390000
2023-11-04T12:00:00,1832.530000
2023-11-04T16:00:00,1836.670000
2023-11-04T20:00:00,1857.540000
2023-11-05T00:00:00,1889.410000
2023-11-05T04:00:00,1886.040000
2023-11-05T08:00:00,1889.180000
2023-11-05T12:00:00,1875.990000
2023-11-05T16:00:00,1889.740000
2023-11-05T20:00:00,1893.220000
2023-11-06T00:00:00,1888.050000
2023-11-06T04:00:00,1879.800000
2023-11-06T08:00:00,1899.820000
2023-11-06T12:00:00,1901.210000
2023-11-06T16:00:00,1902.300000
2023-11-06T20:00:00,1900.700000
2023-11-07T00:00:00,1890.880000
2023-11-07T04:00:00,1892.680000
2023-11-07T08:00:00,1873.770000
2023-11-07T12:00:00,1863.260000
2023-11-07T16:00:00,1894.950000
2023-11-07T20:00:00,1886.130000
2023-11-08T00:00:00,1882.430000
2023-11-08T04:00:00,1875.820000
2023-11-08T08:00:00,1881.710000
2023-11-08T12:00:00,1889.380000
2023-11-08T16:00:00,1898.880000
2023-11-08T20:00:00,1888.420000
2023-11-09T00:00:00,1920.610000
2023-11-09T04:00:00,1912.300000
2023-11-09T08:00:00,1914.130000
2023-11-09T12:00:00,2036.230000
2023-11-09T16:00:00,2018.950000
2023-11-09T20:00:00,2121.880000
2023-11-10T00:00:00,2121.360000
2023-11-10T04:00:00,2101.680000
2023-11-10T08:00:00,2097.500000
2023-11-10T12:00:00,2089.500000
2023-11-10T16:00:00,2089.010000
2023-11-10T20:00:00,2078.830000
2023-11-11T00:00:00,2047.860000
2023-11-11T04:00:00,2056.300000
2023-11-11T08:00:00,2059.150000
2023-11-11T12:00:00,2070.010000
2023-11-11T16:00:00,2076.440000
2023-11-11T20:00:00,2053.820000
2023-11-12T00:00:00,2052.040000
2023-11-12T04:00:00,2058.370000
2023-11-12T08:00:00,2047.880000
2023-11-12T12:00:00,2058.580000
2023-11-12T16:00:00,2049.960000
2023-11-12T20:00:00,2045.990000
2023-11-13T00:00:00,2040.730000
2023-11-13T04:00:00,2049.670000
2023-11-13T08:00:00,2047.650000
2023-11-13T12:00:00,2106.250000
2023-11-13T16:00:00,2100.450000
2023-11-13T20:00:00,2054.020000
2023-11-14T00:00:00,2056.610000
2023-11-14T04:00:00,2061.830000
2023-11-14T08:00:00,2033.870000
2023-11-14T12:00:00,2038.250000
2023-11-14T16:00:00,1979.460000
2023-11-14T20:00:00,1979.610000
2023-11-15T00:00:00,1968.750000
2023-11-15T04:00:00,1983.490000
2023-11-15T08:00:00,2011.790000
2023-11-15T12:00:00,2021.910000
2023-11-15T16:00:00,2051.790000
2023-11-15T20:00:00,2060.260000
2023-11-16T00:00:00,2053.980000
2023-11-16T04:00:00,2053.650000
2023-11-16T08:00:00,2069.450000
2023-11-16T12:00:00,1996.020000
2023-11-16T16:00:00,1965.120000
2023-11-16T20:00:00,1961.940000
2023-11-17T00:00:00,1984.000000
2023-11-17T04:00:00,1969.540000
2023-11-17T08:00:00,1966.530000
2023-11-17T12:00:00,1918.220000
2023-11-17T16:00:00,1938.750000
2023-11-17T20:00:00,1961.530000
2023-11-18T00:00:00,1941.500000
2023-11-18T04:00:00,1935.670000
2023-11-18T08:00:00,1935.260000
2023-11-18T12:00:00,1953.130000
2023-11-18T16:00:00,1964.490000
2023-11-18T20:00:00,1963.300000
2023-11-19T00:00:00,1958.150000
2023-11-19T04:00:00,1962.510000
2023-11-19T08:00:00,1953.010000
2023-11-19T12:00:00,1967.450000
2023-11-19T16:00:00,1984.420000
2023-11-19T20:00:00,2012.140000
2023-11-20T00:00:00,2000.680000
2023-11-20T04:00:00,2019.950000
2023-11-20T08:00:00,2026.170000
2023-11-20T12:00:00,2043.620000
2023-11-20T16:00:00,2038.210000
2023-11-20T20:00:00,2022.540000
2023-11-21T00:00:00,2019.620000
2023-11-21T04:00:00,2004.820000
2023-11-21T08:00:00,2004.710000
2023-11-21T12:00:00,1989.780000
2023-11-21T16:00:00,1985.770000
2023-11-21T20:00:00,1933.610000
2023-11-22T00:00:00,1978.400000
2023-11-22T04:00:00,1994.410000
2023-11-22T08:00:00,2015.820000
2023-11-22T12:00:00,2033.630000
2023-11-22T16:00:00,2077.120000
2023-11-22T20:00:00,2064.100000
2023-11-23T00:00:00,2060.080000
2023-11-23T04:00:00,2066.190000
2023-11-23T08:00:00,2062.970000
2023-11-23T12:00:00,2043.100000
2023-11-23T16:00:00,2062.430000
2023-11-23T20:00:00,2062.240000
2023-11-24T00:00:00,2064.360000
2023-11-24T04:00:00,2080.360000
2023-11-24T08:00:00,2098.110000
2023-11-24T12:00:00,2117.170000
2023-11-24T16:00:00,2088.770000
2023-11-24T20:00:00,2082.200000
2023-11-25T00:00:00,2088.240000
2023-11-25T04:00:00,2090.010000
2023-11-25T08:00:00,2071.330000
2023-11-25T12:00:00,2078.810000
2023-11-25T16:00:00,2083.870000
2023-11-25T20:00:00,2084.510000
2023-11-26T00:00:00,2076.810000
2023-11-26T04:00:00,2090.470000
2023-11-26T08:00:00,2085.430000
2023-11-26T12:00:00,2066.020000
2023-11-26T16:00:00,2057.640000
2023-11-26T20:00:00,2062.640000
2023-11-27T00:00:00,2048.980000
2023-11-27T04:00:00,2046.160000
2023-11-27T08:00:00,2024.930000
2023-11-27T12:00:00,2002.940000
2023-11-27T16:00:00,1995.270000
2023-11-27T20:00:00,2026.430000
2023-11-28T00:00:00,2027.000000
2023-11-28T04:00:00,2015.070000
2023-11-28T08:00:00,2028.090000
2023-11-28T12:00:00,2036.490000
2023-11-28T16:00:00,2060.370000
2023-11-28T20:00:00,2049.150000
2023-11-29T00:00:00,2054.420000
2023-11-29T04:00:00,2058.600000
2023-11-29T08:00:00,2054.360000
2023-11-29T12:00:00,2032.160000
2023-11-29T16:00:00,2039.800000
2023-11-29T20:00:00,2029.680000
2023-11-30T00:00:00,2040.280000
2023-11-30T04:00:00,2036.130000
2023-11-30T08:00:00,2046.230000
2023-11-30T12:00:00,2032.590000
2023-11-30T16:00:00,2041.620000
2023-11-30T20:00:00,2052.140000
2023-12-01T00:00:00,2092.480000
2023-12-01T04:00:00,2093.380000
2023-12-01T08:00:00,2094.460000
2023-12-01T12:00:00,2080.600000
2023-12-01T16:00:00,2090.920000
2023-12-01T20:00:00,2088.200000
2023-12-02T00:00:00,2093.870000
2023-12-02T04:00:00,2096.470000
2023-12-02T08:00:00,2100.130000
2023-12-02T12:00:00,2105.380000
2023-12-02T16:00:00,2159.470000
2023-12-02T20:00:00,2165.500000
2023-12-03T00:00:00,2162.030000
2023-12-03T04:00:00,2165.210000
2023-12-03T08:00:00,2160.280000
2023-12-03T12:00:00,2161.090000
2023-12-03T16:00:00,2168.550000
2023-12-03T20:00:00,2193.800000
2023-12-04T00:00:00,2211.250000
2023-12-04T04:00:00,2246.850000
2023-12-04T08:00:00,2238.380000
2023-12-04T12:00:00,2212.170000
2023-12-04T16:00:00,2234.350000
2023-12-04T20:00:00,2243.470000
2023-12-05T00:00:00,2231.100000
2023-12-05T04:00:00,2201.090000
2023-12-05T08:00:00,2205.090000
2023-12-05T12:00:00,2228.740000
2023-12-05T16:00:00,2272.230000
2023-12-05T20:00:00,2293.640000
2023-12-06T00:00:00,2281.960000
2023-12-06T04:00:00,2265.830000
2023-12-06T08:00:00,2253.420000
2023-12-06T12:00:00,2252.600000
2023-12-06T16:00:00,2263.740000
2023-12-06T20:00:00,2233.320000
2023-12-07T00:00:00,2249.240000
2023-12-07T04:00:00,2261.800000
2023-12-07T08:00:00,2236.530000
2023-12-07T12:00:00,2321.750000
2023-12-07T16:00:00,2335.970000
2023-12-07T20:00:00,2356.670000
2023-12-08T00:00:00,2375.590000
2023-12-08T04:00:00,2353.220000
2023-12-08T08:00:00,2366.310000
2023-12-08T12:00:00,2346.280000
2023-12-08T16:00:00,2353.670000
2023-12-08T20:00:00,2359.170000
2023-12-09T00:00:00,2360.660000
2023-12-09T04:00:00,2383.840000
2023-12-09T08:00:00,2356.940000
2023-12-09T12:00:00,2363.230000
2023-12-09T16:00:00,2358.320000
2023-12-09T20:00:00,2341.590000
2023-12-10T00:00:00,2351.410000
2023-12-10T04:00:00,2353.910000
2023-12-10T08:00:00,2337.670000
2023-12-10T12:00:00,2351.770000
2023-12-10T16:00:00,2354.740000
2023-12-10T20:00:00,2352.280000
2023-12-11T00:00:00,2252.050000
2023-12-11T04:00:00,2236.990000
2023-12-11T08:00:00,2249.380000
2023-12-11T12:00:00,2218.000000
2023-12-11T16:00:00,2186.210000
2023-12-11T20:00:00,2224.010000
2023-12-12T00:00:00,2230.900000
2023-12-12T04:00:00,2232.860000
2023-12-12T08:00:00,2207.910000
2023-12-12T12:00:00,2191.500000
2023-12-12T16:00:00,2176.960000
2023-12-12T20:00:00,2201.880000
2023-12-13T00:00:00,2165.580000
2023-12-13T04:00:00,2171.200000
2023-12-13T08:00:00,2170.240000
2023-12-13T12:00:00,2215.140000
2023-12-13T16:00:00,2252.210000
2023-12-13T20:00:00,2260.470000
2023-12-14T00:00:00,2251.820000
2023-12-14T04:00:00,2283.150000
2023-12-14T08:00:00,2307.260000
2023-12-14T12:00:00,2275.770000
2023-12-14T16:00:00,2293.360000
2023-12-14T20:00:00,2316.040000
2023-12-15T00:00:00,2280.420000
2023-12-15T04:00:00,2272.210000
2023-12-15T08:00:00,2272.790000
2023-12-15T12:00:00,2230.700000
2023-12-15T16:00:00,2241.680000
2023-12-15T20:00:00,2220.470000
2023-12-16T00:00:00,2253.660000
2023-12-16T04:00:00,2239.950000
2023-12-16T08:00:00,2251.590000
2023-12-16T12:00:00,2254.690000
2023-12-16T16:00:00,2233.760000
2023-12-16T20:00:00,2227.560000
2023-12-17T00:00:00,2214.260000
2023-12-17T04:00:00,2206.500000
2023-12-17T08:00:00,2214.230000
2023-12-17T12:00:00,2219.240000
2023-12-17T16:00:00,2232.140000
2023-12-17T20:00:00,2194.340000
2023-12-18T00:00:00,2172.970000
2023-12-18T04:00:00,2166.950000
2023-12-18T08:00:00,2139.750000
2023-12-18T12:00:00,2153.010000
2023-12-18T16:00:00,2174.600000
2023-12-18T20:00:00,2218.370000
2023-12-19T00:00:00,2236.250000
2023-12-19T04:00:00,2247.400000
2023-12-19T08:00:00,2235.990000
2023-12-19T12:00:00,2190.000000
2023-12-19T16:00:00,2175.450000
2023-12-19T20:00:00,2177.160000
2023-12-20T00:00:00,2185.050000
2023-12-20T04:00:00,2215.520000
2023-12-20T08:00:00,2210.720000
2023-12-20T12:00:00,2246.370000
2023-12-20T16:00:00,2204.740000
2023-12-20T20:00:00,2201.650000
2023-12-21T00:00:00,2201.370000
2023-12-21T04:00:00,2214.630000
2023-12-21T08:00:00,2253.660000
2023-12-21T12:00:00,2232.510000
2023-12-21T16:00:00,2224.690000
2023-12-21T20:00:00,2239.880000
2023-12-22T00:00:00,2249.480000
2023-12-22T04:00:00,2273.760000
2023-12-22T08:00:00,2313.560000
2023-12-22T12:00:00,2319.940000
2023-12-22T16:00:00,2311.350000
2023-12-22T20:00:00,2326.070000
2023-12-23T00:00:00,2274.950000
2023-12-23T04:00:00,2285.130000
2023-12-23T08:00:00,2288.660000
2023-12-23T12:00:00,2286.460000
2023-12-23T16:00:00,2292.970000
2023-12-23T20:00:00,2309.700000
2023-12-24T00:00:00,2317.490000
2023-12-24T04:00:00,2295.880000
2023-12-24T08:00:00,2289.340000
2023-12-24T12:00:00,2294.300000
2023-12-24T16:00:00,2289.530000
2023-12-24T20:00:00,2264.990000
2023-12-25T00:00:00,2276.910000
2023-12-25T04:00:00,2281.200000
2023-12-25T08:00:00,2279.120000
2023-12-25T12:00:00,2286.570000
2023-12-25T16:00:00,2273.220000
2023-12-25T20:00:00,2270.950000
2023-12-26T00:00:00,2268.370000
2023-12-26T04:00:00,2240.890000
2023-12-26T08:00:00,2241.900000
2023-12-26T12:00:00,2228.100000
2023-12-26T16:00:00,2210.580000
2023-12-26T20:00:00,2230.680000
2023-12-27T00:00:00,2217.460000
2023-12-27T04:00:00,2228.460000
2023-12-27T08:00:00,2285.260000
2023-12-27T12:00:00,2342.310000
2023-12-27T16:00:00,2347.890000
2023-12-27T20:00:00,2380.210000
2023-12-28T00:00:00,2415.760000
2023-12-28T04:00:00,2380.900000
2023-12-28T08:00:00,2402.940000
2023-12-28T12:00:00,2358.870000
2023-12-28T16:00:00,2362.670000
2023-12-28T20:00:00,2345.320000
2023-12-29T00:00:00,2352.680000
2023-12-29T04:00:00,2333.590000
2023-12-29T08:00:00,2373.110000
2023-12-29T12:00:00,2327.760000
2023-12-29T16:00:00,2316.850000
2023-12-29T20:00:00,2299.310000
2023-12-30T00:00:00,2298.060000
2023-12-30T04:00:00,2296.300000
2023-12-30T08:00:00,2287.290000
2023-12-30T12:00:00,2313.270000
2023-12-30T16:00:00,2299.950000
2023-12-30T20:00:00,2291.170000
2023-12-31T00:00:00,2283.860000
2023-12-31T04:00:00,2294.160000
2023-12-31T08:00:00,2307.540000
2023-12-31T12:00:00,2298.220000
2023-12-31T16:00:00,2294.170000
2023-12-31T20:00:00,2281.570000
2024-01-01T00:00:00,2273.010000
2024-01-01T04:00:00,2284.290000
2024-01-01T08:00:00,2303.840000
2024-01-01T12:00:00,2314.710000
2024-01-01T16:00:00,2337.320000
2024-01-01T20:00:00,2352.280000
2024-01-02T00:00:00,2387.310000
2024-01-02T04:00:00,2387.890000
2024-01-02T08:00:00,2392.550000
2024-01-02T12:00:00,2359.280000
2024-01-02T16:00:00,2368.950000
2024-01-02T20:00:00,2356.170000
2024-01-03T00:00:00,2369.130000
2024-01-03T04:00:00,2362.800000
2024-01-03T08:00:00,2309.140000
2024-01-03T12:00:00,2241.330000
2024-01-03T16:00:00,2208.130000
2024-01-03T20:00:00,2210.560000
2024-01-04T00:00:00,2232.750000
2024-01-04T04:00:00,2223.140000
2024-01-04T08:00:00,2230.320000
2024-01-04T12:00:00,2278.750000
2024-01-04T16:00:00,2277.630000
2024-01-04T20:00:00,2269.030000
2024-01-05T00:00:00,2244.090000
2024-01-05T04:00:00,2254.220000
2024-01-05T08:00:00,2243.500000
2024-01-05T12:00:00,2225.990000
2024-01-05T16:00:00,2235.410000
2024-01-05T20:00:00,2268.840000
2024-01-06T00:00:00,2255.550000
2024-01-06T04:00:00,2235.160000
2024-01-06T08:00:00,2239.870000
2024-01-06T12:00:00,2247.440000
2024-01-06T16:00:00,2246.510000
2024-01-06T20:00:00,2241.740000
2024-01-07T00:00:00,2243.380000
2024-01-07T04:00:00,2249.840000
2024-01-07T08:00:00,2238.270000
2024-01-07T12:00:00,2232.070000
2024-01-07T16:00:00,2249.480000
2024-01-07T20:00:00,2222.870000
2024-01-08T00:00:00,2191.930000
2024-01-08T04:00:00,2224.670000
2024-01-08T08:00:00,2240.870000
2024-01-08T12:00:00,2270.490000
2024-01-08T16:00:00,2355.920000
2024-01-08T20:00:00,2332.800000
2024-01-09T00:00:00,2311.330000
2024-01-09T04:00:00,2307.300000
2024-01-09T08:00:00,2300.110000
2024-01-09T12:00:00,2257.860000
2024-01-09T16:00:00,2271.510000
2024-01-09T20:00:00,2344.900000
2024-01-10T00:00:00,2362.040000
2024-01-10T04:00:00,2369.310000
2024-01-10T08:00:00,2403.370000
2024-01-10T12:00:00,2450.020000
2024-01-10T16:00:00,2478.610000
2024-01-10T20:00:00,2584.820000
2024-01-11T00:00:00,2613.630000
2024-01-11T04:00:00,2589.960000
2024-01-11T08:00:00,2657.470000
2024-01-11T12:00:00,2613.000000
2024-01-11T16:00:00,2621.750000
2024-01-11T20:00:00,2618.350000
2024-01-12T00:00:00,2589.810000
2024-01-12T04:00:00,2596.080000
2024-01-12T08:00:00,2647.890000
2024-01-12T12:00:00,2646.170000
2024-01-12T16:00:00,2581.270000
2024-01-12T20:00:00,2521.720000
2024-01-13T00:00:00,2547.470000
2024-01-13T04:00:00,2550.840000
2024-01-13T08:00:00,2542.250000
2024-01-13T12:00:00,2563.030000
2024-01-13T16:00:00,2569.630000
2024-01-13T20:00:00,2577.620000
2024-01-14T00:00:00,2550.250000
2024-01-14T04:00:00,2550.240000
2024-01-14T08:00:00,2537.130000
2024-01-14T12:00:00,2537.160000
2024-01-14T16:00:00,2500.090000
2024-01-14T20:00:00,2471.020000
2024-01-15T00:00:00,2502.250000
2024-01-15T04:00:00,2511.750000
2024-01-15T08:00:00,2537.760000
2024-01-15T12:00:00,2513.090000
2024-01-15T16:00:00,2532.120000
2024-01-15T20:00:00,2509.920000
2024-01-16T00:00:00,2535.480000
2024-01-16T04:00:00,2524.540000
2024-01-16T08:00:00,2528.290000
2024-01-16T12:00:00,2556.570000
2024-01-16T16:00:00,2573.150000
2024-01-16T20:00:00,2587.760000
2024-01-17T00:00:00,2570.560000
2024-01-17T04:00:00,2551.430000
2024-01-17T08:00:00,2540.800000
2024-01-17T12:00:00,2537.670000
2024-01-17T16:00:00,2531.300000
2024-01-17T20:00:00,2529.400000
2024-01-18T00:00:00,2526.970000
2024-01-18T04:00:00,2535.790000
2024-01-18T08:00:00,2519.950000
2024-01-18T12:00:00,2522.540000
2024-01-18T16:00:00,2436.210000
2024-01-18T20:00:00,2468.200000
2024-01-19T00:00:00,2456.690000
2024-01-19T04:00:00,2462.220000
2024-01-19T08:00:00,2486.460000
2024-01-19T12:00:00,2461.720000
2024-01-19T16:00:00,2490.100000
2024-01-19T20:00:00,2489.740000
2024-01-20T00:00:00,2479.670000
2024-01-20T04:00:00,2477.100000
2024-01-20T08:00:00,2468.890000
2024-01-20T12:00:00,2461.580000
2024-01-20T16:00:00,2459.300000
2024-01-20T20:00:00,2469.970000
2024-01-21T00:00:00,2473.870000
2024-01-21T04:00:00,2473.300000
2024-01-21T08:00:00,2472.220000
2024-01-21T12:00:00,2466.600000
2024-01-21T16:00:00,2472.940000
2024-01-21T20:00:00,2454.890000
2024-01-22T00:00:00,2434.830000
2024-01-22T04:00:00,2418.410000
2024-01-22T08:00:00,2378.810000
2024-01-22T12:00:00,2376.480000
2024-01-22T16:00:00,2319.420000
2024-01-22T20:00:00,2311.430000
2024-01-23T00:00:00,2336.560000
2024-01-23T04:00:00,2321.260000
2024-01-23T08:00:00,2215.100000
2024-01-23T12:00:00,2216.960000
2024-01-23T16:00:00,2183.810000
2024-01-23T20:00:00,2241.510000
2024-01-24T00:00:00,2211.920000
2024-01-24T04:00:00,2232.140000
2024-01-24T08:00:00,2243.050000
2024-01-24T12:00:00,2233.650000
2024-01-24T16:00:00,2211.220000
2024-01-24T20:00:00,2233.950000
2024-01-25T00:00:00,2215.600000
2024-01-25T04:00:00,2226.590000
2024-01-25T08:00:00,2229.970000
2024-01-25T12:00:00,2186.630000
2024-01-25T16:00:00,2216.730000
2024-01-25T20:00:00,2216.100000
2024-01-26T00:00:00,2222.150000
2024-01-26T04:00:00,2195.770000
2024-01-26T08:00:00,2252.260000
2024-01-26T12:00:00,2255.830000
2024-01-26T16:00:00,2259.100000
2024-01-26T20:00:00,2266.890000
2024-01-27T00:00:00,2273.750000
2024-01-27T04:00:00,2257.770000
2024-01-27T08:00:00,2264.890000
2024-01-27T12:00:00,2269.650000
2024-01-27T16:00:00,2272.480000
2024-01-27T20:00:00,2267.690000
2024-01-28T00:00:00,2286.890000
2024-01-28T04:00:00,2282.720000
2024-01-28T08:00:00,2281.050000
2024-01-28T12:00:00,2269.490000
2024-01-28T16:00:00,2253.610000
2024-01-28T20:00:00,2256.880000
2024-01-29T00:00:00,2270.960000
2024-01-29T04:00:00,2258.690000
2024-01-29T08:00:00,2263.400000
2024-01-29T12:00:00,2274.730000
2024-01-29T16:00:00,2293.340000
2024-01-29T20:00:00,2317.680000
2024-01-30T00:00:00,2311.310000
2024-01-30T04:00:00,2308.690000
2024-01-30T08:00:00,2313.440000
2024-01-30T12:00:00,2341.090000
2024-01-30T16:00:00,2374.880000
2024-01-30T20:00:00,2343.030000
2024-01-31T00:00:00,2342.200000
2024-01-31T04:00:00,2340.110000
2024-01-31T08:00:00,2298.440000
2024-01-31T12:00:00,2328.310000
2024-01-31T16:00:00,2322.820000
2024-01-31T20:00:00,2281.560000
2024-02-01T00:00:00,2255.700000
2024-02-01T04:00:00,2269.740000
2024-02-01T08:00:00,2264.280000
2024-02-01T12:00:00,2287.550000
2024-02-01T16:00:00,2303.660000
2024-02-01T20:00:00,2303.500000
2024-02-02T00:00:00,2300.600000
2024-02-02T04:00:00,2312.240000
2024-02-02T08:00:00,2317.010000
2024-02-02T12:00:00,2312.910000
2024-02-02T16:00:00,2299.390000
2024-02-02T20:00:00,2308.220000
2024-02-03T00:00:00,2320.550000
2024-02-03T04:00:00,2313.510000
2024-02-03T08:00:00,2302.600000
2024-02-03T12:00:00,2302.630000
2024-02-03T16:00:00,2302.050000
2024-02-03T20:00:00,2295.720000
2024-02-04T00:00:00,2302.140000
2024-02-04T04:00:00,2289.700000
2024-02-04T08:00:00,2304.780000
2024-02-04T12:00:00,2300.870000
2024-02-04T16:00:00,2279.510000
2024-02-04T20:00:00,2289.010000
2024-02-05T00:00:00,2293.700000
2024-02-05T04:00:00,2307.990000
2024-02-05T08:00:00,2327.510000
2024-02-05T12:00:00,2295.170000
2024-02-05T16:00:00,2301.540000
2024-02-05T20:00:00,2298.990000
2024-02-06T00:00:00,2314.190000
2024-02-06T04:00:00,2323.690000
2024-02-06T08:00:00,2322.810000
2024-02-06T12:00:00,2341.640000
2024-02-06T16:00:00,2378.240000
2024-02-06T20:00:00,2371.380000
2024-02-07T00:00:00,2363.170000
2024-02-07T04:00:00,2360.630000
2024-02-07T08:00:00,2359.870000
2024-02-07T12:00:00,2367.890000
2024-02-07T16:00:00,2418.830000
2024-02-07T20:00:00,2425.100000
2024-02-08T00:00:00,2432.340000
2024-02-08T04:00:00,2420.670000
2024-02-08T08:00:00,2424.400000
2024-02-08T12:00:00,2453.720000
2024-02-08T16:00:00,2421.530000
2024-02-08T20:00:00,2419.900000
2024-02-09T00:00:00,2448.100000
2024-02-09T04:00:00,2453.260000
2024-02-09T08:00:00,2503.530000
2024-02-09T12:00:00,2495.600000
2024-02-09T16:00:00,2487.200000
2024-02-09T20:00:00,2487.290000
2024-02-10T00:00:00,2512.420000
2024-02-10T04:00:00,2497.030000
2024-02-10T08:00:00,2484.170000
2024-02-10T12:00:00,2491.800000
2024-02-10T16:00:00,2498.230000
2024-02-10T20:00:00,2501.210000
2024-02-11T00:00:00,2529.590000
2024-02-11T04:00:00,2528.720000
2024-02-11T08:00:00,2532.780000
2024-02-11T12:00:00,2509.780000
2024-02-11T16:00:00,2508.360000
2024-02-11T20:00:00,2507.520000
2024-02-12T00:00:00,2500.480000
2024-02-12T04:00:00,2502.080000
2024-02-12T08:00:00,2488.090000
2024-02-12T12:00:00,2559.070000
2024-02-12T16:00:00,2612.370000
2024-02-12T20:00:00,2659.840000
2024-02-13T00:00:00,2642.000000
2024-02-13T04:00:00,2649.530000
2024-02-13T08:00:00,2682.540000
2024-02-13T12:00:00,2631.620000
2024-02-13T16:00:00,2612.300000
2024-02-13T20:00:00,2641.640000
2024-02-14T00:00:00,2637.920000
2024-02-14T04:00:00,2654.000000
2024-02-14T08:00:00,2756.900000
2024-02-14T12:00:00,2750.720000
2024-02-14T16:00:00,2763.230000
2024-02-14T20:00:00,2777.540000
2024-02-15T00:00:00,2803.780000
2024-02-15T04:00:00,2774.680000
2024-02-15T08:00:00,2795.220000
2024-02-15T12:00:00,2827.990000
2024-02-15T16:00:00,2836.000000
2024-02-15T20:00:00,2825.550000
2024-02-16T00:00:00,2848.560000
2024-02-16T04:00:00,2816.270000
2024-02-16T08:00:00,2824.620000
2024-02-16T12:00:00,2777.200000
2024-02-16T16:00:00,2763.600000
2024-02-16T20:00:00,2804.040000
2024-02-17T00:00:00,2794.380000
2024-02-17T04:00:00,2796.210000
2024-02-17T08:00:00,2781.520000
2024-02-17T12:00:00,2754.960000
2024-02-17T16:00:00,2775.000000
2024-02-17T20:00:00,2786.380000
2024-02-18T00:00:00,2782.800000
2024-02-18T04:00:00,2801.700000
2024-02-18T08:00:00,2802.220000
2024-02-18T12:00:00,2808.080000
2024-02-18T16:00:00,2830.430000
2024-02-18T20:00:00,2881.560000
2024-02-19T00:00:00,2887.140000
2024-02-19T04:00:00,2926.640000
2024-02-19T08:00:00,2912.600000
2024-02-19T12:00:00,2908.850000
2024-02-19T16:00:00,2934.470000
2024-02-19T20:00:00,2945.260000
2024-02-20T00:00:00,2907.010000
2024-02-20T04:00:00,2921.000000
2024-02-20T08:00:00,2937.330000
2024-02-20T12:00:00,2925.260000
2024-02-20T16:00:00,2985.950000
2024-02-20T20:00:00,3015.140000
2024-02-21T00:00:00,3005.820000
2024-02-21T04:00:00,2940.400000
2024-02-21T08:00:00,2899.760000
2024-02-21T12:00:00,2913.910000
2024-02-21T16:00:00,2912.900000
2024-02-21T20:00:00,2968.640000
2024-02-22T00:00:00,2934.560000
2024-02-22T04:00:00,2992.700000
2024-02-22T08:00:00,2989.220000
2024-02-22T12:00:00,2985.000000
2024-02-22T16:00:00,2984.800000
2024-02-22T20:00:00,2969.400000
2024-02-23T00:00:00,2954.020000
2024-02-23T04:00:00,2933.190000
2024-02-23T08:00:00,2942.750000
2024-02-23T12:00:00,2916.290000
2024-02-23T16:00:00,2945.210000
2024-02-23T20:00:00,2921.010000
2024-02-24T00:00:00,2930.610000
2024-02-24T04:00:00,2962.380000
2024-02-24T08:00:00,2961.010000
2024-02-24T12:00:00,2955.630000
2024-02-24T16:00:00,2987.160000
2024-02-24T20:00:00,2992.160000
2024-02-25T00:00:00,3025.130000
2024-02-25T04:00:00,3029.910000
2024-02-25T08:00:00,3039.890000
2024-02-25T12:00:00,3043.250000
2024-02-25T16:00:00,3081.640000
2024-02-25T20:00:00,3112.600000
2024-02-26T00:00:00,3107.610000
2024-02-26T04:00:00,3087.600000
2024-02-26T08:00:00,3056.860000
2024-02-26T12:00:00,3147.100000
2024-02-26T16:00:00,3181.600000
2024-02-26T20:00:00,3178.430000
2024-02-27T00:00:00,3219.340000
2024-02-27T04:00:00,3219.000000
2024-02-27T08:00:00,3256.810000
2024-02-27T12:00:00,3230.970000
2024-02-27T16:00:00,3250.790000
2024-02-27T20:00:00,3243.820000
2024-02-28T00:00:00,3250.290000
2024-02-28T04:00:00,3304.400000
2024-02-28T08:00:00,3298.260000
2024-02-28T12:00:00,3350.600000
2024-02-28T16:00:00,3301.790000
2024-02-28T20:00:00,3386.960000
2024-02-29T00:00:00,3409.010000
2024-02-29T04:00:00,3468.410000
2024-02-29T08:00:00,3515.320000
2024-02-29T12:00:00,3470.490000
2024-02-29T16:00:00,3403.700000
2024-02-29T20:00:00,3342.010000
2024-03-01T00:00:00,3368.860000
2024-03-01T04:00:00,3366.850000
2024-03-01T08:00:00,3412.310000
2024-03-01T12:00:00,3391.860000
2024-03-01T16:00:00,3429.630000
2024-03-01T20:00:00,3435.900000
2024-03-02T00:00:00,3445.730000
2024-03-02T04:00:00,3434.130000
2024-03-02T08:00:00,3409.190000
2024-03-02T12:00:00,3421.540000
2024-03-02T16:00:00,3428.680000
2024-03-02T20:00:00,3423.760000
2024-03-03T00:00:00,3433.350000
2024-03-03T04:00:00,3395.500000
2024-03-03T08:00:00,3415.670000
2024-03-03T12:00:00,3424.880000
2024-03-03T16:00:00,3467.110000
2024-03-03T20:00:00,3489.650000
2024-03-04T00:00:00,3474.700000
2024-03-04T04:00:00,3480.950000
2024-03-04T08:00:00,3508.970000
2024-03-04T12:00:00,3562.990000
2024-03-04T16:00:00,3595.190000
2024-03-04T20:00:00,3632.800000
2024-03-05T00:00:00,3695.200000
2024-03-05T04:00:00,3677.140000
2024-03-05T08:00:00,3733.820000
2024-03-05T12:00:00,3785.410000
2024-03-05T16:00:00,3371.610000
2024-03-05T20:00:00,3560.590000
2024-03-06T00:00:00,3541.220000
2024-03-06T04:00:00,3789.460000
2024-03-06T08:00:00,3880.890000
2024-03-06T12:00:00,3792.190000
2024-03-06T16:00:00,3856.900000
2024-03-06T20:00:00,3821.700000
2024-03-07T00:00:00,3775.590000
2024-03-07T04:00:00,3791.590000
2024-03-07T08:00:00,3789.860000
2024-03-07T12:00:00,3841.350000
2024-03-07T16:00:00,3873.920000
2024-03-07T20:00:00,3875.610000
2024-03-08T00:00:00,3904.200000
2024-03-08T04:00:00,3915.590000
2024-03-08T08:00:00,3954.600000
2024-03-08T12:00:00,3908.190000
2024-03-08T16:00:00,3936.400000
2024-03-08T20:00:00,3892.550000
2024-03-09T00:00:00,3933.470000
2024-03-09T04:00:00,3933.600000
2024-03-09T08:00:00,3920.620000
2024-03-09T12:00:00,3926.800000
2024-03-09T16:00:00,3888.140000
2024-03-09T20:00:00,3914.050000
2024-03-10T00:00:00,3942.840000
2024-03-10T04:00:00,3951.460000
2024-03-10T08:00:00,3940.490000
2024-03-10T12:00:00,3893.800000
2024-03-10T16:00:00,3906.010000
2024-03-10T20:00:00,3882.790000
2024-03-11T00:00:00,3869.220000
2024-03-11T04:00:00,4002.600000
2024-03-11T08:00:00,4036.810000
2024-03-11T12:00:00,4020.990000
2024-03-11T16:00:00,4034.550000
2024-03-11T20:00:00,4065.610000
2024-03-12T00:00:00,4029.760000
2024-03-12T04:00:00,4028.590000
2024-03-12T08:00:00,4023.140000
2024-03-12T12:00:00,3988.020000
2024-03-12T16:00:00,3981.600000
2024-03-12T20:00:00,3980.490000
2024-03-13T00:00:00,4045.160000
2024-03-13T04:00:00,4041.910000
2024-03-13T08:00:00,4052.160000
2024-03-13T12:00:00,3967.540000
2024-03-13T16:00:00,4006.020000
2024-03-13T20:00:00,4007.600000
2024-03-14T00:00:00,3995.040000
2024-03-14T04:00:00,3964.950000
2024-03-14T08:00:00,3957.530000
2024-03-14T12:00:00,3844.900000
2024-03-14T16:00:00,3779.200000
2024-03-14T20:00:00,3881.100000
2024-03-15T00:00:00,3721.160000
2024-03-15T04:00:00,3751.290000
2024-03-15T08:00:00,3685.200000
2024-03-15T12:00:00,3688.890000
2024-03-15T16:00:00,3690.000000
2024-03-15T20:00:00,3742.640000
2024-03-16T00:00:00,3734.360000
2024-03-16T04:00:00,3739.000000
2024-03-16T08:00:00,3691.300000
2024-03-16T12:00:00,3678.330000
2024-03-16T16:00:00,3599.070000
2024-03-16T20:00:00,3520.500000
2024-03-17T00:00:00,3568.640000
2024-03-17T04:00:00,3471.000000
2024-03-17T08:00:00,3573.100000
2024-03-17T12:00:00,3625.460000
2024-03-17T16:00:00,3649.760000
2024-03-17T20:00:00,3642.040000
2024-03-18T00:00:00,3596.130000
2024-03-18T04:00:00,3623.870000
2024-03-18T08:00:00,3595.860000
2024-03-18T12:00:00,3521.720000
2024-03-18T16:00:00,3478.330000
2024-03-18T20:00:00,3520.480000
2024-03-19T00:00:00,3419.240000
2024-03-19T04:00:00,3357.990000
2024-03-19T08:00:00,3274.110000
2024-03-19T12:00:00,3298.800000
2024-03-19T16:00:00,3333.520000
2024-03-19T20:00:00,3157.210000
2024-03-20T00:00:00,3159.800000
2024-03-20T04:00:00,3217.600000
2024-03-20T08:00:00,3292.150000
2024-03-20T12:00:00,3292.350000
2024-03-20T16:00:00,3378.710000
2024-03-20T20:00:00,3516.220000
2024-03-21T00:00:00,3510.000000
2024-03-21T04:00:00,3517.010000
2024-03-21T08:00:00,3530.040000
2024-03-21T12:00:00,3497.000000
2024-03-21T16:00:00,3441.200000
2024-03-21T20:00:00,3491.630000
2024-03-22T00:00:00,3521.350000
2024-03-22T04:00:00,3511.750000
2024-03-22T08:00:00,3405.720000
2024-03-22T12:00:00,3348.730000
2024-03-22T16:00:00,3343.790000
2024-03-22T20:00:00,3336.510000
2024-03-23T00:00:00,3305.070000
2024-03-23T04:00:00,3365.450000
2024-03-23T08:00:00,3364.400000
2024-03-23T12:00:00,3405.350000
2024-03-23T16:00:00,3386.300000
2024-03-23T20:00:00,3330.010000
2024-03-24T00:00:00,3309.130000
2024-03-24T04:00:00,3342.410000
2024-03-24T08:00:00,3387.820000
2024-03-24T12:00:00,3396.560000
2024-03-24T16:00:00,3382.220000
2024-03-24T20:00:00,3454.960000
2024-03-25T00:00:00,3454.790000
2024-03-25T04:00:00,3445.700000
2024-03-25T08:00:00,3436.790000
2024-03-25T12:00:00,3582.020000
2024-03-25T16:00:00,3639.360000
2024-03-25T20:00:00,3591.220000
2024-03-26T00:00:00,3624.640000
2024-03-26T04:00:00,3637.200000
2024-03-26T08:00:00,3630.850000
2024-03-26T12:00:00,3593.800000
2024-03-26T16:00:00,3560.400000
2024-03-26T20:00:00,3586.470000
2024-03-27T00:00:00,3603.360000
2024-03-27T04:00:00,3565.010000
2024-03-27T08:00:00,3584.310000
2024-03-27T12:00:00,3513.170000
2024-03-27T16:00:00,3489.530000
2024-03-27T20:00:00,3499.410000
2024-03-28T00:00:00,3494.120000
2024-03-28T04:00:00,3572.510000
2024-03-28T08:00:00,3575.970000
2024-03-28T12:00:00,3578.120000
2024-03-28T16:00:00,3564.200000
2024-03-28T20:00:00,3560.550000
2024-03-29T00:00:00,3562.600000
2024-03-29T04:00:00,3519.750000
2024-03-29T08:00:00,3550.820000
2024-03-29T12:00:00,3488.200000
2024-03-29T16:00:00,3501.400000
2024-03-29T20:00:00,3511.590000
2024-03-30T00:00:00,3492.080000
2024-03-30T04:00:00,3495.030000
2024-03-30T08:00:00,3561.830000
2024-03-30T12:00:00,3539.600000
2024-03-30T16:00:00,3511.030000
2024-03-30T20:00:00,3506.940000
2024-03-31T00:00:00,3538.000000
2024-03-31T04:00:00,3625.400000
2024-03-31T08:00:00,3609.300000
2024-03-31T12:00:00,3618.200000
2024-03-31T16:00:00,3638.080000
2024-03-31T20:00:00,3645.300000
2024-04-01T00:00:00,3612.050000
2024-04-01T04:00:00,3547.310000
2024-04-01T08:00:00,3539.090000
2024-04-01T12:00:00,3444.600000
2024-04-01T16:00:00,3486.790000
2024-04-01T20:00:00,3505.200000
2024-04-02T00:00:00,3368.750000
2024-04-02T04:00:00,3365.500000
2024-04-02T08:00:00,3308.890000
2024-04-02T12:00:00,3241.000000
2024-04-02T16:00:00,3279.000000
2024-04-02T20:00:00,3278.920000
2024-04-03T00:00:00,3316.400000
2024-04-03T04:00:00,3307.800000
2024-04-03T08:00:00,3320.180000
2024-04-03T12:00:00,3330.300000
2024-04-03T16:00:00,3317.000000
2024-04-03T20:00:00,3311.910000
2024-04-04T00:00:00,3275.210000
2024-04-04T04:00:00,3321.800000
2024-04-04T08:00:00,3340.410000
2024-04-04T12:00:00,3364.480000
2024-04-04T16:00:00,3367.980000
2024-04-04T20:00:00,3328.570000
2024-04-05T00:00:00,3309.590000
2024-04-05T04:00:00,3287.910000
2024-04-05T08:00:00,3243.890000
2024-04-05T12:00:00,3330.000000
2024-04-05T16:00:00,3321.110000
2024-04-05T20:00:00,3319.390000
2024-04-06T00:00:00,3333.400000
2024-04-06T04:00:00,3331.420000
2024-04-06T08:00:00,3331.460000
2024-04-06T12:00:00,3336.350000
2024-04-06T16:00:00,3349.400000
2024-04-06T20:00:00,3352.200000
2024-04-07T00:00:00,3390.220000
2024-04-07T04:00:00,3387.000000
2024-04-07T08:00:00,3391.230000
2024-04-07T12:00:00,3389.560000
2024-04-07T16:00:00,3381.400000
2024-04-07T20:00:00,3454.270000
2024-04-08T00:00:00,3422.710000
2024-04-08T04:00:00,3472.760000
2024-04-08T08:00:00,3631.550000
2024-04-08T12:00:00,3628.050000
2024-04-08T16:00:00,3701.980000
2024-04-08T20:00:00,3694.420000
2024-04-09T00:00:00,3692.730000
2024-04-09T04:00:00,3642.510000
2024-04-09T08:00:00,3633.010000
2024-04-09T12:00:00,3529.000000
2024-04-09T16:00:00,3517.300000
2024-04-09T20:00:00,3504.800000
2024-04-10T00:00:00,3512.600000
2024-04-10T04:00:00,3535.810000
2024-04-10T08:00:00,3521.040000
2024-04-10T12:00:00,3478.500000
2024-04-10T16:00:00,3519.590000
2024-04-10T20:00:00,3545.080000
2024-04-11T00:00:00,3575.390000
2024-04-11T04:00:00,3583.200000
2024-04-11T08:00:00,3522.850000
2024-04-11T12:00:00,3508.000000
2024-04-11T16:00:00,3517.600000
2024-04-11T20:00:00,3502.420000
2024-04-12T00:00:00,3535.000000
2024-04-12T04:00:00,3516.390000
2024-04-12T08:00:00,3530.800000
2024-04-12T12:00:00,3439.990000
2024-04-12T16:00:00,3206.410000
2024-04-12T20:00:00,3239.760000
2024-04-13T00:00:00,3231.740000
2024-04-13T04:00:00,3258.700000
2024-04-13T08:00:00,3269.820000
2024-04-13T12:00:00,3273.080000
2024-04-13T16:00:00,3086.800000
2024-04-13T20:00:00,3010.800000
2024-04-14T00:00:00,2972.350000
2024-04-14T04:00:00,3085.980000
2024-04-14T08:00:00,3028.800000
2024-04-14T12:00:00,3056.600000
2024-04-14T16:00:00,3074.610000
2024-04-14T20:00:00,3158.790000
2024-04-15T00:00:00,3149.400000
2024-04-15T04:00:00,3245.580000
2024-04-15T08:00:00,3233.600000
2024-04-15T12:00:00,3165.400000
2024-04-15T16:00:00,3101.340000
2024-04-15T20:00:00,3102.370000
2024-04-16T00:00:00,3073.180000
2024-04-16T04:00:00,3108.200000
2024-04-16T08:00:00,3093.800000
2024-04-16T12:00:00,3011.000000
2024-04-16T16:00:00,3059.640000
2024-04-16T20:00:00,3085.400000
2024-04-17T00:00:00,3096.370000
2024-04-17T04:00:00,3077.400000
2024-04-17T08:00:00,3041.590000
2024-04-17T12:00:00,2946.550000
2024-04-17T16:00:00,2999.990000
2024-04-17T20:00:00,2985.570000
2024-04-18T00:00:00,3025.360000
2024-04-18T04:00:00,2975.600000
2024-04-18T08:00:00,3047.200000
2024-04-18T12:00:00,3070.500000
2024-04-18T16:00:00,3066.200000
2024-04-18T20:00:00,3065.660000
2024-04-19T00:00:00,2980.410000
2024-04-19T04:00:00,3085.800000
2024-04-19T08:00:00,3104.850000
2024-04-19T12:00:00,3081.490000
2024-04-19T16:00:00,3104.800000
2024-04-19T20:00:00,3057.760000
2024-04-20T00:00:00,3057.680000
2024-04-20T04:00:00,3061.410000
2024-04-20T08:00:00,3048.200000
2024-04-20T12:00:00,3111.000000
2024-04-20T16:00:00,3149.250000
2024-04-20T20:00:00,3157.410000
2024-04-21T00:00:00,3168.800000
2024-04-21T04:00:00,3180.600000
2024-04-21T08:00:00,3169.630000
2024-04-21T12:00:00,3159.210000
2024-04-21T16:00:00,3137.480000
2024-04-21T20:00:00,3147.870000
2024-04-22T00:00:00,3190.700000
2024-04-22T04:00:00,3205.600000
2024-04-22T08:00:00,3196.200000
2024-04-22T12:00:00,3184.390000
2024-04-22T16:00:00,3189.600000
2024-04-22T20:00:00,3201.210000
2024-04-23T00:00:00,3185.730000
2024-04-23T04:00:00,3161.400000
2024-04-23T08:00:00,3180.780000
2024-04-23T12:00:00,3226.430000
2024-04-23T16:00:00,3218.000000
2024-04-23T20:00:00,3220.060000
2024-04-24T00:00:00,3237.710000
2024-04-24T04:00:00,3250.370000
2024-04-24T08:00:00,3282.010000
2024-04-24T12:00:00,3173.870000
2024-04-24T16:00:00,3134.800000
2024-04-24T20:00:00,3139.190000
2024-04-25T00:00:00,3146.220000
2024-04-25T04:00:00,3135.400000
2024-04-25T08:00:00,3110.810000
2024-04-25T12:00:00,3158.610000
2024-04-25T16:00:00,3164.050000
2024-04-25T20:00:00,3155.190000
2024-04-26T00:00:00,3142.130000
2024-04-26T04:00:00,3135.930000
2024-04-26T08:00:00,3128.020000
2024-04-26T12:00:00,3116.410000
2024-04-26T16:00:00,3133.170000
2024-04-26T20:00:00,3129.610000
2024-04-27T00:00:00,3122.000000
2024-04-27T04:00:00,3118.430000
2024-04-27T08:00:00,3122.930000
2024-04-27T12:00:00,3142.950000
2024-04-27T16:00:00,3234.600000
2024-04-27T20:00:00,3253.010000
2024-04-28T00:00:00,3306.860000
2024-04-28T04:00:00,3315.200000
2024-04-28T08:00:00,3284.800000
2024-04-28T12:00:00,3319.590000
2024-04-28T16:00:00,3315.810000
2024-04-28T20:00:00,3262.600000
2024-04-29T00:00:00,3177.200000
2024-04-29T04:00:00,3187.550000
2024-04-29T08:00:00,3159.200000
2024-04-29T12:00:00,3181.400000
2024-04-29T16:00:00,3184.600000
2024-04-29T20:00:00,3215.610000
2024-04-30T00:00:00,3179.790000
2024-04-30T04:00:00,3156.800000
2024-04-30T08:00:00,3006.600000
2024-04-30T12:00:00,2994.400000
2024-04-30T16:00:00,2923.790000
2024-04-30T20:00:00,3011.830000
2024-05-01T00:00:00,3000.700000
2024-05-01T04:00:00,2866.400000
2024-05-01T08:00:00,2902.190000
2024-05-01T12:00:00,2881.960000
2024-05-01T16:00:00,2923.600000
2024-05-01T20:00:00,2968.100000
2024-05-02T00:00:00,2925.470000
2024-05-02T04:00:00,2919.410000
2024-05-02T08:00:00,2993.990000
2024-05-02T12:00:00,2990.000000
2024-05-02T16:00:00,3000.000000
2024-05-02T20:00:00,2986.400000
2024-05-03T00:00:00,3010.200000
2024-05-03T04:00:00,2968.750000
2024-05-03T08:00:00,2979.380000
2024-05-03T12:00:00,3076.590000
2024-05-03T16:00:00,3073.850000
2024-05-03T20:00:00,3103.310000
2024-05-04T00:00:00,3112.020000
2024-05-04T04:00:00,3096.600000
2024-05-04T08:00:00,3130.840000
2024-05-04T12:00:00,3127.260000
2024-05-04T16:00:00,3137.800000
2024-05-04T20:00:00,3117.910000
2024-05-05T00:00:00,3087.400000
2024-05-05T04:00:00,3106.190000
2024-05-05T08:00:00,3137.600000
2024-05-05T12:00:00,3160.670000
2024-05-05T16:00:00,3142.810000
2024-05-05T20:00:00,3136.870000
2024-05-06T00:00:00,3134.730000
2024-05-06T04:00:00,3181.030000
2024-05-06T08:00:00,3149.770000
2024-05-06T12:00:00,3089.480000
2024-05-06T16:00:00,3069.330000
2024-05-06T20:00:00,3062.620000
2024-05-07T00:00:00,3049.380000
2024-05-07T04:00:00,3078.330000
2024-05-07T08:00:00,3063.410000
2024-05-07T12:00:00,3071.570000
2024-05-07T16:00:00,3049.800000
2024-05-07T20:00:00,3006.000000
2024-05-08T00:00:00,3031.680000
2024-05-08T04:00:00,2993.770000
2024-05-08T08:00:00,2990.460000
2024-05-08T12:00:00,3006.560000
2024-05-08T16:00:00,2998.530000
2024-05-08T20:00:00,2973.210000
2024-05-09T00:00:00,2996.370000
2024-05-09T04:00:00,2982.380000
2024-05-09T08:00:00,2975.980000
2024-05-09T12:00:00,3004.510000
2024-05-09T16:00:00,3021.580000
2024-05-09T20:00:00,3035.960000
2024-05-10T00:00:00,3028.710000
2024-05-10T04:00:00,3041.770000
2024-05-10T08:00:00,3038.480000
2024-05-10T12:00:00,2918.240000
2024-05-10T16:00:00,2899.600000
2024-05-10T20:00:00,2909.340000
2024-05-11T00:00:00,2910.700000
2024-05-11T04:00:00,2921.000000
2024-05-11T08:00:00,2902.400000
2024-05-11T12:00:00,2923.600000
2024-05-11T16:00:00,2929.800000
2024-05-11T20:00:00,2911.590000
2024-05-12T00:00:00,2919.750000
2024-05-12T04:00:00,2907.110000
2024-05-12T08:00:00,2926.400000
2024-05-12T12:00:00,2936.780000
2024-05-12T16:00:00,2927.990000
2024-05-12T20:00:00,2927.800000
2024-05-13T00:00:00,2889.200000
2024-05-13T04:00:00,2952.010000
2024-05-13T08:00:00,2964.760000
2024-05-13T12:00:00,2960.410000
2024-05-13T16:00:00,2956.400000
2024-05-13T20:00:00,2950.560000
2024-05-14T00:00:00,2940.010000
2024-05-14T04:00:00,2918.410000
2024-05-14T08:00:00,2906.200000
2024-05-14T12:00:00,2897.190000
2024-05-14T16:00:00,2891.200000
2024-05-14T20:00:00,2880.620000
2024-05-15T00:00:00,2901.230000
2024-05-15T04:00:00,2915.680000
2024-05-15T08:00:00,2898.530000
2024-05-15T12:00:00,2977.230000
2024-05-15T16:00:00,3027.530000
2024-05-15T20:00:00,3033.610000
2024-05-16T00:00:00,3014.210000
2024-05-16T04:00:00,3016.640000
2024-05-16T08:00:00,3007.400000
2024-05-16T12:00:00,2956.810000
2024-05-16T16:00:00,2944.500000
2024-05-16T20:00:00,2944.840000
2024-05-17T00:00:00,2950.280000
2024-05-17T04:00:00,3025.590000
2024-05-17T08:00:00,3030.860000
2024-05-17T12:00:00,3113.070000
2024-05-17T16:00:00,3086.200000
2024-05-17T20:00:00,3093.210000
2024-05-18T00:00:00,3114.930000
2024-05-18T04:00:00,3102.200000
2024-05-18T08:00:00,3135.280000
2024-05-18T12:00:00,3111.610000
2024-05-18T16:00:00,3120.390000
2024-05-18T20:00:00,3123.630000
2024-05-19T00:00:00,3130.200000
2024-05-19T04:00:00,3116.250000
2024-05-19T08:00:00,3103.330000
2024-05-19T12:00:00,3078.120000
2024-05-19T16:00:00,3064.220000
2024-05-19T20:00:00,3070.450000
2024-05-20T00:00:00,3087.000000
2024-05-20T04:00:00,3092.200000
2024-05-20T08:00:00,3094.190000
2024-05-20T12:00:00,3118.600000
2024-05-20T16:00:00,3440.800000
2024-05-20T20:00:00,3662.420000
2024-05-21T00:00:00,3696.530000
2024-05-21T04:00:00,3659.810000
2024-05-21T08:00:00,3776.480000
2024-05-21T12:00:00,3776.620000
2024-05-21T16:00:00,3711.600000
2024-05-21T20:00:00,3789.580000
2024-05-22T00:00:00,3792.200000
2024-05-22T04:00:00,3745.470000
2024-05-22T08:00:00,3690.090000
2024-05-22T12:00:00,3761.200000
2024-05-22T16:00:00,3735.200000
2024-05-22T20:00:00,3736.520000
2024-05-23T00:00:00,3779.700000
2024-05-23T04:00:00,3811.800000
2024-05-23T08:00:00,3916.850000
2024-05-23T12:00:00,3810.790000
2024-05-23T16:00:00,3786.420000
2024-05-23T20:00:00,3782.220000
2024-05-24T00:00:00,3801.700000
2024-05-24T04:00:00,3678.600000
2024-05-24T08:00:00,3711.040000
2024-05-24T12:00:00,3692.000000
2024-05-24T16:00:00,3742.930000
2024-05-24T20:00:00,3727.580000
2024-05-25T00:00:00,3744.290000
2024-05-25T04:00:00,3745.210000
2024-05-25T08:00:00,3738.800000
2024-05-25T12:00:00,3743.360000
2024-05-25T16:00:00,3757.640000
2024-05-25T20:00:00,3748.870000
2024-05-26T00:00:00,3770.600000
2024-05-26T04:00:00,3784.800000
2024-05-26T08:00:00,3811.240000
2024-05-26T12:00:00,3831.600000
2024-05-26T16:00:00,3876.800000
2024-05-26T20:00:00,3824.930000
2024-05-27T00:00:00,3917.650000
2024-05-27T04:00:00,3912.570000
2024-05-27T08:00:00,3897.160000
2024-05-27T12:00:00,3960.780000
2024-05-27T16:00:00,3869.000000
2024-05-27T20:00:00,3891.530000
2024-05-28T00:00:00,3847.010000
2024-05-28T04:00:00,3844.330000
2024-05-28T08:00:00,3899.510000
2024-05-28T12:00:00,3856.570000
2024-05-28T16:00:00,3836.280000
2024-05-28T20:00:00,3840.660000
2024-05-29T00:00:00,3847.190000
2024-05-29T04:00:00,3817.800000
2024-05-29T08:00:00,3806.220000
2024-05-29T12:00:00,3757.040000
2024-05-29T16:00:00,3746.630000
2024-05-29T20:00:00,3762.550000
2024-05-30T00:00:00,3786.940000
2024-05-30T04:00:00,3717.890000
2024-05-30T08:00:00,3733.750000
2024-05-30T12:00:00,3774.000000
2024-05-30T16:00:00,3761.090000
2024-05-30T20:00:00,3745.950000
2024-05-31T00:00:00,3759.070000
2024-05-31T04:00:00,3728.550000
2024-05-31T08:00:00,3800.800000
2024-05-31T12:00:00,3742.800000
2024-05-31T16:00:00,3780.200000
2024-05-31T20:00:00,3758.580000
2024-06-01T00:00:00,3775.620000
2024-06-01T04:00:00,3770.210000
2024-06-01T08:00:00,3784.840000
2024-06-01T12:00:00,3795.430000
2024-06-01T16:00:00,3801.220000
2024-06-01T20:00:00,3812.940000
2024-06-02T00:00:00,3803.880000
2024-06-02T04:00:00,3789.970000
2024-06-02T08:00:00,3802.400000
2024-06-02T12:00:00,3795.990000
2024-06-02T16:00:00,3780.000000
2024-06-02T20:00:00,3779.030000
2024-06-03T00:00:00,3796.950000
2024-06-03T04:00:00,3815.990000
2024-06-03T08:00:00,3807.400000
2024-06-03T12:00:00,3795.860000
2024-06-03T16:00:00,3773.210000
2024-06-03T20:00:00,3766.410000
2024-06-04T00:00:00,3772.930000
2024-06-04T04:00:00,3773.800000
2024-06-04T08:00:00,3763.680000
2024-06-04T12:00:00,3810.370000
2024-06-04T16:00:00,3801.000000
2024-06-04T20:00:00,3810.810000
2024-06-05T00:00:00,3811.000000
2024-06-05T04:00:00,3809.790000
2024-06-05T08:00:00,3803.560000
2024-06-05T12:00:00,3813.400000
2024-06-05T16:00:00,3876.600000
2024-06-05T20:00:00,3867.180000
2024-06-06T00:00:00,3862.620000
2024-06-06T04:00:00,3851.820000
2024-06-06T08:00:00,3848.550000
2024-06-06T12:00:00,3843.400000
2024-06-06T16:00:00,3789.800000
2024-06-06T20:00:00,3812.180000
2024-06-07T00:00:00,3805.220000
2024-06-07T04:00:00,3814.700000
2024-06-07T08:00:00,3833.290000
2024-06-07T12:00:00,3798.010000
2024-06-07T16:00:00,3685.200000
2024-06-07T20:00:00,3676.810000
2024-06-08T00:00:00,3688.440000
2024-06-08T04:00:00,3707.290000
2024-06-08T08:00:00,3682.390000
2024-06-08T12:00:00,3687.000000
2024-06-08T16:00:00,3681.680000
2024-06-08T20:00:00,3680.790000
2024-06-09T00:00:00,3673.730000
2024-06-09T04:00:00,3685.790000
2024-06-09T08:00:00,3693.140000
2024-06-09T12:00:00,3690.400000
2024-06-09T16:00:00,3701.000000
2024-06-09T20:00:00,3705.750000
2024-06-10T00:00:00,3682.830000
2024-06-10T04:00:00,3648.000000
2024-06-10T08:00:00,3674.430000
2024-06-10T12:00:00,3700.210000
2024-06-10T16:00:00,3669.330000
2024-06-10T20:00:00,3666.440000
2024-06-11T00:00:00,3593.990000
2024-06-11T04:00:00,3532.950000
2024-06-11T08:00:00,3526.680000
2024-06-11T12:00:00,3444.870000
2024-06-11T16:00:00,3496.150000
2024-06-11T20:00:00,3496.940000
2024-06-12T00:00:00,3508.810000
2024-06-12T04:00:00,3525.940000
2024-06-12T08:00:00,3531.580000
2024-06-12T12:00:00,3619.090000
2024-06-12T16:00:00,3532.300000
2024-06-12T20:00:00,3559.800000
2024-06-13T00:00:00,3502.210000
2024-06-13T04:00:00,3507.420000
2024-06-13T08:00:00,3496.400000
2024-06-13T12:00:00,3441.800000
2024-06-13T16:00:00,3480.030000
2024-06-13T20:00:00,3467.650000
2024-06-14T00:00:00,3489.230000
2024-06-14T04:00:00,3514.610000
2024-06-14T08:00:00,3512.080000
2024-06-14T12:00:00,3460.600000
2024-06-14T16:00:00,3404.610000
2024-06-14T20:00:00,3479.340000
2024-06-15T00:00:00,3502.000000
2024-06-15T04:00:00,3527.200000
2024-06-15T08:00:00,3537.360000
2024-06-15T12:00:00,3563.460000
2024-06-15T16:00:00,3556.200000
2024-06-15T20:00:00,3566.160000
2024-06-16T00:00:00,3552.400000
2024-06-16T04:00:00,3559.140000
2024-06-16T08:00:00,3552.800000
2024-06-16T12:00:00,3589.600000
2024-06-16T16:00:00,3595.880000
2024-06-16T20:00:00,3621.810000
2024-06-17T00:00:00,3580.220000
2024-06-17T04:00:00,3551.190000
2024-06-17T08:00:00,3525.440000
2024-06-17T12:00:00,3495.020000
2024-06-17T16:00:00,3551.590000
2024-06-17T20:00:00,3509.880000
2024-06-18T00:00:00,3440.800000
2024-06-18T04:00:00,3443.800000
2024-06-18T08:00:00,3413.370000
2024-06-18T12:00:00,3422.860000
2024-06-18T16:00:00,3421.790000
2024-06-18T20:00:00,3482.390000
2024-06-19T00:00:00,3565.180000
2024-06-19T04:00:00,3543.610000
2024-06-19T08:00:00,3535.230000
2024-06-19T12:00:00,3528.020000
2024-06-19T16:00:00,3545.010000
2024-06-19T20:00:00,3559.200000
2024-06-20T00:00:00,3552.290000
2024-06-20T04:00:00,3605.770000
2024-06-20T08:00:00,3597.180000
2024-06-20T12:00:00,3504.690000
2024-06-20T16:00:00,3531.830000
2024-06-20T20:00:00,3510.610000
2024-06-21T00:00:00,3499.800000
2024-06-21T04:00:00,3472.810000
2024-06-21T08:00:00,3501.800000
2024-06-21T12:00:00,3489.800000
2024-06-21T16:00:00,3533.400000
2024-06-21T20:00:00,3516.800000
2024-06-22T00:00:00,3504.990000
2024-06-22T04:00:00,3492.090000
2024-06-22T08:00:00,3491.580000
2024-06-22T12:00:00,3503.580000
2024-06-22T16:00:00,3490.600000
2024-06-22T20:00:00,3494.230000
2024-06-23T00:00:00,3517.350000
2024-06-23T04:00:00,3510.620000
2024-06-23T08:00:00,3496.120000
2024-06-23T12:00:00,3472.580000
2024-06-23T16:00:00,3478.090000
2024-06-23T20:00:00,3418.530000
2024-06-24T00:00:00,3400.780000
2024-06-24T04:00:00,3367.790000
2024-06-24T08:00:00,3319.410000
2024-06-24T12:00:00,3278.400000
2024-06-24T16:00:00,3292.220000
2024-06-24T20:00:00,3350.780000
2024-06-25T00:00:00,3371.020000
2024-06-25T04:00:00,3358.670000
2024-06-25T08:00:00,3374.000000
2024-06-25T12:00:00,3418.210000
2024-06-25T16:00:00,3416.810000
2024-06-25T20:00:00,3394.600000
2024-06-26T00:00:00,3394.400000
2024-06-26T04:00:00,3401.190000
2024-06-26T08:00:00,3380.980000
2024-06-26T12:00:00,3361.370000
2024-06-26T16:00:00,3406.130000
2024-06-26T20:00:00,3369.690000
2024-06-27T00:00:00,3382.200000
2024-06-27T04:00:00,3372.200000
2024-06-27T08:00:00,3400.740000
2024-06-27T12:00:00,3449.800000
2024-06-27T16:00:00,3445.950000
2024-06-27T20:00:00,3446.390000
2024-06-28T00:00:00,3457.600000
2024-06-28T04:00:00,3428.010000
2024-06-28T08:00:00,3448.510000
2024-06-28T12:00:00,3409.000000
2024-06-28T16:00:00,3373.180000
2024-06-28T20:00:00,3374.260000
2024-06-29T00:00:00,3380.590000
2024-06-29T04:00:00,3394.640000
2024-06-29T08:00:00,3395.210000
2024-06-29T12:00:00,3389.790000
2024-06-29T16:00:00,3381.820000
2024-06-29T20:00:00,3373.800000
2024-06-30T00:00:00,3365.950000
2024-06-30T04:00:00,3388.580000
2024-06-30T08:00:00,3383.600000
2024-06-30T12:00:00,3394.580000
2024-06-30T16:00:00,3423.570000
2024-06-30T20:00:00,3433.190000
2024-07-01T00:00:00,3494.620000
2024-07-01T04:00:00,3487.000000
2024-07-01T08:00:00,3455.720000
2024-07-01T12:00:00,3470.400000
2024-07-01T16:00:00,3469.440000
2024-07-01T20:00:00,3439.600000
2024-07-02T00:00:00,3453.030000
2024-07-02T04:00:00,3434.840000
2024-07-02T08:00:00,3447.790000
2024-07-02T12:00:00,3411.640000
2024-07-02T16:00:00,3410.600000
2024-07-02T20:00:00,3416.340000
2024-07-03T00:00:00,3355.620000
2024-07-03T04:00:00,3348.070000
2024-07-03T08:00:00,3303.590000
2024-07-03T12:00:00,3299.790000
2024-07-03T16:00:00,3263.190000
2024-07-03T20:00:00,3292.000000
2024-07-04T00:00:00,3241.190000
2024-07-04T04:00:00,3180.600000
2024-07-04T08:00:00,3157.200000
2024-07-04T12:00:00,3137.330000
2024-07-04T16:00:00,3132.380000
2024-07-04T20:00:00,3058.290000
2024-07-05T00:00:00,2920.170000
2024-07-05T04:00:00,2881.390000
2024-07-05T08:00:00,2946.660000
2024-07-05T12:00:00,2991.010000
2024-07-05T16:00:00,2988.120000
2024-07-05T20:00:00,2982.000000
2024-07-06T00:00:00,2980.400000
2024-07-06T04:00:00,3004.750000
2024-07-06T08:00:00,3006.010000
2024-07-06T12:00:00,3020.980000
2024-07-06T16:00:00,3058.460000
2024-07-06T20:00:00,3067.170000
2024-07-07T00:00:00,3051.390000
2024-07-07T04:00:00,3004.780000
2024-07-07T08:00:00,3015.210000
2024-07-07T12:00:00,2970.400000
2024-07-07T16:00:00,2985.000000
2024-07-07T20:00:00,2930.400000
2024-07-08T00:00:00,2879.800000
2024-07-08T04:00:00,2927.000000
2024-07-08T08:00:00,3053.190000
2024-07-08T12:00:00,2968.800000
2024-07-08T16:00:00,3004.000000
2024-07-08T20:00:00,3019.000000
2024-07-09T00:00:00,3064.000000
2024-07-09T04:00:00,3060.960000
2024-07-09T08:00:00,3083.240000
2024-07-09T12:00:00,3068.390000
2024-07-09T16:00:00,3069.110000
2024-07-09T20:00:00,3066.190000
2024-07-10T00:00:00,3080.590000
2024-07-10T04:00:00,3097.840000
2024-07-10T08:00:00,3102.400000
2024-07-10T12:00:00,3122.200000
2024-07-10T16:00:00,3106.530000
2024-07-10T20:00:00,3101.260000
2024-07-11T00:00:00,3076.330000
2024-07-11T04:00:00,3117.880000
2024-07-11T08:00:00,3146.940000
2024-07-11T12:00:00,3118.200000
2024-07-11T16:00:00,3107.600000
2024-07-11T20:00:00,3099.590000
2024-07-12T00:00:00,3086.090000
2024-07-12T04:00:00,3072.600000
2024-07-12T08:00:00,3070.000000
2024-07-12T12:00:00,3132.010000
2024-07-12T16:00:00,3116.810000
2024-07-12T20:00:00,3134.400000
2024-07-13T00:00:00,3121.430000
2024-07-13T04:00:00,3141.000000
2024-07-13T08:00:00,3157.330000
2024-07-13T12:00:00,3155.600000
2024-07-13T16:00:00,3164.200000
2024-07-13T20:00:00,3176.790000
2024-07-14T00:00:00,3173.780000
2024-07-14T04:00:00,3196.800000
2024-07-14T08:00:00,3203.800000
2024-07-14T12:00:00,3191.390000
2024-07-14T16:00:00,3192.200000
2024-07-14T20:00:00,3245.800000
2024-07-15T00:00:00,3330.790000
2024-07-15T04:00:00,3358.210000
2024-07-15T08:00:00,3340.390000
2024-07-15T12:00:00,3369.990000
2024-07-15T16:00:00,3408.800000
2024-07-15T20:00:00,3485.140000
2024-07-16T00:00:00,3471.660000
2024-07-16T04:00:00,3378.600000
2024-07-16T08:00:00,3421.190000
2024-07-16T12:00:00,3477.600000
2024-07-16T16:00:00,3476.000000
2024-07-16T20:00:00,3446.000000
2024-07-17T00:00:00,3482.320000
2024-07-17T04:00:00,3487.980000
2024-07-17T08:00:00,3450.200000
2024-07-17T12:00:00,3438.500000
2024-07-17T16:00:00,3417.500000
2024-07-17T20:00:00,3387.640000
2024-07-18T00:00:00,3431.170000
2024-07-18T04:00:00,3433.010000
2024-07-18T08:00:00,3459.080000
2024-07-18T12:00:00,3389.800000
2024-07-18T16:00:00,3405.000000
2024-07-18T20:00:00,3425.800000
2024-07-19T00:00:00,3429.100000
2024-07-19T04:00:00,3391.210000
2024-07-19T08:00:00,3403.600000
2024-07-19T12:00:00,3465.400000
2024-07-19T16:00:00,3525.200000
2024-07-19T20:00:00,3505.800000
2024-07-20T00:00:00,3497.200000
2024-07-20T04:00:00,3490.000000
2024-07-20T08:00:00,3486.810000
2024-07-20T12:00:00,3504.990000
2024-07-20T16:00:00,3516.400000
2024-07-20T20:00:00,3518.800000
2024-07-21T00:00:00,3511.920000
2024-07-21T04:00:00,3486.240000
2024-07-21T08:00:00,3499.890000
2024-07-21T12:00:00,3501.200000
2024-07-21T16:00:00,3492.400000
2024-07-21T20:00:00,3536.110000
2024-07-22T00:00:00,3518.000000
2024-07-22T04:00:00,3479.620000
2024-07-22T08:00:00,3500.500000
2024-07-22T12:00:00,3457.910000
2024-07-22T16:00:00,3499.600000
2024-07-22T20:00:00,3440.710000
2024-07-23T00:00:00,3475.610000
2024-07-23T04:00:00,3455.300000
2024-07-23T08:00:00,3516.700000
2024-07-23T12:00:00,3455.500000
2024-07-23T16:00:00,3458.400000
2024-07-23T20:00:00,3483.380000
2024-07-24T00:00:00,3449.200000
2024-07-24T04:00:00,3447.110000
2024-07-24T08:00:00,3460.100000
2024-07-24T12:00:00,3415.310000
2024-07-24T16:00:00,3362.610000
2024-07-24T20:00:00,3335.580000
2024-07-25T00:00:00,3167.800000
2024-07-25T04:00:00,3171.600000
2024-07-25T08:00:00,3171.800000
2024-07-25T12:00:00,3141.310000
2024-07-25T16:00:00,3123.300000
2024-07-25T20:00:00,3174.410000
2024-07-26T00:00:00,3236.310000
2024-07-26T04:00:00,3250.400000
2024-07-26T08:00:00,3246.410000
2024-07-26T12:00:00,3255.100000
2024-07-26T16:00:00,3274.210000
2024-07-26T20:00:00,3275.300000
2024-07-27T00:00:00,3245.800000
2024-07-27T04:00:00,3272.510000
2024-07-27T08:00:00,3279.210000
2024-07-27T12:00:00,3281.610000
2024-07-27T16:00:00,3261.920000
2024-07-27T20:00:00,3249.900000
2024-07-28T00:00:00,3237.820000
2024-07-28T04:00:00,3227.810000
2024-07-28T08:00:00,3256.510000
2024-07-28T12:00:00,3268.550000
2024-07-28T16:00:00,3271.710000
2024-07-28T20:00:00,3270.200000
2024-07-29T00:00:00,3348.450000
2024-07-29T04:00:00,3367.010000
2024-07-29T08:00:00,3375.000000
2024-07-29T12:00:00,3308.100000
2024-07-29T16:00:00,3310.310000
2024-07-29T20:00:00,3317.700000
2024-07-30T00:00:00,3320.600000
2024-07-30T04:00:00,3340.490000
2024-07-30T08:00:00,3334.700000
2024-07-30T12:00:00,3320.000000
2024-07-30T16:00:00,3272.010000
2024-07-30T20:00:00,3278.420000
2024-07-31T00:00:00,3293.700000
2024-07-31T04:00:00,3316.400000
2024-07-31T08:00:00,3321.400000
2024-07-31T12:00:00,3301.110000
2024-07-31T16:00:00,3265.200000
2024-07-31T20:00:00,3231.610000
2024-08-01T00:00:00,3177.320000
2024-08-01T04:00:00,3165.500000
2024-08-01T08:00:00,3186.950000
2024-08-01T12:00:00,3115.000000
2024-08-01T16:00:00,3128.900000
2024-08-01T20:00:00,3200.800000
2024-08-02T00:00:00,3165.600000
2024-08-02T04:00:00,3145.000000
2024-08-02T08:00:00,3151.180000
2024-08-02T12:00:00,3036.600000
2024-08-02T16:00:00,3008.700000
2024-08-02T20:00:00,2986.000000
2024-08-03T00:00:00,2979.400000
2024-08-03T04:00:00,2981.000000
2024-08-03T08:00:00,2995.200000
2024-08-03T12:00:00,2943.110000
2024-08-03T16:00:00,2892.380000
2024-08-03T20:00:00,2902.160000
2024-08-04T00:00:00,2914.600000
2024-08-04T04:00:00,2891.540000
2024-08-04T08:00:00,2912.800000
2024-08-04T12:00:00,2824.710000
2024-08-04T16:00:00,2756.900000
2024-08-04T20:00:00,2688.200000
2024-08-05T00:00:00,2313.270000
2024-08-05T04:00:00,2357.640000
2024-08-05T08:00:00,2291.400000
2024-08-05T12:00:00,2452.840000
2024-08-05T16:00:00,2405.400000
2024-08-05T20:00:00,2420.200000
2024-08-06T00:00:00,2493.190000
2024-08-06T04:00:00,2525.330000
2024-08-06T08:00:00,2459.230000
2024-08-06T12:00:00,2527.800000
2024-08-06T16:00:00,2494.400000
2024-08-06T20:00:00,2462.390000
2024-08-07T00:00:00,2508.200000
2024-08-07T04:00:00,2512.460000
2024-08-07T08:00:00,2474.810000
2024-08-07T12:00:00,2413.030000
2024-08-07T16:00:00,2350.200000
2024-08-07T20:00:00,2343.750000
2024-08-08T00:00:00,2431.190000
2024-08-08T04:00:00,2414.500000
2024-08-08T08:00:00,2448.400000
2024-08-08T12:00:00,2508.240000
2024-08-08T16:00:00,2574.400000
2024-08-08T20:00:00,2683.420000
2024-08-09T00:00:00,2695.010000
2024-08-09T04:00:00,2671.050000
2024-08-09T08:00:00,2635.390000
2024-08-09T12:00:00,2559.200000
2024-08-09T16:00:00,2591.000000
2024-08-09T20:00:00,2599.900000
2024-08-10T00:00:00,2603.380000
2024-08-10T04:00:00,2635.750000
2024-08-10T08:00:00,2637.200000
2024-08-10T12:00:00,2600.200000
2024-08-10T16:00:00,2603.790000
2024-08-10T20:00:00,2610.650000
2024-08-11T00:00:00,2646.740000
2024-08-11T04:00:00,2678.000000
2024-08-11T08:00:00,2654.410000
2024-08-11T12:00:00,2614.000000
2024-08-11T16:00:00,2599.870000
2024-08-11T20:00:00,2555.690000
2024-08-12T00:00:00,2541.450000
2024-08-12T04:00:00,2568.590000
2024-08-12T08:00:00,2675.050000
2024-08-12T12:00:00,2690.200000
2024-08-12T16:00:00,2659.800000
2024-08-12T20:00:00,2723.400000
2024-08-13T00:00:00,2657.600000
2024-08-13T04:00:00,2649.710000
2024-08-13T08:00:00,2645.210000
2024-08-13T12:00:00,2653.210000
2024-08-13T16:00:00,2713.190000
2024-08-13T20:00:00,2703.410000
2024-08-14T00:00:00,2710.440000
2024-08-14T04:00:00,2728.600000
2024-08-14T08:00:00,2751.550000
2024-08-14T12:00:00,2675.250000
2024-08-14T16:00:00,2669.590000
2024-08-14T20:00:00,2662.090000
2024-08-15T00:00:00,2652.540000
2024-08-15T04:00:00,2614.800000
2024-08-15T08:00:00,2638.120000
2024-08-15T12:00:00,2668.930000
2024-08-15T16:00:00,2550.060000
2024-08-15T20:00:00,2570.660000
2024-08-16T00:00:00,2580.600000
2024-08-16T04:00:00,2617.050000
2024-08-16T08:00:00,2612.390000
2024-08-16T12:00:00,2569.790000
2024-08-16T16:00:00,2621.600000
2024-08-16T20:00:00,2593.480000
2024-08-17T00:00:00,2595.890000
2024-08-17T04:00:00,2600.830000
2024-08-17T08:00:00,2599.880000
2024-08-17T12:00:00,2607.280000
2024-08-17T16:00:00,2615.360000
2024-08-17T20:00:00,2615.190000
2024-08-18T00:00:00,2607.750000
2024-08-18T04:00:00,2608.390000
2024-08-18T08:00:00,2649.920000
2024-08-18T12:00:00,2672.780000
2024-08-18T16:00:00,2668.600000
2024-08-18T20:00:00,2611.010000
2024-08-19T00:00:00,2645.240000
2024-08-19T04:00:00,2615.060000
2024-08-19T08:00:00,2589.000000
2024-08-19T12:00:00,2585.340000
2024-08-19T16:00:00,2607.260000
2024-08-19T20:00:00,2637.200000
2024-08-20T00:00:00,2663.320000
2024-08-20T04:00:00,2675.880000
2024-08-20T08:00:00,2644.440000
2024-08-20T12:00:00,2575.440000
2024-08-20T16:00:00,2602.200000
2024-08-20T20:00:00,2572.960000
2024-08-21T00:00:00,2591.930000
2024-08-21T04:00:00,2600.840000
2024-08-21T08:00:00,2578.600000
2024-08-21T12:00:00,2602.500000
2024-08-21T16:00:00,2647.590000
2024-08-21T20:00:00,2631.700000
2024-08-22T00:00:00,2617.200000
2024-08-22T04:00:00,2637.630000
2024-08-22T08:00:00,2642.990000
2024-08-22T12:00:00,2600.230000
2024-08-22T16:00:00,2606.000000
2024-08-22T20:00:00,2623.780000
2024-08-23T00:00:00,2636.470000
2024-08-23T04:00:00,2669.600000
2024-08-23T08:00:00,2653.560000
2024-08-23T12:00:00,2671.340000
2024-08-23T16:00:00,2747.600000
2024-08-23T20:00:00,2764.500000
2024-08-24T00:00:00,2749.200000
2024-08-24T04:00:00,2760.500000
2024-08-24T08:00:00,2757.600000
2024-08-24T12:00:00,2762.520000
2024-08-24T16:00:00,2794.420000
2024-08-24T20:00:00,2769.200000
2024-08-25T00:00:00,2765.730000
2024-08-25T04:00:00,2745.520000
2024-08-25T08:00:00,2752.410000
2024-08-25T12:00:00,2765.590000
2024-08-25T16:00:00,2767.850000
2024-08-25T20:00:00,2747.790000
2024-08-26T00:00:00,2745.450000
2024-08-26T04:00:00,2734.660000
2024-08-26T08:00:00,2738.230000
2024-08-26T12:00:00,2723.000000
2024-08-26T16:00:00,2681.250000
2024-08-26T20:00:00,2681.270000
2024-08-27T00:00:00,2685.800000
2024-08-27T04:00:00,2688.500000
2024-08-27T08:00:00,2626.830000
2024-08-27T12:00:00,2579.160000
2024-08-27T16:00:00,2584.980000
2024-08-27T20:00:00,2458.410000
2024-08-28T00:00:00,2478.940000
2024-08-28T04:00:00,2438.250000
2024-08-28T08:00:00,2523.720000
2024-08-28T12:00:00,2496.740000
2024-08-28T16:00:00,2506.000000
2024-08-28T20:00:00,2528.250000
2024-08-29T00:00:00,2523.890000
2024-08-29T04:00:00,2548.230000
2024-08-29T08:00:00,2555.800000
2024-08-29T12:00:00,2576.980000
2024-08-29T16:00:00,2529.150000
2024-08-29T20:00:00,2528.000000
2024-08-30T00:00:00,2517.010000
2024-08-30T04:00:00,2517.880000
2024-08-30T08:00:00,2512.530000
2024-08-30T12:00:00,2448.590000
2024-08-30T16:00:00,2507.380000
2024-08-30T20:00:00,2525.890000
2024-08-31T00:00:00,2523.190000
2024-08-31T04:00:00,2521.000000
2024-08-31T08:00:00,2525.790000
2024-08-31T12:00:00,2519.170000
2024-08-31T16:00:00,2499.790000
2024-08-31T20:00:00,2513.130000
2024-09-01T00:00:00,2488.530000
2024-09-01T04:00:00,2486.450000
2024-09-01T08:00:00,2477.400000
2024-09-01T12:00:00,2480.910000
2024-09-01T16:00:00,2501.610000
2024-09-01T20:00:00,2426.260000
2024-09-02T00:00:00,2450.270000
2024-09-02T04:00:00,2440.790000
2024-09-02T08:00:00,2515.720000
2024-09-02T12:00:00,2513.400000
2024-09-02T16:00:00,2524.300000
2024-09-02T20:00:00,2537.900000
2024-09-03T00:00:00,2516.090000
2024-09-03T04:00:00,2520.120000
2024-09-03T08:00:00,2508.790000
2024-09-03T12:00:00,2443.470000
2024-09-03T16:00:00,2446.800000
2024-09-03T20:00:00,2424.800000
2024-09-04T00:00:00,2372.020000
2024-09-04T04:00:00,2400.900000
2024-09-04T08:00:00,2398.830000
2024-09-04T12:00:00,2455.600000
2024-09-04T16:00:00,2452.050000
2024-09-04T20:00:00,2450.780000
2024-09-05T00:00:00,2405.130000
2024-09-05T04:00:00,2412.290000
2024-09-05T08:00:00,2389.420000
2024-09-05T12:00:00,2371.600000
2024-09-05T16:00:00,2363.410000
2024-09-05T20:00:00,2368.130000
2024-09-06T00:00:00,2392.210000
2024-09-06T04:00:00,2344.160000
2024-09-06T08:00:00,2372.570000
2024-09-06T12:00:00,2289.000000
2024-09-06T16:00:00,2220.930000
2024-09-06T20:00:00,2224.840000
2024-09-07T00:00:00,2237.800000
2024-09-07T04:00:00,2287.800000
2024-09-07T08:00:00,2283.480000
2024-09-07T12:00:00,2300.640000
2024-09-07T16:00:00,2290.420000
2024-09-07T20:00:00,2273.390000
2024-09-08T00:00:00,2285.530000
2024-09-08T04:00:00,2294.420000
2024-09-08T08:00:00,2296.400000
2024-09-08T12:00:00,2246.040000
2024-09-08T16:00:00,2271.960000
2024-09-08T20:00:00,2297.390000
2024-09-09T00:00:00,2303.600000
2024-09-09T04:00:00,2313.870000
2024-09-09T08:00:00,2315.590000
2024-09-09T12:00:00,2292.790000
2024-09-09T16:00:00,2350.810000
2024-09-09T20:00:00,2360.200000
2024-09-10T00:00:00,2341.000000
2024-09-10T04:00:00,2363.610000
2024-09-10T08:00:00,2351.260000
2024-09-10T12:00:00,2325.020000
2024-09-10T16:00:00,2381.510000
2024-09-10T20:00:00,2388.610000
2024-09-11T00:00:00,2348.220000
2024-09-11T04:00:00,2342.600000
2024-09-11T08:00:00,2327.280000
2024-09-11T12:00:00,2326.000000
2024-09-11T16:00:00,2342.400000
2024-09-11T20:00:00,2340.970000
2024-09-12T00:00:00,2368.480000
2024-09-12T04:00:00,2359.740000
2024-09-12T08:00:00,2348.330000
2024-09-12T12:00:00,2323.360000
2024-09-12T16:00:00,2360.790000
2024-09-12T20:00:00,2362.000000
2024-09-13T00:00:00,2356.230000
2024-09-13T04:00:00,2348.970000
2024-09-13T08:00:00,2354.600000
2024-09-13T12:00:00,2408.290000
2024-09-13T16:00:00,2422.060000
2024-09-13T20:00:00,2440.600000
2024-09-14T00:00:00,2433.950000
2024-09-14T04:00:00,2421.500000
2024-09-14T08:00:00,2418.010000
2024-09-14T12:00:00,2419.440000
2024-09-14T16:00:00,2409.460000
2024-09-14T20:00:00,2418.550000
2024-09-15T00:00:00,2420.890000
2024-09-15T04:00:00,2423.530000
2024-09-15T08:00:00,2407.400000
2024-09-15T12:00:00,2409.420000
2024-09-15T16:00:00,2372.930000
2024-09-15T20:00:00,2316.420000
2024-09-16T00:00:00,2278.340000
2024-09-16T04:00:00,2310.800000
2024-09-16T08:00:00,2307.950000
2024-09-16T12:00:00,2287.210000
2024-09-16T16:00:00,2275.430000
2024-09-16T20:00:00,2295.630000
2024-09-17T00:00:00,2284.080000
2024-09-17T04:00:00,2309.250000
2024-09-17T08:00:00,2308.420000
2024-09-17T12:00:00,2384.380000
2024-09-17T16:00:00,2353.560000
2024-09-17T20:00:00,2342.060000
2024-09-18T00:00:00,2334.800000
2024-09-18T04:00:00,2330.360000
2024-09-18T08:00:00,2300.460000
2024-09-18T12:00:00,2296.150000
2024-09-18T16:00:00,2315.320000
2024-09-18T20:00:00,2374.550000
2024-09-19T00:00:00,2404.410000
2024-09-19T04:00:00,2438.350000
2024-09-19T08:00:00,2436.010000
2024-09-19T12:00:00,2440.400000
2024-09-19T16:00:00,2461.590000
2024-09-19T20:00:00,2466.190000
2024-09-20T00:00:00,2520.610000
2024-09-20T04:00:00,2561.590000
2024-09-20T08:00:00,2545.420000
2024-09-20T12:00:00,2559.600000
2024-09-20T16:00:00,2541.190000
2024-09-20T20:00:00,2561.510000
2024-09-21T00:00:00,2544.400000
2024-09-21T04:00:00,2556.090000
2024-09-21T08:00:00,2556.880000
2024-09-21T12:00:00,2560.400000
2024-09-21T16:00:00,2572.600000
2024-09-21T20:00:00,2613.070000
2024-09-22T00:00:00,2595.210000
2024-09-22T04:00:00,2588.050000
2024-09-22T08:00:00,2580.790000
2024-09-22T12:00:00,2570.650000
2024-09-22T16:00:00,2578.200000
2024-09-22T20:00:00,2580.820000
2024-09-23T00:00:00,2676.200000
2024-09-23T04:00:00,2646.550000
2024-09-23T08:00:00,2646.040000
2024-09-23T12:00:00,2675.530000
2024-09-23T16:00:00,2673.060000
2024-09-23T20:00:00,2646.920000
2024-09-24T00:00:00,2627.170000
2024-09-24T04:00:00,2646.850000
2024-09-24T08:00:00,2636.810000
2024-09-24T12:00:00,2612.280000
2024-09-24T16:00:00,2650.800000
2024-09-24T20:00:00,2653.600000
2024-09-25T00:00:00,2647.050000
2024-09-25T04:00:00,2621.890000
2024-09-25T08:00:00,2627.220000
2024-09-25T12:00:00,2600.920000
2024-09-25T16:00:00,2570.670000
2024-09-25T20:00:00,2579.920000
2024-09-26T00:00:00,2601.400000
2024-09-26T04:00:00,2629.400000
2024-09-26T08:00:00,2628.590000
2024-09-26T12:00:00,2652.200000
2024-09-26T16:00:00,2650.100000
2024-09-26T20:00:00,2632.720000
2024-09-27T00:00:00,2638.550000
2024-09-27T04:00:00,2658.190000
2024-09-27T08:00:00,2652.630000
2024-09-27T12:00:00,2684.410000
2024-09-27T16:00:00,2702.200000
2024-09-27T20:00:00,2695.170000
2024-09-28T00:00:00,2691.110000
2024-09-28T04:00:00,2678.610000
2024-09-28T08:00:00,2675.600000
2024-09-28T12:00:00,2670.500000
2024-09-28T16:00:00,2678.850000
2024-09-28T20:00:00,2676.000000
2024-09-29T00:00:00,2675.210000
2024-09-29T04:00:00,2641.770000
2024-09-29T08:00:00,2653.030000
2024-09-29T12:00:00,2666.990000
2024-09-29T16:00:00,2667.470000
2024-09-29T20:00:00,2658.150000
2024-09-30T00:00:00,2630.140000
2024-09-30T04:00:00,2637.990000
2024-09-30T08:00:00,2629.110000
2024-09-30T12:00:00,2595.940000
2024-09-30T16:00:00,2593.830000
2024-09-30T20:00:00,2601.700000
2024-10-01T00:00:00,2628.750000
2024-10-01T04:00:00,2645.380000
2024-10-01T08:00:00,2628.780000
2024-10-01T12:00:00,2523.590000
2024-10-01T16:00:00,2488.090000
2024-10-01T20:00:00,2448.000000
2024-10-02T00:00:00,2489.010000
2024-10-02T04:00:00,2481.680000
2024-10-02T08:00:00,2455.180000
2024-10-02T12:00:00,2460.500000
2024-10-02T16:00:00,2371.910000
2024-10-02T20:00:00,2364.060000
2024-10-03T00:00:00,2399.100000
2024-10-03T04:00:00,2364.550000
2024-10-03T08:00:00,2352.080000
2024-10-03T12:00:00,2340.190000
2024-10-03T16:00:00,2353.620000
2024-10-03T20:00:00,2349.740000
2024-10-04T00:00:00,2367.210000
2024-10-04T04:00:00,2381.670000
2024-10-04T08:00:00,2385.800000
2024-10-04T12:00:00,2416.630000
2024-10-04T16:00:00,2428.900000
2024-10-04T20:00:00,2414.490000
2024-10-05T00:00:00,2399.350000
2024-10-05T04:00:00,2415.230000
2024-10-05T08:00:00,2417.430000
2024-10-05T12:00:00,2415.030000
2024-10-05T16:00:00,2396.170000
2024-10-05T20:00:00,2414.290000
2024-10-06T00:00:00,2413.400000
2024-10-06T04:00:00,2417.580000
2024-10-06T08:00:00,2426.690000
2024-10-06T12:00:00,2446.540000
2024-10-06T16:00:00,2441.690000
2024-10-06T20:00:00,2440.000000
2024-10-07T00:00:00,2495.040000
2024-10-07T04:00:00,2480.580000
2024-10-07T08:00:00,2474.910000
2024-10-07T12:00:00,2474.200000
2024-10-07T16:00:00,2444.600000
2024-10-07T20:00:00,2422.810000
2024-10-08T00:00:00,2437.540000
2024-10-08T04:00:00,2427.830000
2024-10-08T08:00:00,2438.620000
2024-10-08T12:00:00,2418.340000
2024-10-08T16:00:00,2438.740000
2024-10-08T20:00:00,2439.650000
2024-10-09T00:00:00,2445.870000
2024-10-09T04:00:00,2435.230000
2024-10-09T08:00:00,2439.790000
2024-10-09T12:00:00,2459.590000
2024-10-09T16:00:00,2416.570000
2024-10-09T20:00:00,2368.880000
2024-10-10T00:00:00,2393.050000
2024-10-10T04:00:00,2393.590000
2024-10-10T08:00:00,2403.810000
2024-10-10T12:00:00,2402.170000
2024-10-10T16:00:00,2365.090000
2024-10-10T20:00:00,2384.570000
2024-10-11T00:00:00,2409.080000
2024-10-11T04:00:00,2405.990000
2024-10-11T08:00:00,2416.560000
2024-10-11T12:00:00,2443.620000
2024-10-11T16:00:00,2459.790000
2024-10-11T20:00:00,2438.880000
2024-10-12T00:00:00,2438.340000
2024-10-12T04:00:00,2445.920000
2024-10-12T08:00:00,2451.840000
2024-10-12T12:00:00,2472.790000
2024-10-12T16:00:00,2472.400000
2024-10-12T20:00:00,2475.960000
2024-10-13T00:00:00,2457.700000
2024-10-13T04:00:00,2464.780000
2024-10-13T08:00:00,2457.920000
2024-10-13T12:00:00,2440.010000
2024-10-13T16:00:00,2457.480000
2024-10-13T20:00:00,2468.170000
2024-10-14T00:00:00,2520.160000
2024-10-14T04:00:00,2534.380000
2024-10-14T08:00:00,2536.420000
2024-10-14T12:00:00,2634.730000
2024-10-14T16:00:00,2620.400000
2024-10-14T20:00:00,2629.360000
2024-10-15T00:00:00,2611.240000
2024-10-15T04:00:00,2614.730000
2024-10-15T08:00:00,2585.630000
2024-10-15T12:00:00,2573.110000
2024-10-15T16:00:00,2591.950000
2024-10-15T20:00:00,2607.020000
2024-10-16T00:00:00,2616.650000
2024-10-16T04:00:00,2606.990000
2024-10-16T08:00:00,2629.980000
2024-10-16T12:00:00,2607.320000
2024-10-16T16:00:00,2614.890000
2024-10-16T20:00:00,2610.950000
2024-10-17T00:00:00,2640.360000
2024-10-17T04:00:00,2627.620000
2024-10-17T08:00:00,2597.320000
2024-10-17T12:00:00,2629.970000
2024-10-17T16:00:00,2594.560000
2024-10-17T20:00:00,2604.980000
2024-10-18T00:00:00,2609.630000
2024-10-18T04:00:00,2643.890000
2024-10-18T08:00:00,2621.350000
2024-10-18T12:00:00,2653.160000
2024-10-18T16:00:00,2651.420000
2024-10-18T20:00:00,2641.930000
2024-10-19T00:00:00,2646.340000
2024-10-19T04:00:00,2641.080000
2024-10-19T08:00:00,2631.380000
2024-10-19T12:00:00,2645.790000
2024-10-19T16:00:00,2641.680000
2024-10-19T20:00:00,2648.210000
2024-10-20T00:00:00,2640.420000
2024-10-20T04:00:00,2646.150000
2024-10-20T08:00:00,2649.090000
2024-10-20T12:00:00,2705.820000
2024-10-20T16:00:00,2699.640000
2024-10-20T20:00:00,2746.290000
2024-10-21T00:00:00,2733.110000
2024-10-21T04:00:00,2721.410000
2024-10-21T08:00:00,2703.420000
2024-10-21T12:00:00,2678.890000
2024-10-21T16:00:00,2679.210000
2024-10-21T20:00:00,2665.850000
2024-10-22T00:00:00,2643.290000
2024-10-22T04:00:00,2645.330000
2024-10-22T08:00:00,2630.880000
2024-10-22T12:00:00,2622.840000
2024-10-22T16:00:00,2626.720000
2024-10-22T20:00:00,2621.780000
2024-10-23T00:00:00,2614.600000
2024-10-23T04:00:00,2601.070000
2024-10-23T08:00:00,2579.260000
2024-10-23T12:00:00,2538.410000
2024-10-23T16:00:00,2509.780000
2024-10-23T20:00:00,2522.420000
2024-10-24T00:00:00,2542.390000
2024-10-24T04:00:00,2542.450000
2024-10-24T08:00:00,2526.880000
2024-10-24T12:00:00,2524.110000
2024-10-24T16:00:00,2538.560000
2024-10-24T20:00:00,2534.610000
2024-10-25T00:00:00,2520.620000
2024-10-25T04:00:00,2483.000000
2024-10-25T08:00:00,2543.620000
2024-10-25T12:00:00,2523.700000
2024-10-25T16:00:00,2472.200000
2024-10-25T20:00:00,2436.230000
2024-10-26T00:00:00,2448.380000
2024-10-26T04:00:00,2462.630000
2024-10-26T08:00:00,2470.020000
2024-10-26T12:00:00,2454.600000
2024-10-26T16:00:00,2483.450000
2024-10-26T20:00:00,2479.590000
2024-10-27T00:00:00,2481.760000
2024-10-27T04:00:00,2478.230000
2024-10-27T08:00:00,2466.670000
2024-10-27T12:00:00,2499.210000
2024-10-27T16:00:00,2491.650000
2024-10-27T20:00:00,2505.200000
2024-10-28T00:00:00,2475.120000
2024-10-28T04:00:00,2508.420000
2024-10-28T08:00:00,2524.260000
2024-10-28T12:00:00,2498.890000
2024-10-28T16:00:00,2505.620000
2024-10-28T20:00:00,2566.210000
2024-10-29T00:00:00,2605.780000
2024-10-29T04:00:00,2611.560000
2024-10-29T08:00:00,2630.310000
2024-10-29T12:00:00,2648.080000
2024-10-29T16:00:00,2624.620000
2024-10-29T20:00:00,2638.340000
2024-10-30T00:00:00,2641.120000
2024-10-30T04:00:00,2667.960000
2024-10-30T08:00:00,2658.230000
2024-10-30T12:00:00,2682.400000
2024-10-30T16:00:00,2655.000000
2024-10-30T20:00:00,2658.400000
2024-10-31T00:00:00,2656.370000
2024-10-31T04:00:00,2645.590000
2024-10-31T08:00:00,2638.260000
2024-10-31T12:00:00,2561.590000
2024-10-31T16:00:00,2511.600000
2024-10-31T20:00:00,2515.240000
2024-11-01T00:00:00,2500.400000
2024-11-01T04:00:00,2501.860000
2024-11-01T08:00:00,2513.500000
2024-11-01T12:00:00,2499.390000
2024-11-01T16:00:00,2512.780000
2024-11-01T20:00:00,2510.400000
2024-11-02T00:00:00,2506.060000
2024-11-02T04:00:00,2506.920000
2024-11-02T08:00:00,2501.170000
2024-11-02T12:00:00,2488.030000
2024-11-02T16:00:00,2492.380000
2024-11-02T20:00:00,2493.580000
2024-11-03T00:00:00,2448.800000
2024-11-03T04:00:00,2449.020000
2024-11-03T08:00:00,2453.790000
2024-11-03T12:00:00,2441.610000
2024-11-03T16:00:00,2451.960000
2024-11-03T20:00:00,2456.600000
2024-11-04T00:00:00,2472.410000
2024-11-04T04:00:00,2457.800000
2024-11-04T08:00:00,2468.250000
2024-11-04T12:00:00,2441.510000
2024-11-04T16:00:00,2428.780000
2024-11-04T20:00:00,2397.120000
2024-11-05T00:00:00,2418.820000
2024-11-05T04:00:00,2441.760000
2024-11-05T08:00:00,2439.520000
2024-11-05T12:00:00,2440.560000
2024-11-05T16:00:00,2408.170000
2024-11-05T20:00:00,2422.400000
2024-11-06T00:00:00,2579.470000
2024-11-06T04:00:00,2594.420000
2024-11-06T08:00:00,2630.200000
2024-11-06T12:00:00,2635.890000
2024-11-06T16:00:00,2690.890000
2024-11-06T20:00:00,2724.670000
2024-11-07T00:00:00,2854.350000
2024-11-07T04:00:00,2821.670000
2024-11-07T08:00:00,2793.800000
2024-11-07T12:00:00,2849.370000
2024-11-07T16:00:00,2888.380000
2024-11-07T20:00:00,2897.590000
2024-11-08T00:00:00,2904.640000
2024-11-08T04:00:00,2916.190000
2024-11-08T08:00:00,2917.340000
2024-11-08T12:00:00,2939.480000
2024-11-08T16:00:00,2953.610000
2024-11-08T20:00:00,2963.990000
2024-11-09T00:00:00,2967.770000
2024-11-09T04:00:00,3032.600000
2024-11-09T08:00:00,3053.990000
2024-11-09T12:00:00,3042.320000
2024-11-09T16:00:00,3072.160000
2024-11-09T20:00:00,3127.820000
2024-11-10T00:00:00,3137.110000
2024-11-10T04:00:00,3186.930000
2024-11-10T08:00:00,3221.820000
2024-11-10T12:00:00,3211.870000
2024-11-10T16:00:00,3166.820000
2024-11-10T20:00:00,3186.020000
2024-11-11T00:00:00,3198.010000
2024-11-11T04:00:00,3142.790000
2024-11-11T08:00:00,3200.670000
2024-11-11T12:00:00,3241.800000
2024-11-11T16:00:00,3307.010000
2024-11-11T20:00:00,3376.000000
2024-11-12T00:00:00,3340.160000
2024-11-12T04:00:00,3373.400000
2024-11-12T08:00:00,3286.220000
2024-11-12T12:00:00,3264.590000
2024-11-12T16:00:00,3278.220000
2024-11-12T20:00:00,3247.580000
2024-11-13T00:00:00,3212.590000
2024-11-13T04:00:00,3165.210000
2024-11-13T08:00:00,3172.200000
2024-11-13T12:00:00,3316.620000
2024-11-13T16:00:00,3163.220000
2024-11-13T20:00:00,3191.380000
2024-11-14T00:00:00,3219.810000
2024-11-14T04:00:00,3220.400000
2024-11-14T08:00:00,3188.010000
2024-11-14T12:00:00,3078.050000
2024-11-14T16:00:00,3146.810000
2024-11-14T20:00:00,3059.100000
2024-11-15T00:00:00,3084.170000
2024-11-15T04:00:00,3040.880000
2024-11-15T08:00:00,3104.300000
2024-11-15T12:00:00,3023.390000
2024-11-15T16:00:00,3040.090000
2024-11-15T20:00:00,3091.040000
2024-11-16T00:00:00,3156.360000
2024-11-16T04:00:00,3108.200000
2024-11-16T08:00:00,3196.170000
2024-11-16T12:00:00,3142.170000
2024-11-16T16:00:00,3170.660000
2024-11-16T20:00:00,3134.410000
2024-11-17T00:00:00,3082.210000
2024-11-17T04:00:00,3136.600000
2024-11-17T08:00:00,3105.410000
2024-11-17T12:00:00,3086.060000
2024-11-17T16:00:00,3097.950000
2024-11-17T20:00:00,3076.340000
2024-11-18T00:00:00,3112.100000
2024-11-18T04:00:00,3130.750000
2024-11-18T08:00:00,3056.410000
2024-11-18T12:00:00,3143.810000
2024-11-18T16:00:00,3129.270000
2024-11-18T20:00:00,3209.620000
2024-11-19T00:00:00,3149.930000
2024-11-19T04:00:00,3120.440000
2024-11-19T08:00:00,3128.640000
2024-11-19T12:00:00,3107.000000
2024-11-19T16:00:00,3125.610000
2024-11-19T20:00:00,3112.060000
2024-11-20T00:00:00,3099.770000
2024-11-20T04:00:00,3112.600000
2024-11-20T08:00:00,3103.460000
2024-11-20T12:00:00,3133.390000
2024-11-20T16:00:00,3061.290000
2024-11-20T20:00:00,3072.170000
2024-11-21T00:00:00,3084.630000
2024-11-21T04:00:00,3138.820000
2024-11-21T08:00:00,3148.980000
2024-11-21T12:00:00,3278.640000
2024-11-21T16:00:00,3349.600000
2024-11-21T20:00:00,3359.810000
2024-11-22T00:00:00,3369.700000
2024-11-22T04:00:00,3367.000000
2024-11-22T08:00:00,3347.700000
2024-11-22T12:00:00,3317.710000
2024-11-22T16:00:00,3285.480000
2024-11-22T20:00:00,3331.800000
2024-11-23T00:00:00,3349.600000
2024-11-23T04:00:00,3345.380000
2024-11-23T08:00:00,3358.490000
2024-11-23T12:00:00,3467.260000
2024-11-23T16:00:00,3412.230000
2024-11-23T20:00:00,3397.210000
2024-11-24T00:00:00,3431.310000
2024-11-24T04:00:00,3426.440000
2024-11-24T08:00:00,3348.950000
2024-11-24T12:00:00,3296.600000
2024-11-24T16:00:00,3328.620000
2024-11-24T20:00:00,3364.790000
2024-11-25T00:00:00,3366.320000
2024-11-25T04:00:00,3403.400000
2024-11-25T08:00:00,3475.170000
2024-11-25T12:00:00,3517.810000
2024-11-25T16:00:00,3464.090000
2024-11-25T20:00:00,3414.920000
2024-11-26T00:00:00,3436.100000
2024-11-26T04:00:00,3395.230000
2024-11-26T08:00:00,3323.740000
2024-11-26T12:00:00,3296.850000
2024-11-26T16:00:00,3301.110000
2024-11-26T20:00:00,3323.230000
2024-11-27T00:00:00,3359.920000
2024-11-27T04:00:00,3423.670000
2024-11-27T08:00:00,3460.690000
2024-11-27T12:00:00,3555.000000
2024-11-27T16:00:00,3594.580000
2024-11-27T20:00:00,3657.420000
2024-11-28T00:00:00,3602.600000
2024-11-28T04:00:00,3594.590000
2024-11-28T08:00:00,3621.790000
2024-11-28T12:00:00,3542.360000
2024-11-28T16:00:00,3575.420000
2024-11-28T20:00:00,3579.390000
2024-11-29T00:00:00,3584.210000
2024-11-29T04:00:00,3545.550000
2024-11-29T08:00:00,3595.980000
2024-11-29T12:00:00,3618.510000
2024-11-29T16:00:00,3585.680000
2024-11-29T20:00:00,3593.590000
2024-11-30T00:00:00,3658.480000
2024-11-30T04:00:00,3704.590000
2024-11-30T08:00:00,3655.410000
2024-11-30T12:00:00,3675.800000
2024-11-30T16:00:00,3691.330000
2024-11-30T20:00:00,3706.100000
2024-12-01T00:00:00,3707.790000
2024-12-01T04:00:00,3704.300000
2024-12-01T08:00:00,3694.460000
2024-12-01T12:00:00,3731.300000
2024-12-01T16:00:00,3710.030000
2024-12-01T20:00:00,3710.350000
2024-12-02T00:00:00,3687.820000
2024-12-02T04:00:00,3669.020000
2024-12-02T08:00:00,3589.280000
2024-12-02T12:00:00,3674.590000
2024-12-02T16:00:00,3612.810000
2024-12-02T20:00:00,3644.660000
2024-12-03T00:00:00,3640.810000
2024-12-03T04:00:00,3617.240000
2024-12-03T08:00:00,3614.000000
2024-12-03T12:00:00,3573.210000
2024-12-03T16:00:00,3578.010000
2024-12-03T20:00:00,3617.210000
2024-12-04T00:00:00,3664.390000
2024-12-04T04:00:00,3717.960000
2024-12-04T08:00:00,3731.260000
2024-12-04T12:00:00,3825.750000
2024-12-04T16:00:00,3847.210000
2024-12-04T20:00:00,3844.000000
2024-12-05T00:00:00,3836.020000
2024-12-05T04:00:00,3853.480000
2024-12-05T08:00:00,3934.410000
2024-12-05T12:00:00,3892.140000
2024-12-05T16:00:00,3832.490000
2024-12-05T20:00:00,3789.010000
2024-12-06T00:00:00,3908.990000
2024-12-06T04:00:00,3896.580000
2024-12-06T08:00:00,3870.090000
2024-12-06T12:00:00,3997.530000
2024-12-06T16:00:00,4075.580000
2024-12-06T20:00:00,4005.610000
2024-12-07T00:00:00,3993.210000
2024-12-07T04:00:00,3991.030000
2024-12-07T08:00:00,4002.670000
2024-12-07T12:00:00,4008.280000
2024-12-07T16:00:00,4015.990000
2024-12-07T20:00:00,4000.440000
2024-12-08T00:00:00,3992.490000
2024-12-08T04:00:00,3983.600000
2024-12-08T08:00:00,3974.320000
2024-12-08T12:00:00,3993.200000
2024-12-08T16:00:00,3991.020000
2024-12-08T20:00:00,4007.200000
2024-12-09T00:00:00,3931.950000
2024-12-09T04:00:00,3919.610000
2024-12-09T08:00:00,3850.460000
2024-12-09T12:00:00,3822.450000
2024-12-09T16:00:00,3790.960000
2024-12-09T20:00:00,3713.600000
2024-12-10T00:00:00,3684.420000
2024-12-10T04:00:00,3735.580000
2024-12-10T08:00:00,3752.400000
2024-12-10T12:00:00,3568.570000
2024-12-10T16:00:00,3631.790000
2024-12-10T20:00:00,3630.820000
2024-12-11T00:00:00,3667.130000
2024-12-11T04:00:00,3654.000000
2024-12-11T08:00:00,3718.480000
2024-12-11T12:00:00,3790.780000
2024-12-11T16:00:00,3808.340000
2024-12-11T20:00:00,3834.960000
2024-12-12T00:00:00,3937.410000
2024-12-12T04:00:00,3907.070000
2024-12-12T08:00:00,3913.610000
2024-12-12T12:00:00,3960.200000
2024-12-12T16:00:00,3871.580000
2024-12-12T20:00:00,3882.570000
2024-12-13T00:00:00,3933.690000
2024-12-13T04:00:00,3886.670000
2024-12-13T08:00:00,3901.970000
2024-12-13T12:00:00,3887.030000
2024-12-13T16:00:00,3918.540000
2024-12-13T20:00:00,3907.620000
2024-12-14T00:00:00,3911.530000
2024-12-14T04:00:00,3921.070000
2024-12-14T08:00:00,3894.620000
2024-12-14T12:00:00,3888.960000
2024-12-14T16:00:00,3859.050000
2024-12-14T20:00:00,3869.690000
2024-12-15T00:00:00,3873.280000
2024-12-15T04:00:00,3844.850000
2024-12-15T08:00:00,3876.660000
2024-12-15T12:00:00,3893.410000
2024-12-15T16:00:00,3902.550000
2024-12-15T20:00:00,3958.170000
2024-12-16T00:00:00,3941.310000
2024-12-16T04:00:00,3972.630000
2024-12-16T08:00:00,3908.210000
2024-12-16T12:00:00,3940.600000
2024-12-16T16:00:00,4058.210000
2024-12-16T20:00:00,3987.320000
2024-12-17T00:00:00,4035.330000
2024-12-17T04:00:00,3994.980000
2024-12-17T08:00:00,3996.860000
2024-12-17T12:00:00,3938.920000
2024-12-17T16:00:00,3944.180000
2024-12-17T20:00:00,3893.360000
2024-12-18T00:00:00,3849.750000
2024-12-18T04:00:00,3847.550000
2024-12-18T08:00:00,3882.410000
2024-12-18T12:00:00,3867.190000
2024-12-18T16:00:00,3767.900000
2024-12-18T20:00:00,3624.830000
2024-12-19T00:00:00,3665.990000
2024-12-19T04:00:00,3692.280000
2024-12-19T08:00:00,3703.830000
2024-12-19T12:00:00,3611.230000
2024-12-19T16:00:00,3435.610000
2024-12-19T20:00:00,3414.380000
2024-12-20T00:00:00,3411.200000
2024-12-20T04:00:00,3387.280000
2024-12-20T08:00:00,3099.770000
2024-12-20T12:00:00,3372.310000
2024-12-20T16:00:00,3478.740000
2024-12-20T20:00:00,3469.640000
2024-12-21T00:00:00,3465.460000
2024-12-21T04:00:00,3521.610000
2024-12-21T08:00:00,3440.690000
2024-12-21T12:00:00,3389.410000
2024-12-21T16:00:00,3358.450000
2024-12-21T20:00:00,3337.170000
2024-12-22T00:00:00,3354.350000
2024-12-22T04:00:00,3330.390000
2024-12-22T08:00:00,3379.320000
2024-12-22T12:00:00,3300.060000
2024-12-22T16:00:00,3244.590000
2024-12-22T20:00:00,3278.500000
2024-12-23T00:00:00,3347.470000
2024-12-23T04:00:00,3301.780000
2024-12-23T08:00:00,3336.000000
2024-12-23T12:00:00,3273.390000
2024-12-23T16:00:00,3333.390000
2024-12-23T20:00:00,3418.210000
2024-12-24T00:00:00,3392.590000
2024-12-24T04:00:00,3396.100000
2024-12-24T08:00:00,3409.320000
2024-12-24T12:00:00,3489.910000
2024-12-24T16:00:00,3464.130000
2024-12-24T20:00:00,3491.110000
2024-12-25T00:00:00,3475.790000
2024-12-25T04:00:00,3486.460000
2024-12-25T08:00:00,3469.190000
2024-12-25T12:00:00,3470.010000
2024-12-25T16:00:00,3477.400000
2024-12-25T20:00:00,3494.210000
2024-12-26T00:00:00,3453.020000
2024-12-26T04:00:00,3419.090000
2024-12-26T08:00:00,3369.340000
2024-12-26T12:00:00,3340.880000
2024-12-26T16:00:00,3337.250000
2024-12-26T20:00:00,3330.800000
2024-12-27T00:00:00,3374.660000
2024-12-27T04:00:00,3321.250000
2024-12-27T08:00:00,3415.190000
2024-12-27T12:00:00,3321.200000
2024-12-27T16:00:00,3350.360000
2024-12-27T20:00:00,3328.990000
2024-12-28T00:00:00,3340.610000
2024-12-28T04:00:00,3329.610000
2024-12-28T08:00:00,3354.110000
2024-12-28T12:00:00,3362.110000
2024-12-28T16:00:00,3394.750000
2024-12-28T20:00:00,3397.680000
2024-12-29T00:00:00,3376.750000
2024-12-29T04:00:00,3401.440000
2024-12-29T08:00:00,3392.550000
2024-12-29T12:00:00,3367.980000
2024-12-29T16:00:00,3355.660000
2024-12-29T20:00:00,3350.000000
2024-12-30T00:00:00,3396.580000
2024-12-30T04:00:00,3420.300000
2024-12-30T08:00:00,3417.600000
2024-12-30T12:00:00,3317.390000
2024-12-30T16:00:00,3397.840000
2024-12-30T20:00:00,3355.610000
2024-12-31T00:00:00,3334.830000
2024-12-31T04:00:00,3348.580000
2024-12-31T08:00:00,3389.100000
2024-12-31T12:00:00,3408.380000
2024-12-31T16:00:00,3349.560000
2024-12-31T20:00:00,3330.810000
2025-01-01T00:00:00,3347.870000
2025-01-01T04:00:00,3339.970000
2025-01-01T08:00:00,3334.230000
2025-01-01T12:00:00,3345.610000
2025-01-01T16:00:00,3349.500000
2025-01-01T20:00:00,3353.210000
2025-01-02T00:00:00,3382.820000
2025-01-02T04:00:00,3415.530000
2025-01-02T08:00:00,3467.280000
2025-01-02T12:00:00,3460.180000
2025-01-02T16:00:00,3459.990000
2025-01-02T20:00:00,3452.380000
2025-01-03T00:00:00,3466.620000
2025-01-03T04:00:00,3430.220000
2025-01-03T08:00:00,3463.310000
2025-01-03T12:00:00,3562.000000
2025-01-03T16:00:00,3620.950000
2025-01-03T20:00:00,3607.730000
2025-01-04T00:00:00,3596.130000
2025-01-04T04:00:00,3593.210000
2025-01-04T08:00:00,3601.290000
2025-01-04T12:00:00,3607.800000
2025-01-04T16:00:00,3630.670000
2025-01-04T20:00:00,3656.140000
2025-01-05T00:00:00,3636.370000
2025-01-05T04:00:00,3630.920000
2025-01-05T08:00:00,3612.490000
2025-01-05T12:00:00,3628.740000
2025-01-05T16:00:00,3636.940000
2025-01-05T20:00:00,3635.480000
2025-01-06T00:00:00,3663.840000
2025-01-06T04:00:00,3649.030000
2025-01-06T08:00:00,3653.500000
2025-01-06T12:00:00,3714.600000
2025-01-06T16:00:00,3688.570000
2025-01-06T20:00:00,3688.960000
2025-01-07T00:00:00,3683.010000
2025-01-07T04:00:00,3667.890000
2025-01-07T08:00:00,3639.650000
2025-01-07T12:00:00,3461.200000
2025-01-07T16:00:00,3384.300000
2025-01-07T20:00:00,3380.530000
2025-01-08T00:00:00,3359.970000
2025-01-08T04:00:00,3353.550000
2025-01-08T08:00:00,3348.160000
2025-01-08T12:00:00,3346.040000
2025-01-08T16:00:00,3280.200000
2025-01-08T20:00:00,3326.410000
2025-01-09T00:00:00,3323.610000
2025-01-09T04:00:00,3287.790000
2025-01-09T08:00:00,3299.420000
2025-01-09T12:00:00,3319.600000
2025-01-09T16:00:00,3194.830000
2025-01-09T20:00:00,3218.920000
2025-01-10T00:00:00,3253.660000
2025-01-10T04:00:00,3295.900000
2025-01-10T08:00:00,3311.180000
2025-01-10T12:00:00,3244.570000
2025-01-10T16:00:00,3296.000000
2025-01-10T20:00:00,3266.720000
2025-01-11T00:00:00,3236.500000
2025-01-11T04:00:00,3235.190000
2025-01-11T08:00:00,3273.110000
2025-01-11T12:00:00,3269.800000
2025-01-11T16:00:00,3276.620000
2025-01-11T20:00:00,3281.930000
2025-01-12T00:00:00,3285.090000
2025-01-12T04:00:00,3265.290000
2025-01-12T08:00:00,3251.210000
2025-01-12T12:00:00,3283.730000
2025-01-12T16:00:00,3278.320000
2025-01-12T20:00:00,3265.400000
2025-01-13T00:00:00,3243.090000
2025-01-13T04:00:00,3199.600000
2025-01-13T08:00:00,3053.610000
2025-01-13T12:00:00,3048.100000
2025-01-13T16:00:00,3023.410000
2025-01-13T20:00:00,3136.790000
2025-01-14T00:00:00,3157.610000
2025-01-14T04:00:00,3169.520000
2025-01-14T08:00:00,3216.300000
2025-01-14T12:00:00,3198.570000
2025-01-14T16:00:00,3212.820000
2025-01-14T20:00:00,3224.200000
2025-01-15T00:00:00,3239.200000
2025-01-15T04:00:00,3232.180000
2025-01-15T08:00:00,3198.220000
2025-01-15T12:00:00,3334.660000
2025-01-15T16:00:00,3435.600000
2025-01-15T20:00:00,3451.800000
2025-01-16T00:00:00,3362.900000
2025-01-16T04:00:00,3383.860000
2025-01-16T08:00:00,3350.810000
2025-01-16T12:00:00,3331.800000
2025-01-16T16:00:00,3344.120000
2025-01-16T20:00:00,3308.080000
2025-01-17T00:00:00,3360.270000
2025-01-17T04:00:00,3373.110000
2025-01-17T08:00:00,3423.110000
2025-01-17T12:00:00,3422.580000
2025-01-17T16:00:00,3435.540000
2025-01-17T20:00:00,3474.970000
2025-01-18T00:00:00,3383.780000
2025-01-18T04:00:00,3286.090000
2025-01-18T08:00:00,3310.100000
2025-01-18T12:00:00,3305.490000
2025-01-18T16:00:00,3287.120000
2025-01-18T20:00:00,3304.170000
2025-01-19T00:00:00,3331.400000
2025-01-19T04:00:00,3270.510000
2025-01-19T08:00:00,3144.460000
2025-01-19T12:00:00,3379.150000
2025-01-19T16:00:00,3414.800000
2025-01-19T20:00:00,3209.990000
2025-01-20T00:00:00,3268.890000
2025-01-20T04:00:00,3377.500000
2025-01-20T08:00:00,3370.800000
2025-01-20T12:00:00,3332.400000
2025-01-20T16:00:00,3339.300000
2025-01-20T20:00:00,3280.010000
2025-01-21T00:00:00,3258.680000
2025-01-21T04:00:00,3250.620000
2025-01-21T08:00:00,3301.610000
2025-01-21T12:00:00,3292.180000
2025-01-21T16:00:00,3332.140000
2025-01-21T20:00:00,3327.800000
2025-01-22T00:00:00,3331.220000
2025-01-22T04:00:00,3287.990000
2025-01-22T08:00:00,3325.990000
2025-01-22T12:00:00,3278.700000
2025-01-22T16:00:00,3261.200000
2025-01-22T20:00:00,3241.410000
2025-01-23T00:00:00,3224.540000
2025-01-23T04:00:00,3231.500000
2025-01-23T08:00:00,3211.640000
2025-01-23T12:00:00,3259.290000
2025-01-23T16:00:00,3206.270000
2025-01-23T20:00:00,3338.400000
2025-01-24T00:00:00,3301.980000
2025-01-24T04:00:00,3380.920000
2025-01-24T08:00:00,3399.690000
2025-01-24T12:00:00,3384.430000
2025-01-24T16:00:00,3369.480000
2025-01-24T20:00:00,3309.910000
2025-01-25T00:00:00,3319.280000
2025-01-25T04:00:00,3291.040000
2025-01-25T08:00:00,3306.610000
2025-01-25T12:00:00,3334.470000
2025-01-25T16:00:00,3340.090000
2025-01-25T20:00:00,3318.790000
2025-01-26T00:00:00,3338.140000
2025-01-26T04:00:00,3338.070000
2025-01-26T08:00:00,3312.340000
2025-01-26T12:00:00,3315.590000
2025-01-26T16:00:00,3338.270000
2025-01-26T20:00:00,3231.680000
2025-01-27T00:00:00,3181.680000
2025-01-27T04:00:00,3069.410000
2025-01-27T08:00:00,3057.630000
2025-01-27T12:00:00,3133.200000
2025-01-27T16:00:00,3074.410000
2025-01-27T20:00:00,3181.910000
2025-01-28T00:00:00,3202.520000
2025-01-28T04:00:00,3196.500000
2025-01-28T08:00:00,3186.450000
2025-01-28T12:00:00,3181.390000
2025-01-28T16:00:00,3146.290000
2025-01-28T20:00:00,3076.030000
2025-01-29T00:00:00,3129.710000
2025-01-29T04:00:00,3155.860000
2025-01-29T08:00:00,3133.900000
2025-01-29T12:00:00,3100.480000
2025-01-29T16:00:00,3124.510000
2025-01-29T20:00:00,3114.000000
2025-01-30T00:00:00,3201.220000
2025-01-30T04:00:00,3190.510000
2025-01-30T08:00:00,3222.500000
2025-01-30T12:00:00,3255.470000
2025-01-30T16:00:00,3271.340000
2025-01-30T20:00:00,3247.620000
2025-01-31T00:00:00,3230.400000
2025-01-31T04:00:00,3241.730000
2025-01-31T08:00:00,3335.100000
2025-01-31T12:00:00,3428.690000
2025-01-31T16:00:00,3337.670000
2025-01-31T20:00:00,3300.040000
2025-02-01T00:00:00,3291.510000
2025-02-01T04:00:00,3279.890000
2025-02-01T08:00:00,3250.720000
2025-02-01T12:00:00,3250.800000
2025-02-01T16:00:00,3196.310000
2025-02-01T20:00:00,3116.560000
2025-02-02T00:00:00,3076.900000
2025-02-02T04:00:00,3100.600000
2025-02-02T08:00:00,3063.410000
2025-02-02T12:00:00,3080.190000
2025-02-02T16:00:00,2957.830000
2025-02-02T20:00:00,2869.290000
2025-02-03T00:00:00,2528.490000
2025-02-03T04:00:00,2624.590000
2025-02-03T08:00:00,2582.600000
2025-02-03T12:00:00,2704.470000
2025-02-03T16:00:00,2769.290000
2025-02-03T20:00:00,2883.190000
2025-02-04T00:00:00,2813.210000
2025-02-04T04:00:00,2705.600000
2025-02-04T08:00:00,2760.390000
2025-02-04T12:00:00,2779.730000
2025-02-04T16:00:00,2772.450000
2025-02-04T20:00:00,2731.990000
2025-02-05T00:00:00,2721.270000
2025-02-05T04:00:00,2760.910000
2025-02-05T08:00:00,2801.480000
2025-02-05T12:00:00,2774.090000
2025-02-05T16:00:00,2776.090000
2025-02-05T20:00:00,2788.390000
2025-02-06T00:00:00,2806.990000
2025-02-06T04:00:00,2832.800000
2025-02-06T08:00:00,2805.300000
2025-02-06T12:00:00,2706.190000
2025-02-06T16:00:00,2690.110000
2025-02-06T20:00:00,2686.780000
2025-02-07T00:00:00,2716.000000
2025-02-07T04:00:00,2713.510000
2025-02-07T08:00:00,2763.410000
2025-02-07T12:00:00,2723.100000
2025-02-07T16:00:00,2659.800000
2025-02-07T20:00:00,2622.870000
2025-02-08T00:00:00,2642.210000
2025-02-08T04:00:00,2629.410000
2025-02-08T08:00:00,2613.600000
2025-02-08T12:00:00,2605.190000
2025-02-08T16:00:00,2637.990000
2025-02-08T20:00:00,2633.010000
2025-02-09T00:00:00,2679.200000
2025-02-09T04:00:00,2662.840000
2025-02-09T08:00:00,2655.600000
2025-02-09T12:00:00,2653.790000
2025-02-09T16:00:00,2624.310000
2025-02-09T20:00:00,2627.810000
2025-02-10T00:00:00,2626.330000
2025-02-10T04:00:00,2637.480000
2025-02-10T08:00:00,2653.700000
2025-02-10T12:00:00,2659.210000
2025-02-10T16:00:00,2673.040000
2025-02-10T20:00:00,2661.910000
2025-02-11T00:00:00,2679.430000
2025-02-11T04:00:00,2712.790000
2025-02-11T08:00:00,2709.120000
2025-02-11T12:00:00,2662.210000
2025-02-11T16:00:00,2590.090000
2025-02-11T20:00:00,2602.580000
2025-02-12T00:00:00,2586.650000
2025-02-12T04:00:00,2618.020000
2025-02-12T08:00:00,2627.200000
2025-02-12T12:00:00,2606.900000
2025-02-12T16:00:00,2678.360000
2025-02-12T20:00:00,2738.050000
2025-02-13T00:00:00,2744.400000
2025-02-13T04:00:00,2681.840000
2025-02-13T08:00:00,2656.520000
2025-02-13T12:00:00,2648.690000
2025-02-13T16:00:00,2641.230000
2025-02-13T20:00:00,2676.080000
2025-02-14T00:00:00,2715.390000
2025-02-14T04:00:00,2699.810000
2025-02-14T08:00:00,2685.540000
2025-02-14T12:00:00,2734.700000
2025-02-14T16:00:00,2739.340000
2025-02-14T20:00:00,2726.180000
2025-02-15T00:00:00,2724.800000
2025-02-15T04:00:00,2698.500000
2025-02-15T08:00:00,2708.680000
2025-02-15T12:00:00,2691.030000
2025-02-15T16:00:00,2692.290000
2025-02-15T20:00:00,2693.740000
2025-02-16T00:00:00,2699.090000
2025-02-16T04:00:00,2695.440000
2025-02-16T08:00:00,2711.390000
2025-02-16T12:00:00,2694.890000
2025-02-16T16:00:00,2683.970000
2025-02-16T20:00:00,2661.800000
2025-02-17T00:00:00,2672.680000
2025-02-17T04:00:00,2681.810000
2025-02-17T08:00:00,2755.310000
2025-02-17T12:00:00,2756.010000
2025-02-17T16:00:00,2718.110000
2025-02-17T20:00:00,2743.710000
2025-02-18T00:00:00,2712.640000
2025-02-18T04:00:00,2672.210000
2025-02-18T08:00:00,2679.150000
2025-02-18T12:00:00,2673.190000
2025-02-18T16:00:00,2628.890000
2025-02-18T20:00:00,2670.110000
2025-02-19T00:00:00,2693.010000
2025-02-19T04:00:00,2708.040000
2025-02-19T08:00:00,2726.620000
2025-02-19T12:00:00,2696.900000
2025-02-19T16:00:00,2711.810000
2025-02-19T20:00:00,2715.900000
2025-02-20T00:00:00,2742.240000
2025-02-20T04:00:00,2730.410000
2025-02-20T08:00:00,2741.470000
2025-02-20T12:00:00,2713.240000
2025-02-20T16:00:00,2749.010000
2025-02-20T20:00:00,2739.040000
2025-02-21T00:00:00,2744.800000
2025-02-21T04:00:00,2756.850000
2025-02-21T08:00:00,2789.880000
2025-02-21T12:00:00,2724.170000
2025-02-21T16:00:00,2640.280000
2025-02-21T20:00:00,2661.690000
2025-02-22T00:00:00,2675.480000
2025-02-22T04:00:00,2684.350000
2025-02-22T08:00:00,2732.890000
2025-02-22T12:00:00,2775.890000
2025-02-22T16:00:00,2770.100000
2025-02-22T20:00:00,2763.800000
2025-02-23T00:00:00,2753.230000
2025-02-23T04:00:00,2826.000000
2025-02-23T08:00:00,2797.740000
2025-02-23T12:00:00,2783.220000
2025-02-23T16:00:00,2808.250000
2025-02-23T20:00:00,2820.090000
2025-02-24T00:00:00,2717.910000
2025-02-24T04:00:00,2722.450000
2025-02-24T08:00:00,2690.000000
2025-02-24T12:00:00,2658.500000
2025-02-24T16:00:00,2641.400000
2025-02-24T20:00:00,2513.090000
2025-02-25T00:00:00,2494.950000
2025-02-25T04:00:00,2368.030000
2025-02-25T08:00:00,2432.690000
2025-02-25T12:00:00,2406.700000
2025-02-25T16:00:00,2468.890000
2025-02-25T20:00:00,2492.040000
2025-02-26T00:00:00,2488.010000
2025-02-26T04:00:00,2481.890000
2025-02-26T08:00:00,2462.910000
2025-02-26T12:00:00,2425.890000
2025-02-26T16:00:00,2293.660000
2025-02-26T20:00:00,2332.410000
2025-02-27T00:00:00,2329.400000
2025-02-27T04:00:00,2354.400000
2025-02-27T08:00:00,2352.030000
2025-02-27T12:00:00,2322.170000
2025-02-27T16:00:00,2289.800000
2025-02-27T20:00:00,2305.610000
2025-02-28T00:00:00,2144.880000
2025-02-28T04:00:00,2103.690000
2025-02-28T08:00:00,2124.630000
2025-02-28T12:00:00,2222.600000
2025-02-28T16:00:00,2229.810000
2025-02-28T20:00:00,2236.790000
2025-03-01T00:00:00,2262.410000
2025-03-01T04:00:00,2228.280000
2025-03-01T08:00:00,2183.470000
2025-03-01T12:00:00,2172.700000
2025-03-01T16:00:00,2222.500000
2025-03-01T20:00:00,2216.800000
2025-03-02T00:00:00,2219.190000
2025-03-02T04:00:00,2220.540000
2025-03-02T08:00:00,2238.020000
2025-03-02T12:00:00,2229.530000
2025-03-02T16:00:00,2486.300000
2025-03-02T20:00:00,2518.740000
2025-03-03T00:00:00,2440.680000
2025-03-03T04:00:00,2386.380000
2025-03-03T08:00:00,2355.800000
2025-03-03T12:00:00,2286.370000
2025-03-03T16:00:00,2108.500000
2025-03-03T20:00:00,2147.780000
2025-03-04T00:00:00,2073.720000
2025-03-04T04:00:00,2079.330000
2025-03-04T08:00:00,2100.410000
2025-03-04T12:00:00,2073.080000
2025-03-04T16:00:00,2172.500000
2025-03-04T20:00:00,2171.120000
2025-03-05T00:00:00,2160.400000
2025-03-05T04:00:00,2206.500000
2025-03-05T08:00:00,2217.500000
2025-03-05T12:00:00,2186.790000
2025-03-05T16:00:00,2218.390000
2025-03-05T20:00:00,2241.480000
2025-03-06T00:00:00,2289.700000
2025-03-06T04:00:00,2285.900000
2025-03-06T08:00:00,2297.390000
2025-03-06T12:00:00,2257.700000
2025-03-06T16:00:00,2198.240000
2025-03-06T20:00:00,2202.360000
2025-03-07T00:00:00,2147.810000
2025-03-07T04:00:00,2192.600000
2025-03-07T08:00:00,2197.690000
2025-03-07T12:00:00,2210.200000
2025-03-07T16:00:00,2178.010000
2025-03-07T20:00:00,2141.070000
2025-03-08T00:00:00,2137.190000
2025-03-08T04:00:00,2137.790000
2025-03-08T08:00:00,2141.160000
2025-03-08T12:00:00,2180.610000
2025-03-08T16:00:00,2224.220000
2025-03-08T20:00:00,2203.200000
2025-03-09T00:00:00,2185.600000
2025-03-09T04:00:00,2184.630000
2025-03-09T08:00:00,2146.420000
2025-03-09T12:00:00,2097.000000
2025-03-09T16:00:00,2040.390000
2025-03-09T20:00:00,2020.120000
2025-03-10T00:00:00,2057.710000
2025-03-10T04:00:00,2075.360000
2025-03-10T08:00:00,2128.400000
2025-03-10T12:00:00,2017.340000
2025-03-10T16:00:00,1868.040000
2025-03-10T20:00:00,1864.620000
2025-03-11T00:00:00,1849.190000
2025-03-11T04:00:00,1903.890000
2025-03-11T08:00:00,1914.060000
2025-03-11T12:00:00,1914.140000
2025-03-11T16:00:00,1951.330000
2025-03-11T20:00:00,1922.990000
2025-03-12T00:00:00,1868.490000
2025-03-12T04:00:00,1910.650000
2025-03-12T08:00:00,1916.670000
2025-03-12T12:00:00,1869.400000
2025-03-12T16:00:00,1878.110000
2025-03-12T20:00:00,1907.800000
2025-03-13T00:00:00,1886.530000
2025-03-13T04:00:00,1871.910000
2025-03-13T08:00:00,1900.020000
2025-03-13T12:00:00,1875.130000
2025-03-13T16:00:00,1850.850000
2025-03-13T20:00:00,1863.900000
2025-03-14T00:00:00,1889.020000
2025-03-14T04:00:00,1893.260000
2025-03-14T08:00:00,1902.240000
2025-03-14T12:00:00,1922.220000
2025-03-14T16:00:00,1934.600000
2025-03-14T20:00:00,1911.540000
2025-03-15T00:00:00,1920.740000
2025-03-15T04:00:00,1918.100000
2025-03-15T08:00:00,1929.300000
2025-03-15T12:00:00,1937.830000
2025-03-15T16:00:00,1937.130000
2025-03-15T20:00:00,1937.390000
2025-03-16T00:00:00,1927.980000
2025-03-16T04:00:00,1926.390000
2025-03-16T08:00:00,1874.000000
2025-03-16T12:00:00,1895.210000
2025-03-16T16:00:00,1882.800000
2025-03-16T20:00:00,1887.000000
2025-03-17T00:00:00,1908.780000
2025-03-17T04:00:00,1900.840000
2025-03-17T08:00:00,1910.640000
2025-03-17T12:00:00,1919.260000
2025-03-17T16:00:00,1942.040000
2025-03-17T20:00:00,1926.450000
2025-03-18T00:00:00,1901.000000
2025-03-18T04:00:00,1904.850000
2025-03-18T08:00:00,1892.500000
2025-03-18T12:00:00,1880.810000
2025-03-18T16:00:00,1904.250000
2025-03-18T20:00:00,1931.430000
2025-03-19T00:00:00,1938.220000
2025-03-19T04:00:00,1932.260000
2025-03-19T08:00:00,2027.890000
2025-03-19T12:00:00,2049.380000
2025-03-19T16:00:00,2031.570000
2025-03-19T20:00:00,2056.800000
2025-03-20T00:00:00,2023.100000
2025-03-20T04:00:00,2007.900000
2025-03-20T08:00:00,1988.570000
2025-03-20T12:00:00,1971.320000
2025-03-20T16:00:00,1973.950000
2025-03-20T20:00:00,1982.680000
2025-03-21T00:00:00,1977.250000
2025-03-21T04:00:00,1975.810000
2025-03-21T08:00:00,1966.000000
2025-03-21T12:00:00,1949.630000
2025-03-21T16:00:00,1973.210000
2025-03-21T20:00:00,1965.160000
2025-03-22T00:00:00,1985.500000
2025-03-22T04:00:00,1983.640000
2025-03-22T08:00:00,1989.830000
2025-03-22T12:00:00,1985.970000
2025-03-22T16:00:00,1995.600000
2025-03-22T20:00:00,1980.390000
2025-03-23T00:00:00,2008.280000
2025-03-23T04:00:00,2008.110000
2025-03-23T08:00:00,2007.720000
2025-03-23T12:00:00,2006.930000
2025-03-23T16:00:00,1996.250000
2025-03-23T20:00:00,2006.120000
2025-03-24T00:00:00,2014.600000
2025-03-24T04:00:00,2069.450000
2025-03-24T08:00:00,2092.990000
2025-03-24T12:00:00,2089.800000
2025-03-24T16:00:00,2089.430000
2025-03-24T20:00:00,2081.630000
2025-03-25T00:00:00,2043.620000
2025-03-25T04:00:00,2055.810000
2025-03-25T08:00:00,2068.830000
2025-03-25T12:00:00,2067.760000
2025-03-25T16:00:00,2075.990000
2025-03-25T20:00:00,2066.740000
2025-03-26T00:00:00,2049.450000
2025-03-26T04:00:00,2069.770000
2025-03-26T08:00:00,2069.210000
2025-03-26T12:00:00,2012.660000
2025-03-26T16:00:00,1999.790000
2025-03-26T20:00:00,2009.840000
2025-03-27T00:00:00,2031.880000
2025-03-27T04:00:00,2026.620000
2025-03-27T08:00:00,2016.550000
2025-03-27T12:00:00,2005.030000
2025-03-27T16:00:00,2004.240000
2025-03-27T20:00:00,2003.310000
2025-03-28T00:00:00,1999.550000
2025-03-28T04:00:00,1909.450000
2025-03-28T08:00:00,1899.660000
2025-03-28T12:00:00,1871.480000
2025-03-28T16:00:00,1872.950000
2025-03-28T20:00:00,1896.180000
2025-03-29T00:00:00,1899.320000
2025-03-29T04:00:00,1879.630000
2025-03-29T08:00:00,1844.030000
2025-03-29T12:00:00,1839.600000
2025-03-29T16:00:00,1827.100000
2025-03-29T20:00:00,1827.790000
2025-03-30T00:00:00,1833.890000
2025-03-30T04:00:00,1837.180000
2025-03-30T08:00:00,1832.930000
2025-03-30T12:00:00,1813.120000
2025-03-30T16:00:00,1814.020000
2025-03-30T20:00:00,1807.790000
2025-03-31T00:00:00,1798.430000
2025-03-31T04:00:00,1798.510000
2025-03-31T08:00:00,1813.100000
2025-03-31T12:00:00,1842.110000
2025-03-31T16:00:00,1827.550000
2025-03-31T20:00:00,1822.110000
2025-04-01T00:00:00,1834.910000
2025-04-01T04:00:00,1854.090000
2025-04-01T08:00:00,1862.270000
2025-04-01T12:00:00,1918.400000
2025-04-01T16:00:00,1910.100000
2025-04-01T20:00:00,1905.180000
2025-04-02T00:00:00,1876.120000
2025-04-02T04:00:00,1865.290000
2025-04-02T08:00:00,1868.770000
2025-04-02T12:00:00,1901.500000
2025-04-02T16:00:00,1911.870000
2025-04-02T20:00:00,1794.870000
2025-04-03T00:00:00,1824.340000
2025-04-03T04:00:00,1815.290000
2025-04-03T08:00:00,1795.070000
2025-04-03T12:00:00,1781.660000
2025-04-03T16:00:00,1786.100000
2025-04-03T20:00:00,1816.600000
2025-04-04T00:00:00,1792.470000
2025-04-04T04:00:00,1817.640000
2025-04-04T08:00:00,1783.600000
2025-04-04T12:00:00,1794.800000
2025-04-04T16:00:00,1809.590000
2025-04-04T20:00:00,1816.180000
2025-04-05T00:00:00,1809.370000
2025-04-05T04:00:00,1812.720000
2025-04-05T08:00:00,1806.860000
2025-04-05T12:00:00,1781.240000
2025-04-05T16:00:00,1781.550000
2025-04-05T20:00:00,1805.480000
2025-04-06T00:00:00,1809.240000
2025-04-06T04:00:00,1797.150000
2025-04-06T08:00:00,1788.280000
2025-04-06T12:00:00,1758.780000
2025-04-06T16:00:00,1625.400000
2025-04-06T20:00:00,1579.690000
2025-04-07T00:00:00,1542.820000
2025-04-07T04:00:00,1458.670000
2025-04-07T08:00:00,1482.520000
2025-04-07T12:00:00,1555.740000
2025-04-07T16:00:00,1545.030000
2025-04-07T20:00:00,1552.430000
2025-04-08T00:00:00,1584.100000
2025-04-08T04:00:00,1570.160000
2025-04-08T08:00:00,1588.070000
2025-04-08T12:00:00,1531.030000
2025-04-08T16:00:00,1465.120000
2025-04-08T20:00:00,1472.250000
2025-04-09T00:00:00,1417.450000
2025-04-09T04:00:00,1482.890000
2025-04-09T08:00:00,1454.540000
2025-04-09T12:00:00,1484.190000
2025-04-09T16:00:00,1640.430000
2025-04-09T20:00:00,1669.190000
2025-04-10T00:00:00,1616.520000
2025-04-10T04:00:00,1595.270000
2025-04-10T08:00:00,1593.720000
2025-04-10T12:00:00,1495.220000
2025-04-10T16:00:00,1513.430000
2025-04-10T20:00:00,1521.430000
2025-04-11T00:00:00,1543.640000
2025-04-11T04:00:00,1552.200000
2025-04-11T08:00:00,1558.020000
2025-04-11T12:00:00,1564.750000
2025-04-11T16:00:00,1565.180000
2025-04-11T20:00:00,1566.010000
2025-04-12T00:00:00,1553.840000
2025-04-12T04:00:00,1581.390000
2025-04-12T08:00:00,1593.520000
2025-04-12T12:00:00,1655.300000
2025-04-12T16:00:00,1642.560000
2025-04-12T20:00:00,1644.000000
2025-04-13T00:00:00,1623.980000
2025-04-13T04:00:00,1613.210000
2025-04-13T08:00:00,1603.990000
2025-04-13T12:00:00,1586.060000
2025-04-13T16:00:00,1589.940000
2025-04-13T20:00:00,1597.390000
2025-04-14T00:00:00,1629.260000
2025-04-14T04:00:00,1635.420000
2025-04-14T08:00:00,1674.970000
2025-04-14T12:00:00,1627.680000
2025-04-14T16:00:00,1636.530000
2025-04-14T20:00:00,1623.630000
2025-04-15T00:00:00,1637.690000
2025-04-15T04:00:00,1644.820000
2025-04-15T08:00:00,1632.080000
2025-04-15T12:00:00,1620.900000
2025-04-15T16:00:00,1607.300000
2025-04-15T20:00:00,1588.600000
2025-04-16T00:00:00,1590.920000
2025-04-16T04:00:00,1564.190000
2025-04-16T08:00:00,1584.240000
2025-04-16T12:00:00,1590.790000
2025-04-16T16:00:00,1588.830000
2025-04-16T20:00:00,1577.210000
2025-04-17T00:00:00,1584.820000
2025-04-17T04:00:00,1601.890000
2025-04-17T08:00:00,1593.070000
2025-04-17T12:00:00,1582.810000
2025-04-17T16:00:00,1581.470000
2025-04-17T20:00:00,1583.770000
2025-04-18T00:00:00,1584.240000
2025-04-18T04:00:00,1584.290000
2025-04-18T08:00:00,1590.530000
2025-04-18T12:00:00,1583.190000
2025-04-18T16:00:00,1593.090000
2025-04-18T20:00:00,1588.490000
2025-04-19T00:00:00,1597.830000
2025-04-19T04:00:00,1600.900000
2025-04-19T08:00:00,1597.020000
2025-04-19T12:00:00,1607.020000
2025-04-19T16:00:00,1614.690000
2025-04-19T20:00:00,1612.950000
2025-04-20T00:00:00,1611.700000
2025-04-20T04:00:00,1597.450000
2025-04-20T08:00:00,1572.800000
2025-04-20T12:00:00,1573.650000
2025-04-20T16:00:00,1586.200000
2025-04-20T20:00:00,1587.340000
2025-04-21T00:00:00,1634.570000
2025-04-21T04:00:00,1645.780000
2025-04-21T08:00:00,1626.260000
2025-04-21T12:00:00,1623.790000
2025-04-21T16:00:00,1573.870000
2025-04-21T20:00:00,1579.640000
2025-04-22T00:00:00,1579.320000
2025-04-22T04:00:00,1619.300000
2025-04-22T08:00:00,1630.990000
2025-04-22T12:00:00,1703.950000
2025-04-22T16:00:00,1699.540000
2025-04-22T20:00:00,1757.390000
2025-04-23T00:00:00,1796.190000
2025-04-23T04:00:00,1792.210000
2025-04-23T08:00:00,1797.840000
2025-04-23T12:00:00,1794.800000
2025-04-23T16:00:00,1786.900000
2025-04-23T20:00:00,1796.020000
2025-04-24T00:00:00,1768.370000
2025-04-24T04:00:00,1756.810000
2025-04-24T08:00:00,1755.120000
2025-04-24T12:00:00,1765.190000
2025-04-24T16:00:00,1764.070000
2025-04-24T20:00:00,1770.480000
2025-04-25T00:00:00,1761.370000
2025-04-25T04:00:00,1777.780000
2025-04-25T08:00:00,1790.890000
2025-04-25T12:00:00,1807.490000
2025-04-25T16:00:00,1804.010000
2025-04-25T20:00:00,1785.910000
2025-04-26T00:00:00,1798.440000
2025-04-26T04:00:00,1801.320000
2025-04-26T08:00:00,1786.780000
2025-04-26T12:00:00,1800.840000
2025-04-26T16:00:00,1813.620000
2025-04-26T20:00:00,1821.580000
2025-04-27T00:00:00,1810.410000
2025-04-27T04:00:00,1804.320000
2025-04-27T08:00:00,1806.330000
2025-04-27T12:00:00,1794.420000
2025-04-27T16:00:00,1808.580000
2025-04-27T20:00:00,1791.860000
2025-04-28T00:00:00,1784.800000
2025-04-28T04:00:00,1805.440000
2025-04-28T08:00:00,1816.930000
2025-04-28T12:00:00,1763.750000
2025-04-28T16:00:00,1797.460000
2025-04-28T20:00:00,1800.310000
2025-04-29T00:00:00,1802.340000
2025-04-29T04:00:00,1822.310000
2025-04-29T08:00:00,1830.380000
2025-04-29T12:00:00,1815.560000
2025-04-29T16:00:00,1822.350000
2025-04-29T20:00:00,1798.050000
2025-04-30T00:00:00,1809.480000
2025-04-30T04:00:00,1796.950000
2025-04-30T08:00:00,1816.140000
2025-04-30T12:00:00,1764.810000
2025-04-30T16:00:00,1786.970000
2025-04-30T20:00:00,1793.680000
2025-05-01T00:00:00,1808.330000
2025-05-01T04:00:00,1810.910000
2025-05-01T08:00:00,1845.830000
2025-05-01T12:00:00,1853.910000
2025-05-01T16:00:00,1843.480000
2025-05-01T20:00:00,1838.500000
2025-05-02T00:00:00,1848.240000
2025-05-02T04:00:00,1816.610000
2025-05-02T08:00:00,1834.080000
2025-05-02T12:00:00,1841.740000
2025-05-02T16:00:00,1840.450000
2025-05-02T20:00:00,1843.090000
2025-05-03T00:00:00,1835.560000
2025-05-03T04:00:00,1827.070000
2025-05-03T08:00:00,1824.530000
2025-05-03T12:00:00,1835.050000
2025-05-03T16:00:00,1838.820000
2025-05-03T20:00:00,1833.850000
2025-05-04T00:00:00,1832.490000
2025-05-04T04:00:00,1841.290000
2025-05-04T08:00:00,1827.750000
2025-05-04T12:00:00,1830.780000
2025-05-04T16:00:00,1828.710000
2025-05-04T20:00:00,1808.910000
2025-05-05T00:00:00,1794.670000
2025-05-05T04:00:00,1826.690000
2025-05-05T08:00:00,1804.690000
2025-05-05T12:00:00,1800.960000
2025-05-05T16:00:00,1816.210000
2025-05-05T20:00:00,1820.160000
2025-05-06T00:00:00,1806.320000
2025-05-06T04:00:00,1805.720000
2025-05-06T08:00:00,1769.720000
2025-05-06T12:00:00,1770.120000
2025-05-06T16:00:00,1784.930000
2025-05-06T20:00:00,1817.040000
2025-05-07T00:00:00,1826.470000
2025-05-07T04:00:00,1838.110000
2025-05-07T08:00:00,1836.270000
2025-05-07T12:00:00,1817.680000
2025-05-07T16:00:00,1796.040000
2025-05-07T20:00:00,1811.310000
2025-05-08T00:00:00,1901.120000
2025-05-08T04:00:00,1928.630000
2025-05-08T08:00:00,1957.730000
2025-05-08T12:00:00,2051.650000
2025-05-08T16:00:00,2118.370000
2025-05-08T20:00:00,2206.930000
2025-05-09T00:00:00,2204.810000
2025-05-09T04:00:00,2364.630000
2025-05-09T08:00:00,2350.680000
2025-05-09T12:00:00,2301.210000
2025-05-09T16:00:00,2332.390000
2025-05-09T20:00:00,2345.520000
2025-05-10T00:00:00,2340.000000
2025-05-10T04:00:00,2400.650000
2025-05-10T08:00:00,2385.000000
2025-05-10T12:00:00,2433.690000
2025-05-10T16:00:00,2499.320000
2025-05-10T20:00:00,2583.290000
2025-05-11T00:00:00,2537.640000
2025-05-11T04:00:00,2473.740000
2025-05-11T08:00:00,2531.030000
2025-05-11T12:00:00,2463.290000
2025-05-11T16:00:00,2508.730000
2025-05-11T20:00:00,2515.080000
2025-05-12T00:00:00,2520.370000
2025-05-12T04:00:00,2554.960000
2025-05-12T08:00:00,2530.670000
2025-05-12T12:00:00,2487.170000
2025-05-12T16:00:00,2460.200000
2025-05-12T20:00:00,2495.580000
2025-05-13T00:00:00,2424.960000
2025-05-13T04:00:00,2460.800000
2025-05-13T08:00:00,2513.690000
2025-05-13T12:00:00,2566.390000
2025-05-13T16:00:00,2691.810000
2025-05-13T20:00:00,2680.040000
2025-05-14T00:00:00,2646.890000
2025-05-14T04:00:00,2640.570000
2025-05-14T08:00:00,2625.120000
2025-05-14T12:00:00,2598.030000
2025-05-14T16:00:00,2604.810000
2025-05-14T20:00:00,2610.440000
2025-05-15T00:00:00,2575.440000
2025-05-15T04:00:00,2531.510000
2025-05-15T08:00:00,2555.390000
2025-05-15T12:00:00,2564.510000
2025-05-15T16:00:00,2531.500000
2025-05-15T20:00:00,2549.430000
2025-05-16T00:00:00,2581.930000
2025-05-16T04:00:00,2602.360000
2025-05-16T08:00:00,2622.030000
2025-05-16T12:00:00,2595.920000
2025-05-16T16:00:00,2593.160000
2025-05-16T20:00:00,2537.890000
2025-05-17T00:00:00,2497.890000
2025-05-17T04:00:00,2493.690000
2025-05-17T08:00:00,2482.620000
2025-05-17T12:00:00,2475.220000
2025-05-17T16:00:00,2471.150000
2025-05-17T20:00:00,2476.280000
2025-05-18T00:00:00,2478.140000
2025-05-18T04:00:00,2510.200000
2025-05-18T08:00:00,2502.630000
2025-05-18T12:00:00,2580.000000
2025-05-18T16:00:00,2409.250000
2025-05-18T20:00:00,2498.700000
2025-05-19T00:00:00,2385.830000
2025-05-19T04:00:00,2404.680000
2025-05-19T08:00:00,2418.070000
2025-05-19T12:00:00,2467.360000
2025-05-19T16:00:00,2519.750000
2025-05-19T20:00:00,2528.990000
2025-05-20T00:00:00,2553.820000
2025-05-20T04:00:00,2533.300000
2025-05-20T08:00:00,2515.360000
2025-05-20T12:00:00,2483.790000
2025-05-20T16:00:00,2502.390000
2025-05-20T20:00:00,2525.670000
2025-05-21T00:00:00,2545.900000
2025-05-21T04:00:00,2553.000000
2025-05-21T08:00:00,2538.080000
2025-05-21T12:00:00,2568.310000
2025-05-21T16:00:00,2513.850000
2025-05-21T20:00:00,2552.390000
2025-05-22T00:00:00,2630.300000
2025-05-22T04:00:00,2635.800000
2025-05-22T08:00:00,2651.210000
2025-05-22T12:00:00,2665.350000
2025-05-22T16:00:00,2636.050000
2025-05-22T20:00:00,2665.400000
2025-05-23T00:00:00,2722.430000
2025-05-23T04:00:00,2655.410000
2025-05-23T08:00:00,2566.700000
2025-05-23T12:00:00,2569.600000
2025-05-23T16:00:00,2561.750000
2025-05-23T20:00:00,2527.180000
2025-05-24T00:00:00,2550.710000
2025-05-24T04:00:00,2547.680000
2025-05-24T08:00:00,2564.030000
2025-05-24T12:00:00,2556.720000
2025-05-24T16:00:00,2555.350000
2025-05-24T20:00:00,2531.490000
2025-05-25T00:00:00,2514.290000
2025-05-25T04:00:00,2495.020000
2025-05-25T08:00:00,2498.610000
2025-05-25T12:00:00,2512.780000
2025-05-25T16:00:00,2527.700000
2025-05-25T20:00:00,2552.540000
2025-05-26T00:00:00,2561.560000
2025-05-26T04:00:00,2582.260000
2025-05-26T08:00:00,2569.280000
2025-05-26T12:00:00,2567.080000
2025-05-26T16:00:00,2542.410000
2025-05-26T20:00:00,2564.900000
2025-05-27T00:00:00,2550.100000
2025-05-27T04:00:00,2608.570000
2025-05-27T08:00:00,2653.520000
2025-05-27T12:00:00,2669.490000
2025-05-27T16:00:00,2689.010000
2025-05-27T20:00:00,2662.500000
2025-05-28T00:00:00,2646.810000
2025-05-28T04:00:00,2637.850000
2025-05-28T08:00:00,2658.200000
2025-05-28T12:00:00,2628.200000
2025-05-28T16:00:00,2618.410000
2025-05-28T20:00:00,2682.500000
2025-05-29T00:00:00,2763.600000
2025-05-29T04:00:00,2732.600000
2025-05-29T08:00:00,2717.200000
2025-05-29T12:00:00,2644.580000
2025-05-29T16:00:00,2650.580000
2025-05-29T20:00:00,2631.610000
2025-05-30T00:00:00,2631.740000
2025-05-30T04:00:00,2619.800000
2025-05-30T08:00:00,2622.720000
2025-05-30T12:00:00,2599.010000
2025-05-30T16:00:00,2574.810000
2025-05-30T20:00:00,2532.240000
2025-05-31T00:00:00,2514.800000
2025-05-31T04:00:00,2522.310000
2025-05-31T08:00:00,2520.600000
2025-05-31T12:00:00,2537.610000
2025-05-31T16:00:00,2538.890000
2025-05-31T20:00:00,2529.500000
2025-06-01T00:00:00,2514.870000
2025-06-01T04:00:00,2510.400000
2025-06-01T08:00:00,2498.810000
2025-06-01T12:00:00,2524.620000
2025-06-01T16:00:00,2527.710000
2025-06-01T20:00:00,2540.700000
2025-06-02T00:00:00,2497.510000
2025-06-02T04:00:00,2508.230000
2025-06-02T08:00:00,2482.470000
2025-06-02T12:00:00,2545.700000
2025-06-02T16:00:00,2533.800000
2025-06-02T20:00:00,2609.300000
2025-06-03T00:00:00,2605.500000
2025-06-03T04:00:00,2611.930000
2025-06-03T08:00:00,2603.430000
2025-06-03T12:00:00,2625.810000
2025-06-03T16:00:00,2627.030000
2025-06-03T20:00:00,2595.290000
2025-06-04T00:00:00,2629.790000
2025-06-04T04:00:00,2629.000000
2025-06-04T08:00:00,2626.290000
2025-06-04T12:00:00,2669.390000
2025-06-04T16:00:00,2625.250000
2025-06-04T20:00:00,2609.090000
2025-06-05T00:00:00,2626.520000
2025-06-05T04:00:00,2605.770000
2025-06-05T08:00:00,2609.500000
2025-06-05T12:00:00,2590.790000
2025-06-05T16:00:00,2529.410000
2025-06-05T20:00:00,2415.310000
2025-06-06T00:00:00,2457.010000
2025-06-06T04:00:00,2456.600000
2025-06-06T08:00:00,2477.990000
2025-06-06T12:00:00,2511.510000
2025-06-06T16:00:00,2486.100000
2025-06-06T20:00:00,2478.450000
2025-06-07T00:00:00,2490.900000
2025-06-07T04:00:00,2493.210000
2025-06-07T08:00:00,2496.860000
2025-06-07T12:00:00,2521.290000
2025-06-07T16:00:00,2518.290000
2025-06-07T20:00:00,2526.200000
2025-06-08T00:00:00,2513.000000
2025-06-08T04:00:00,2515.980000
2025-06-08T08:00:00,2514.890000
2025-06-08T12:00:00,2515.960000
2025-06-08T16:00:00,2534.180000
2025-06-08T20:00:00,2511.220000
2025-06-09T00:00:00,2498.480000
2025-06-09T04:00:00,2493.210000
2025-06-09T08:00:00,2543.280000
2025-06-09T12:00:00,2535.580000
2025-06-09T16:00:00,2582.090000
2025-06-09T20:00:00,2681.380000
2025-06-10T00:00:00,2690.190000
2025-06-10T04:00:00,2678.610000
2025-06-10T08:00:00,2774.740000
2025-06-10T12:00:00,2733.960000
2025-06-10T16:00:00,2774.400000
2025-06-10T20:00:00,2816.820000
2025-06-11T00:00:00,2791.620000
2025-06-11T04:00:00,2792.150000
2025-06-11T08:00:00,2772.900000
2025-06-11T12:00:00,2866.200000
2025-06-11T16:00:00,2814.600000
2025-06-11T20:00:00,2772.500000
2025-06-12T00:00:00,2765.690000
2025-06-12T04:00:00,2741.600000
2025-06-12T08:00:00,2730.400000
2025-06-12T12:00:00,2720.500000
2025-06-12T16:00:00,2696.110000
2025-06-12T20:00:00,2643.910000
2025-06-13T00:00:00,2516.310000
2025-06-13T04:00:00,2527.920000
2025-06-13T08:00:00,2546.450000
2025-06-13T12:00:00,2552.890000
2025-06-13T16:00:00,2529.070000
2025-06-13T20:00:00,2580.390000
2025-06-14T00:00:00,2550.280000
2025-06-14T04:00:00,2538.770000
2025-06-14T08:00:00,2539.820000
2025-06-14T12:00:00,2520.840000
2025-06-14T16:00:00,2508.590000
2025-06-14T20:00:00,2532.010000
2025-06-15T00:00:00,2531.610000
2025-06-15T04:00:00,2529.630000
2025-06-15T08:00:00,2516.980000
2025-06-15T12:00:00,2542.540000
2025-06-15T16:00:00,2537.570000
2025-06-15T20:00:00,2548.120000
2025-06-16T00:00:00,2569.060000
2025-06-16T04:00:00,2629.120000
2025-06-16T08:00:00,2617.420000
2025-06-16T12:00:00,2633.540000
2025-06-16T16:00:00,2661.410000
2025-06-16T20:00:00,2545.610000
2025-06-17T00:00:00,2608.190000
2025-06-17T04:00:00,2583.010000
2025-06-17T08:00:00,2552.690000
2025-06-17T12:00:00,2499.600000
2025-06-17T16:00:00,2529.070000
2025-06-17T20:00:00,2510.590000
2025-06-18T00:00:00,2528.460000
2025-06-18T04:00:00,2534.290000
2025-06-18T08:00:00,2514.380000
2025-06-18T12:00:00,2509.660000
2025-06-18T16:00:00,2493.100000
2025-06-18T20:00:00,2525.640000
2025-06-19T00:00:00,2526.100000
2025-06-19T04:00:00,2519.410000
2025-06-19T08:00:00,2532.500000
2025-06-19T12:00:00,2493.690000
2025-06-19T16:00:00,2505.360000
2025-06-19T20:00:00,2521.730000
2025-06-20T00:00:00,2517.690000
2025-06-20T04:00:00,2550.000000
2025-06-20T08:00:00,2550.000000
2025-06-20T12:00:00,2494.500000
2025-06-20T16:00:00,2414.830000
2025-06-20T20:00:00,2406.720000
2025-06-21T00:00:00,2426.150000
2025-06-21T04:00:00,2427.120000
2025-06-21T08:00:00,2443.170000
2025-06-21T12:00:00,2424.120000
2025-06-21T16:00:00,2385.230000
2025-06-21T20:00:00,2296.990000
2025-06-22T00:00:00,2265.470000
2025-06-22T04:00:00,2271.390000
2025-06-22T08:00:00,2273.920000
2025-06-22T12:00:00,2175.480000
2025-06-22T16:00:00,2184.590000
2025-06-22T20:00:00,2228.410000
2025-06-23T00:00:00,2235.400000
2025-06-23T04:00:00,2259.700000
2025-06-23T08:00:00,2254.260000
2025-06-23T12:00:00,2249.410000
2025-06-23T16:00:00,2315.500000
2025-06-23T20:00:00,2413.380000
2025-06-24T00:00:00,2400.370000
2025-06-24T04:00:00,2394.840000
2025-06-24T08:00:00,2410.810000
2025-06-24T12:00:00,2439.360000
2025-06-24T16:00:00,2435.700000
2025-06-24T20:00:00,2449.600000
2025-06-25T00:00:00,2445.590000
2025-06-25T04:00:00,2445.980000
2025-06-25T08:00:00,2430.390000
2025-06-25T12:00:00,2406.810000
2025-06-25T16:00:00,2434.010000
2025-06-25T20:00:00,2419.690000
2025-06-26T00:00:00,2490.360000
2025-06-26T04:00:00,2491.700000
2025-06-26T08:00:00,2451.420000
2025-06-26T12:00:00,2434.560000
2025-06-26T16:00:00,2436.710000
2025-06-26T20:00:00,2417.270000
2025-06-27T00:00:00,2447.980000
2025-06-27T04:00:00,2443.550000
2025-06-27T08:00:00,2448.110000
2025-06-27T12:00:00,2439.400000
2025-06-27T16:00:00,2413.700000
2025-06-27T20:00:00,2424.350000
2025-06-28T00:00:00,2421.900000
2025-06-28T04:00:00,2432.880000
2025-06-28T08:00:00,2428.440000
2025-06-28T12:00:00,2437.000000
2025-06-28T16:00:00,2434.260000
2025-06-28T20:00:00,2436.850000
2025-06-29T00:00:00,2428.700000
2025-06-29T04:00:00,2441.600000
2025-06-29T08:00:00,2463.050000
2025-06-29T12:00:00,2437.490000
2025-06-29T16:00:00,2438.500000
2025-06-29T20:00:00,2500.810000
2025-06-30T00:00:00,2500.320000
2025-06-30T04:00:00,2481.360000
2025-06-30T08:00:00,2459.210000
2025-06-30T12:00:00,2475.180000
2025-06-30T16:00:00,2516.280000
2025-06-30T20:00:00,2486.050000
2025-07-01T00:00:00,2486.050000
2025-07-01T04:00:00,2465.750000
2025-07-01T08:00:00,2449.690000
2025-07-01T12:00:00,2424.290000
2025-07-01T16:00:00,2403.200000
2025-07-01T20:00:00,2405.510000
2025-07-02T00:00:00,2430.950000
2025-07-02T04:00:00,2447.760000
2025-07-02T08:00:00,2446.350000
2025-07-02T12:00:00,2499.900000
2025-07-02T16:00:00,2606.090000
2025-07-02T20:00:00,2571.410000
2025-07-03T00:00:00,2562.300000
2025-07-03T04:00:00,2601.170000
2025-07-03T08:00:00,2598.330000
2025-07-03T12:00:00,2571.260000
2025-07-03T16:00:00,2587.100000
2025-07-03T20:00:00,2592.030000
2025-07-04T00:00:00,2578.960000
2025-07-04T04:00:00,2536.040000
2025-07-04T08:00:00,2549.970000
2025-07-04T12:00:00,2501.750000
2025-07-04T16:00:00,2483.090000
2025-07-04T20:00:00,2508.690000
2025-07-05T00:00:00,2519.000000
2025-07-05T04:00:00,2522.260000
2025-07-05T08:00:00,2518.790000
2025-07-05T12:00:00,2508.690000
2025-07-05T16:00:00,2506.270000
2025-07-05T20:00:00,2516.920000
2025-07-06T00:00:00,2515.490000
2025-07-06T04:00:00,2518.500000
2025-07-06T08:00:00,2517.030000
2025-07-06T12:00:00,2559.050000
2025-07-06T16:00:00,2541.710000
2025-07-06T20:00:00,2570.800000
2025-07-07T00:00:00,2578.100000
2025-07-07T04:00:00,2578.900000
2025-07-07T08:00:00,2563.310000
2025-07-07T12:00:00,2533.900000
2025-07-07T16:00:00,2544.260000
2025-07-07T20:00:00,2542.550000
2025-07-08T00:00:00,2538.200000
2025-07-08T04:00:00,2553.750000
2025-07-08T08:00:00,2575.400000
2025-07-08T12:00:00,2565.260000
2025-07-08T16:00:00,2611.190000
2025-07-08T20:00:00,2616.000000
2025-07-09T00:00:00,2592.230000
2025-07-09T04:00:00,2625.510000
2025-07-09T08:00:00,2626.650000
2025-07-09T12:00:00,2657.310000
2025-07-09T16:00:00,2765.700000
2025-07-09T20:00:00,2769.590000
2025-07-10T00:00:00,2777.180000
2025-07-10T04:00:00,2791.770000
2025-07-10T08:00:00,2779.700000
2025-07-10T12:00:00,2770.880000
2025-07-10T16:00:00,2818.500000
2025-07-10T20:00:00,2951.500000
2025-07-11T00:00:00,2970.610000
2025-07-11T04:00:00,2970.290000
2025-07-11T08:00:00,2985.010000
2025-07-11T12:00:00,2952.400000
2025-07-11T16:00:00,3009.290000
2025-07-11T20:00:00,2959.110000
2025-07-12T00:00:00,2967.500000
2025-07-12T04:00:00,2964.300000
2025-07-12T08:00:00,2964.890000
2025-07-12T12:00:00,2917.010000
2025-07-12T16:00:00,2941.950000
2025-07-12T20:00:00,2944.120000
2025-07-13T00:00:00,2956.140000
2025-07-13T04:00:00,2964.000000
2025-07-13T08:00:00,2965.800000
2025-07-13T12:00:00,2993.700000
2025-07-13T16:00:00,2990.410000
2025-07-13T20:00:00,2973.580000
2025-07-14T00:00:00,3038.530000
2025-07-14T04:00:00,3045.750000
2025-07-14T08:00:00,3052.200000
2025-07-14T12:00:00,3013.100000
2025-07-14T16:00:00,3001.380000
2025-07-14T20:00:00,3014.400000
2025-07-15T00:00:00,2952.450000
2025-07-15T04:00:00,2977.290000
2025-07-15T08:00:00,2981.090000
2025-07-15T12:00:00,3039.190000
2025-07-15T16:00:00,3040.900000
2025-07-15T20:00:00,3138.240000
2025-07-16T00:00:00,3116.290000
2025-07-16T04:00:00,3162.790000
2025-07-16T08:00:00,3151.040000
2025-07-16T12:00:00,3245.900000
2025-07-16T16:00:00,3386.810000
2025-07-16T20:00:00,3372.910000
2025-07-17T00:00:00,3332.170000
2025-07-17T04:00:00,3449.890000
2025-07-17T08:00:00,3434.890000
2025-07-17T12:00:00,3422.940000
2025-07-17T16:00:00,3415.090000
2025-07-17T20:00:00,3480.000000
2025-07-18T00:00:00,3599.460000
2025-07-18T04:00:00,3607.800000
2025-07-18T08:00:00,3612.450000
2025-07-18T12:00:00,3565.430000
2025-07-18T16:00:00,3554.280000
2025-07-18T20:00:00,3549.670000
2025-07-19T00:00:00,3595.700000
2025-07-19T04:00:00,3574.300000
2025-07-19T08:00:00,3554.530000
2025-07-19T12:00:00,3554.100000
2025-07-19T16:00:00,3579.840000
2025-07-19T20:00:00,3594.110000
2025-07-20T00:00:00,3660.200000
2025-07-20T04:00:00,3670.330000
2025-07-20T08:00:00,3757.810000
2025-07-20T12:00:00,3787.680000
2025-07-20T16:00:00,3751.690000
2025-07-20T20:00:00,3758.870000
2025-07-21T00:00:00,3759.790000
2025-07-21T04:00:00,3789.530000
2025-07-21T08:00:00,3810.420000
2025-07-21T12:00:00,3813.580000
2025-07-21T16:00:00,3738.840000
2025-07-21T20:00:00,3764.020000
2025-07-22T00:00:00,3733.500000
2025-07-22T04:00:00,3679.130000
2025-07-22T08:00:00,3707.870000
2025-07-22T12:00:00,3720.420000
2025-07-22T16:00:00,3671.850000
2025-07-22T20:00:00,3748.700000
2025-07-23T00:00:00,3730.750000
2025-07-23T04:00:00,3675.300000
2025-07-23T08:00:00,3674.220000
2025-07-23T12:00:00,3646.700000
2025-07-23T16:00:00,3589.400000
2025-07-23T20:00:00,3630.400000
2025-07-24T00:00:00,3643.250000
2025-07-24T04:00:00,3593.990000
2025-07-24T08:00:00,3657.010000
2025-07-24T12:00:00,3733.230000
2025-07-24T16:00:00,3734.760000
2025-07-24T20:00:00,3709.390000
2025-07-25T00:00:00,3596.810000
2025-07-25T04:00:00,3632.790000
2025-07-25T08:00:00,3721.380000
2025-07-25T12:00:00,3634.920000
2025-07-25T16:00:00,3642.010000
2025-07-25T20:00:00,3725.960000
2025-07-26T00:00:00,3740.580000
2025-07-26T04:00:00,3744.000000
2025-07-26T08:00:00,3740.790000
2025-07-26T12:00:00,3737.500000
2025-07-26T16:00:00,3752.400000
2025-07-26T20:00:00,3743.290000
2025-07-27T00:00:00,3776.390000
2025-07-27T04:00:00,3770.070000
2025-07-27T08:00:00,3816.990000
2025-07-27T12:00:00,3820.520000
2025-07-27T16:00:00,3830.000000
2025-07-27T20:00:00,3874.110000
2025-07-28T00:00:00,3880.870000
2025-07-28T04:00:00,3894.050000
2025-07-28T08:00:00,3880.200000
2025-07-28T12:00:00,3808.610000
2025-07-28T16:00:00,3798.260000
2025-07-28T20:00:00,3798.600000
2025-07-29T00:00:00,3791.890000
2025-07-29T04:00:00,3877.860000
2025-07-29T08:00:00,3825.640000
2025-07-29T12:00:00,3761.660000
2025-07-29T16:00:00,3765.420000
2025-07-29T20:00:00,3793.660000
2025-07-30T00:00:00,3817.170000
2025-07-30T04:00:00,3811.210000
2025-07-30T08:00:00,3758.790000
2025-07-30T12:00:00,3797.990000
2025-07-30T16:00:00,3761.100000
2025-07-30T20:00:00,3810.780000
2025-07-31T00:00:00,3863.770000
2025-07-31T04:00:00,3863.880000
2025-07-31T08:00:00,3837.980000
2025-07-31T12:00:00,3788.450000
2025-07-31T16:00:00,3737.420000
2025-07-31T20:00:00,3698.470000
2025-08-01T00:00:00,3705.100000
2025-08-01T04:00:00,3649.820000
2025-08-01T08:00:00,3642.010000
2025-08-01T12:00:00,3615.920000
2025-08-01T16:00:00,3517.000000
2025-08-01T20:00:00,3486.930000
2025-08-02T00:00:00,3527.940000
2025-08-02T04:00:00,3518.990000
2025-08-02T08:00:00,3507.910000
2025-08-02T12:00:00,3458.890000
2025-08-02T16:00:00,3382.510000
2025-08-02T20:00:00,3393.590000
2025-08-03T00:00:00,3443.630000
2025-08-03T04:00:00,3456.080000
2025-08-03T08:00:00,3485.580000
2025-08-03T12:00:00,3476.700000
2025-08-03T16:00:00,3497.980000
2025-08-03T20:00:00,3497.680000
2025-08-04T00:00:00,3557.250000
2025-08-04T04:00:00,3552.690000
2025-08-04T08:00:00,3556.000000
2025-08-04T12:00:00,3649.310000
2025-08-04T16:00:00,3669.890000
2025-08-04T20:00:00,3721.340000
2025-08-05T00:00:00,3651.850000
2025-08-05T04:00:00,3613.310000
2025-08-05T08:00:00,3674.160000
2025-08-05T12:00:00,3570.310000
2025-08-05T16:00:00,3571.300000
2025-08-05T20:00:00,3612.470000
2025-08-06T00:00:00,3583.690000
2025-08-06T04:00:00,3639.990000
2025-08-06T08:00:00,3619.880000
2025-08-06T12:00:00,3664.940000
2025-08-06T16:00:00,3684.570000
2025-08-06T20:00:00,3684.200000
2025-08-07T00:00:00,3658.300000
2025-08-07T04:00:00,3703.910000
2025-08-07T08:00:00,3827.890000
2025-08-07T12:00:00,3838.690000
2025-08-07T16:00:00,3869.730000
2025-08-07T20:00:00,3911.800000
2025-08-08T00:00:00,3940.100000
2025-08-08T04:00:00,3916.910000
2025-08-08T08:00:00,3919.200000
2025-08-08T12:00:00,3955.580000
2025-08-08T16:00:00,4061.540000
2025-08-08T20:00:00,4011.000000
2025-08-09T00:00:00,4051.780000
2025-08-09T04:00:00,4171.700000
2025-08-09T08:00:00,4190.900000
2025-08-09T12:00:00,4210.210000
2025-08-09T16:00:00,4259.950000
2025-08-09T20:00:00,4262.250000
2025-08-10T00:00:00,4243.800000
2025-08-10T04:00:00,4185.590000
2025-08-10T08:00:00,4181.140000
2025-08-10T12:00:00,4218.600000
2025-08-10T16:00:00,4250.600000
2025-08-10T20:00:00,4251.830000
2025-08-11T00:00:00,4310.190000
2025-08-11T04:00:00,4274.540000
2025-08-11T08:00:00,4184.710000
2025-08-11T12:00:00,4329.700000
2025-08-11T16:00:00,4260.010000
2025-08-11T20:00:00,4224.160000
2025-08-12T00:00:00,4286.320000
2025-08-12T04:00:00,4315.860000
2025-08-12T08:00:00,4290.990000
2025-08-12T12:00:00,4472.900000
2025-08-12T16:00:00,4517.990000
2025-08-12T20:00:00,4590.010000
2025-08-13T00:00:00,4647.110000
2025-08-13T04:00:00,4626.310000
2025-08-13T08:00:00,4690.510000
2025-08-13T12:00:00,4665.350000
2025-08-13T16:00:00,4741.600000
2025-08-13T20:00:00,4751.600000
2025-08-14T00:00:00,4776.990000
2025-08-14T04:00:00,4750.480000
2025-08-14T08:00:00,4720.900000
2025-08-14T12:00:00,4621.220000
2025-08-14T16:00:00,4540.370000
2025-08-14T20:00:00,4550.200000
2025-08-15T00:00:00,4638.590000
2025-08-15T04:00:00,4643.800000
2025-08-15T08:00:00,4637.490000
2025-08-15T12:00:00,4432.690000
2025-08-15T16:00:00,4385.900000
2025-08-15T20:00:00,4442.760000
2025-08-16T00:00:00,4435.880000
2025-08-16T04:00:00,4455.200000
2025-08-16T08:00:00,4391.320000
2025-08-16T12:00:00,4403.900000
2025-08-16T16:00:00,4421.410000
2025-08-16T20:00:00,4425.200000
2025-08-17T00:00:00,4455.720000
2025-08-17T04:00:00,4470.690000
2025-08-17T08:00:00,4554.680000
2025-08-17T12:00:00,4564.260000
2025-08-17T16:00:00,4462.880000
2025-08-17T20:00:00,4475.500000
2025-08-18T00:00:00,4323.710000
2025-08-18T04:00:00,4259.790000
2025-08-18T08:00:00,4277.110000
2025-08-18T12:00:00,4348.110000
2025-08-18T16:00:00,4357.200000
2025-08-18T20:00:00,4316.290000
2025-08-19T00:00:00,4220.800000
2025-08-19T04:00:00,4236.200000
2025-08-19T08:00:00,4310.600000
2025-08-19T12:00:00,4192.140000
2025-08-19T16:00:00,4141.910000
2025-08-19T20:00:00,4075.200000
2025-08-20T00:00:00,4141.200000
2025-08-20T04:00:00,4185.490000
2025-08-20T08:00:00,4195.350000
2025-08-20T12:00:00,4255.310000
2025-08-20T16:00:00,4347.390000
2025-08-20T20:00:00,4336.700000
2025-08-21T00:00:00,4295.530000
2025-08-21T04:00:00,4311.300000
2025-08-21T08:00:00,4279.120000
2025-08-21T12:00:00,4242.840000
2025-08-21T16:00:00,4223.130000
2025-08-21T20:00:00,4224.890000
2025-08-22T00:00:00,4278.400000
2025-08-22T04:00:00,4327.600000
2025-08-22T08:00:00,4274.100000
2025-08-22T12:00:00,4616.600000
2025-08-22T16:00:00,4833.190000
2025-08-22T20:00:00,4830.540000
2025-08-23T00:00:00,4693.340000
2025-08-23T04:00:00,4712.300000
2025-08-23T08:00:00,4703.300000
2025-08-23T12:00:00,4749.810000
2025-08-23T16:00:00,4757.000000
2025-08-23T20:00:00,4776.900000
2025-08-24T00:00:00,4787.340000
2025-08-24T04:00:00,4757.690000
2025-08-24T08:00:00,4747.160000
2025-08-24T12:00:00,4797.790000
2025-08-24T16:00:00,4813.210000
2025-08-24T20:00:00,4780.090000
2025-08-25T00:00:00,4727.280000
2025-08-25T04:00:00,4590.610000
2025-08-25T08:00:00,4599.980000
2025-08-25T12:00:00,4613.410000
2025-08-25T16:00:00,4420.210000
2025-08-25T20:00:00,4377.580000
2025-08-26T00:00:00,4404.170000
2025-08-26T04:00:00,4430.360000
2025-08-26T08:00:00,4428.220000
2025-08-26T12:00:00,4520.080000
2025-08-26T16:00:00,4598.440000
2025-08-26T20:00:00,4601.950000
2025-08-27T00:00:00,4603.970000
2025-08-27T04:00:00,4581.500000
2025-08-27T08:00:00,4608.900000
2025-08-27T12:00:00,4658.800000
2025-08-27T16:00:00,4566.790000
2025-08-27T20:00:00,4507.180000
2025-08-28T00:00:00,4542.500000
2025-08-28T04:00:00,4598.160000
2025-08-28T08:00:00,4595.760000
2025-08-28T12:00:00,4505.090000
2025-08-28T16:00:00,4439.450000
2025-08-28T20:00:00,4511.900000
2025-08-29T00:00:00,4490.900000
2025-08-29T04:00:00,4382.320000
2025-08-29T08:00:00,4347.740000
2025-08-29T12:00:00,4317.340000
2025-08-29T16:00:00,4341.490000
2025-08-29T20:00:00,4361.070000
2025-08-30T00:00:00,4353.120000
2025-08-30T04:00:00,4403.240000
2025-08-30T08:00:00,4392.970000
2025-08-30T12:00:00,4377.010000
2025-08-30T16:00:00,4355.370000
2025-08-30T20:00:00,4374.990000
2025-08-31T00:00:00,4488.800000
2025-08-31T04:00:00,4451.830000
2025-08-31T08:00:00,4477.610000
2025-08-31T12:00:00,4485.580000
2025-08-31T16:00:00,4456.320000
2025-08-31T20:00:00,4392.840000
2025-09-01T00:00:00,4405.180000
2025-09-01T04:00:00,4464.100000
2025-09-01T08:00:00,4393.740000
2025-09-01T12:00:00,4362.610000
2025-09-01T16:00:00,4368.840000
2025-09-01T20:00:00,4315.220000
2025-09-02T00:00:00,4367.240000
2025-09-02T04:00:00,4378.030000
2025-09-02T08:00:00,4348.930000
2025-09-02T12:00:00,4296.770000
2025-09-02T16:00:00,4274.900000
2025-09-02T20:00:00,4327.220000
2025-09-03T00:00:00,4335.400000
2025-09-03T04:00:00,4310.750000
2025-09-03T08:00:00,4372.870000
2025-09-03T12:00:00,4481.290000
2025-09-03T16:00:00,4477.430000
2025-09-03T20:00:00,4452.550000
2025-09-04T00:00:00,4400.390000
2025-09-04T04:00:00,4372.700000
2025-09-04T08:00:00,4408.400000
2025-09-04T12:00:00,4306.050000
2025-09-04T16:00:00,4277.000000
2025-09-04T20:00:00,4298.820000
2025-09-05T00:00:00,4329.510000
2025-09-05T04:00:00,4418.020000
2025-09-05T08:00:00,4418.000000
2025-09-05T12:00:00,4283.910000
2025-09-05T16:00:00,4332.500000
2025-09-05T20:00:00,4308.020000
2025-09-06T00:00:00,4320.970000
2025-09-06T04:00:00,4313.180000
2025-09-06T08:00:00,4300.540000
2025-09-06T12:00:00,4270.860000
2025-09-06T16:00:00,4256.850000
2025-09-06T20:00:00,4274.710000
2025-09-07T00:00:00,4298.280000
2025-09-07T04:00:00,4295.890000
2025-09-07T08:00:00,4311.760000
2025-09-07T12:00:00,4299.680000
2025-09-07T16:00:00,4294.100000
2025-09-07T20:00:00,4306.330000
2025-09-08T00:00:00,4312.200000
2025-09-08T04:00:00,4292.640000
2025-09-08T08:00:00,4312.180000
2025-09-08T12:00:00,4372.530000
2025-09-08T16:00:00,4293.590000
2025-09-08T20:00:00,4306.630000
2025-09-09T00:00:00,4307.310000
2025-09-09T04:00:00,4362.680000
2025-09-09T08:00:00,4348.250000
2025-09-09T12:00:00,4285.500000
2025-09-09T16:00:00,4295.070000
2025-09-09T20:00:00,4310.670000
2025-09-10T00:00:00,4321.220000
2025-09-10T04:00:00,4330.010000
2025-09-10T08:00:00,4331.730000
2025-09-10T12:00:00,4406.360000
2025-09-10T16:00:00,4324.200000
2025-09-10T20:00:00,4350.940000
2025-09-11T00:00:00,4405.800000
2025-09-11T04:00:00,4441.800000
2025-09-11T08:00:00,4431.800000
2025-09-11T12:00:00,4414.210000
2025-09-11T16:00:00,4425.670000
2025-09-11T20:00:00,4461.010000
2025-09-12T00:00:00,4507.800000
2025-09-12T04:00:00,4527.800000
2025-09-12T08:00:00,4522.560000
2025-09-12T12:00:00,4543.870000
2025-09-12T16:00:00,4662.670000
2025-09-12T20:00:00,4715.610000
2025-09-13T00:00:00,4759.370000
2025-09-13T04:00:00,4714.550000
2025-09-13T08:00:00,4722.720000
2025-09-13T12:00:00,4657.260000
2025-09-13T16:00:00,4640.650000
2025-09-13T20:00:00,4669.520000
2025-09-14T00:00:00,4666.780000
2025-09-14T04:00:00,4654.100000
2025-09-14T08:00:00,4638.220000
2025-09-14T12:00:00,4584.550000
2025-09-14T16:00:00,4618.160000
2025-09-14T20:00:00,4606.440000
2025-09-15T00:00:00,4638.310000
2025-09-15T04:00:00,4599.700000
2025-09-15T08:00:00,4532.420000
2025-09-15T12:00:00,4501.650000
2025-09-15T16:00:00,4495.030000
2025-09-15T20:00:00,4525.150000
2025-09-16T00:00:00,4522.260000
2025-09-16T04:00:00,4514.640000
2025-09-16T08:00:00,4502.980000
2025-09-16T12:00:00,4469.480000
2025-09-16T16:00:00,4493.050000
2025-09-16T20:00:00,4503.240000
2025-09-17T00:00:00,4499.710000
2025-09-17T04:00:00,4546.290000
2025-09-17T08:00:00,4493.010000
2025-09-17T12:00:00,4491.660000
2025-09-17T16:00:00,4520.450000
2025-09-17T20:00:00,4592.500000
2025-09-18T00:00:00,4616.540000
2025-09-18T04:00:00,4577.150000
2025-09-18T08:00:00,4578.600000
2025-09-18T12:00:00,4602.040000
2025-09-18T16:00:00,4590.580000
2025-09-18T20:00:00,4590.130000
2025-09-19T00:00:00,4552.080000
2025-09-19T04:00:00,4541.400000
2025-09-19T08:00:00,4516.190000
2025-09-19T12:00:00,4477.400000
2025-09-19T16:00:00,4443.910000
2025-09-19T20:00:00,4471.900000
2025-09-20T00:00:00,4468.400000
2025-09-20T04:00:00,4486.550000
2025-09-20T08:00:00,4472.750000
2025-09-20T12:00:00,4501.200000
2025-09-20T16:00:00,4483.490000
2025-09-20T20:00:00,4483.420000
2025-09-21T00:00:00,4481.270000
2025-09-21T04:00:00,4481.280000
2025-09-21T08:00:00,4463.500000
2025-09-21T12:00:00,4485.640000
2025-09-21T16:00:00,4497.640000
2025-09-21T20:00:00,4447.770000
2025-09-22T00:00:00,4308.970000
2025-09-22T04:00:00,4196.990000
2025-09-22T08:00:00,4185.800000
2025-09-22T12:00:00,4171.270000
2025-09-22T16:00:00,4138.750000
2025-09-22T20:00:00,4203.110000
2025-09-23T00:00:00,4191.850000
2025-09-23T04:00:00,4208.630000
2025-09-23T08:00:00,4195.760000
2025-09-23T12:00:00,4184.030000
2025-09-23T16:00:00,4155.790000
2025-09-23T20:00:00,4165.970000
2025-09-24T00:00:00,4149.490000
2025-09-24T04:00:00,4176.940000
2025-09-24T08:00:00,4183.590000
2025-09-24T12:00:00,4168.330000
2025-09-24T16:00:00,4163.880000
2025-09-24T20:00:00,4154.990000
2025-09-25T00:00:00,4064.200000
2025-09-25T04:00:00,4010.310000
2025-09-25T08:00:00,4004.530000
2025-09-25T12:00:00,4006.230000
2025-09-25T16:00:00,3913.800000
2025-09-25T20:00:00,3876.830000
2025-09-26T00:00:00,3968.400000
2025-09-26T04:00:00,3942.500000
2025-09-26T08:00:00,3908.750000
2025-09-26T12:00:00,3948.730000
2025-09-26T16:00:00,4027.200000
2025-09-26T20:00:00,4035.000000
2025-09-27T00:00:00,4021.810000
2025-09-27T04:00:00,4010.650000
2025-09-27T08:00:00,4004.840000
2025-09-27T12:00:00,4021.260000
2025-09-27T16:00:00,4004.920000
2025-09-27T20:00:00,4021.190000
2025-09-28T00:00:00,4005.290000
2025-09-28T04:00:00,4016.600000
2025-09-28T08:00:00,3994.800000
2025-09-28T12:00:00,4023.560000
2025-09-28T16:00:00,4041.090000
2025-09-28T20:00:00,4144.200000
2025-09-29T00:00:00,4123.940000
2025-09-29T04:00:00,4110.300000
2025-09-29T08:00:00,4105.710000
2025-09-29T12:00:00,4168.080000
2025-09-29T16:00:00,4191.600000
2025-09-29T20:00:00,4218.360000
2025-09-30T00:00:00,4201.950000
2025-09-30T04:00:00,4185.340000
2025-09-30T08:00:00,4168.200000
2025-09-30T12:00:00,4122.020000
2025-09-30T16:00:00,4161.740000
2025-09-30T20:00:00,4146.640000
2025-10-01T00:00:00,4130.840000
2025-10-01T04:00:00,4148.310000
2025-10-01T08:00:00,4300.990000
2025-10-01T12:00:00,4330.650000
2025-10-01T16:00:00,4337.270000
2025-10-01T20:00:00,4350.990000
2025-10-02T00:00:00,4379.840000
2025-10-02T04:00:00,4378.910000
2025-10-02T08:00:00,4381.870000
2025-10-02T12:00:00,4440.850000
2025-10-02T16:00:00,4498.960000
2025-10-02T20:00:00,4487.970000
2025-10-03T00:00:00,4504.990000
2025-10-03T04:00:00,4466.340000
2025-10-03T08:00:00,4482.730000
2025-10-03T12:00:00,4539.440000
2025-10-03T16:00:00,4523.410000
2025-10-03T20:00:00,4517.190000
2025-10-04T00:00:00,4490.880000
2025-10-04T04:00:00,4501.900000
2025-10-04T08:00:00,4487.460000
2025-10-04T12:00:00,4458.540000
2025-10-04T16:00:00,4470.600000
2025-10-04T20:00:00,4489.810000
2025-10-05T00:00:00,4534.150000
2025-10-05T04:00:00,4608.110000
2025-10-05T08:00:00,4552.450000
2025-10-05T12:00:00,4534.290000
2025-10-05T16:00:00,4489.140000
2025-10-05T20:00:00,4516.370000
2025-10-06T00:00:00,4539.560000
2025-10-06T04:00:00,4535.610000
2025-10-06T08:00:00,4574.330000
2025-10-06T12:00:00,4676.130000
2025-10-06T16:00:00,4726.180000
2025-10-06T20:00:00,4686.950000
2025-10-07T00:00:00,4693.160000
2025-10-07T04:00:00,4681.660000
2025-10-07T08:00:00,4712.570000
2025-10-07T12:00:00,4515.020000
2025-10-07T16:00:00,4482.130000
2025-10-07T20:00:00,4450.750000
2025-10-08T00:00:00,4446.750000
2025-10-08T04:00:00,4465.720000
2025-10-08T08:00:00,4489.410000
2025-10-08T12:00:00,4448.980000
2025-10-08T16:00:00,4516.250000
2025-10-08T20:00:00,4527.860000
2025-10-09T00:00:00,4452.450000
2025-10-09T04:00:00,4428.140000
2025-10-09T08:00:00,4375.290000
2025-10-09T12:00:00,4317.040000
2025-10-09T16:00:00,4340.870000
2025-10-09T20:00:00,4371.270000
2025-10-10T00:00:00,4349.700000
2025-10-10T04:00:00,4325.960000
2025-10-10T08:00:00,4345.140000
2025-10-10T12:00:00,4105.300000
2025-10-10T16:00:00,3998.130000
2025-10-10T20:00:00,3836.620000
2025-10-11T00:00:00,3797.140000
2025-10-11T04:00:00,3762.990000
2025-10-11T08:00:00,3843.630000
2025-10-11T12:00:00,3828.710000
2025-10-11T16:00:00,3764.480000
2025-10-11T20:00:00,3751.090000
2025-10-12T00:00:00,3785.260000
2025-10-12T04:00:00,3831.600000
2025-10-12T08:00:00,3822.140000
2025-10-12T12:00:00,4036.940000
2025-10-12T16:00:00,4138.810000
2025-10-12T20:00:00,4156.170000
2025-10-13T00:00:00,4144.170000
2025-10-13T04:00:00,4181.500000
2025-10-13T08:00:00,4084.090000
2025-10-13T12:00:00,4139.380000
2025-10-13T16:00:00,4256.150000
2025-10-13T20:00:00,4245.160000
2025-10-14T00:00:00,4157.090000
2025-10-14T04:00:00,3983.990000
2025-10-14T08:00:00,3974.850000
2025-10-14T12:00:00,4088.500000
2025-10-14T16:00:00,4105.570000
2025-10-14T20:00:00,4126.890000
2025-10-15T00:00:00,4083.660000
2025-10-15T04:00:00,4124.840000
2025-10-15T08:00:00,4102.900000
2025-10-15T12:00:00,3983.760000
2025-10-15T16:00:00,3984.600000
2025-10-15T20:00:00,3987.790000
2025-10-16T00:00:00,4017.010000
2025-10-16T04:00:00,4005.580000
2025-10-16T08:00:00,4063.890000
2025-10-16T12:00:00,3909.230000
2025-10-16T16:00:00,3868.860000
2025-10-16T20:00:00,3895.500000
2025-10-17T00:00:00,3934.640000
2025-10-17T04:00:00,3756.650000
2025-10-17T08:00:00,3778.730000
2025-10-17T12:00:00,3798.720000
2025-10-17T16:00:00,3828.620000
2025-10-17T20:00:00,3833.190000
2025-10-18T00:00:00,3872.430000
2025-10-18T04:00:00,3894.460000
2025-10-18T08:00:00,3883.930000
2025-10-18T12:00:00,3879.360000
2025-10-18T16:00:00,3895.160000
2025-10-18T20:00:00,3890.630000
2025-10-19T00:00:00,3907.470000
2025-10-19T04:00:00,3889.600000
2025-10-19T08:00:00,3925.490000
2025-10-19T12:00:00,3980.670000
2025-10-19T16:00:00,3987.990000
2025-10-19T20:00:00,3984.310000
2025-10-20T00:00:00,4028.340000
2025-10-20T04:00:00,4056.780000
2025-10-20T08:00:00,4036.640000
2025-10-20T12:00:00,4005.450000
2025-10-20T16:00:00,3982.600000
2025-10-20T20:00:00,3980.860000
2025-10-21T00:00:00,3924.360000
2025-10-21T04:00:00,3893.860000
2025-10-21T08:00:00,3891.640000
2025-10-21T12:00:00,4084.000000
2025-10-21T16:00:00,3998.000000
2025-10-21T20:00:00,3875.040000
2025-10-22T00:00:00,3861.600000
2025-10-22T04:00:00,3870.910000
2025-10-22T08:00:00,3831.100000
2025-10-22T12:00:00,3842.500000
2025-10-22T16:00:00,3804.570000
2025-10-22T20:00:00,3806.180000
2025-10-23T00:00:00,3828.020000
2025-10-23T04:00:00,3882.400000
2025-10-23T08:00:00,3864.640000
2025-10-23T12:00:00,3878.400000
2025-10-23T16:00:00,3861.280000
2025-10-23T20:00:00,3858.590000
2025-10-24T00:00:00,3892.700000
2025-10-24T04:00:00,3950.570000
2025-10-24T08:00:00,3947.970000
2025-10-24T12:00:00,3890.160000
2025-10-24T16:00:00,3927.600000
2025-10-24T20:00:00,3936.100000
2025-10-25T00:00:00,3922.020000
2025-10-25T04:00:00,3929.780000
2025-10-25T08:00:00,3941.250000
2025-10-25T12:00:00,3934.040000
2025-10-25T16:00:00,3958.080000
2025-10-25T20:00:00,3954.840000
2025-10-26T00:00:00,3932.540000
2025-10-26T04:00:00,3952.210000
2025-10-26T08:00:00,4045.860000
2025-10-26T12:00:00,4075.410000
2025-10-26T16:00:00,4068.590000
2025-10-26T20:00:00,4159.440000
2025-10-27T00:00:00,4205.530000
2025-10-27T04:00:00,4202.180000
2025-10-27T08:00:00,4162.650000
2025-10-27T12:00:00,4173.780000
2025-10-27T16:00:00,4194.900000
2025-10-27T20:00:00,4120.920000
2025-10-28T00:00:00,4094.410000
2025-10-28T04:00:00,4117.300000
2025-10-28T08:00:00,4112.680000
2025-10-28T12:00:00,4097.080000
2025-10-28T16:00:00,4040.580000
2025-10-28T20:00:00,3980.360000
2025-10-29T00:00:00,3998.730000
2025-10-29T04:00:00,4025.800000
2025-10-29T08:00:00,4012.300000
2025-10-29T12:00:00,3952.190000
2025-10-29T16:00:00,3906.500000
2025-10-29T20:00:00,3904.050000
2025-10-30T00:00:00,3935.590000
2025-10-30T04:00:00,3940.490000
2025-10-30T08:00:00,3881.380000
2025-10-30T12:00:00,3774.020000
2025-10-30T16:00:00,3686.180000
2025-10-30T20:00:00,3804.960000
2025-10-31T00:00:00,3829.270000
2025-10-31T04:00:00,3831.100000
2025-10-31T08:00:00,3873.400000
2025-10-31T12:00:00,3860.220000
2025-10-31T16:00:00,3884.890000
2025-10-31T20:00:00,3847.090000
2025-11-01T00:00:00,3860.280000
2025-11-01T04:00:00,3859.600000
2025-11-01T08:00:00,3876.350000
2025-11-01T12:00:00,3893.750000
2025-11-01T16:00:00,3879.180000
2025-11-01T20:00:00,3872.960000
2025-11-02T00:00:00,3880.190000
2025-11-02T04:00:00,3906.140000
2025-11-02T08:00:00,3890.500000
2025-11-02T12:00:00,3853.240000
2025-11-02T16:00:00,3856.100000
2025-11-02T20:00:00,3906.250000
2025-11-03T00:00:00,3737.040000
2025-11-03T04:00:00,3714.490000
2025-11-03T08:00:00,3711.680000
2025-11-03T12:00:00,3589.030000
2025-11-03T16:00:00,3630.970000
2025-11-03T20:00:00,3603.780000
2025-11-04T00:00:00,3641.970000
2025-11-04T04:00:00,3493.420000
2025-11-04T08:00:00,3528.600000
2025-11-04T12:00:00,3506.850000
2025-11-04T16:00:00,3229.350000
2025-11-04T20:00:00,3286.850000
2025-11-05T00:00:00,3335.270000
2025-11-05T04:00:00,3331.330000
2025-11-05T08:00:00,3322.670000
2025-11-05T12:00:00,3398.180000
2025-11-05T16:00:00,3455.060000
2025-11-05T20:00:00,3425.030000
2025-11-06T00:00:00,3432.950000
2025-11-06T04:00:00,3380.330000
2025-11-06T08:00:00,3399.220000
2025-11-06T12:00:00,3299.760000
2025-11-06T16:00:00,3325.250000
2025-11-06T20:00:00,3313.960000
2025-11-07T00:00:00,3344.140000
2025-11-07T04:00:00,3357.010000
2025-11-07T08:00:00,3258.780000
2025-11-07T12:00:00,3295.360000
2025-11-07T16:00:00,3442.360000
2025-11-07T20:00:00,3434.400000
2025-11-08T00:00:00,3452.610000
2025-11-08T04:00:00,3446.690000
2025-11-08T08:00:00,3411.990000
2025-11-08T12:00:00,3376.500000
2025-11-08T16:00:00,3388.810000
2025-11-08T20:00:00,3401.030000
2025-11-09T00:00:00,3375.240000
2025-11-09T04:00:00,3422.900000
2025-11-09T08:00:00,3428.400000
2025-11-09T12:00:00,3515.640000
2025-11-09T16:00:00,3579.860000
2025-11-09T20:00:00,3583.080000
2025-11-10T00:00:00,3627.490000
2025-11-10T04:00:00,3609.120000
2025-11-10T08:00:00,3610.090000
2025-11-10T12:00:00,3519.110000
2025-11-10T16:00:00,3558.280000
2025-11-10T20:00:00,3567.270000
2025-11-11T00:00:00,3605.650000
2025-11-11T04:00:00,3544.190000
2025-11-11T08:00:00,3574.390000
2025-11-11T12:00:00,3481.310000
2025-11-11T16:00:00,3456.660000
2025-11-11T20:00:00,3416.880000
2025-11-12T00:00:00,3438.310000
2025-11-12T04:00:00,3428.540000
2025-11-12T08:00:00,3549.780000
2025-11-12T12:00:00,3427.920000
2025-11-12T16:00:00,3407.900000
2025-11-12T20:00:00,3414.980000
2025-11-13T00:00:00,3452.800000
2025-11-13T04:00:00,3538.200000
2025-11-13T08:00:00,3501.160000
2025-11-13T12:00:00,3387.000000
2025-11-13T16:00:00,3197.060000
2025-11-13T20:00:00,3230.060000
2025-11-14T00:00:00,3227.330000
2025-11-14T04:00:00,3214.350000
2025-11-14T08:00:00,3143.410000
2025-11-14T12:00:00,3195.080000
2025-11-14T16:00:00,3206.400000
2025-11-14T20:00:00,3110.780000
2025-11-15T00:00:00,3177.540000
2025-11-15T04:00:00,3174.730000
2025-11-15T08:00:00,3150.480000
2025-11-15T12:00:00,3184.340000
2025-11-15T16:00:00,3195.990000
2025-11-15T20:00:00,3166.460000
2025-11-16T00:00:00,3201.110000
2025-11-16T04:00:00,3217.900000
2025-11-16T08:00:00,3167.480000
2025-11-16T12:00:00,3103.490000
2025-11-16T16:00:00,3089.360000
2025-11-16T20:00:00,3093.250000
2025-11-17T00:00:00,3175.070000
2025-11-17T04:00:00,3196.690000
2025-11-17T08:00:00,3202.060000
2025-11-17T12:00:00,3118.820000
2025-11-17T16:00:00,2979.410000
2025-11-17T20:00:00,3028.590000
2025-11-18T00:00:00,3021.790000
2025-11-18T04:00:00,3021.400000
2025-11-18T08:00:00,3055.230000
2025-11-18T12:00:00,3105.040000
2025-11-18T16:00:00,3144.810000
2025-11-18T20:00:00,3122.660000
2025-11-19T00:00:00,3071.820000
2025-11-19T04:00:00,3084.000000
2025-11-19T08:00:00,3082.230000
2025-11-19T12:00:00,2971.610000
2025-11-19T16:00:00,2878.960000
2025-11-19T20:00:00,3023.360000
2025-11-20T00:00:00,3037.220000
2025-11-20T04:00:00,3037.240000
2025-11-20T08:00:00,3021.360000
2025-11-20T12:00:00,2953.420000
2025-11-20T16:00:00,2845.100000
2025-11-20T20:00:00,2831.610000
2025-11-21T00:00:00,2806.400000
2025-11-21T04:00:00,2716.800000
2025-11-21T08:00:00,2685.890000
2025-11-21T12:00:00,2702.600000
2025-11-21T16:00:00,2750.720000
2025-11-21T20:00:00,2764.650000
2025-11-22T00:00:00,2751.360000
2025-11-22T04:00:00,2755.000000
2025-11-22T08:00:00,2733.790000
2025-11-22T12:00:00,2738.030000
2025-11-22T16:00:00,2749.650000
2025-11-22T20:00:00,2769.070000
2025-11-23T00:00:00,2823.500000
2025-11-23T04:00:00,2792.800000
2025-11-23T08:00:00,2814.700000
2025-11-23T12:00:00,2835.860000
2025-11-23T16:00:00,2822.190000
2025-11-23T20:00:00,2801.840000
2025-11-24T00:00:00,2855.870000
2025-11-24T04:00:00,2829.250000
2025-11-24T08:00:00,2802.400000
2025-11-24T12:00:00,2845.530000
2025-11-24T16:00:00,2958.800000
2025-11-24T20:00:00,2953.290000
2025-11-25T00:00:00,2911.710000
2025-11-25T04:00:00,2902.770000
2025-11-25T08:00:00,2891.080000
2025-11-25T12:00:00,2894.880000
2025-11-25T16:00:00,2922.310000
2025-11-25T20:00:00,2959.200000
2025-11-26T00:00:00,2926.560000
2025-11-26T04:00:00,2944.200000
2025-11-26T08:00:00,2913.790000
2025-11-26T12:00:00,2927.360000
2025-11-26T16:00:00,3032.790000
2025-11-26T20:00:00,3026.960000
2025-11-27T00:00:00,3033.650000
2025-11-27T04:00:00,3033.890000
2025-11-27T08:00:00,3028.550000
2025-11-27T12:00:00,3011.260000
2025-11-27T16:00:00,3032.100000
2025-11-27T20:00:00,3015.560000
2025-11-28T00:00:00,3008.670000
2025-11-28T04:00:00,3002.050000
2025-11-28T08:00:00,3034.360000
2025-11-28T12:00:00,3074.860000
2025-11-28T16:00:00,3050.830000
2025-11-28T20:00:00,3032.190000
2025-11-29T00:00:00,3023.560000
2025-11-29T04:00:00,3005.910000
2025-11-29T08:00:00,3001.110000
2025-11-29T12:00:00,3008.880000
2025-11-29T16:00:00,2989.610000
2025-11-29T20:00:00,2990.250000
2025-11-30T00:00:00,3002.810000
2025-11-30T04:00:00,3006.300000
2025-11-30T08:00:00,3003.950000
2025-11-30T12:00:00,3029.240000
2025-11-30T16:00:00,3035.260000
2025-11-30T20:00:00,2992.250000
2025-12-01T00:00:00,2826.450000
2025-12-01T04:00:00,2840.240000
2025-12-01T08:00:00,2838.220000
2025-12-01T12:00:00,2745.750000
2025-12-01T16:00:00,2741.110000
2025-12-01T20:00:00,2799.000000
2025-12-02T00:00:00,2804.960000
2025-12-02T04:00:00,2806.270000
2025-12-02T08:00:00,2826.360000
2025-12-02T12:00:00,3007.160000
2025-12-02T16:00:00,3016.750000
2025-12-02T20:00:00,2997.190000
2025-12-03T00:00:00,3031.560000
2025-12-03T04:00:00,3058.800000
2025-12-03T08:00:00,3074.100000
2025-12-03T12:00:00,3087.500000
2025-12-03T16:00:00,3129.600000
2025-12-03T20:00:00,3189.500000
2025-12-04T00:00:00,3211.190000
2025-12-04T04:00:00,3191.160000
2025-12-04T08:00:00,3187.500000
2025-12-04T12:00:00,3209.050000
2025-12-04T16:00:00,3120.600000
2025-12-04T20:00:00,3134.450000
2025-12-05T00:00:00,3171.980000
2025-12-05T04:00:00,3175.280000
2025-12-05T08:00:00,3132.580000
2025-12-05T12:00:00,3107.150000
2025-12-05T16:00:00,3039.300000
2025-12-05T20:00:00,3022.890000
2025-12-06T00:00:00,3041.400000
2025-12-06T04:00:00,3027.200000
2025-12-06T08:00:00,3039.810000
2025-12-06T12:00:00,3042.640000
2025-12-06T16:00:00,3031.680000
2025-12-06T20:00:00,3039.090000
2025-12-07T00:00:00,3054.900000
2025-12-07T04:00:00,3038.250000
2025-12-07T08:00:00,3036.440000
2025-12-07T12:00:00,3027.950000
2025-12-07T16:00:00,3138.550000
2025-12-07T20:00:00,3060.540000
2025-12-08T00:00:00,3111.560000
2025-12-08T04:00:00,3134.620000
2025-12-08T08:00:00,3142.890000
2025-12-08T12:00:00,3102.120000
2025-12-08T16:00:00,3119.390000
2025-12-08T20:00:00,3125.200000
2025-12-09T00:00:00,3129.990000
2025-12-09T04:00:00,3123.500000
2025-12-09T08:00:00,3118.870000
2025-12-09T12:00:00,3246.340000
2025-12-09T16:00:00,3358.600000
2025-12-09T20:00:00,3318.920000
2025-12-10T00:00:00,3310.550000
2025-12-10T04:00:00,3327.990000
2025-12-10T08:00:00,3319.090000
2025-12-10T12:00:00,3328.610000
2025-12-10T16:00:00,3391.000000
2025-12-10T20:00:00,3325.400000
2025-12-11T00:00:00,3193.030000
2025-12-11T04:00:00,3202.330000
2025-12-11T08:00:00,3193.770000
2025-12-11T12:00:00,3180.000000
2025-12-11T16:00:00,3195.270000
2025-12-11T20:00:00,3238.310000
2025-12-12T00:00:00,3246.840000
2025-12-12T04:00:00,3247.360000
2025-12-12T08:00:00,3243.580000
2025-12-12T12:00:00,3071.770000
2025-12-12T16:00:00,3074.400000
2025-12-12T20:00:00,3085.480000
2025-12-13T00:00:00,3090.710000
2025-12-13T04:00:00,3095.520000
2025-12-13T08:00:00,3120.250000
2025-12-13T12:00:00,3110.800000
2025-12-13T16:00:00,3109.610000
2025-12-13T20:00:00,3115.510000
2025-12-14T00:00:00,3119.490000
2025-12-14T04:00:00,3116.000000
2025-12-14T08:00:00,3085.600000
2025-12-14T12:00:00,3085.670000
2025-12-14T16:00:00,3094.700000
2025-12-14T20:00:00,3064.380000
2025-12-15T00:00:00,3109.340000
2025-12-15T04:00:00,3129.210000
2025-12-15T08:00:00,3157.360000
2025-12-15T12:00:00,3011.260000
2025-12-15T16:00:00,2940.450000
2025-12-15T20:00:00,2964.830000
2025-12-16T00:00:00,2936.850000
2025-12-16T04:00:00,2924.030000
2025-12-16T08:00:00,2958.010000
2025-12-16T12:00:00,2963.160000
2025-12-16T16:00:00,2945.440000
2025-12-16T20:00:00,2962.030000
2025-12-17T00:00:00,2947.600000
2025-12-17T04:00:00,2947.590000
2025-12-17T08:00:00,2928.260000
2025-12-17T12:00:00,2904.160000
2025-12-17T16:00:00,2819.900000
2025-12-17T20:00:00,2833.100000
2025-12-18T00:00:00,2831.290000
2025-12-18T04:00:00,2835.570000
2025-12-18T08:00:00,2858.140000
2025-12-18T12:00:00,2964.120000
2025-12-18T16:00:00,2780.980000
2025-12-18T20:00:00,2827.230000
2025-12-19T00:00:00,2907.600000
2025-12-19T04:00:00,2950.610000
2025-12-19T08:00:00,2964.100000
2025-12-19T12:00:00,2963.840000
2025-12-19T16:00:00,2983.950000
2025-12-19T20:00:00,2978.290000
2025-12-20T00:00:00,2988.300000
2025-12-20T04:00:00,2980.650000
2025-12-20T08:00:00,2986.200000
2025-12-20T12:00:00,2976.200000
2025-12-20T16:00:00,2977.260000
2025-12-20T20:00:00,2977.140000
2025-12-21T00:00:00,2972.170000
2025-12-21T04:00:00,2980.400000
2025-12-21T08:00:00,2996.240000
2025-12-21T12:00:00,2974.250000
2025-12-21T16:00:00,2990.850000
2025-12-21T20:00:00,3001.780000
2025-12-22T00:00:00,3021.000000
2025-12-22T04:00:00,3029.320000
2025-12-22T08:00:00,3048.650000
2025-12-22T12:00:00,3051.970000
2025-12-22T16:00:00,2980.090000
2025-12-22T20:00:00,3008.300000
2025-12-23T00:00:00,2990.600000
2025-12-23T04:00:00,2963.600000
2025-12-23T08:00:00,2972.600000
2025-12-23T12:00:00,2927.800000
2025-12-23T16:00:00,2942.860000
2025-12-23T20:00:00,2963.510000
2025-12-24T00:00:00,2944.800000
2025-12-24T04:00:00,2930.970000
2025-12-24T08:00:00,2924.040000
2025-12-24T12:00:00,2924.510000
2025-12-24T16:00:00,2944.550000
2025-12-24T20:00:00,2945.880000
2025-12-25T00:00:00,2946.030000
2025-12-25T04:00:00,2940.890000
2025-12-25T08:00:00,2923.850000
2025-12-25T12:00:00,2959.810000
2025-12-25T16:00:00,2954.900000
2025-12-25T20:00:00,2902.910000
2025-12-26T00:00:00,2962.900000
2025-12-26T04:00:00,2955.580000
2025-12-26T08:00:00,2963.590000
2025-12-26T12:00:00,2921.710000
2025-12-26T16:00:00,2924.090000
2025-12-26T20:00:00,2926.390000
2025-12-27T00:00:00,2932.100000
2025-12-27T04:00:00,2931.560000
2025-12-27T08:00:00,2929.730000
2025-12-27T12:00:00,2925.690000
2025-12-27T16:00:00,2929.290000
2025-12-27T20:00:00,2947.440000
2025-12-28T00:00:00,2941.900000
2025-12-28T04:00:00,2937.200000
2025-12-28T08:00:00,2942.500000
2025-12-28T12:00:00,2948.050000
2025-12-28T16:00:00,2932.000000
2025-12-28T20:00:00,2949.750000
2025-12-29T00:00:00,3041.310000
2025-12-29T04:00:00,3017.100000
2025-12-29T08:00:00,2957.160000
2025-12-29T12:00:00,2933.300000
2025-12-29T16:00:00,2930.000000
2025-12-29T20:00:00,2935.290000
2025-12-30T00:00:00,2948.930000
2025-12-30T04:00:00,2947.870000
2025-12-30T08:00:00,2976.150000
2025-12-30T12:00:00,2986.990000
2025-12-30T16:00:00,2969.860000
2025-12-30T20:00:00,2971.130000
2025-12-31T00:00:00,2967.950000
2025-12-31T04:00:00,2974.080000
2025-12-31T08:00:00,2999.070000
2025-12-31T12:00:00,2982.600000
2025-12-31T16:00:00,2967.460000
2025-12-31T20:00:00,2968.040000
2026-01-01T00:00:00,2976.190000
2026-01-01T04:00:00,2974.200000
2026-01-01T08:00:00,2985.610000
2026-01-01T12:00:00,2986.900000
2026-01-01T16:00:00,2992.090000
2026-01-01T20:00:00,3001.300000
2026-01-02T00:00:00,3019.630000
2026-01-02T04:00:00,3015.150000
2026-01-02T08:00:00,3045.230000
2026-01-02T12:00:00,3084.940000
2026-01-02T16:00:00,3122.750000
2026-01-02T20:00:00,3124.710000
2026-01-03T00:00:00,3124.720000
2026-01-03T04:00:00,3089.840000
2026-01-03T08:00:00,3097.550000
2026-01-03T12:00:00,3100.260000
2026-01-03T16:00:00,3112.140000
2026-01-03T20:00:00,3126.290000
2026-01-04T00:00:00,3146.640000
2026-01-04T04:00:00,3140.550000
2026-01-04T08:00:00,3139.000000
2026-01-04T12:00:00,3134.550000
2026-01-04T16:00:00,3131.810000
2026-01-04T20:00:00,3143.880000
2026-01-05T00:00:00,3185.040000
2026-01-05T04:00:00,3156.300000
2026-01-05T08:00:00,3179.500000
2026-01-05T12:00:00,3195.260000
2026-01-05T16:00:00,3223.250000
2026-01-05T20:00:00,3225.680000
2026-01-06T00:00:00,3225.690000
2026-01-06T04:00:00,3218.760000
2026-01-06T08:00:00,3237.540000
2026-01-06T12:00:00,3271.990000
2026-01-06T16:00:00,3222.340000
2026-01-06T20:00:00,3296.050000
2026-01-07T00:00:00,3265.350000
2026-01-07T04:00:00,3253.600000
2026-01-07T08:00:00,3218.500000
2026-01-07T12:00:00,3162.650000
2026-01-07T16:00:00,3143.000000
2026-01-07T20:00:00,3166.370000
2026-01-08T00:00:00,3139.890000
2026-01-08T04:00:00,3124.250000
2026-01-08T08:00:00,3117.590000
2026-01-08T12:00:00,3101.760000
2026-01-08T16:00:00,3109.140000
2026-01-08T20:00:00,3104.640000
2026-01-09T00:00:00,3116.980000
2026-01-09T04:00:00,3108.110000
2026-01-09T08:00:00,3087.550000
2026-01-09T12:00:00,3109.930000
2026-01-09T16:00:00,3077.740000
2026-01-09T20:00:00,3084.830000
2026-01-10T00:00:00,3083.160000
2026-01-10T04:00:00,3089.450000
2026-01-10T08:00:00,3093.810000
2026-01-10T12:00:00,3092.310000
2026-01-10T16:00:00,3088.850000
2026-01-10T20:00:00,3083.350000
2026-01-11T00:00:00,3093.760000
2026-01-11T04:00:00,3091.980000
2026-01-11T08:00:00,3101.870000
2026-01-11T12:00:00,3114.440000
2026-01-11T16:00:00,3120.930000
2026-01-11T20:00:00,3119.630000
2026-01-12T00:00:00,3148.750000
2026-01-12T04:00:00,3132.010000
2026-01-12T08:00:00,3112.260000
2026-01-12T12:00:00,3127.700000
2026-01-12T16:00:00,3119.600000
2026-01-12T20:00:00,3092.660000
2026-01-13T00:00:00,3113.200000
2026-01-13T04:00:00,3119.520000
2026-01-13T08:00:00,3131.400000
2026-01-13T12:00:00,3183.060000
2026-01-13T16:00:00,3215.520000
2026-01-13T20:00:00,3324.460000
2026-01-14T00:00:00,3350.850000
2026-01-14T04:00:00,3335.210000
2026-01-14T08:00:00,3284.970000
2026-01-14T12:00:00,3345.910000
2026-01-14T16:00:00,3367.830000
2026-01-14T20:00:00,3355.620000
2026-01-15T00:00:00,3286.700000
2026-01-15T04:00:00,3330.490000
2026-01-15T08:00:00,3349.700000
2026-01-15T12:00:00,3330.680000
2026-01-15T16:00:00,3295.300000
2026-01-15T20:00:00,3318.700000
2026-01-16T00:00:00,3295.190000
2026-01-16T04:00:00,3309.240000
2026-01-16T08:00:00,3301.470000
2026-01-16T12:00:00,3263.490000
2026-01-16T16:00:00,3275.990000
2026-01-16T20:00:00,3295.440000
2026-01-17T00:00:00,3288.590000
2026-01-17T04:00:00,3290.980000
2026-01-17T08:00:00,3302.500000
2026-01-17T12:00:00,3329.380000
2026-01-17T16:00:00,3315.950000
2026-01-17T20:00:00,3309.960000
2026-01-18T00:00:00,3315.540000
2026-01-18T04:00:00,3306.940000
2026-01-18T08:00:00,3321.480000
2026-01-18T12:00:00,3333.300000
2026-01-18T16:00:00,3346.290000
2026-01-18T20:00:00,3283.350000
2026-01-19T00:00:00,3211.200000
2026-01-19T04:00:00,3206.400000
2026-01-19T08:00:00,3223.000000
2026-01-19T12:00:00,3214.990000
2026-01-19T16:00:00,3218.790000
2026-01-19T20:00:00,3188.110000
2026-01-20T00:00:00,3186.990000
2026-01-20T04:00:00,3120.600000
2026-01-20T08:00:00,3107.030000
2026-01-20T12:00:00,3030.520000
2026-01-20T16:00:00,2993.460000
2026-01-20T20:00:00,2937.100000
2026-01-21T00:00:00,2978.830000
2026-01-21T04:00:00,2967.910000
2026-01-21T08:00:00,2940.940000
2026-01-21T12:00:00,3000.820000
2026-01-21T16:00:00,3053.760000
2026-01-21T20:00:00,2980.360000
2026-01-22T00:00:00,3011.520000
2026-01-22T04:00:00,2998.910000
2026-01-22T08:00:00,2984.500000
2026-01-22T12:00:00,2940.320000
2026-01-22T16:00:00,2951.990000
2026-01-22T20:00:00,2950.350000
2026-01-23T00:00:00,2961.900000
2026-01-23T04:00:00,2945.340000
2026-01-23T08:00:00,2937.810000
2026-01-23T12:00:00,2950.030000
2026-01-23T16:00:00,2957.150000
2026-01-23T20:00:00,2953.710000
2026-01-24T00:00:00,2959.140000
2026-01-24T04:00:00,2953.490000
2026-01-24T08:00:00,2957.650000
2026-01-24T12:00:00,2953.430000
2026-01-24T16:00:00,2950.360000
2026-01-24T20:00:00,2949.560000
2026-01-25T00:00:00,2939.020000
2026-01-25T04:00:00,2936.170000
2026-01-25T08:00:00,2933.800000
2026-01-25T12:00:00,2923.660000
2026-01-25T16:00:00,2811.030000
2026-01-25T20:00:00,2814.690000
2026-01-26T00:00:00,2847.860000
2026-01-26T04:00:00,2901.680000
2026-01-26T08:00:00,2890.310000
2026-01-26T12:00:00,2897.370000
2026-01-26T16:00:00,2921.260000
2026-01-26T20:00:00,2927.770000
2026-01-27T00:00:00,2938.550000
2026-01-27T04:00:00,2926.210000
2026-01-27T08:00:00,2914.050000
2026-01-27T12:00:00,2934.780000
2026-01-27T16:00:00,2977.370000
2026-01-27T20:00:00,3023.010000
2026-01-28T00:00:00,3001.800000
2026-01-28T04:00:00,3001.600000
2026-01-28T08:00:00,3036.800000
2026-01-28T12:00:00,3004.590000
2026-01-28T16:00:00,3013.170000
2026-01-28T20:00:00,3007.300000
2026-01-29T00:00:00,2949.060000
2026-01-29T04:00:00,2958.150000
2026-01-29T08:00:00,2925.650000
2026-01-29T12:00:00,2820.710000
2026-01-29T16:00:00,2793.410000
2026-01-29T20:00:00,2818.580000
2026-01-30T00:00:00,2737.570000
2026-01-30T04:00:00,2736.200000
2026-01-30T08:00:00,2756.140000
2026-01-30T12:00:00,2725.920000
2026-01-30T16:00:00,2739.330000
2026-01-30T20:00:00,2703.980000
2026-01-31T00:00:00,2692.540000
2026-01-31T04:00:00,2676.660000
2026-01-31T08:00:00,2637.150000
2026-01-31T12:00:00,2531.250000
2026-01-31T16:00:00,2380.300000
2026-01-31T20:00:00,2450.030000
2026-02-01T00:00:00,2443.780000
2026-02-01T04:00:00,2409.380000
2026-02-01T08:00:00,2410.770000
2026-02-01T12:00:00,2314.450000
2026-02-01T16:00:00,2318.910000
2026-02-01T20:00:00,2268.890000
2026-02-02T00:00:00,2237.440000
2026-02-02T04:00:00,2226.760000
2026-02-02T08:00:00,2280.800000
2026-02-02T12:00:00,2371.860000
2026-02-02T16:00:00,2330.000000
2026-02-02T20:00:00,2345.460000
2026-02-03T00:00:00,2342.550000
2026-02-03T04:00:00,2321.640000
2026-02-03T08:00:00,2274.840000
2026-02-03T12:00:00,2302.000000
2026-02-03T16:00:00,2203.530000
2026-02-03T20:00:00,2231.190000
2026-02-04T00:00:00,2281.200000
2026-02-04T04:00:00,2281.740000
2026-02-04T08:00:00,2252.380000
2026-02-04T12:00:00,2149.140000
2026-02-04T16:00:00,2184.440000
2026-02-04T20:00:00,2144.050000
2026-02-05T00:00:00,2106.800000
2026-02-05T04:00:00,2087.500000
2026-02-05T08:00:00,2076.620000
2026-02-05T12:00:00,1957.990000
2026-02-05T16:00:00,1925.140000
2026-02-05T20:00:00,1823.870000
2026-02-06T00:00:00,1889.870000
2026-02-06T04:00:00,1897.420000
2026-02-06T08:00:00,1930.910000
2026-02-06T12:00:00,1979.880000
2026-02-06T16:00:00,2064.470000
2026-02-06T20:00:00,2062.400000
2026-02-07T00:00:00,2079.900000
2026-02-07T04:00:00,2026.260000
2026-02-07T08:00:00,2017.500000
2026-02-07T12:00:00,2051.140000
2026-02-07T16:00:00,2090.310000
2026-02-07T20:00:00,2086.420000
2026-02-08T00:00:00,2077.660000
2026-02-08T04:00:00,2083.340000
2026-02-08T08:00:00,2131.250000
2026-02-08T12:00:00,2107.540000
2026-02-08T16:00:00,2125.970000
2026-02-08T20:00:00,2088.950000
2026-02-09T00:00:00,2099.020000
2026-02-09T04:00:00,2064.540000
2026-02-09T08:00:00,2026.950000
2026-02-09T12:00:00,2060.740000
2026-02-09T16:00:00,2130.450000
2026-02-09T20:00:00,2104.080000
2026-02-10T00:00:00,2063.810000
2026-02-10T04:00:00,2005.720000
2026-02-10T08:00:00,2001.660000
2026-02-10T12:00:00,2021.780000
2026-02-10T16:00:00,2017.040000
2026-02-10T20:00:00,2021.790000
2026-02-11T00:00:00,2008.320000
2026-02-11T04:00:00,1949.790000
2026-02-11T08:00:00,1952.690000
2026-02-11T12:00:00,1928.780000
2026-02-11T16:00:00,1951.400000
2026-02-11T20:00:00,1939.900000
2026-02-12T00:00:00,1967.560000
2026-02-12T04:00:00,1967.080000
2026-02-12T08:00:00,1988.210000
2026-02-12T12:00:00,1947.980000
2026-02-12T16:00:00,1924.370000
2026-02-12T20:00:00,1946.210000
2026-02-13T00:00:00,1952.020000
2026-02-13T04:00:00,1934.430000
2026-02-13T08:00:00,1958.790000
2026-02-13T12:00:00,2033.860000
2026-02-13T16:00:00,2057.110000
2026-02-13T20:00:00,2047.870000
2026-02-14T00:00:00,2053.380000
2026-02-14T04:00:00,2056.190000
2026-02-14T08:00:00,2098.670000
2026-02-14T12:00:00,2086.990000
2026-02-14T16:00:00,2087.740000
2026-02-14T20:00:00,2086.090000
2026-02-15T00:00:00,2058.480000
2026-02-15T04:00:00,2090.450000
2026-02-15T08:00:00,2060.950000
2026-02-15T12:00:00,2010.640000
2026-02-15T16:00:00,1941.310000
2026-02-15T20:00:00,1965.600000
2026-02-16T00:00:00,1957.810000
2026-02-16T04:00:00,1970.270000
2026-02-16T08:00:00,1975.320000
2026-02-16T12:00:00,1955.890000
2026-02-16T16:00:00,1973.440000
2026-02-16T20:00:00,1997.520000
2026-02-17T00:00:00,1985.060000
2026-02-17T04:00:00,1985.310000
2026-02-17T08:00:00,1967.770000
2026-02-17T12:00:00,1968.040000
2026-02-17T16:00:00,1997.450000
2026-02-17T20:00:00,1991.010000
2026-02-18T00:00:00,1996.270000
2026-02-18T04:00:00,2017.480000
2026-02-18T08:00:00,1980.730000
2026-02-18T12:00:00,1984.730000
2026-02-18T16:00:00,1940.460000
2026-02-18T20:00:00,1955.370000
2026-02-19T00:00:00,1971.770000
2026-02-19T04:00:00,1981.090000
2026-02-19T08:00:00,1948.850000
2026-02-19T12:00:00,1925.930000
2026-02-19T16:00:00,1940.870000
2026-02-19T20:00:00,1948.320000
2026-02-20T00:00:00,1954.160000
2026-02-20T04:00:00,1960.480000
2026-02-20T08:00:00,1943.540000
2026-02-20T12:00:00,1963.690000
2026-02-20T16:00:00,1963.280000
2026-02-20T20:00:00,1968.120000
2026-02-21T00:00:00,1958.600000
2026-02-21T04:00:00,1962.440000
2026-02-21T08:00:00,1976.640000
2026-02-21T12:00:00,1987.430000
2026-02-21T16:00:00,1987.800000
2026-02-21T20:00:00,1972.990000
2026-02-22T00:00:00,1974.130000
2026-02-22T04:00:00,1975.610000
2026-02-22T08:00:00,1980.400000
2026-02-22T12:00:00,1953.550000
2026-02-22T16:00:00,1943.180000
2026-02-22T20:00:00,1957.330000
2026-02-23T00:00:00,1862.600000
2026-02-23T04:00:00,1885.100000
2026-02-23T08:00:00,1915.210000
2026-02-23T12:00:00,1895.370000
2026-02-23T16:00:00,1856.960000
2026-02-23T20:00:00,1855.840000
2026-02-24T00:00:00,1831.240000
2026-02-24T04:00:00,1825.210000
2026-02-24T08:00:00,1826.670000
2026-02-24T12:00:00,1847.610000
2026-02-24T16:00:00,1852.650000
2026-02-24T20:00:00,1851.950000
2026-02-25T00:00:00,1906.130000
2026-02-25T04:00:00,1893.350000
2026-02-25T08:00:00,1926.360000
2026-02-25T12:00:00,2013.780000
2026-02-25T16:00:00,2071.240000
2026-02-25T20:00:00,2057.880000
2026-02-26T00:00:00,2054.650000
2026-02-26T04:00:00,2053.490000
2026-02-26T08:00:00,2057.710000
2026-02-26T12:00:00,2033.460000
2026-02-26T16:00:00,2030.250000
2026-02-26T20:00:00,2027.760000
2026-02-27T00:00:00,2045.430000
2026-02-27T04:00:00,2032.720000
2026-02-27T08:00:00,1962.250000
2026-02-27T12:00:00,1948.710000
2026-02-27T16:00:00,1921.000000
2026-02-27T20:00:00,1929.710000
2026-02-28T00:00:00,1924.440000
2026-02-28T04:00:00,1866.560000
2026-02-28T08:00:00,1863.440000
2026-02-28T12:00:00,1899.000000
2026-02-28T16:00:00,1947.200000
2026-02-28T20:00:00,1964.710000
2026-03-01T00:00:00,2023.090000
2026-03-01T04:00:00,2007.210000
2026-03-01T08:00:00,1983.370000
2026-03-01T12:00:00,1993.440000
2026-03-01T16:00:00,1954.000000
2026-03-01T20:00:00,1939.790000
2026-03-02T00:00:00,1972.220000
2026-03-02T04:00:00,1941.430000
2026-03-02T08:00:00,1947.800000
2026-03-02T12:00:00,2047.430000
2026-03-02T16:00:00,2043.980000
2026-03-02T20:00:00,2027.440000
2026-03-03T00:00:00,2008.710000
2026-03-03T04:00:00,1996.190000
2026-03-03T08:00:00,1961.120000
2026-03-03T12:00:00,1969.060000
2026-03-03T16:00:00,1986.240000
2026-03-03T20:00:00,1983.060000
2026-03-04T00:00:00,1961.220000
2026-03-04T04:00:00,2006.660000
2026-03-04T08:00:00,2055.010000
2026-03-04T12:00:00,2150.810000
2026-03-04T16:00:00,2178.930000
2026-03-04T20:00:00,2127.530000
2026-03-05T00:00:00,2120.480000
2026-03-05T04:00:00,2105.720000
2026-03-05T08:00:00,2138.180000
2026-03-05T12:00:00,2087.340000
2026-03-05T16:00:00,2074.600000
2026-03-05T20:00:00,2073.300000
2026-03-06T00:00:00,2084.070000
2026-03-06T04:00:00,2082.930000
2026-03-06T08:00:00,2051.390000
2026-03-06T12:00:00,1978.140000
2026-03-06T16:00:00,1983.640000
2026-03-06T20:00:00,1978.680000
2026-03-07T00:00:00,1980.000000
2026-03-07T04:00:00,1982.910000
2026-03-07T08:00:00,1988.870000
2026-03-07T12:00:00,1981.150000
2026-03-07T16:00:00,1955.230000
2026-03-07T20:00:00,1969.590000
2026-03-08T00:00:00,1947.630000
2026-03-08T04:00:00,1955.310000
2026-03-08T08:00:00,1951.380000
2026-03-08T12:00:00,1943.180000
2026-03-08T16:00:00,1964.900000
2026-03-08T20:00:00,1936.830000
2026-03-09T00:00:00,1977.450000
2026-03-09T04:00:00,1983.490000
2026-03-09T08:00:00,1991.990000
2026-03-09T12:00:00,2022.930000
2026-03-09T16:00:00,2034.540000
2026-03-09T20:00:00,1993.270000
2026-03-10T00:00:00,2026.900000
2026-03-10T04:00:00,2051.120000
2026-03-10T08:00:00,2062.150000
2026-03-10T12:00:00,2079.840000
2026-03-10T16:00:00,2037.070000
2026-03-10T20:00:00,2036.870000
2026-03-11T00:00:00,2021.220000
2026-03-11T04:00:00,2012.560000
2026-03-11T08:00:00,2018.070000
2026-03-11T12:00:00,2050.200000
2026-03-11T16:00:00,2076.530000
2026-03-11T20:00:00,2052.320000
2026-03-12T00:00:00,2023.590000
2026-03-12T04:00:00,2040.990000
2026-03-12T08:00:00,2063.220000
2026-03-12T12:00:00,2072.650000
2026-03-12T16:00:00,2069.860000
2026-03-12T20:00:00,2073.630000
2026-03-13T00:00:00,2118.770000
2026-03-13T04:00:00,2099.720000
2026-03-13T08:00:00,2121.310000
2026-03-13T12:00:00,2128.250000
2026-03-13T16:00:00,2102.640000
2026-03-13T20:00:00,2092.720000
2026-03-14T00:00:00,2101.490000
2026-03-14T04:00:00,2077.660000
2026-03-14T08:00:00,2074.220000
2026-03-14T12:00:00,2075.110000
2026-03-14T16:00:00,2077.950000
2026-03-14T20:00:00,2096.590000
2026-03-15T00:00:00,2096.580000
2026-03-15T04:00:00,2106.270000
2026-03-15T08:00:00,2120.080000
2026-03-15T12:00:00,2094.240000
2026-03-15T16:00:00,2113.790000
2026-03-15T20:00:00,2178.550000
2026-03-16T00:00:00,2236.040000
2026-03-16T04:00:00,2249.360000
2026-03-16T08:00:00,2270.300000
2026-03-16T12:00:00,2274.100000
2026-03-16T16:00:00,2331.010000
2026-03-16T20:00:00,2352.950000
2026-03-17T00:00:00,2320.430000
2026-03-17T04:00:00,2328.140000
2026-03-17T08:00:00,2327.260000
2026-03-17T12:00:00,2316.600000
2026-03-17T16:00:00,2320.940000
2026-03-17T20:00:00,2318.010000
2026-03-18T00:00:00,2341.610000
2026-03-18T04:00:00,2318.150000
2026-03-18T08:00:00,2269.800000
2026-03-18T12:00:00,2188.000000
2026-03-18T16:00:00,2186.200000
2026-03-18T20:00:00,2203.600000
2026-03-19T00:00:00,2212.510000
2026-03-19T04:00:00,2166.800000
2026-03-19T08:00:00,2166.890000
2026-03-19T12:00:00,2118.770000
2026-03-19T16:00:00,2141.290000
2026-03-19T20:00:00,2138.160000
2026-03-20T00:00:00,2151.320000
2026-03-20T04:00:00,2150.610000
2026-03-20T08:00:00,2141.590000
2026-03-20T12:00:00,2133.560000
2026-03-20T16:00:00,2132.680000
2026-03-20T20:00:00,2146.060000
2026-03-21T00:00:00,2153.110000
2026-03-21T04:00:00,2155.150000
2026-03-21T08:00:00,2156.950000
2026-03-21T12:00:00,2154.940000
2026-03-21T16:00:00,2152.020000
2026-03-21T20:00:00,2084.740000
2026-03-22T00:00:00,2113.570000
2026-03-22T04:00:00,2093.400000
2026-03-22T08:00:00,2069.790000
2026-03-22T12:00:00,2083.020000
2026-03-22T16:00:00,2063.040000
2026-03-22T20:00:00,2053.610000
2026-03-23T00:00:00,2051.950000
2026-03-23T04:00:00,2044.120000
2026-03-23T08:00:00,2134.300000
2026-03-23T12:00:00,2128.050000
2026-03-23T16:00:00,2154.040000
2026-03-23T20:00:00,2151.620000
2026-03-24T00:00:00,2141.120000
2026-03-24T04:00:00,2165.270000
2026-03-24T08:00:00,2165.550000
2026-03-24T12:00:00,2134.660000
2026-03-24T16:00:00,2115.990000
2026-03-24T20:00:00,2155.690000
2026-03-25T00:00:00,2157.860000
2026-03-25T04:00:00,2164.400000
2026-03-25T08:00:00,2186.270000
2026-03-25T12:00:00,2162.300000
2026-03-25T16:00:00,2172.420000
2026-03-25T20:00:00,2168.680000
2026-03-26T00:00:00,2152.450000
2026-03-26T04:00:00,2122.920000
2026-03-26T08:00:00,2067.890000
2026-03-26T12:00:00,2069.590000
2026-03-26T16:00:00,2048.350000
2026-03-26T20:00:00,2059.290000
2026-03-27T00:00:00,2060.510000
2026-03-27T04:00:00,2065.190000
2026-03-27T08:00:00,1991.200000
2026-03-27T12:00:00,1990.380000
2026-03-27T16:00:00,1990.400000
2026-03-27T20:00:00,1991.950000
2026-03-28T00:00:00,1988.170000
2026-03-28T04:00:00,2006.100000
2026-03-28T08:00:00,1996.640000
2026-03-28T12:00:00,2025.750000
2026-03-28T16:00:00,2019.560000
2026-03-28T20:00:00,1993.740000
2026-03-29T00:00:00,2010.180000
2026-03-29T04:00:00,2004.960000
2026-03-29T08:00:00,2002.880000
2026-03-29T12:00:00,1991.850000
2026-03-29T16:00:00,1994.790000
2026-03-29T20:00:00,1983.520000
2026-03-30T00:00:00,2034.700000
2026-03-30T04:00:00,2058.400000
2026-03-30T08:00:00,2070.150000
2026-03-30T12:00:00,2073.830000
2026-03-30T16:00:00,2022.670000
2026-03-30T20:00:00,2025.570000
2026-03-31T00:00:00,2065.680000
2026-03-31T04:00:00,2054.690000
2026-03-31T08:00:00,2040.000000
2026-03-31T12:00:00,2053.740000
2026-03-31T16:00:00,2095.350000
2026-03-31T20:00:00,2104.360000
2026-04-01T00:00:00,2101.840000
2026-04-01T04:00:00,2130.100000
2026-04-01T08:00:00,2134.930000
2026-04-01T12:00:00,2134.800000
2026-04-01T16:00:00,2141.070000
2026-04-01T20:00:00,2140.220000
2026-04-02T00:00:00,2055.910000
2026-04-02T04:00:00,2055.730000
2026-04-02T08:00:00,2032.800000
2026-04-02T12:00:00,2059.480000
2026-04-02T16:00:00,2065.320000
2026-04-02T20:00:00,2057.210000
2026-04-03T00:00:00,2054.200000
2026-04-03T04:00:00,2065.940000
2026-04-03T08:00:00,2062.940000
2026-04-03T12:00:00,2051.170000
2026-04-03T16:00:00,2052.420000
2026-04-03T20:00:00,2053.600000
2026-04-04T00:00:00,2049.820000
2026-04-04T04:00:00,2053.650000
2026-04-04T08:00:00,2051.770000
2026-04-04T12:00:00,2056.070000
2026-04-04T16:00:00,2064.470000
2026-04-04T20:00:00,2065.220000
2026-04-05T00:00:00,2056.410000
2026-04-05T04:00:00,2036.950000
2026-04-05T08:00:00,2041.850000
2026-04-05T12:00:00,2053.700000
2026-04-05T16:00:00,2061.710000
2026-04-05T20:00:00,2109.660000
2026-04-06T00:00:00,2128.690000
2026-04-06T04:00:00,2134.510000
2026-04-06T08:00:00,2151.700000
2026-04-06T12:00:00,2164.940000
2026-04-06T16:00:00,2144.460000
2026-04-06T20:00:00,2107.290000
2026-04-07T00:00:00,2108.460000
2026-04-07T04:00:00,2103.960000
2026-04-07T08:00:00,2089.610000
2026-04-07T12:00:00,2080.200000
2026-04-07T16:00:00,2113.300000
2026-04-07T20:00:00,2240.010000
2026-04-08T00:00:00,2234.690000
2026-04-08T04:00:00,2253.800000
2026-04-08T08:00:00,2247.450000
2026-04-08T12:00:00,2215.520000
2026-04-08T16:00:00,2211.470000
2026-04-08T20:00:00,2190.310000
2026-04-09T00:00:00,2182.960000
2026-04-09T04:00:00,2181.680000
2026-04-09T08:00:00,2180.300000
2026-04-09T12:00:00,2218.350000
2026-04-09T16:00:00,2216.900000
2026-04-09T20:00:00,2190.470000
2026-04-10T00:00:00,2186.750000
2026-04-10T04:00:00,2180.060000
2026-04-10T08:00:00,2216.480000
2026-04-10T12:00:00,2225.280000
2026-04-10T16:00:00,2254.170000
2026-04-10T20:00:00,2246.230000
2026-04-11T00:00:00,2238.390000
2026-04-11T04:00:00,2234.000000
2026-04-11T08:00:00,2247.390000
2026-04-11T12:00:00,2250.630000
2026-04-11T16:00:00,2316.960000
2026-04-11T20:00:00,2286.000000
2026-04-12T00:00:00,2215.020000
2026-04-12T04:00:00,2219.010000
2026-04-12T08:00:00,2205.570000
2026-04-12T12:00:00,2187.420000
2026-04-12T16:00:00,2199.250000
2026-04-12T20:00:00,2191.900000
2026-04-13T00:00:00,2194.600000
2026-04-13T04:00:00,2187.180000
2026-04-13T08:00:00,2187.960000
2026-04-13T12:00:00,2210.290000
2026-04-13T16:00:00,2263.850000
2026-04-13T20:00:00,2370.600000
2026-04-14T00:00:00,2366.960000
2026-04-14T04:00:00,2379.170000
2026-04-14T08:00:00,2375.440000
2026-04-14T12:00:00,2365.860000
2026-04-14T16:00:00,2315.000000
2026-04-14T20:00:00,2323.630000
2026-04-15T00:00:00,2330.040000
2026-04-15T04:00:00,2317.500000
2026-04-15T08:00:00,2338.330000
2026-04-15T12:00:00,2332.690000
2026-04-15T16:00:00,2376.070000
2026-04-15T20:00:00,2360.790000
2026-04-16T00:00:00,2358.410000
2026-04-16T04:00:00,2342.410000
2026-04-16T08:00:00,2336.610000
2026-04-16T12:00:00,2339.920000
2026-04-16T16:00:00,2360.550000
2026-04-16T20:00:00,2349.120000
2026-04-17T00:00:00,2326.310000
2026-04-17T04:00:00,2335.200000
2026-04-17T08:00:00,2355.740000
2026-04-17T12:00:00,2443.600000
2026-04-17T16:00:00,2429.230000
2026-04-17T20:00:00,2420.100000
2026-04-18T00:00:00,2406.280000
2026-04-18T04:00:00,2404.780000
2026-04-18T08:00:00,2354.090000
2026-04-18T12:00:00,2364.660000
2026-04-18T16:00:00,2349.590000
2026-04-18T20:00:00,2351.500000
2026-04-19T00:00:00,2341.000000
2026-04-19T04:00:00,2317.040000
2026-04-19T08:00:00,2330.430000
2026-04-19T12:00:00,2331.850000
2026-04-19T16:00:00,2300.620000
2026-04-19T20:00:00,2264.430000
2026-04-20T00:00:00,2287.710000
2026-04-20T04:00:00,2299.790000
2026-04-20T08:00:00,2309.600000
2026-04-20T12:00:00,2315.230000
2026-04-20T16:00:00,2333.040000
2026-04-20T20:00:00,2315.280000
2026-04-21T00:00:00,2312.840000
2026-04-21T04:00:00,2319.680000
2026-04-21T08:00:00,2321.200000
2026-04-21T12:00:00,2311.290000
2026-04-21T16:00:00,2299.340000
2026-04-21T20:00:00,2328.160000
2026-04-22T00:00:00,2364.620000
2026-04-22T04:00:00,2390.400000
2026-04-22T08:00:00,2399.500000
2026-04-22T12:00:00,2404.800000
2026-04-22T16:00:00,2398.700000
2026-04-22T20:00:00,2375.410000
2026-04-23T00:00:00,2342.000000
2026-04-23T04:00:00,2345.390000
2026-04-23T08:00:00,2330.080000
2026-04-23T12:00:00,2334.300000
2026-04-23T16:00:00,2314.130000
2026-04-23T20:00:00,2331.270000
2026-04-24T00:00:00,2309.570000
2026-04-24T04:00:00,2312.900000
2026-04-24T08:00:00,2329.060000
2026-04-24T12:00:00,2324.980000
2026-04-24T16:00:00,2322.350000
2026-04-24T20:00:00,2316.190000
2026-04-25T00:00:00,2319.490000
2026-04-25T04:00:00,2317.400000
2026-04-25T08:00:00,2314.700000
2026-04-25T12:00:00,2309.120000
2026-04-25T16:00:00,2310.810000
2026-04-25T20:00:00,2320.280000
2026-04-26T00:00:00,2311.000000
2026-04-26T04:00:00,2332.130000
2026-04-26T08:00:00,2336.760000
2026-04-26T12:00:00,2348.900000
2026-04-26T16:00:00,2368.550000
2026-04-26T20:00:00,2370.340000
2026-04-27T00:00:00,2395.530000
2026-04-27T04:00:00,2316.800000
2026-04-27T08:00:00,2320.660000
2026-04-27T12:00:00,2275.200000
2026-04-27T16:00:00,2289.350000
2026-04-27T20:00:00,2303.990000
2026-04-28T00:00:00,2291.020000
2026-04-28T04:00:00,2288.100000
2026-04-28T08:00:00,2275.300000
2026-04-28T12:00:00,2279.790000
2026-04-28T16:00:00,2302.000000
2026-04-28T20:00:00,2289.570000
2026-04-29T00:00:00,2311.630000
2026-04-29T04:00:00,2323.910000
2026-04-29T08:00:00,2331.870000
2026-04-29T12:00:00,2272.370000
2026-04-29T16:00:00,2233.360000
2026-04-29T20:00:00,2252.330000
2026-04-30T00:00:00,2252.740000
2026-04-30T04:00:00,2259.940000
2026-04-30T08:00:00,2257.760000
2026-04-30T12:00:00,2265.530000
2026-04-30T16:00:00,2261.650000
2026-04-30T20:00:00,2257.420000
2026-05-01T00:00:00,2282.690000
2026-05-01T04:00:00,2279.850000
2026-05-01T08:00:00,2286.460000
2026-05-01T12:00:00,2307.830000
2026-05-01T16:00:00,2304.900000
2026-05-01T20:00:00,2295.640000
2026-05-02T00:00:00,2304.150000
2026-05-02T04:00:00,2300.960000
2026-05-02T08:00:00,2302.330000
2026-05-02T12:00:00,2309.130000
2026-05-02T16:00:00,2311.270000
2026-05-02T20:00:00,2317.080000
2026-05-03T00:00:00,2302.040000
2026-05-03T04:00:00,2309.500000
2026-05-03T08:00:00,2319.800000
2026-05-03T12:00:00,2328.420000
2026-05-03T16:00:00,2335.500000
2026-05-03T20:00:00,2322.880000
2026-05-04T00:00:00,2385.090000
2026-05-04T04:00:00,2362.850000
2026-05-04T08:00:00,2337.360000
2026-05-04T12:00:00,2350.200000
2026-05-04T16:00:00,2356.220000
2026-05-04T20:00:00,2347.320000
2026-05-05T00:00:00,2382.380000
2026-05-05T04:00:00,2380.810000
2026-05-05T08:00:00,2379.850000
2026-05-05T12:00:00,2381.620000
2026-05-05T16:00:00,2372.020000
2026-05-05T20:00:00,2360.770000
2026-05-06T00:00:00,2376.830000
2026-05-06T04:00:00,2371.770000
2026-05-06T08:00:00,2410.720000
2026-05-06T12:00:00,2359.060000
2026-05-06T16:00:00,2348.610000
2026-05-06T20:00:00,2351.030000
2026-05-07T00:00:00,2322.420000
2026-05-07T04:00:00,2344.590000
2026-05-07T08:00:00,2330.060000
2026-05-07T12:00:00,2294.820000
2026-05-07T16:00:00,2296.150000
2026-05-07T20:00:00,2291.210000
2026-05-08T00:00:00,2278.930000
2026-05-08T04:00:00,2281.160000
2026-05-08T08:00:00,2295.440000
2026-05-08T12:00:00,2293.170000
2026-05-08T16:00:00,2316.170000
2026-05-08T20:00:00,2307.390000
2026-05-09T00:00:00,2315.530000
2026-05-09T04:00:00,2314.790000
2026-05-09T08:00:00,2314.790000
2026-05-09T12:00:00,2317.640000
2026-05-09T16:00:00,2332.320000
2026-05-09T20:00:00,2326.610000
2026-05-10T00:00:00,2327.690000
2026-05-10T04:00:00,2327.490000
2026-05-10T08:00:00,2322.740000
2026-05-10T12:00:00,2347.660000
2026-05-10T16:00:00,2365.470000
2026-05-10T20:00:00,2371.350000
2026-05-11T00:00:00,2330.420000
2026-05-11T04:00:00,2330.570000
2026-05-11T08:00:00,2335.930000
2026-05-11T12:00:00,2333.200000
2026-05-11T16:00:00,2340.350000
2026-05-11T20:00:00,2339.770000
2026-05-12T00:00:00,2309.220000
2026-05-12T04:00:00,2294.770000
2026-05-12T08:00:00,2286.780000
2026-05-12T12:00:00,2261.600000
2026-05-12T16:00:00,2285.140000
2026-05-12T20:00:00,2275.140000
2026-05-13T00:00:00,2301.600000
2026-05-13T04:00:00,2300.870000
2026-05-13T08:00:00,2301.640000
2026-05-13T12:00:00,2236.140000
2026-05-13T16:00:00,2256.110000
2026-05-13T20:00:00,2258.310000
2026-05-14T00:00:00,2241.710000
2026-05-14T04:00:00,2264.860000
2026-05-14T08:00:00,2253.290000
2026-05-14T12:00:00,2298.500000
2026-05-14T16:00:00,2298.690000
2026-05-14T20:00:00,2283.460000
2026-05-15T00:00:00,2273.230000
2026-05-15T04:00:00,2265.210000
2026-05-15T08:00:00,2257.610000
2026-05-15T12:00:00,2222.330000
2026-05-15T16:00:00,2222.610000
2026-05-15T20:00:00,2223.770000
2026-05-16T00:00:00,2227.160000
2026-05-16T04:00:00,2194.150000
2026-05-16T08:00:00,2175.790000
2026-05-16T12:00:00,2179.350000
2026-05-16T16:00:00,2179.170000
2026-05-16T20:00:00,2180.160000
2026-05-17T00:00:00,2181.110000
2026-05-17T04:00:00,2185.850000
2026-05-17T08:00:00,2191.560000
2026-05-17T12:00:00,2185.860000
2026-05-17T16:00:00,2191.870000
2026-05-17T20:00:00,2130.250000
2026-05-18T00:00:00,2117.830000
2026-05-18T04:00:00,2120.000000
2026-05-18T08:00:00,2133.270000
2026-05-18T12:00:00,2106.660000
2026-05-18T16:00:00,2124.000000
2026-05-18T20:00:00,2129.120000
2026-05-19T00:00:00,2130.140000
2026-05-19T04:00:00,2139.900000
2026-05-19T08:00:00,2109.520000
2026-05-19T12:00:00,2108.930000
2026-05-19T16:00:00,2111.810000
2026-05-19T20:00:00,2110.630000
2026-05-20T00:00:00,2109.990000
2026-05-20T04:00:00,2128.220000
2026-05-20T08:00:00,2126.850000
2026-05-20T12:00:00,2135.460000
2026-05-20T16:00:00,2137.830000
2026-05-20T20:00:00,2128.240000
2026-05-21T00:00:00,2144.400000
2026-05-21T04:00:00,2133.590000
2026-05-21T08:00:00,2113.490000
2026-05-21T12:00:00,2130.860000
2026-05-21T16:00:00,2141.240000
2026-05-21T20:00:00,2132.250000
2026-05-22T00:00:00,2136.550000
2026-05-22T04:00:00,2126.780000
2026-05-22T08:00:00,2129.110000
2026-05-22T12:00:00,2117.740000
2026-05-22T16:00:00,2063.800000
2026-05-22T20:00:00,2064.310000
2026-05-23T00:00:00,2068.870000
2026-05-23T04:00:00,2026.800000
2026-05-23T08:00:00,2029.810000
2026-05-23T12:00:00,2058.680000
2026-05-23T16:00:00,2075.690000
2026-05-23T20:00:00,2115.700000
2026-05-24T00:00:00,2117.110000
2026-05-24T04:00:00,2119.070000
2026-05-24T08:00:00,2124.330000
2026-05-24T12:00:00,2094.030000
2026-05-24T16:00:00,2098.700000
2026-05-24T20:00:00,2097.850000
2026-05-25T00:00:00,2093.690000
2026-05-25T04:00:00,2114.360000
2026-05-25T08:00:00,2113.560000
2026-05-25T12:00:00,2125.560000
2026-05-25T16:00:00,2120.080000
2026-05-25T20:00:00,2111.490000
2026-05-26T00:00:00,2091.720000
2026-05-26T04:00:00,2093.680000
2026-05-26T08:00:00,2119.150000
2026-05-26T12:00:00,2085.330000
2026-05-26T16:00:00,2071.930000
2026-05-26T20:00:00,2071.540000
2026-05-27T00:00:00,2067.470000
2026-05-27T04:00:00,2081.290000
2026-05-27T08:00:00,2078.190000
2026-05-27T12:00:00,2068.770000
2026-05-27T16:00:00,2054.630000
2026-05-27T20:00:00,2022.500000
2026-05-28T00:00:00,1979.210000
2026-05-28T04:00:00,1992.890000
2026-05-28T08:00:00,1987.450000
2026-05-28T12:00:00,1987.980000
2026-05-28T16:00:00,2012.450000
2026-05-28T20:00:00,2007.980000
2026-05-29T00:00:00,2000.830000
2026-05-29T04:00:00,2005.690000
2026-05-29T08:00:00,2005.630000
2026-05-29T12:00:00,2029.330000
2026-05-29T16:00:00,2015.280000
2026-05-29T20:00:00,2012.560000
2026-05-30T00:00:00,2014.950000
2026-05-30T04:00:00,2014.440000
2026-05-30T08:00:00,2015.520000
2026-05-30T12:00:00,2024.470000
2026-05-30T16:00:00,2026.560000
2026-05-30T20:00:00,2020.400000
2026-05-31T00:00:00,2031.370000
2026-05-31T04:00:00,2022.060000
2026-05-31T08:00:00,2021.180000
2026-05-31T12:00:00,2008.550000
2026-05-31T16:00:00,1997.610000
2026-05-31T20:00:00,2005.040000
2026-06-01T00:00:00,2007.290000
2026-06-01T04:00:00,1974.570000
2026-06-01T08:00:00,1979.960000
2026-06-01T12:00:00,1966.020000
2026-06-01T16:00:00,2003.010000
2026-06-01T20:00:00,2004.800000
2026-06-02T00:00:00,2001.720000
2026-06-02T04:00:00,1979.880000
2026-06-02T08:00:00,1976.600000
2026-06-02T12:00:00,1912.630000
2026-06-02T16:00:00,1910.040000
2026-06-02T20:00:00,1858.140000
2026-06-03T00:00:00,1826.220000
2026-06-03T04:00:00,1876.300000
2026-06-03T08:00:00,1876.450000
2026-06-03T12:00:00,1835.040000
2026-06-03T16:00:00,1801.690000
2026-06-03T20:00:00,1811.370000
2026-06-04T00:00:00,1807.820000
2026-06-04T04:00:00,1776.310000
2026-06-04T08:00:00,1750.100000
2026-06-04T12:00:00,1775.530000
2026-06-04T16:00:00,1775.220000
2026-06-04T20:00:00,1769.410000
2026-06-05T00:00:00,1728.500000
2026-06-05T04:00:00,1678.400000
2026-06-05T08:00:00,1662.540000
2026-06-05T12:00:00,1582.680000
2026-06-05T16:00:00,1573.600000
2026-06-05T20:00:00,1583.470000
2026-06-06T00:00:00,1563.100000
2026-06-06T04:00:00,1574.880000
2026-06-06T08:00:00,1558.630000
2026-06-06T12:00:00,1560.310000
2026-06-06T16:00:00,1554.290000
2026-06-06T20:00:00,1569.350000
2026-06-07T00:00:00,1594.800000
2026-06-07T04:00:00,1615.110000
2026-06-07T08:00:00,1630.000000
2026-06-07T12:00:00,1630.000000
2026-06-07T16:00:00,1613.120000
2026-06-07T20:00:00,1690.400000
2026-06-08T00:00:00,1679.480000
2026-06-08T04:00:00,1672.910000
2026-06-08T08:00:00,1682.950000
2026-06-08T12:00:00,1691.300000
2026-06-08T16:00:00,1684.810000
2026-06-08T20:00:00,1690.320000
2026-06-09T00:00:00,1669.220000
2026-06-09T04:00:00,1679.530000
2026-06-09T08:00:00,1671.410000
2026-06-09T12:00:00,1635.700000
2026-06-09T16:00:00,1656.490000
2026-06-09T20:00:00,1638.920000
2026-06-10T00:00:00,1630.110000
2026-06-10T04:00:00,1639.370000
2026-06-10T08:00:00,1619.250000
2026-06-10T12:00:00,1657.020000
2026-06-10T16:00:00,1628.810000
2026-06-10T20:00:00,1620.590000
2026-06-11T00:00:00,1652.190000
2026-06-11T04:00:00,1653.000000
2026-06-11T08:00:00,1665.520000
2026-06-11T12:00:00,1644.070000
2026-06-11T16:00:00,1679.980000
2026-06-11T20:00:00,1672.300000
2026-06-12T00:00:00,1671.320000
2026-06-12T04:00:00,1660.310000
2026-06-12T08:00:00,1672.340000
2026-06-12T12:00:00,1659.640000
2026-06-12T16:00:00,1665.440000
2026-06-12T20:00:00,1665.990000
2026-06-13T00:00:00,1664.720000
2026-06-13T04:00:00,1675.760000
2026-06-13T08:00:00,1677.760000
2026-06-13T12:00:00,1681.600000
2026-06-13T16:00:00,1677.970000
2026-06-13T20:00:00,1680.880000
2026-06-14T00:00:00,1681.460000
2026-06-14T04:00:00,1675.370000
2026-06-14T08:00:00,1673.190000
2026-06-14T12:00:00,1662.500000
2026-06-14T16:00:00,1664.790000
2026-06-14T20:00:00,1725.240000
2026-06-15T00:00:00,1720.500000
2026-06-15T04:00:00,1715.890000
2026-06-15T08:00:00,1764.000000
2026-06-15T12:00:00,1844.870000
2026-06-15T16:00:00,1821.580000
2026-06-15T20:00:00,1795.480000
2026-06-16T00:00:00,1778.590000
2026-06-16T04:00:00,1773.600000
2026-06-16T08:00:00,1798.560000
2026-06-16T12:00:00,1781.600000
2026-06-16T16:00:00,1794.280000
2026-06-16T20:00:00,1791.890000
2026-06-17T00:00:00,1792.320000
2026-06-17T04:00:00,1783.790000
2026-06-17T08:00:00,1762.920000
2026-06-17T12:00:00,1772.500000
2026-06-17T16:00:00,1733.830000
2026-06-17T20:00:00,1749.440000
2026-06-18T00:00:00,1742.680000
2026-06-18T04:00:00,1748.390000
2026-06-18T08:00:00,1742.010000
2026-06-18T12:00:00,1680.660000
2026-06-18T16:00:00,1704.090000
2026-06-18T20:00:00,1709.540000
2026-06-19T00:00:00,1696.300000
2026-06-19T04:00:00,1694.510000
2026-06-19T08:00:00,1690.710000
2026-06-19T12:00:00,1706.660000
2026-06-19T16:00:00,1700.120000
2026-06-19T20:00:00,1710.000000
2026-06-20T00:00:00,1706.940000
2026-06-20T04:00:00,1724.630000
2026-06-20T08:00:00,1725.890000
2026-06-20T12:00:00,1739.160000
2026-06-20T16:00:00,1727.760000
2026-06-20T20:00:00,1739.200000
2026-06-21T00:00:00,1736.300000
2026-06-21T04:00:00,1730.660000
2026-06-21T08:00:00,1723.740000
2026-06-21T12:00:00,1729.080000
2026-06-21T16:00:00,1732.540000
2026-06-21T20:00:00,1705.290000
2026-06-22T00:00:00,1728.630000
2026-06-22T04:00:00,1744.840000
2026-06-22T08:00:00,1766.340000
2026-06-22T12:00:00,1743.290000
2026-06-22T16:00:00,1733.060000
2026-06-22T20:00:00,1726.820000
2026-06-23T00:00:00,1728.340000
2026-06-23T04:00:00,1681.500000
2026-06-23T08:00:00,1659.380000
2026-06-23T12:00:00,1658.160000
2026-06-23T16:00:00,1660.800000
2026-06-23T20:00:00,1665.520000
2026-06-24T00:00:00,1665.060000
2026-06-24T04:00:00,1671.300000
2026-06-24T08:00:00,1677.510000
2026-06-24T12:00:00,1616.620000
2026-06-24T16:00:00,1582.700000
2026-06-24T20:00:00,1620.090000
2026-06-25T00:00:00,1617.430000
2026-06-25T04:00:00,1655.360000
2026-06-25T08:00:00,1631.420000
2026-06-25T12:00:00,1568.370000
2026-06-25T16:00:00,1557.590000
2026-06-25T20:00:00,1566.060000
2026-06-26T00:00:00,1556.310000
2026-06-26T04:00:00,1579.320000
2026-06-26T08:00:00,1543.570000
2026-06-26T12:00:00,1578.400000
2026-06-26T16:00:00,1572.670000
2026-06-26T20:00:00,1576.850000
2026-06-27T00:00:00,1578.760000
2026-06-27T04:00:00,1584.100000
2026-06-27T08:00:00,1582.000000
2026-06-27T12:00:00,1603.500000
2026-06-27T16:00:00,1576.500000
2026-06-27T20:00:00,1572.100000
2026-06-28T00:00:00,1573.490000
2026-06-28T04:00:00,1574.280000
2026-06-28T08:00:00,1581.090000
2026-06-28T12:00:00,1579.060000
2026-06-28T16:00:00,1562.970000
2026-06-28T20:00:00,1570.190000
2026-06-29T00:00:00,1582.750000
2026-06-29T04:00:00,1578.380000
2026-06-29T08:00:00,1573.150000
2026-06-29T12:00:00,1578.080000
2026-06-29T16:00:00,1623.770000
2026-06-29T20:00:00,1611.480000
2026-06-30T00:00:00,1585.350000
2026-06-30T04:00:00,1590.480000
2026-06-30T08:00:00,1576.790000
2026-06-30T12:00:00,1563.050000
2026-06-30T16:00:00,1578.780000
2026-06-30T20:00:00,1570.190000
2026-07-01T00:00:00,1592.900000
2026-07-01T04:00:00,1576.810000
2026-07-01T08:00:00,1568.470000
2026-07-01T12:00:00,1619.230000
2026-07-01T16:00:00,1617.110000
2026-07-01T20:00:00,1608.380000
2026-07-02T00:00:00,1638.170000
2026-07-02T04:00:00,1614.510000
2026-07-02T08:00:00,1648.740000
2026-07-02T12:00:00,1695.600000
2026-07-02T16:00:00,1698.820000
2026-07-02T20:00:00,1699.040000
2026-07-03T00:00:00,1704.880000
2026-07-03T04:00:00,1716.280000
2026-07-03T08:00:00,1740.910000
2026-07-03T12:00:00,1729.920000
2026-07-03T16:00:00,1744.180000
2026-07-03T20:00:00,1756.810000
2026-07-04T00:00:00,1752.620000
2026-07-04T04:00:00,1757.180000
2026-07-04T08:00:00,1756.860000
2026-07-04T12:00:00,1789.970000
2026-07-04T16:00:00,1791.560000
2026-07-04T20:00:00,1779.470000
2026-07-05T00:00:00,1760.390000
2026-07-05T04:00:00,1768.900000
2026-07-05T08:00:00,1758.900000
2026-07-05T12:00:00,1773.540000
2026-07-05T16:00:00,1780.210000
2026-07-05T20:00:00,1784.700000
2026-07-06T00:00:00,1778.350000
2026-07-06T04:00:00,1770.930000
2026-07-06T08:00:00,1758.260000
2026-07-06T12:00:00,1787.740000
2026-07-06T16:00:00,1791.930000
2026-07-06T20:00:00,1798.710000
2026-07-07T00:00:00,1770.480000
2026-07-07T04:00:00,1770.230000
2026-07-07T08:00:00,1779.500000
2026-07-07T12:00:00,1796.390000
2026-07-07T16:00:00,1789.670000
2026-07-07T20:00:00,1770.570000
2026-07-08T00:00:00,1750.470000
2026-07-08T04:00:00,1755.600000
2026-07-08T08:00:00,1746.800000
2026-07-08T12:00:00,1721.780000
2026-07-08T16:00:00,1740.030000
2026-07-08T20:00:00,1742.430000
2026-07-09T00:00:00,1729.530000
2026-07-09T04:00:00,1752.190000
2026-07-09T08:00:00,1742.710000
2026-07-09T12:00:00,1738.260000
2026-07-09T16:00:00,1747.520000
2026-07-09T20:00:00,1744.260000
2026-07-10T00:00:00,1775.160000
2026-07-10T04:00:00,1772.570000
2026-07-10T08:00:00,1800.320000
2026-07-10T12:00:00,1790.390000
2026-07-10T16:00:00,1791.880000
2026-07-10T20:00:00,1796.100000
2026-07-11T00:00:00,1795.690000
2026-07-11T04:00:00,1798.840000
2026-07-11T08:00:00,1799.110000
2026-07-11T12:00:00,1813.790000
2026-07-11T16:00:00,1823.540000
2026-07-11T20:00:00,1786.990000
2026-07-12T00:00:00,1810.650000
2026-07-12T04:00:00,1797.890000
2026-07-12T08:00:00,1802.900000
2026-07-12T12:00:00,1820.160000
2026-07-12T16:00:00,1820.530000
2026-07-12T20:00:00,1806.000000
2026-07-13T00:00:00,1779.840000
2026-07-13T04:00:00,1786.550000
2026-07-13T08:00:00,1779.530000
2026-07-13T12:00:00,1775.840000
2026-07-13T16:00:00,1773.390000
2026-07-13T20:00:00,1774.880000
2026-07-14T00:00:00,1781.930000
2026-07-14T04:00:00,1779.010000
2026-07-14T08:00:00,1796.350000
2026-07-14T12:00:00,1874.300000
2026-07-14T16:00:00,1875.850000
2026-07-14T20:00:00,1890.800000
2026-07-15T00:00:00,1875.080000
2026-07-15T04:00:00,1869.030000
2026-07-15T08:00:00,1883.250000
2026-07-15T12:00:00,1930.470000
2026-07-15T16:00:00,1923.040000
2026-07-15T20:00:00,1917.170000
2026-07-16T00:00:00,1917.530000
2026-07-16T04:00:00,1909.390000
2026-07-16T08:00:00,1883.950000
2026-07-16T12:00:00,1880.730000
2026-07-16T16:00:00,1874.370000
2026-07-16T20:00:00,1863.490000
2026-07-17T00:00:00,1851.250000
2026-07-17T04:00:00,1826.850000
2026-07-17T08:00:00,1837.700000
2026-07-17T12:00:00,1829.610000
2026-07-17T16:00:00,1842.810000
2026-07-17T20:00:00,1840.920000
2026-07-18T00:00:00,1844.830000
2026-07-18T04:00:00,1843.240000
2026-07-18T08:00:00,1844.360000
2026-07-18T12:00:00,1842.870000
2026-07-18T16:00:00,1857.540000
2026-07-18T20:00:00,1861.680000
2026-07-19T00:00:00,1866.230000
2026-07-19T04:00:00,1869.300000
2026-07-19T08:00:00,1870.310000
2026-07-19T12:00:00,1869.920000
2026-07-19T16:00:00,1861.320000
2026-07-19T20:00:00,1871.230000
2026-07-20T00:00:00,1878.640000
2026-07-20T04:00:00,1862.620000
2026-07-20T08:00:00,1891.560000
2026-07-20T12:00:00,1901.050000
2026-07-20T16:00:00,1897.530000
2026-07-20T20:00:00,1904.050000
2026-07-21T00:00:00,1925.640000
2026-07-21T04:00:00,1932.820000
2026-07-21T08:00:00,1934.670000
2026-07-21T12:00:00,1930.840000
2026-07-21T16:00:00,1922.500000
2026-07-21T20:00:00,1929.060000
2026-07-22T00:00:00,1927.490000
2026-07-22T04:00:00,1913.220000
2026-07-22T08:00:00,1926.110000
2026-07-22T12:00:00,1942.130000
2026-07-22T16:00:00,1924.220000
2026-07-22T20:00:00,1933.270000
2026-07-23T00:00:00,1919.640000
2026-07-23T04:00:00,1914.600000
2026-07-23T08:00:00,1925.180000
2026-07-23T12:00:00,1894.060000
2026-07-23T16:00:00,1874.240000
2026-07-23T20:00:00,1877.280000
2026-07-24T00:00:00,1879.330000
2026-07-24T04:00:00,1894.790000
2026-07-24T08:00:00,1882.680000
2026-07-24T12:00:00,1860.460000
2026-07-24T16:00:00,1862.250000
2026-07-24T20:00:00,1860.000000
2026-07-25T00:00:00,1857.180000
2026-07-25T04:00:00,1854.400000
2026-07-25T08:00:00,1856.220000
2026-07-25T12:00:00,1866.170000
2026-07-25T16:00:00,1873.150000
2026-07-25T20:00:00,1873.300000
2026-07-26T00:00:00,1880.650000
2026-07-26T04:00:00,1880.030000
2026-07-26T08:00:00,1884.350000
2026-07-26T12:00:00,1913.140000
2026-07-26T16:00:00,1912.600000
2026-07-26T20:00:00,1953.100000
2026-07-27T00:00:00,1948.180000
2026-07-27T04:00:00,1962.970000
2026-07-27T08:00:00,1958.190000
2026-07-27T12:00:00,1925.750000
2026-07-27T16:00:00,1946.780000
2026-07-27T20:00:00,1890.780000
2026-07-28T00:00:00,1879.560000
2026-07-28T04:00:00,1882.010000
2026-07-28T08:00:00,1875.050000
2026-07-28T12:00:00,1918.380000
2026-07-28T16:00:00,1920.390000
2026-07-28T20:00:00,1920.010000
2026-07-29T00:00:00,1890.480000
2026-07-29T04:00:00,1922.640000
2026-07-29T08:00:00,1913.420000
2026-07-29T12:00:00,1890.070000
2026-07-29T16:00:00,1886.870000
2026-07-29T20:00:00,1908.790000
2026-07-30T00:00:00,1908.120000
2026-07-30T04:00:00,1901.270000
2026-07-30T08:00:00,1921.110000
2026-07-30T12:00:00,1917.280000
2026-07-30T16:00:00,1922.330000
2026-07-30T20:00:00,1917.220000
2026-07-31T00:00:00,1907.620000
2026-07-31T04:00:00,1888.620000
2026-07-31T08:00:00,1882.910000
2026-07-31T12:00:00,1861.020000
2026-07-31T16:00:00,1866.780000
2026-07-31T20:00:00,1860.990000
2026-08-01T00:00:00,1868.360000
2026-08-01T04:00:00,1868.160000
2026-08-01T08:00:00,1865.500000
2026-08-01T12:00:00,1868.830000
2026-08-01T16:00:00,1836.110000
2026-08-01T20:00:00,1843.670000
2026-08-02T00:00:00,1876.140000
2026-08-02T04:00:00,1874.600000
2026-08-02T08:00:00,1851.160000
2026-08-02T12:00:00,1857.330000
2026-08-02T16:00:00,1880.660000
2026-08-02T20:00:00,1883.690000
2026-08-03T00:00:00,1855.140000
2026-08-03T04:00:00,1842.130000
2026-08-03T08:00:00,1837.800000
2026-08-03T12:00:00,1861.740000
2026-08-03T16:00:00,1868.590000
2026-08-03T20:00:00,1859.130000
2026-08-04T00:00:00,1863.000000
2026-08-04T04:00:00,1862.350000
2026-08-04T08:00:00,1871.260000
2026-08-04T12:00:00,1871.710000
2026-08-04T16:00:00,1874.190000
2026-08-04T20:00:00,1868.670000
2026-08-05T00:00:00,1866.730000
2026-08-05T04:00:00,1871.170000
2026-08-05T08:00:00,1867.530000
2026-08-05T12:00:00,1872.510000
2026-08-05T16:00:00,1915.540000
2026-08-05T20:00:00,1907.210000
2026-08-06T00:00:00,1897.260000
2026-08-06T04:00:00,1907.470000
2026-08-06T08:00:00,1905.990000
2026-08-06T12:00:00,1909.280000
2026-08-06T16:00:00,1908.400000
2026-08-06T20:00:00,1902.680000
2026-08-07T00:00:00,1895.980000
2026-08-07T04:00:00,1900.980000
2026-08-07T08:00:00,1914.920000
2026-08-07T12:00:00,1916.680000
2026-08-07T16:00:00,1917.910000
2026-08-07T20:00:00,1913.020000
2026-08-08T00:00:00,1917.050000
2026-08-08T04:00:00,1914.230000
2026-08-08T08:00:00,1919.770000
2026-08-08T12:00:00,1921.430000
2026-08-08T16:00:00,1919.070000
2026-08-08T20:00:00,1915.000000
2026-08-09T00:00:00,1912.650000
2026-08-09T04:00:00,1917.720000
2026-08-09T08:00:00,1917.880000
2026-08-09T12:00:00,1925.210000
2026-08-09T16:00:00,1920.780000
2026-08-09T20:00:00,1909.420000
2026-08-10T00:00:00,1916.190000
2026-08-10T04:00:00,1924.050000
2026-08-10T08:00:00,1919.150000
2026-08-10T12:00:00,1875.500000
2026-08-10T16:00:00,1876.880000
2026-08-10T20:00:00,1871.750000
2026-08-11T00:00:00,1879.330000
2026-08-11T04:00:00,1876.180000
2026-08-11T08:00:00,1891.560000
2026-08-11T12:00:00,1861.690000
2026-08-11T16:00:00,1880.330000
2026-08-11T20:00:00,1881.200000
2026-08-12T00:00:00,1885.170000
2026-08-12T04:00:00,1890.190000
2026-08-12T08:00:00,1914.200000
2026-08-12T12:00:00,1891.060000
2026-08-12T16:00:00,1877.650000
2026-08-12T20:00:00,1878.090000
2026-08-13T00:00:00,1885.740000
2026-08-13T04:00:00,1893.970000
2026-08-13T08:00:00,1878.790000
2026-08-13T12:00:00,1878.390000
2026-08-13T16:00:00,1885.760000
2026-08-13T20:00:00,1884.750000
2026-08-14T00:00:00,1881.480000
2026-08-14T04:00:00,1871.600000
2026-08-14T08:00:00,1876.360000
2026-08-14T12:00:00,1879.620000
2026-08-14T16:00:00,1879.110000
2026-08-14T20:00:00,1880.550000
2026-08-15T00:00:00,1881.140000
2026-08-15T04:00:00,1878.660000
2026-08-15T08:00:00,1877.720000
2026-08-15T12:00:00,1883.220000
2026-08-15T16:00:00,1882.720000
2026-08-15T20:00:00,1881.000000
2026-08-16T00:00:00,1881.350000
2026-08-16T04:00:00,1879.720000
2026-08-16T08:00:00,1879.090000
2026-08-16T12:00:00,1882.260000
2026-08-16T16:00:00,1884.170000
2026-08-16T20:00:00,1874.400000
2026-08-17T00:00:00,1899.390000
2026-08-17T04:00:00,1899.230000
2026-08-17T08:00:00,1902.940000
2026-08-17T12:00:00,1911.570000
2026-08-17T16:00:00,1905.930000
2026-08-17T20:00:00,1912.060000
2026-08-18T00:00:00,1893.240000
2026-08-18T04:00:00,1897.040000
2026-08-18T08:00:00,1901.520000
2026-08-18T12:00:00,1916.470000
2026-08-18T16:00:00,1912.290000
2026-08-18T20:00:00,1916.810000
2026-08-19T00:00:00,1910.810000
2026-08-19T04:00:00,1914.610000
2026-08-19T08:00:00,1921.700000
2026-08-19T12:00:00,2084.710000
2026-08-19T16:00:00,2101.430000
2026-08-19T20:00:00,2251.720000
2026-08-20T00:00:00,2249.480000
2026-08-20T04:00:00,2250.380000
2026-08-20T08:00:00,2294.680000
2026-08-20T12:00:00,2324.960000
2026-08-20T16:00:00,2323.190000
2026-08-20T20:00:00,2326.350000
2026-08-21T00:00:00,2339.950000
2026-08-21T04:00:00,2370.710000
2026-08-21T08:00:00,2370.050000
2026-08-21T12:00:00,2392.530000
2026-08-21T16:00:00,2412.810000
2026-08-21T20:00:00,2515.760000
2026-08-22T00:00:00,2514.580000
2026-08-22T04:00:00,2432.910000
2026-08-22T08:00:00,2423.630000
2026-08-22T12:00:00,2410.640000
2026-08-22T16:00:00,2439.050000
2026-08-22T20:00:00,2422.210000
2026-08-23T00:00:00,2413.850000
2026-08-23T04:00:00,2388.510000
2026-08-23T08:00:00,2433.320000
2026-08-23T12:00:00,2438.230000
2026-08-23T16:00:00,2444.700000
2026-08-23T20:00:00,2463.160000
2026-08-24T00:00:00,2430.650000
2026-08-24T04:00:00,2454.720000
2026-08-24T08:00:00,2493.980000
2026-08-24T12:00:00,2487.440000
2026-08-24T16:00:00,2471.100000
2026-08-24T20:00:00,2482.080000
2026-08-25T00:00:00,2498.730000
2026-08-25T04:00:00,2478.050000
2026-08-25T08:00:00,2477.790000
2026-08-25T12:00:00,2482.840000
2026-08-25T16:00:00,2463.400000
2026-08-25T20:00:00,2442.340000
2026-08-26T00:00:00,2465.100000
2026-08-26T04:00:00,2461.330000
2026-08-26T08:00:00,2462.530000
2026-08-26T12:00:00,2449.820000
2026-08-26T16:00:00,2470.620000
2026-08-26T20:00:00,2506.670000
2026-08-27T00:00:00,2492.500000
2026-08-27T04:00:00,2496.770000
2026-08-27T08:00:00,2501.600000
2026-08-27T12:00:00,2521.960000
2026-08-27T16:00:00,2498.320000
2026-08-27T20:00:00,2511.290000
2026-08-28T00:00:00,2490.650000
2026-08-28T04:00:00,2496.640000
2026-08-28T08:00:00,2505.230000
2026-08-28T12:00:00,2472.160000
2026-08-28T16:00:00,2435.520000
2026-08-28T20:00:00,2442.890000
2026-08-29T00:00:00,2435.330000
2026-08-29T04:00:00,2436.430000
2026-08-29T08:00:00,2436.060000
2026-08-29T12:00:00,2444.650000
2026-08-29T16:00:00,2453.590000
2026-08-29T20:00:00,2457.800000
2026-08-30T00:00:00,2457.280000
2026-08-30T04:00:00,2455.310000
2026-08-30T08:00:00,2460.300000
2026-08-30T12:00:00,2481.040000
2026-08-30T16:00:00,2503.750000
2026-08-30T20:00:00,2416.450000
2026-08-31T00:00:00,2420.630000
2026-08-31T04:00:00,2440.200000
2026-08-31T08:00:00,2445.440000
2026-08-31T12:00:00,2467.100000
2026-08-31T16:00:00,2481.560000
2026-08-31T20:00:00,2466.940000
2026-09-01T00:00:00,2471.570000
2026-09-01T04:00:00,2472.280000
2026-09-01T08:00:00,2458.600000
2026-09-01T12:00:00,2448.210000
2026-09-01T16:00:00,2418.460000
2026-09-01T20:00:00,2417.480000
2026-09-02T00:00:00,2413.580000
2026-09-02T04:00:00,2416.960000
2026-09-02T08:00:00,2380.860000
2026-09-02T12:00:00,2389.900000
2026-09-02T16:00:00,2392.410000
2026-09-02T20:00:00,2391.310000
2026-09-03T00:00:00,2402.540000
2026-09-03T04:00:00,2397.510000
2026-09-03T08:00:00,2406.410000
2026-09-03T12:00:00,2517.010000
2026-09-03T16:00:00,2518.670000
2026-09-03T20:00:00,2507.840000
2026-09-04T00:00:00,2505.120000
2026-09-04T04:00:00,2504.530000
2026-09-04T08:00:00,2523.200000
2026-09-04T12:00:00,2452.320000
2026-09-04T16:00:00,2456.370000
2026-09-04T20:00:00,2456.690000
2026-09-05T00:00:00,2453.330000
2026-09-05T04:00:00,2458.040000
2026-09-05T08:00:00,2454.120000
2026-09-05T12:00:00,2460.490000
2026-09-05T16:00:00,2478.020000
2026-09-05T20:00:00,2480.720000
2026-09-06T00:00:00,2509.990000
2026-09-06T04:00:00,2497.270000
2026-09-06T08:00:00,2502.110000
2026-09-06T12:00:00,2479.810000
2026-09-06T16:00:00,2490.600000
2026-09-06T20:00:00,2514.590000
2026-09-07T00:00:00,2497.330000
2026-09-07T04:00:00,2489.340000
2026-09-07T08:00:00,2489.220000
2026-09-07T12:00:00,2470.080000
2026-09-07T16:00:00,2495.780000
2026-09-07T20:00:00,2489.920000
2026-09-08T00:00:00,2485.620000
2026-09-08T04:00:00,2479.240000
2026-09-08T08:00:00,2474.090000
2026-09-08T12:00:00,2498.530000
2026-09-08T16:00:00,2482.270000
2026-09-08T20:00:00,2485.070000
2026-09-09T00:00:00,2488.910000
2026-09-09T04:00:00,2510.480000
2026-09-09T08:00:00,2500.380000
2026-09-09T12:00:00,2489.780000
2026-09-09T16:00:00,2465.230000
2026-09-09T20:00:00,2467.800000
2026-09-10T00:00:00,2474.640000
2026-09-10T04:00:00,2472.350000
2026-09-10T08:00:00,2461.570000
2026-09-10T12:00:00,2441.000000
2026-09-10T16:00:00,2461.910000
2026-09-10T20:00:00,2437.720000
2026-09-11T00:00:00,2446.600000
2026-09-11T04:00:00,2466.990000
2026-09-11T08:00:00,2457.500000
2026-09-11T12:00:00,2558.980000
2026-09-11T16:00:00,2539.260000
2026-09-11T20:00:00,2516.440000
2026-09-12T00:00:00,2513.260000
2026-09-12T04:00:00,2523.910000
2026-09-12T08:00:00,2536.200000
2026-09-12T12:00:00,2534.720000
2026-09-12T16:00:00,2519.290000
2026-09-12T20:00:00,2525.630000
2026-09-13T00:00:00,2520.650000
2026-09-13T04:00:00,2517.410000
2026-09-13T08:00:00,2480.870000
2026-09-13T12:00:00,2490.680000
2026-09-13T16:00:00,2505.510000
2026-09-13T20:00:00,2476.360000
2026-09-14T00:00:00,2511.920000
2026-09-14T04:00:00,2522.230000
2026-09-14T08:00:00,2508.580000
2026-09-14T12:00:00,2507.900000
2026-09-14T16:00:00,2539.790000
2026-09-14T20:00:00,2515.470000
2026-09-15T00:00:00,2498.950000
2026-09-15T04:00:00,2473.430000
2026-09-15T08:00:00,2475.670000
2026-09-15T12:00:00,2423.570000
2026-09-15T16:00:00,2414.740000
2026-09-15T20:00:00,2396.880000
2026-09-16T00:00:00,2400.260000
2026-09-16T04:00:00,2395.170000
2026-09-16T08:00:00,2420.770000
2026-09-16T12:00:00,2391.160000
2026-09-16T16:00:00,2406.290000
2026-09-16T20:00:00,2416.630000
2026-09-17T00:00:00,2433.940000
2026-09-17T04:00:00,2442.280000
2026-09-17T08:00:00,2440.870000
2026-09-17T12:00:00,2468.910000
2026-09-17T16:00:00,2447.580000
2026-09-17T20:00:00,2445.700000
2026-09-18T00:00:00,2477.450000
2026-09-18T04:00:00,2480.680000
