bar,price,hodl,lp5,lp30,lpLive,lpProp,arb5,arb30,arbLive,arbProp,kLive,kProp
0,1308009999999999934464,2000000000000000064852443,2000001574741000518232751,2000002168730666447854647,2000000000000000064853029,2000000000000000064853029,1919548172754548528,0,3992015968063742809,3992015968063742809,0,0
12,1350829999999999803392,2032736752777119628953807,2032521695366784875668260,2032671618709336279571994,2032525292048758734290609,2032590574921172126168447,638700271253578756260,427286748443450925304,394070930439382004208,304772597713063569768,0,34007168234535026
24,1287890000000000196608,1984617854603558721522983,1984678897483300397718652,1985108991593160608682751,1984952970035912630784005,1985049546805365849384827,2872951709091803953312,2323848938963772860422,2287431993136132554836,1885488067293445297197,0,0
36,1329339999999999868928,2016307214776645417618064,2016396672930513073667822,2016912515942985676271255,2016753997216208764917584,2016852119724731040280848,3151525238328277697477,2545504996863489772013,2509069585993257579996,2107137089943344885925,0,0
48,1388310000000000065536,2061390967958961919461590,2060672412154852184590229,2061323752915867623578751,2061161271404144888044896,2061265389030674910252569,3712157986975975339780,3021769123872903201549,2985391113492881567396,2578463061465566288147,50000000000000000,35531604094082956
60,1539109999999999803392,2176680606417382176258327,2169794746931722460283232,2170844540963956928954378,2170673428765022505740667,2170746699238376181050613,10700294890765772288400,9757994741110188022288,9721091143758838456112,9259410105681884665969,78070040652362773,39035020296375266
72,1692660000000000131072,2294072675285358440129275,2275509733320433540669803,2276782937224083738951772,2278158549562747709883449,2278096879723546134312153,11791889267573167652837,10537823103528323261289,10318742289742983298015,9693208173772192648130,52241943041402166,49438002074954936
84,1665520000000000000000,2273323598443439009645759,2257253351015312742438303,2258723442737985893798316,2260572469331513015304157,2260486013206774392434014,13281035859596451000356,11786546198824813725123,10978895725435317294221,10268306283277457546377,0,3289116500591566
96,1818349999999999803392,2390165212804184133215024,2358600957933348915587876,2360334888029064644468334,2363225075797533437694266,2363352621358941301643066,14168331922968725714676,12485003615883419887339,11216292034893435790246,10545915552224872972067,99067482822717806,48826868682506563
108,1784800000000000000000,2364515561807632556440120,2336793702915047490806718,2338666347765420249321875,2340841141439174623072552,2341368493553004934214664,14881931364112682175693,12904002013621697124660,11327061265890771645344,10650772016151804845594,76314607213319440,21847498687213886
120,1790059999999999868928,2368536937790996005318867,2340274548204968377029430,2342271315519330649510834,2344291121472031830462228,2344913245953643690193645,15374838264088064444332,13279005362440969780836,11685051059594697043020,10734238134535623248400,0,14614557191557266
132,1791760000000000000000,2369836622044174421460094,2341439527785235031870878,2343635067432975011429072,2345648498331709759858313,2346249178138443873233628,16723008967236189858807,14508768677095827881118,12936319948439269508178,11702873085862552247147,0,0
144,1779670000000000065536,2360593573443628565029177,2333563667453009219584362,2335860881556652317439900,2337867352104076093155895,2338464416033528247143039,17085104764643954857838,14737899737172411376488,13166479423138575912287,11939226931132425660120,0,0
156,1746099999999999868928,2334928632044098807863225,2311485503097423107233751,2313843295371867363489737,2315821474827792017372486,2316391799158548580172633,17442271395489644463109,14967173247066390343778,13407775878893883041614,12174673110533890939306,0,0
168,1806349999999999803392,2380990971017043323383608,2351059725355359697620582,2353534859298472803822906,2355544456908295509702468,2356113881622629153490696,17742073240543168499874,15165088225819722849349,13610125757703463132249,12394737797138186326657,0,19401160144401683
180,1824790000000000065536,2395088722563284718248863,2363060531302755274849182,2365591066679574388829969,2367608175561551860405927,2368168204637553503696170,17928270678039125042977,15240674988768037629020,13709733043706759691165,12487464585854968322955,0,15876191996997493
192,1808990000000000065536,2383009304210214041236663,2352833283525049573276332,2355414339554256420310360,2357398973076001888431643,2357951273142911273235352,18058675331582828298526,15329114894760903412476,13814888277796751774904,12590120139054729887149,0,0
204,1914680000000000000000,2463811438750469272154642,2420624281308037146294821,2423377557623837059275083,2425393965746431720808635,2426199788582223049993947,18462180067977357662579,15692885411061594368234,14218727795400888125540,12846696778609086438044,80043561660405966,34576550859814283
216,1850070000000000065536,2414415791928197560505276,2379460893355714690471301,2382222700688771002860420,2384170873390930890380724,2384763635819108703088626,18645847682618286960523,15784648501072637080508,14307803739779371474458,12892715294077445304186,0,0
228,1840320000000000000000,2406961720476144930110358,2373206408336909145438266,2375987389367229979295874,2377924439873849673276316,2378511644703877625885028,18730475898924639216560,15806350652221705445385,14347549733293560861381,12941109852431471483466,0,23167958827815393
240,1917560000000000000000,2466013256779384984361941,2422523198608314428684869,2425439072259894316788477,2427389972026021730241987,2428063146044230116640691,18837348241608026000933,15921270862622634686941,14452565938360698333669,13013002183366303402229,26740986681974920,21542725579441466
252,1987460000000000131072,2519453215189487238731846,2466320102001800067012002,2469418744979413008126458,2471318497457799542042618,2472393060827343242844169,19388156061820853965049,16443296232008817397102,14973875418436072679357,13206288042339848512475,50000000000000000,50000000000000000
264,2102429999999999803392,2607350096711799086029846,2536703524348151344405277,2540056368524604255280082,2543134876073218099736331,2544563831768543958097330,20535659061612696663927,17380995568332066170663,15024892317052213930969,14158853387587297952074,86264047160091313,40881817766707556
276,2078409999999999934464,2588986322734538425693930,2522198517648848686639470,2525578717312849613207293,2527995136567069045915876,2529916227078342336903611,20667977821067164798181,17423427833642194640108,15662333355528135499190,14192399592104782492864,36173758892522760,13700133361714553
288,1982230000000000065536,2515454774810591555951994,2463193079411031523540373,2466634471808264826209780,2468912935422008071494751,2470778079719798980524467,21565815903499695736081,18178794018071420973658,16404843383858483653507,14773793071042511589522,50000000000000000,50000000000000000
300,1908299999999999868928,2458933800200304513765287,2416854770557129621746759,2420305871485321943518645,2422611625262473638358424,2424665938164349897045210,21858621630038714326109,18379425199309856549146,16606954807938367213339,14825242609849076622527,68101834036028913,36666667550548403
312,1874320000000000000000,2432955405539714800450516,2395270454016940279520688,2398771925670055437457249,2401409083920584560099040,2403547999598883367745831,22273273724358577348099,18720661377707214303927,16647200896290840059408,15113877177983371318004,60389165516035093,25817907406526326
324,1826030000000000065536,2396036727547955469688851,2364239690721315861814844,2367744526564553361546687,2370378413163752133370909,2372913404564617507061848,22399157740873434725349,18771106788460824512244,16931699860155792290556,15154585123255397551667,0,29706677001082543
336,1881579999999999868928,2438505821820934797027834,2399997258254820671132271,2403799790471733975589575,2406240133731740841675443,2408840793484785040743952,24138495330798474474013,20291161950721818472567,18842859466245636127294,16656282449813190564237,0,0
348,1899259999999999868928,2452022538053990490952572,2411276348508232944670094,2415151246635655179942043,2417603170170066283145010,2420215966656570213268905,24292114780068596012176,20360095276772536765389,18911868842466983505926,16726077387785840999465,0,0
360,1845760000000000000000,2411120710086315067433863,2377103465016207490470050,2381001337947124042581267,2383405993217035344352002,2385980476263131670670408,24525840752488838935164,20532434854669242264431,19090925012207376383626,16904258079486528891387,0,46666666673808336
372,1859960000000000000000,2421976896201100025356068,2386258330804845401013018,2390246060015390531222975,2392648008288005543089565,2395151014825094541946194,24696289170424029452968,20653571443965146461955,19213448247436104515479,16910641319962554249495,0,0
384,1911289999999999934464,2461219715445600953019673,2418996356704607652398765,2423119709535842226185629,2425535731346256579773645,2428049828316470207307287,24998623323973451488671,20837146885907247248105,19421534346940253454598,17120655422079353941671,0,28657966146752920
396,1905059999999999868928,2456456754917776542462712,2415096378018901326622849,2419371718840764573255439,2421674079977066232642195,2424401859639213314147400,25595852311936370483460,21413822499540078138873,19809306514690377902826,17424547921374973902338,0,0
408,1847430000000000065536,2412397458735025210577862,2378323751896432029993790,2382621153946100466570733,2384874300781725549846394,2387539165747377946257048,25919333784409709858856,21586676696458688530512,19996672387679040640222,17564516257288943998187,0,14252658963916383
420,1821369999999999934464,2392474063653949203365527,2361525704855998192636586,2365864751320833164038714,2368091606548584029202778,2370718268246465991600071,26165850874252437088619,21694900476620601118585,20141680704885571716324,17722165643723429757334,0,24737386882084026
432,1804310000000000065536,2379431349913228387017994,2350475291254327095204622,2354882407935131191868074,2357023123605187888767061,2359827569725071395658330,26472392053873621702040,21891900954645905479255,20222440558691013725605,17765118332493228404305,0,41862908031569130
444,1825220000000000131072,2395417466227323950044735,2364081786754604935812477,2368560195772542921428941,2370699900987100477320624,2373505833466060619018887,26606724468510914815898,21958210996509185061080,20332139762640545382596,17841742521750490194337,0,0
456,1790460000000000131072,2368842745850568781244302,2341484748154997902187239,2345948797447977221832919,2348060145642295451180747,2350839025209893293541417,26693752004376736800332,21997337015715223262567,20389667070292327975662,17899891920083266667513,0,30185716364313373
468,1808289999999999934464,2382474140105963305097274,2353141448464346777340654,2357677974160840711951928,2359785828153535578049467,2362571638841596801398375,26860668394034690953151,22098309285264054910598,20526520731718144060069,18015747372690306051698,0,0
480,1810019999999999868928,2383796759963610155548981,2354286921328193853855191,2358851127147250199792284,2360951093728621438272733,2363738219368252418140163,26907925279984002136062,22112286239028972174817,20557779321371530077129,18047030956432688242135,0,0
492,1855270000000000065536,2418391296702625886765484,2383558702758838011852883,2388237277260034363251561,2390326768315659220387182,2393145032760130409190204,27187205987745194690825,22338542479095046088032,20795956328460511164085,18285366043550423299096,0,32548490494872163
504,1789449999999999934464,2368070580500150197093942,2340928675388037015702451,2345597297884354823939074,2347625738922367560190143,2350372921109955849750517,27430628712081973728492,22494084905573486840707,20961805179020783073006,18416937904566843205454,0,24024390842332600
516,1827449999999999934464,2397122346159435103164703,2365676006256805493800142,2370437089100587623044981,2372471918687809326734276,2375216560927074145395772,27516178267887073592625,22546231327941646151954,21013318316449157462004,18452371758898628813712,0,0
528,1903800000000000000000,2455493459530127832629224,2414618713056927665721679,2419544712451579255174862,2421585763414493429882231,2424472160245283622152608,27930160156828156448197,22838078614132891660571,21378399636499465522261,18770514194791160038718,64069016671833180,30703396866197003
540,1865900000000000131072,2426518145885736436358858,2390490518976019149768817,2395424274754843097092658,2397407890983184717222163,2400269885233331246838774,28072142586775417273432,22924047574104113454503,21445620117094812864854,18873277891222789496910,0,0
552,1895489999999999934464,2449140297092531011536796,2409396372293837158544952,2414420370291652578784334,2416404737705311187158332,2419280838328200257131607,28182212107648364022119,22968264741198676733422,21516993940440304657902,18937100640570276273405,0,24251247454787790
564,1903259999999999868928,2455080618649705100847666,2414352546574055439658141,2419421491710455589994593,2421400564303514451246200,2424264753656953819973951,28260022504411327975975,23010211133078600136481,21571564803413713310220,18973104761088580985278,0,0
576,1813929999999999934464,2386786033745921442085984,2357044170316690765566464,2362067864175676712984811,2363960678578449736696859,2366752216324153849682106,28581413795636555554139,23274769436808471663222,21842955769040163162584,19266069395601624557034,58135237474399000,29093651483808560
588,1843630000000000065536,2409492282169099234134454,2376296144843359934283252,2381468638179766462115502,2383316362049052761572931,2386127739023023686339198,28956533053135863775521,23644378204144651109679,22152728440100111454105,19574504844310205290919,0,0
600,1748689999999999934464,2336908739229822755264174,2314343953571927593523995,2319497101688736147834062,2321255188091296180033715,2324419104884672523487388,29963167561052564450476,24524486680354666442324,23084249914581620987716,19981018989150863828801,63107243870753460,43238962637474566
612,1745929999999999934464,2334798663618780919363186,2312549183457497123350959,2317737304700891256584469,2319477907310676699354042,2322661958813047841840182,30160671404260573539192,24577714611102697503178,23148444592778722446948,20040001559470379097097,0,18209395909498096
624,1745880000000000000000,2334760437611333891994259,2312537807533086963230328,2317754907296333423428225,2319491577444121445104341,2322690459596814383495816,30229466019750384653413,24594407753097139974236,23182958045788223898200,20072225307968167912173,0,4146354800396316
636,1662289999999999934464,2270854198362398350470944,2256533472906534508189327,2261733172665203812077535,2263345828174529540024313,2267015572471093455050219,30881093529098606293241,25245824504366142339310,23753774396264695806415,20269892307905390119612,0,28878634251254123
648,1733960000000000000000,2325647357436105306425063,2304698971774753311978965,2310085628726984479580496,2311711720678157445331550,2315336380337246154278092,31243202879574970124239,25495657806579154819680,24018658944380574266636,20398181777449484999640,0,0
660,1733310000000000065536,2325150419339303249744312,2304287252347600802477113,2309694116609752004971779,2311315957497065473862014,2314938871325890393665302,31296833645935578369340,25508923438821575078410,24046755586609826320389,20429056503231409877976,0,0
672,1887140000000000131072,2442756553848977837525878,2404411708519982942153567,2410229353609459103065545,2412339391270237573977327,2416817470056210833336099,31872085872946243562195,26012235477738590191239,24861095002648113522253,20730151214835795759446,52090734581893246,33511467566326606
684,1891640000000000000000,2446196894519157501411531,2407305014069346423175096,2413181045423353702089743,2415167047074882172304185,2419919393599123104818300,32023462793488053216602,26108512131956776347212,25020676519270031399824,20888481599109164674803,50000000000000000,18131913919577933
696,1881369999999999934464,2438345272589659334847469,2400798610544130151368522,2406722285319812594035501,2408689001003458573077524,2413450662439425235181279,32273982918847792947777,26187258789024623820376,25118199652419930686298,20963845882501455629180,0,4250666785037136
708,1860990000000000065536,2422764351954497596034126,2387795899600388352495781,2393756906626091429261274,2395702427527526977109384,2400425070341733931612306,32590880516458039542558,26321617529509159805316,25315590438852550391110,21125388027816833128279,0,0
720,1890720000000000000000,2445493535982143338851520,2406831607705288986760660,2412926550418965127768653,2414873522761466029469471,2419616145902193507365107,32885772598962454705080,26455895696461292770335,25480355744282320864226,21278322621277211785392,0,0
732,1919760000000000000000,2467695201107025849647081,2425282408024484294132123,2431515072896051776371753,2433472055662574083067101,2438208676603735042097015,33527461874761968374469,26881344999864877676197,25936579541787786096797,21703664402575804366398,0,0
744,1960650000000000196608,2498956429996713916845978,2451003317517310167129898,2457348840970602427709509,2459317776278320729771682,2464190291019551139537832,33670317109213019378399,26940304400642646861929,26015816784026426238611,21775617738668337710728,0,29076009588425783
756,1917560000000000000000,2466013256779384984361941,2423947850437388823660534,2430284741587277192087380,2432208204593701488715205,2437002849861993028291352,33842644799974889766918,27055603638528752931649,26153786102415414950813,21882711942783523779139,0,0
768,1859120000000000000000,2421334699276000809516749,2386762530048278283679841,2393082156218446140252106,2394944034358406270178034,2399648876751586501592106,34186001107345696855673,27269896296267437683522,26398018552112700555709,22108650945542713404350,0,21911228414319473
780,1864320000000000000000,2425310204050428850306990,2390120167159377611595687,2396472715224018520155034,2398332307529288402944837,2403021175436794286978217,34258894825071781605106,27288108493256645592721,26431934863017298024955,22116621866286926091691,0,0
792,1890089999999999934464,2445011888288318402235298,2406608685657406833854064,2413054704144702903015534,2414903323494909152198588,2419622587165616652006700,34368189524494365934357,27364741623150189159811,26520221756205671995769,22205918123690437228530,0,2211522361780933
804,1992910000000000065536,2523619850001149280228274,2471243708557486888823828,2477991437472897383709120,2479832254972776723047370,2485053784805369948826828,34988597941447247459756,27925795937875098166854,27149800685932170632384,22502240622882863009260,86858812273576693,44221696477685903
816,1933619999999999868928,2478291450371177124995088,2434240140263774900716444,2440965866355645340592534,2442766177846206653715652,2447591035473366254648650,35540102553818229140728,28358454233166012131100,27476174826377604672176,22536202549645938757008,0,0
828,1894499999999999868928,2448383422145092689268109,2409522393403309336635859,2416236844939281734938188,2418008911887899423994511,2422774512427363336131528,35735902830798417358236,28431301250044862355210,27589546963624073189551,22657501928974315300193,0,0
840,1920990000000000065536,2468635560890208656472882,2426332359698049657037633,2433129034905515423009496,2434900857010709771661115,2439696568733677872074396,35821210575817649703443,28462030112208702621541,27638601511151083737859,22704873510144325221392,0,0
852,1888529999999999934464,2443819236855987689546083,2405768785412467191543029,2412528023179092304641475,2414287369687541396446453,2419042320144872353790359,35954906850710890061170,28505314522540820833424,27713790612508011583468,22781323438895299838402,0,0
864,1852890000000000196608,2416571738748177189825758,2382986546298720807275969,2389733392589762652876795,2391451000339002690448082,2396159820970088919269114,36125851368659850048127,28573745176454013592353,27835174515068303235260,22902179752779315421272,0,27422690106933380
876,1850600000000000000000,2414820987607129404401696,2381535256729175915646183,2388295094668885762558359,2390011974764339041072153,2394703339255894956595634,36180354567966339609177,28587516033857342634870,27860060773675036973327,22921028611472974083001,0,0
888,1865849999999999934464,2426479919878290298499181,2391351460918741218731913,2398169036280584229465966,2399882859744577444665168,2404592880425311581094958,36260219498926526687518,28608932113053422434681,27919023218138348036469,22980747993013292799653,0,0
900,1876180000000000131072,2434377413016720251854714,2397980607245725234532165,2404830879308051245485097,2406545171702757549541313,2411268118263895110275940,36286464140007341274141,28612887481636012795972,27935402420528943995797,22997178400839785510700,0,0
912,1829869999999999803392,2398972484919840527840398,2368222740961960170941697,2375029662318802559872071,2376693640214286523046798,2381357909240700589225734,36377911321670479638768,28691716343150007145399,28016087611032138402431,23078052118257472491074,61846903774493366,30923541390151860
924,1835720000000000000000,2403444927791073354692231,2372031488318692742937251,2378904023952471305123460,2380544580529455065635506,2385210886583261390126949,36496405637396127495214,28769639460680222287146,28091587142580270789301,23150150572028721228699,0,0
936,1830560000000000000000,2399500003822602614406040,2368719742904641065055896,2375599232877080462596822,2377239391033954108603108,2381898225505594545562405,36591124742237906530388,28777949602595103279190,28139944009868685722667,23195727009374743139174,0,0
948,1830800000000000000000,2399683488658344194892114,2368894627457632559518294,2375779725908347922002612,2377426067595161720637634,2382085181537630389327331,36623325989520798894935,28778291412617504325109,28162204497105791852316,23218017173402715305554,0,0
960,1862200000000000000000,2423689421334700722044243,2389144561377733482080639,2396140101102614197550110,2397767303556592719732780,2402472967152359752973097,36684468759242886705261,28823750387970744290059,28216621542468215746882,23268150538601847808959,0,4299819189825243
972,1849289999999999934464,2413819466212032431748453,2380866845190528376474669,2387846625827863218726529,2389471809538379345728201,2394141064639887784148142,36714870912898489214428,28825361842549475017008,28232503574200254460005,23280016440468351578002,0,0
984,1848240000000000000000,2413016720055659665694061,2380210347596475978690936,2387190197590628778826711,2388820012589741558182536,2393487541558573873353410,36749030389392692844743,28825420663654529524993,28251363524900262606315,23300207103006295014450,0,0
996,1837710000000000065536,2404966322887441784823576,2373444206860208224540178,2380417991630167009716058,2382039201518661269108335,2386693230198012319828879,36832513837831764560334,28832780230555544440890,28314297107695369862175,23363743321905205770803,0,0
1008,1785310000000000065536,2364905467083586601244900,2339386179948303334446888,2346318415600641015179812,2347893645364545676823122,2352492683654599711792547,36909657453433699076896,28881846332985122366320,28388483346130037304761,23424473607321987821555,53346790385439993,23821503777600040
1020,1659790000000000065536,2268942897990077160720807,2255684875057169755221672,2262482229603556262491328,2265340667190094105342452,2269830081122737594671770,37456519898240984707175,29421478651540711497962,28626027030081154933674,23540073147598382761802,44558012692846146,50000000000000000
1032,1672329999999999934464,2278529980657640939317515,2264211848877976034902166,2271070318031438888248606,2273227421772252557593287,2278495029666297786138371,37531496907790193308034,29467098695582927327278,29081439078837074898928,23636901755546293221432,19465151999876220,46666666677776626
1044,1642130000000000196608,2255441472159999317853549,2243703406931242419510142,2250563654433820595755366,2252790934524514770034753,2258264980375322297869520,37720259137104360252943,29586792737229685877657,29150373933989848451539,23705197170828764064584,0,36699323563289000
1056,1653249999999999934464,2263942936216085991011624,2251317760219861956102004,2258280615962540703905670,2260431701446278326790046,2265799226218749586429075,37959866461174517763963,29770095975441446182005,29310269302341656089121,23736824474246308704536,0,17409228864618740
1068,1648670000000000065536,2260441433933991624985381,2248215117042406117627360,2255176258967460835240180,2257326396092102668654025,2262706586020231434147740,37990103643227641006396,29771723499196408977503,29318954366312541302057,23792663779248617727650,0,15496137969804693
1080,1641420000000000131072,2254898662854260291308060,2243289554367289398433649,2250260384730508320035178,2252398163637736672961664,2257758145477137326619972,38070744843311546832927,29787579458004776199242,29370765244815358151390,23859607984212673835447,0,5576679699249123
1092,1713720000000000000000,2310173469621793078438027,2292198875678718469418040,2299430047024144652770534,2301528283628740885725126,2306998796394391145010437,38761548859955795748813,30287370964701869116502,29934078064148612493989,24368423566275167658066,0,10712637324091473
1104,1633900000000000131072,2249149471334319186824873,2238213398727280704711250,2245355924594716137511552,2247374618853907287615580,2252740649754561153096452,39018751654999573006833,30465842933639174845577,30125638950722917688126,24573006282649462240522,0,38182345845277850
1116,1631369999999999934464,2247215235357529316632049,2236499819601984764240435,2243643827925114946066921,2245665715523251989437542,2251028859273974562972439,39061518818781382128394,30467352631216687239977,30139790482972647906973,24581549044451648339658,0,0
1128,1631489999999999934464,2247306977775400886611854,2236604239435054079657755,2243774411091568573102111,2245787079395427751514571,2251152992843108621485635,39142603975423649410447,30488010096362718808572,30191892290353428302456,24627407588803823580666,0,0
1140,1624990000000000065536,2242337596807365040509593,2232166843499300566305609,2239352864014586076892701,2241349974401901786814064,2246701138748131557206881,39217705121649991914765,30513379579083253543840,30248543793930674735628,24676748119977198376850,0,0
1152,1623689999999999934464,2241343720613758183556968,2231294558788034959492796,2238489335616500038667372,2240488394052762668577236,2245836948029225965464625,39266049496195925627577,30518673811151510686736,30273290534182902652543,24703402641403741365063,0,0
1164,1608489999999999934464,2229723014350043515131700,2220862672761857802624919,2228163736201409543650893,2230012664247698870653257,2235339275836285232445449,39622986683062018485926,30892946944138695726018,30391135793788243157172,24843036915677976887711,0,0
1176,1624510000000000065536,2241970627135879360487673,2231916300972472157121088,2239294917502755076694588,2241138846809558592627843,2246494671361558484020041,39690995015484148048728,30916636271478460703228,30434739921517666856256,24886966928485864927374,0,32722121546070380
1188,1635720000000000000000,2250540898005367186233736,2239625446123709882270921,2247052252256330844744502,2248900301808355007825978,2254259786606292482653741,39756542427712137336792,30934204524115066236210,30469158653462568893312,24912271388537389679385,0,0
1200,1655040000000000000000,2265311427282666149885694,2252834974040826847200540,2260340904004367949887410,2262181088634038644790148,2267566632511679998643470,39824960877642324793856,30978400458839605026968,30526269641925050836329,24965956306386519352398,0,39077227856128933
1212,1629880000000000000000,2246076100335625203505434,2235666698555408578907185,2243154681388834237391702,2244970992924005649119387,2250307406650592939644095,39899826157231970181689,30997147782916256997450,30572698422675369889918,25005529489348669225235,0,0
1224,1596869999999999803392,2220839290219495150811855,2212938474564318581763732,2220396923799556166436716,2222158989036824178259416,2227443466462647155033001,40050743262843923194011,31071264092715657715596,30656908171099959172079,25142472413271143256209,0,13887481939443746
1236,1593929999999999934464,2218591600981644416351970,2210919705081127587524576,2218374550187787496700541,2220140209452823068742306,2225415199584877023567360,40083114637739994760212,31071491786337080484336,30673226973858637461707,25155242472445074141158,0,0
1248,1591000000000000000000,2216351556945284300204882,2208908573761149523301991,2216387617206281110331590,2218139724575344908842952,2223401392177609922151446,40171682689886943841795,31092955964882322877290,30699432520742751452254,25204195161376713041304,0,0
1260,1621950000000000065536,2240013455554622306167860,2230321434738700156467171,2237950817093622237703292,2239684728307462485051580,2245002862424043532922973,40506075696082725106091,31300244602024487738479,30945439538736384010005,25446875678608582867491,0,14114904078272003
1272,1675890000000000196608,2281251672387828123587150,2267132766159812138351771,2274963999338006651290275,2276707164942350209897165,2282332788167987978399461,40767962086429933417679,31504688377336333927715,31201986385139915086061,25522266102920474872279,0,27417904511337630
1284,1725430000000000065536,2319126000565746961978913,2300424756758101688746387,2308433112344852749425416,2310180012484358985465589,2316212431700603318490887,41064273653234139580901,31719417274870871298080,31458097823044023363471,25641652343417546565698,56937831101380686,22223692967587626
1296,1646380000000000131072,2258690682792946638803238,2247141087917506469192619,2255036179175061013498945,2256734115127516088288538,2262305704154843138047359,41276003365463751034659,31849194815664528394129,31585800672494153218228,25677473343132818190104,0,6057416362542230
1308,1634499999999999868928,2249608183423674094196293,2239043304090708625853228,2246956463590005240909564,2248618487788014149766255,2254172673426745450615355,41394648834013146648959,31899146805021288236292,31640472227121629855922,25712763608281032199744,0,0
1320,1618520000000000000000,2237391151443796412891973,2228092910417456859798496,2235997321747461169469182,2237640619405578867733905,2243164008931387826829780,41459188219349122028195,31921667724020433074300,31683364746495795016432,25760566580494114500934,0,12950211329707970
1332,1579480000000000000000,2207544284829627262817376,2201083267108253087201553,2208950404101704477712729,2210553044594793628742297,2216053222960216400835014,41614014756393880201206,32023600422935764242118,31809165261239475796956,25869750500729527908596,0,16657387268103906
1344,1551360000000000000000,2186045978241756797022087,2181424485096861718012378,2189263906662917313440515,2190822624521857827831999,2196490738624941408937520,41703712600799938085897,32057014739376145668619,31857339063268129103613,25918686792070816200748,50000000000000000,16412239572611266
1356,1547130000000000196608,2182812058011790304437062,2178465823352078846196367,2186326042500039348159351,2187853126783328579942441,2193550867540311336734886,41731843052607336809018,32081122126084969269341,31884952020304552436012,25991482798672042902525,0,23769124979388976
1368,1583120000000000000000,2210327138171727356814785,2203678972886054546816858,2211661095326738289641339,2213189234592033462176998,2218943857291148425095507,41779204641789704686123,32109743817623190608205,31920561468136965662172,26020458486076067648552,0,0
1380,1579310000000000065536,2207414316404310460029607,2201048621334077440902072,2209072614134224589210988,2210579208047777896016728,2216309433809184887389802,41886005245127512467918,32169878897817382820448,31997897302783587390367,26085636571830447072841,0,0
1392,1613750000000000065536,2233744390333407574811646,2224949450422331775358381,2233144145046351302847900,2234633684708410240381861,2240513563740797073259123,42143902022122768991776,32353948764235453670368,32209796460446572804311,26189484698962230954535,0,0
1404,1629449999999999934464,2245747356671585104605052,2235767289804258780083804,2244028031042093271617511,2245518587427271566062015,2251460527214033539504803,42201651652316901105405,32394160608959401891254,32247012777100577565763,26267922031246618875208,0,7850984964590753
1416,1845280000000000000000,2410753740414830451471142,2379289424127067359291198,2388285152117608083345067,2391935643610709876933918,2399129751579169265072349,43139507983124371802244,33228958122755160488532,32693625161610448482906,26851179732197869518199,92662681117980446,50000000000000000
1428,1812420000000000131072,2385631608321037879802913,2358060815995915870633800,2367126779411834279316310,2368977362182485838498307,2377298027933776104451242,43961005612717376247479,33768882865459166176750,33385625495835814373629,26936312257515927579513,43443643740240886,34697500463023050
1440,1788600000000000000000,2367420738373561493443927,2342544541890678275637721,2351617360158796616463316,2353328060433520119948483,2361569185365819489521871,44152046752344131749395,33912544007739146998145,33412500902216069464534,26972896924105975439815,0,2711428325287613
1452,1815449999999999934464,2387948104372291882542797,2360084467251963541534189,2369254089845614453728798,2370970688197611777131290,2379264440625386509841490,44241407832774380591397,33943949099000676343023,33486358476299947561915,27031582828824175057443,0,28049848289401426
1464,1799950000000000065536,2376098042063899419984853,2350014910004513809142655,2359195672885533795520112,2360896828830078350631384,2369138091035922039442324,44386435559381094638987,33981093635310647043868,33554110255886144331469,27083871224540498037910,0,0
1476,1790230000000000065536,2368666906216313797300743,2343694084886583512905144,2352949832536252791649374,2354624129299970297622157,2362793853650149841154975,44673322570959597438802,34198252757054328530292,33791194140762098593217,27253983124074124096736,0,36710806925206270
1488,1889180000000000131072,2444316174952791131771571,2407619464154589265900580,2417204679518932633038967,2418899778206352675269950,2427518642979017712837372,44820963968073660097993,34340680708925531506766,33930992767063789444903,27309408203871118723267,86666666681447940,31690072268965450
1500,1873769999999999934464,2432534919457803422402947,2397807108244609090118077,2407392836658416991879752,2409043463599750605936083,2417611817840109576074511,44979486261038755795012,34392443148653261933143,33998130754626893194099,27349291882101640970800,0,25907600163029256
1512,1914130000000000196608,2463390952668559201392839,2423524442861948348578439,2433272461029849596569855,2434927767664599363057221,2443619823592254228776463,45210875884526754320887,34491386380715127171948,34150012864151627443240,27399370975810760941425,0,19615617594249173
1524,2059150000000000065536,2574261664666173125186391,2513716374992098352092788,2524050320916355798066893,2525733016790666485423330,2535803239862617651113021,47299992489959349864924,36273943343303566814436,35284030803733093865810,28609682549277212038316,23997600493713833,18969904081674953
1536,2047650000000000196608,2565469682953494474321502,2506708611286077777188545,2517050094687685588932430,2518670373980028530436356,2528712329947677533885490,47359533384130907353984,36292988596239607419454,35325711286238520855161,28632742489030821344535,0,10159728255793720
1548,2011790000000000065536,2538053990412917538262440,2484710510060898013342361,2495133807385721910139388,2496695540375516028237480,2506740015263407317601264,48241511923275660343637,36984721249891216632138,36100545131336085222849,29213428572914555619189,0,0
1560,1966529999999999934464,2503451808472414576833995,2456643320298306742833802,2467084177736627727016746,2468626802914849969215568,2478513447709839432575967,48870496866397275071570,37443682911123781588650,36561410973530811312743,29549387421268277256763,0,21531511127581650
1572,1953009999999999934464,2493115496058901543508903,2448215630645068937023453,2458712010627264487644456,2460249358753844331240568,2470104932731313975108742,49151702094600364907056,37680954847916777370301,36798842909804174697710,29598112200936621093951,0,8957854677350460
1584,2004710000000000065536,2532641187758505376253926,2480440338730434836630374,2491168866380884068126159,2492708873894348433357442,2502647411790445796139652,49337953885831461103263,37826202520770086344508,36949626132411159336619,29813078243577088183088,0,0
1596,2062969999999999672320,2577182131635080764087980,2516275067196579067653565,2527329379696485393909163,2528876550895749787569323,2538951025166449770878638,50021845213801635099574,38386848033945223714113,37528453586699401794203,30395321024516708611080,0,26199255637486520
1608,2071329999999999934464,2583573520080124347327181,2521402189559542661991986,2532574781189517248271510,2534120227803286007232540,2544159043422402394003430,50244625542750101664508,38512895769207897813700,37656184477071508062007,30452184004093213658079,0,0
1620,2024929999999999934464,2548099785169838803983858,2493030328862540450161246,2504124021620757245828259,2505637895811416806079770,2515589186183631747398841,50377916930226388625213,38571043616510289909693,37735794331412916862942,30501057874192451311844,0,25170382963763986
1632,2054360000000000000000,2570599613152804954625269,2511115208504382321762548,2522356740101421795111241,2523850539452066532747032,2533840080337932980858087,50595751627820780980979,38684348288079362956269,37831423869187669123245,30553420881595374780397,0,0
1644,2094460000000000131072,2601256871124840400906354,2535535756776441826299631,2546947583475428083210529,2548435681652870503222552,2558517994063563949338818,50790791043463482836398,38823257441104566931662,37994561939185096560933,30721322747450966053870,0,43333333375067503
1656,2160280000000000262144,2651577587327315770592220,2575093965863488515330651,2586739336354894864196494,2588226700178896086714617,2598628015148487702751427,50993422689482959066805,39019818703388706425808,38181498015334161063801,30969966390719908456155,54903335875761806,26681141890454766
1668,2205090000000000196608,2685835735200802706117751,2601700970659273730604190,2613579673892752345653005,2615079462879281075370392,2625938720443652246217251,51263599119289096136951,39259172410442475926267,38618783233085924816847,31084359363190152517210,0,9757566427882536
1680,2236530000000000196608,2709872248683117893833518,2620226972315860488904385,2632309921151738414412934,2633763893356386461368425,2644876558288213692460797,51690949256803684371184,39512511263724228821119,38852526821428295516779,31216433252577996180117,0,28391219052437766
1692,2356940000000000131072,2801928119815600107492045,2689883074177667216654687,2702418156838846966558049,2703834937648323689646806,2716434339755701895586132,52416247269217306952268,39969768634886734634783,39314971301860605653073,31493879098662385895166,14187050351183846,41756922797332936
1704,2249380000000000131072,2719696332596847294914243,2627827126073618969971087,2640163321478021402351903,2641494470356581000994229,2653710410206060337076650,53048931675864064796765,40461341834128326799298,39866419427107515779958,31679192247469581060543,93333333345554240,38886393821640070
1716,2170239999999999737856,2659192208010644726636708,2581229177831506723356718,2593464006025615374479596,2594803846825615127803810,2606656392332008916312479,53472320305942952627810,40682864149343430179877,39981009183976255147150,32160180315435718605255,75143864507897340,39786758495731263
1728,2272790000000000065536,2737593749283263037610917,2641557602289830727062224,2654227374621310318330032,2655444574626416912260131,2667652100236389974529826,53949609005798672114932,41015983340680703805581,40232259293914958699305,32391060432017249728649,0,0
1740,2214230000000000065536,2692823449362011717524725,2607340662247828679597540,2619929437593439574223460,2621124132136374882111936,2633151085633180100268426,54218441499585586557063,41173219321532581549330,40392353900718155917605,32540029940171583521735,0,26519613500586603
1752,2235989999999999803392,2709459407802694431482163,2620162551597645321409292,2632961298441865500474070,2634143321069255869607495,2646110423735367977225097,54655199420620872465233,41512033096792285264406,40735882019619846045088,32669195445074399377521,0,0
1764,2253659999999999868928,2722968478834260474238888,2630541662824501994971807,2643534907228331511730983,2644720499059360572054892,2656683574857970511927586,55133544633664481690648,41886501331735462810319,41112249817314363981787,33033338396637703199395,0,43606727304498043
1776,2288659999999999868928,2749726684046760025619504,2650930262752612977165169,2664129759731902424523902,2665307939447780067177400,2677310819123766769123145,55481024792735158878315,42125021024850883071701,41317503923981243748940,33123232739410716971485,0,45701617098773010
1788,2279120000000000000000,2742433161825980128650135,2645426004327258398486893,2658645974908148214738799,2659811008311894711161559,2671748965376906748012956,55597893193176809111454,42176747344633420868545,41376145058933738494039,33149345236984500812115,0,0
1800,2285260000000000131072,2747127315540401397761000,2649025444446485682362976,2662368756578172661706004,2663489882293199533534321,2675403045052785591478747,56018520585482644236602,42483216801072275547111,41711684414699336599956,33353770204082073549652,0,47981460911286693
1812,2373110000000000065536,2814290410623774825976845,2699514824366602093727140,2713291947919557278475529,2714340895102457855540394,2726455881871639654986669,56633567367190746809837,42956818622922079261708,42029048896045447423193,34053916955916510603336,0,20375549491503930
1824,2307539999999999868928,2764160824458532450960812,2661991598415562679995405,2675657650119879713225557,2676688705290208290221299,2688631890722247591842375,56895462533309720762992,43081115821576513558923,42170369773793217618376,34186321868046231634799,0,0
1836,2392550000000000065536,2829152682318945485821140,2710613091597565515403007,2724627346419544297786026,2725653504097331964275820,2738033852351312569100068,57064347194882095925297,43236884869517091920282,42323263964591248355334,34257238686462448996710,79766925425938760,0
1848,2230320000000000262144,2705124578558271004060210,2617146000913983157690569,2630816290587914109203315,2631751405521027292227005,2643423092934800480871503,57697518796619463977046,43795318184424055329104,42852098536112784716413,34677006310682486353954,53639770503529373,27009897160858900
1860,2239869999999999803392,2712425745980538777687903,2622779221462500350798967,2636583133007797376159622,2637515313052716320731598,2649142761460801761628759,58005387658981512009657,44062007640878851592223,43112406600211212028736,34795593338143661790499,0,6761769985618556
1872,2240869999999999803392,2713190266129464974117002,2623398134470531011913093,2637276743969151821592194,2638199908372973633017574,2649810923497787899603387,58265799241478960386118,44188620913621415344295,43270782167975264318865,34871374837397382722481,0,0
1884,2403369999999999934464,2837424790330350368818002,2716917287952484497778981,2731546902840473481528179,2732501655828724347889852,2744829412240366016835178,59465095952832787028495,45296893081885315956528,44375443085490272654624,35708648321804273645704,0,34074369047336373
1896,2647889999999999672320,3024365257146353951716503,2851857053281677913366784,2867478084227640779138171,2869903304826994400390320,2884440953646423309300197,61053898832978095387390,46529869809726347170945,44985343188594434201858,36854276843377456033321,87048710846349553,50000000000000000
1908,2537129999999999934464,2939687005451032320095418,2791618667027702823519068,2807034751023697184825236,2808687117302813615788217,2823284861117183170415704,61607875738983846389288,46906134801805350526137,45014746004054043666666,36990843134492180979421,0,0
1920,2528290000000000196608,2932928647334505368633597,2786788641404557575481268,2802273603035105528615891,2803900860303208123718620,2818484888373061474651325,61860058565043132123475,47077636060363150905388,45185377758012675160244,37160271805224631800951,0,0
1932,2519949999999999803392,2926552549292440763524864,2782217750345958661609096,2797747098692684247471386,2799354169803591706300778,2813863532837993547107253,62011488044360667397667,47151862533604217767230,45266995409237403898290,37191815272348711808077,0,0
1944,2468889999999999934464,2887516150488149049258207,2753928262665917786954326,2769411480632221181400759,2770969797256509433940118,2785315855273251141507017,62627052843522783615676,47640662232141569601976,45794888167324343402066,37710197291591775171519,0,0
1956,2378809999999999934464,2818648175472665929734176,2703251653178867345793964,2718525751307653896255104,2720133157321475778859756,2734266006011214538917887,62839473311162422242002,47787749285854518413652,45855869126731718961764,37822332098834539204790,0,50000000000000000
1968,2243050000000000196608,2714856920054129324609275,2625036893739308018124560,2640079619705921337716856,2642813479067373203195050,2657018016424981417611344,64098578119775155344789,48920415072017167308225,46144491931826322778236,38216893655839365645378,71040279064630960,26124632050609096
1980,2252260000000000131072,2721898150625760217249409,2630463922272594008034885,2645640189830563646064064,2648385298549814901362711,2662794339289740340489821,64603738687714889853350,49160793985535902561607,46470963857989908143191,38484560106427225702246,65821393132951780,11674365280643116
1992,2281050000000000196608,2743908685713414388977018,2647243184276688904825635,2662549256932282131966802,2665284085421484061777872,2679799246734276449232484,64647917617893224682433,49183592721530971108822,46489763382031031199827,38510453852845564101080,0,0
2004,2313440000000000000000,2768671493337207940125526,2666003585781171124990284,2681473614577737095463374,2684212083751862379209880,2698821447829057758464048,64822628260411869657308,49270815560623486104558,46610460751040273737375,38628803722179375600301,0,33793905120857030
2016,2264280000000000262144,2731087682815884139767414,2637576844579768817723645,2653027284490336529319629,2655630910370337727210988,2670046925872642738873352,65442615044517792007279,49663583340028975907039,46854728497047295128621,38844051216770687663140,0,33719880049849916
2028,2302600000000000000000,2760384094922825504490032,2659830293221900234899524,2675458286665693333098770,2678079433173286331726180,2692608234130527404644437,65575379607335471547925,49711128010802392641569,46916478999112015534114,38902129354020365605581,0,0
2040,2327510000000000327680,2779428291832635715437105,2674205498612318325224683,2689967036674805352703227,2692581530242992638499036,2707188308009886270779394,65699337844320482208905,49770563789311998294055,47002109835758603138432,38988598360185419535040,0,29613174028781896
2052,2359869999999999803392,2804168163851961948460485,2692760145638169601197133,2708700748334973058532131,2711306781318991795256167,2726029902642290859115574,65878107403010625754649,49900737942436975499689,47144684555376606029211,39042456586964756130265,0,15209386805748160
2064,2503530000000000458752,2913999128447031050190367,2773556608113667416213721,2790098134989065138350635,2792910621599045262576437,2808557337070682330159696,66439003118085711510991,50261555198032472337087,47417952862962935499180,39399363640971309038949,77083905427347486,50000000000000000
2076,2532780000000000131072,2936361342803192126937224,2789740418638294832692154,2806433085852951030233601,2809172587282110690619155,2825356677984310127028245,66576484337914644347560,50332651532810575468067,47598901297491850422119,39499615165548060745425,62343944857829106,33648455556072133
2088,2682540000000000131072,3050855880306726906433860,2871078547003354626519711,2888406869675815339805022,2892394039683630263304255,2909160160250187327768267,67116794169926686981351,50787800785407376943215,47739603225708299111498,39745282192076290701808,84617181885588980,50000000000000000
2100,2795219999999999868928,3137002010687992159731431,2930808154445632699040574,2948663707268054654161012,2952909186781100715050276,2971258397051483375322828,67821730238744369596343,51433446092566720464107,48274274170378619769405,39937776043614491243512,71600316468510566,50000000000000000
2112,2781520000000000000000,3126528084647673803097737,2923655460638366416174795,2941569301353255635648766,2945183623504919321443748,2964280440445464732541944,68150712115456630999886,51611316760237316868350,48764345441955448588231,40046503603528284701591,61722286540845040,30878208117359000
2124,2912599999999999737856,3226741385769228222139079,2991789715094911072117961,3010247044562182325717713,3014777952038750070721153,3034537133395288344106764,68455992864694768496569,51885332706019890072149,48807969558094513277699,40165224816858575071191,38580104888969506,46666666676059343
2136,2899760000000000000000,3216924947056984261063657,2985242374040061715845564,3003810229041357273091924,3008916585043805849781852,3028484387229391400429664,69137445376324991189205,52281550223000119421705,49487595185282735654714,40385531285464929400570,55874995167370046,31828358420982096
2148,2942749999999999803392,3249791668259420479528083,3007327746903999453510822,3026126630094724233016316,3031327474278451631978860,3051113924053537502846833,69429601332115841433970,52504028267850349955399,49667387365141980170549,40539866090071040859036,0,32385479576535420
2160,3039889999999999672320,3324057155526334535395594,3056594670056708509594798,3075796241558514036861928,3081065727538815694254971,3101482387132874804307117,69617555901564242815908,52617340274688781081729,49795095778933842519555,40641624367313338909817,72504582078561980,34008151841462006
2172,3256809999999999934464,3489896866231917380476186,3163818927678865433379648,3183880752172858939878689,3189637079401642102124964,3212210909045934435017794,70123946134058793243364,53083433160101796698242,50484000652126738653699,41044860646834406842360,68238347034969073,50000000000000000
2184,3515320000000000262144,3687532969931425406429061,3287048715167026563171062,3308098167526537571914739,3315257329786175068173951,3340646655852526303795790,70903700487592393086497,53659662369461664597217,51411041137190627979841,41575851484956509873902,93856695217253180,50000000000000000
2196,3409190000000000065536,3606394446525645129294015,3237098862419254465622805,3257977309468749747338247,3264163134478603892196716,3288927470967723854210514,71393532016430808758952,54038269372593631073786,51469666139566734855779,41642732971599810822787,68194406323086073,29297366298648973
2208,3508969999999999934464,3682678266985730765495565,3284158641744091001771727,3305407767034009671202299,3312033935271848802296529,3337361721948158403872807,71538360546280459412970,54131155260956191848939,51537137462479948697417,41671498990466906285558,75292054221394753,36966286528593306
2220,3880889999999999934464,3967018600775230553230245,3453984517167110927805586,3477039997617774074258419,3484731181575723441497893,3512565553311332171030613,80461669170719550966220,62277351505954717568272,54396778667939571698534,46089048079673251336433,93333333342727240,46666666671313280
2232,3954599999999999737856,4023371380952750611606948,3486686845856433375909740,3510147211671431459945741,3518145073554046056952504,3546267901642501664108184,81089301746853932376110,62694982540003420530667,54468949892167676078077,46146548964642791339143,84554254511204600,50000000000000000
2244,3940489999999999934464,4012584001651364863106254,3480498881923534675572572,3503984495558639673358012,3511844180642139031240377,3539971480189239290494424,81329699746193196436175,62773662514623804391945,54552662721890600557625,46183695527503668280398,42340581356834426,29524481323455173
2256,4023139999999999868928,4075771591960314698292145,3516860536872089674271431,3540736423006395972296298,3548397908184596721482604,3577208875019032839962411,81947588945402963205173,63199132393036187955397,55158988030787523698265,46486029722894235806436,44687940582076293,22295453126755400
2268,3957530000000000458752,4025611424989106935643771,3488108229877083282332738,3511896608043397448210293,3519451217854916403998098,3547908372782360635833092,82339769245188029126749,63402582077583861798062,55384345326750125922978,46651134684971475157888,0,0
2280,3691300000000000393216,3822073225739867632216015,3368816630437740147491322,3392071096575791950977234,3399344745111908985619824,3427460921268532428373713,83989285026829418625066,64724361797264343516304,56692127951192745016094,47109510060660642800206,0,46574447922341086
2292,3595859999999999868928,3749107422726126139493572,3325058342396129547073296,3348289625525167991033118,3355235043252605494805223,3384401645124103173547685,85236103431123350607737,65684377116774355529810,56945374015841042610419,47363262787031988503459,0,13606722708942420
2304,3292150000000000065536,3516915008295045202166331,3181644514947290619100466,3204284384083068818864821,3212562472932937436572073,3241427608109403394376504,87693543510532938705149,67761182096153530324924,57160693572577340218290,48681479823210062391619,87492526935123840,37533871620301590
2316,3405719999999999737856,3603741561608862809030661,3236126532747235822856381,3259424890748724244676177,3266097862060357912923808,3297525569425536763471741,89093645580867262437088,69094351914618584470205,57646511349769102584141,49294476904868587212206,0,0
2328,3387820000000000131072,3590056650943038533426345,3227664460877561487936908,3251096301679804109172120,3257675309301348051771686,3289002732687715726828178,89677268748781702762016,69562740741818592261658,58019285971301076916463,49629731941119296283385,0,0
2340,3630849999999999672320,3775857982737144425013593,3341485778525683213768470,3365923309209167741158879,3372789338984490362260847,3406178637940645993784963,90646108090193506347643,70328610137337977699227,58658913945328774971784,49870638272275979119663,13744279262459993,30289477036365706
2352,3575969999999999672320,3733901116963940098677189,3316189923518319730060269,3340584046296046378289975,3347174311393146795978638,3379869423152364144061867,91210433077485544205151,70650037492438162014203,58980828975898044998797,50080353580189130314213,0,43229531486619226
2364,3561830000000000065536,3723090802058094102701966,3309666384440375430561308,3334096092578945635675915,3340653692136201660255852,3373261548599464516632568,91535772677262933292303,70826990034089745511336,59196787389379965432342,50283976475563601136509,0,30810007700684593
2376,3539090000000000196608,3705705613871460043228433,3299133748915914914482162,3323633059162154937445146,3330145566775952021446993,3362603465187289813066972,92060627857975493524497,71267755157127072129853,59648374127835730210925,50644596980281383993396,0,0
2388,3320179999999999868928,3538344508069514864787344,3195541488684913414272385,3219539200752523182755458,3225741133836862287725983,3257281337791448992756935,93432570299299461657219,72399727719853206105887,60556794475997171369483,51446706469181734476905,50014181860018153,15244667510633583
2400,3243889999999999672320,3480019265907760580156039,3158657326578848106884239,3182517691362641294894646,3188559767700560974073888,3219988194935963332742606,93776786540736344141916,72625123644519439451272,60725478136260016804423,51539933694905829815897,50000000000000000,33219044756712896
2412,3391229999999999803392,3592663664650882574198800,3229630543844674604700718,3254118292259345765141330,3260274406254941225809235,3292059450468756311573559,94176471958516180817111,72870764034125096049506,60986581727513031377327,51612492601834069947565,0,0
2424,3633010000000000196608,3777509346258825725873501,3342845292016249339549243,3368417399247946644484132,3374678757009236986551573,3408975077578805877829055,95639088195936674150012,74098106242057760926037,62068621728325595920323,52028933853757705532124,52377925777022846,26902592385186340
2436,3522849999999999672320,3693289806652862032058229,3291830298691408394249897,3317193820019821827151805,3323310375361077078292513,3356550482215747491003119,96347226109345937905258,74644378818545000604717,62428823696360366872891,52181036062720488132328,0,0
2448,3269820000000000131072,3499843273369472526298618,3171477548897109734946763,3196150131070912676488060,3202026062259186073375152,3235174165701764968461429,98839821763753418914324,76904849457032364103270,64654956130606633315075,52595640225364382125476,7038418205069040,30998862403927923
2460,3233600000000000000000,3472152353575279885844345,3153962091558013626267686,3178889435085678365587210,3184453462012431544438027,3219420795257726613325432,101750033479028651105981,79306119018325305744428,65925021529991752401040,54212299115892019336257,0,0
2472,3041590000000000065536,3325356839779513311012175,3058946660432998048240134,3083340299149467879265198,3088737070487433719604057,3123145128061066660750096,102539241973717520346668,79972084547708849265959,66592251382622039678026,54623172296524579961990,0,24997512813472790
2484,3104849999999999672320,3373720384400731179526142,3090668549531383783710153,3115595084917097961409149,3121048292643578764887283,3155962011650667867018092,104027356597144313615935,81112278620870070040264,67734541919546900098205,55429949998711171357862,0,0
2496,3169630000000000327680,3423245999648321648309691,3122788256917015169004554,3148083718260463041131812,3153593729459910520725994,3188863754956738013072140,104466736197757788527074,81333291756072081797045,67955884075043635340860,55675377978967311488020,0,50000000000000000
2508,3180780000000000131072,3431770399308880987111229,3128308656325223960706727,3153720215938931588544333,3159234409618452423120433,3194516884661327707400549,104671011549257582320480,81429954673131386130686,68061800327058925198004,55750388762471043991178,0,15705652114671093
2520,3110809999999999934464,3378276924488347748453473,3093753347650146569516331,3119050407292062469007557,3124468273021641115636179,3159259427225622050952978,105312053382536928511718,81942429963048146479247,68584295316445877514647,55936589593080001481043,0,50000000000000000
2532,3122929999999999672320,3387542908693365028799888,3099795970930170062720190,3125176893335612109344121,3130603321971283194385064,3165458215553103835991360,105396199771511780866622,81980077479376796978924,68623783926629502782590,55990611160944527400559,0,7545981900624453
2544,3159200000000000000000,3415272054494997237049717,3117802873448478219952532,3143549528179313895411512,3148942480164459479455443,3183969681632575420057075,106208522209853941128047,82743064874669678194801,69470803991632469882468,56385807132879597278090,0,0
2556,2902189999999999803392,3218782731018880660683684,2988376406179795783571671,3013386955552571690888691,3018900014206344381573918,3052485648229548352088611,108623079731528647239561,84858880182629117737035,70487468328609029075377,57471918125009068479637,54788057872667586,44076460405849156
2568,2979379999999999868928,3277796041314675333261723,3027908952694876553481760,3053369860406225894626951,3058411248291384051884246,3092527062904976784979313,109146152527044073075673,85149369318241335817985,70785176218804746143801,57520712156610583406006,0,19823815944683783
2580,3137600000000000000000,3398758419278146144486225,3107317575541977997872277,3133594241189168276590858,3138743109572759296722763,3173771018161873219079381,109825001482522209927784,85658833969328088429764,71351309942735299014650,57958737623862032587803,0,19948340541852536
2592,3063409999999999672320,3342038669429136652536123,3070398429672826823774785,3096469736191559799436962,3101546318211305684447080,3136088011464088254345610,110108760080402823135940,85873324404310478338376,71571759881973119712224,58460699054494132523450,0,0
2604,2975980000000000131072,3275196672808317608664372,3026303457388720327753546,3052062585299129800160296,3057061342866842086606394,3091082609433913715137696,110387492934565549945899,85992907287317610841673,71710520694201598542357,58657090006356646118289,0,46666666674223526
2616,2902400000000000000000,3218943280250157288542605,2988700798185808463181707,3014259774199545118795640,3019145324865473379818189,3052732916039335675418793,111138287547422276252366,86519531282643483371547,72303428668808941183941,59249051819008635923565,66666666677307980,33333335304430473
2628,2964760000000000262144,3266618756737340674082463,3020674910745161997575555,3046590728366762572135981,3051470335577490648578508,3085400700825841764637722,111460893012664201740054,86683342472072239616427,72526623908042449165339,59447971768587693186417,0,0
2640,2898530000000000196608,3215984587273800208024895,2986770959697631801661137,3012456175958729793996411,3017265946852544435923219,3050799667495080597761004,111552161245521184941640,86733433933362352007979,72586759933366885104829,59500046603401909283601,0,0
2652,3030860000000000131072,3317153538581513199093978,3054238354992288192210605,3080675996194475249540673,3085559939274454272986762,3119747701040790725178716,112230171379699374943604,87270757128870534866751,73149461130894382560130,59926658623561314070874,0,43378518687498523
2664,3103329999999999672320,3372558313774363281359676,3090579135043239127451759,3117415857538094431560418,3122340158263377705985659,3157301145807148582729585,112646581801304758958264,87564038090291604328264,73439791373269598286010,59977174687586681497325,0,23060176056214550
2676,3776480000000000000000,3887195052025597309854800,3409450034309066318419137,3439552334184126636529081,3448279293063713580971533,3490921287486129658631924,119094047035286940085454,93677632194794897614865,77602564486908293075480,63472480801382259445224,75141964574302440,50000000000000000
2688,3916849999999999672320,3994510745330699277667794,3472305711901209003064310,3503191615899920799794005,3513809498072709751613693,3556608431176948926247771,120006690432143540974593,94351554454789478514075,78416063378572834428351,63765728806721308656499,100000000000000000,50000000000000000
2700,3738800000000000000000,3858387932813973032931779,3392520818030043730915096,3422839282374352379285552,3431395321390146740662420,3473867521139771600944675,120829805235295765152718,94922438228453533054006,78543056042717208440328,63841998624901853539459,80789890977108193,4398026889399146
2712,3897159999999999737856,3979457343598293257668017,3463668149930131449659947,3494755424931460892562553,3504366849948226728059254,3547173475587139372236284,121282851405244435972152,95199148173390913272669,78601461504326744158311,63967066200714570060898,48745849224120226,29206082072456103
2724,3806219999999999606784,3909931881254734270021814,3423070788708168126605840,3453924332147277866941137,3462861158321680930798786,3505598485922159382049337,121898639231224902590484,95472802011504222263908,78893744675155481467642,64044654202805993753998,12966626744897606,0
2736,3800800000000000000000,3905788182047538949922835,3420678392611583048528761,3451641063402029629174145,3460536766907956589377620,3503206996416709522428712,122310211256538086604280,95725243854269728735543,79208606747172519025187,64367042866839886290545,0,0
2748,3802400000000000000000,3907011414285831746297790,3421429031513680669773775,3452442624081074798918481,3461342289956533697253662,3504022534691133724337955,122491366110793400825176,95782802476449261490443,79282952760631620226235,64448410717857573888746,0,0
2760,3763680000000000000000,3877409194119319254025141,3403987956481712329848720,3434886092121063561488060,3443723255817305061900399,3486185543308386696283733,122564574767064583174331,95812969267721931852140,79337176091275239835245,64503198633033667218272,0,0
2772,3848550000000000065536,3942294019158875166362631,3442184026983400727799596,3473495627279271758772543,3482394672390587120557584,3525333217357292146893041,122810656674642840984538,95965682029638433445934,79546857299441776726037,64715117416735123092176,0,18722996366829670
2784,3682390000000000065536,3815261351212914220785204,3367099395376215041899012,3397858361056568618379821,3406502953628863303106611,3448502282437078643309717,123374981510655749001262,96467801820855117774820,80063870793096482908850,65236337659674085704959,0,31576008969076813
2796,3674429999999999803392,3809175770827446210797443,3363484728415133144987959,3394249750088916179387603,3402862760208601585332442,3444817246550568497552217,123487526146863326302294,96512904443346116945151,80136018860734309340715,65254455112305713080814,0,5675071802362190
2808,3531580000000000131072,3699964067553005601473303,3297510906009735036396893,3327874771426960359587237,3336162028644362800565622,3377489927695791332439817,124218641918072095751309,97133309001230180787876,80485909836863813660313,65500765837782123256792,50066486900811413,21668789452166863
2820,3512080000000000000000,3685055924648896885124395,3288450368545257619321859,3318908238755484499986216,3327137385749468599347463,3368346594701332340089209,124976439617784628386856,97698502342506036951052,81002821342811465404375,65679432706969966370416,0,20784639692443513
2832,3552800000000000000000,3716187185113266403691074,3307501335208855144701525,3338274460148988451281257,3346548229371817221028158,3388080527072518599289845,125395951535542290950973,97998346105321817204189,81305777678560037127010,65742484848684018461585,0,0
2844,3413369999999999934464,3609590140748164052797456,3242003160328842278573614,3272354515568597033771180,3280447857789521545114444,3321375757938477842260250,125923645948759025083504,98389006565059679517452,81709387037745257578119,65881369216653823598019,0,43644314335928593
2856,3597179999999999606784,3750116589322713098774476,3328192505140119484954361,3359465971234476398598877,3367770227459209062777581,3409523900156506280730184,126358976408696503640135,98741849080057005986899,82067265806950015540248,66079746084525041848001,0,46666666673410030
2868,3491580000000000131072,3669383261595867219786530,3279023094331764604493230,3309948320133658253156806,3318122208484673917991345,3359239188913284430264451,126856026487543993187149,99046193038419957739045,82397295275511557225403,66420640028915406645977,0,0
2880,3319409999999999672320,3537755827554842174766816,3197192721138345535172441,3227458302355854003595536,3235756764131238392988999,3276023415280285631929486,127117145015532486616411,99280719267327571355644,82499697169885529564586,66615858372026487073198,36666666679748260,50000000000000000
2892,3380979999999999868928,3584827333124366532164678,3226745230088467002134197,3257406593605208866449432,3265472175942220678779171,3306103225411618200319550,127446440009759219808410,99537164993095588565903,82630502901823909947809,66629123735843091272027,0,5827839722634136
2904,3448510000000000327680,3636455378781509033212992,3258853665529831877813815,3289905117792406232183619,3298031716062446637822842,3339028557622661331469073,127796551982850369583944,99696113142167123598239,82851939584882531030812,66805430255207212387034,0,0
2916,3383600000000000000000,3586830375914562396907843,3228068387762991956476567,3258875669867870713038252,3266916090532311206843122,3307517558309412742719337,127975480938158595051298,99772299403357284797428,82958866102205453695617,66923052280684787860019,0,0
2928,3447789999999999803392,3635904924274281379923324,3258578155349055569809935,3289769653823882555126111,3297835739109210984724764,3338811840100588829580840,128252130565592261418384,99976552619346172904886,83180931191311325964196,67083817259364820987927,0,0
2940,3157200000000000000000,3413743014197143924785709,3118290727362574059134469,3148336278960809511100572,3156291342698013729322301,3196487268983980466735715,128926437539850536795666,100477707682007238101195,84075701984951399634049,67359382170130022741773,59313660689646740,50000000000000000
2952,3006010000000000458752,3298155212880642810334454,3042771719420881222082091,3072336323369508267007743,3081508783537291053811150,3121824113158536264957771,130164009686683611713274,101732304413874502202891,84123390291134328962400,68399170780250684779728,64894515767615493,13578637808225840
2964,3053190000000000065536,3334225273507084792557141,3066627139051727488622862,3096681477452456603489151,3105543888041161401035058,3146608459462224854769943,131401139119182294007664,102844933596462367282888,84160800979489266155098,68914606854236886447713,49577721529468773,0
2976,3102400000000000000000,3371847310035861286344708,3091285739050721521816276,3121701391026759177075493,3130413063306419020214365,3172029481753189580265598,131947673421280682562082,103181155640601635377718,84286768571933234988071,69269451908487888016076,0,0
2988,3070000000000000000000,3347076857210574084995147,3075133018645960931322892,3105490176776153418769650,3114112949125318723717956,3155537243481617132961509,132076226815771158386287,103284407301684809814269,84397977327861647654865,69381661836988559401511,0,0
3000,3203800000000000262144,3449369653137213544683213,3141463379611892307713415,3172558640685644763464086,3181336176608010606652043,3223653595940221422624764,132346969744817149023557,103420124741609495630453,84574462412074573113918,69626439873227022042220,50000000000000000,50000000000000000
3012,3421190000000000065536,3615568688312787187378602,3246357967806747253581389,3278731653240500517160411,3288546591928990983367603,3333298100540238052923754,133372907117352384415386,104308277376125935775059,84779529470176625092889,69855329368540195147244,59161915340628713,36970215445457800
3024,3459079999999999737856,3644536356755688796865536,3264329701458140491286617,3297017208300168102904750,3306561077752716276783916,3352263591597621209164642,133716478975681688057385,104542527430341254546957,85325865889890110618363,70011325246995402830330,75339801053874313,50000000000000000
3036,3486809999999999934464,3665736500485472647621736,3277432179721112364385653,3310379977360439275879683,3319825257706899613625959,3365907986996683599755943,134158857090143585958520,104849523330565812996414,85485139169206163866185,70076998193233550593846,50000000000000000,23850609939280170
3048,3500499999999999868928,3676202781324302168887932,3283896297002815195332467,3316962569044805516098991,3326414806418742675756913,3372785432013905747959737,134365820315326008521522,104935049280000436749144,85628363008464081986912,70118406435518457347147,0,11870428441837950
3060,3460099999999999868928,3645316167307593033860708,3264940562756323726308748,3297923487289263737550429,3307298210911211106024532,3353254438984093484917306,134834243237144821909110,105138701591063066191913,85870039757944250248238,70433105296459815808682,0,0
3072,3246409999999999934464,3481945856683054934359531,3162581276648239595570593,3194802172418773454046233,3204482006903853455574062,3249295721349614265418421,136351168008832096263281,106591054738057781774215,86233296484084684468106,70731372285144750286511,48854849254193826,23756120234715466
3084,3256510000000000327680,3489667510187236562504046,3167527784811453636838667,3199862777235928838398834,3209476868462366201050200,3254384472529950025923835,136498394676976656437637,106630758769029075840859,86331254211214493098308,70808107517002160535863,4976171128566140,16062621318673470
3096,3334699999999999606784,3549445340631953960496280,3205369312971649717819242,3238205994333234131549582,3247888351903151471700645,3293281097405435250984795,136983258984905231462984,106969327350984744061608,86702355647179079070595,71085014518122340198141,0,0
3108,3186950000000000065536,3436487488627764983867752,3133599989920051949503250,3165839488502540900605604,3175263335009911751181193,3219736475661751742237535,137397695105049833069856,107301979496068962990375,87038717363263733392381,71305763271012463259190,38281941828677306,30019221486862856
3120,2995200000000000000000,3289890750070720749216748,3037924548823918247732244,3069377470599679385996458,3078597979875935064489752,3123011750499447914869651,138401717594521109118476,108113188036195122883933,87786496733593606595124,71830957252189466597928,51175482267536526,43307743717641970
3132,2291400000000000000000,2751821469254822839572373,2657265620662444485848303,2685292328863909048835531,2708367208012195856364460,2741684540912145965399234,147776418311729469692908,116958860730218646204352,94844899304875342255931,80303485730903948019821,100000000000000000,50000000000000000
3144,2474809999999999934464,2892042109769803070252943,2761657413605573856016745,2791136441377636676288070,2810915268444641310144148,2848619307318250127052439,150364608240615191034414,119102318810344566191922,94978404952288189188753,80732836866474528269169,68688733277109100,17042420510565606
3156,2635389999999999803392,3014808755284749486577896,2849941997233220304706336,2880748560983125634947511,2901204250571551496330613,2939894236500303287392314,152693223653925328689985,121122471565754943446768,95909205223183204233941,82092533517251437810531,0,17204432085019226
3168,2654409999999999934464,3029349928517371376316634,2860253260534417531639990,2891328346219354258661986,2911859058216176403412789,2950788288004934870941622,153218337723953800355050,121586329778673676472812,96376600471747696920711,82309285293761564251949,0,37244617115794996
3180,2645209999999999934464,3022316343147224993443306,2855356383759065065704446,2886633780326549638213093,2907131054689750097162008,2945985994593018033947174,154408866331997398485237,122630260710071560944658,97428163615317005725227,83351677875826305710545,0,0
3192,2638119999999999737856,3016895895291324168500469,2851578161205013297711507,2882974919347904054598722,2903445958407135711647176,2942206810015125409105367,155164582424781639695064,123109072687586782935438,97910093471305520738323,83675614861308821700497,0,0
3204,2599880000000000262144,2987660644796295855201858,2830889223236921924204323,2862234104735143288471315,2882557774458802517061779,2921035944115843978515298,156148989391554372872312,123872631018339968498177,98679380647875048233238,84454306401107542788453,0,0
3216,2588999999999999737856,2979342665575953991828982,2825002915812865368110969,2856405799876470068591561,2876677403549958567047048,2915067854540523098615455,156644459594167164021638,124173889980029970468802,99005404397153638801157,84763765007827715110842,0,0
3228,2578599999999999737856,2971391656027094674712763,2819369913249284472834526,2850850468390678656043171,2871082503859567964509569,2909397494241208757848780,157113549384896747945063,124539409457669081259328,99373590320089831049243,85137270263113179112725,0,0
3240,2653559999999999737856,3028700086390779923304525,2860096849302226745200013,2892140375317988299405355,2912660769886287314677771,2951530297339640060318841,157514166491765893137230,124784570986403759259619,99625383365521206455390,85392445955082393434147,0,37438706364645873
3252,2752409999999999934464,3104272903112364729754064,2912920209541638961924349,2945671807225035852153303,2966499776293104405264020,3006695460390428194872058,157914918154680377836706,125160922371721498560363,99924726386811762450235,85491854478455579666291,56467104283082420,32852595626557113
3264,2626829999999999803392,3008264462809918115183585,2845725639394946828369035,2877813498575847324422536,2898094871570066832653486,2937219473858474440098371,158195438362331080759126,125384863844827091364626,100138950341256886645953,85652562497790134698350,50000000000000000,50000000000000000
3276,2555800000000000262144,2953960596631525481980922,2807055322215703891579774,2838945468341366907608500,2859326451605848257404700,2898158196127467047475494,159867225259924828907559,126735980923435500525179,100654097725586302142479,86051838968957861814786,20115595320162240,4102831076758873
3288,2525789999999999803392,2931017346962181347790474,2790574142616091908887777,2822421177066149244378813,2842713471748103347523160,2881411720780324771846202,160552153137975748217278,127213298061975852032220,100820677094552674468567,86384952533676881873372,0,5374496247320336
3300,2515719999999999737856,2923318629062472791819079,2785053196933099787220485,2816966988688642823536277,2837139192033866191897832,2875785425991214021333011,161274447273504824129728,127688829207943639469733,101186358970688017989689,86890212034839835989441,0,0
3312,2398829999999999803392,2833953868854216549113627,2719622612325655230765266,2750917023578830049493745,2770597334313534277083242,2808482021269702946709473,161796127165281111003974,128155017917042816266279,101661117210981459446602,87175377714091466816128,0,0
3324,2372569999999999934464,2813877569743352749674847,2704746092091833470930842,2736015102686281557187098,2755588605439119878695148,2793382924982972061719518,162399382067797498180423,128553516545596114244601,102062319449235293073851,87355093381360522885956,0,46666666674732206
3336,2296400000000000000000,2755644069999468785572504,2661026675954094583544561,2691964754783068526473660,2711088636511661188581135,2749132426758562753659141,163289818897447343831049,129332096897163977830133,102356592626716420490554,87609635195900074171629,0,15618685813341486
3348,2351260000000000131072,2797585645369687661849783,2692670714135566421168639,2724100403403228946272651,2743434713166755112338367,2782025456472542285964608,163833070888316303167116,129629459656687316613654,102713495969404108290080,87902134432936303637239,0,0
3360,2348329999999999934464,2795345601333324167068395,2691034733441474853365256,2722567254589513900785630,2741884059862298139148967,2780441476060537658503599,164323231521588919018907,129909658000847736634096,103011438590546687378332,88209093813046358252643,0,0
3372,2418010000000000458752,2848617365310665725596453,2730705313359778770144372,2762806676337471935072600,2782390178441900232666650,2821514062899643176296013,164695651147184019242105,130139689803293400373950,103266963648480699004831,88441506245798822630715,0,22257921263427933
3384,2307949999999999803392,2764474277719589612886268,2667878953440386032438989,2699361686610172484380513,2718427152763321233925574,2756598980584141999756341,165206290079908124365871,130546173205438619132010,103551520308101950487643,88666018896606936927236,0,32927648370813993
3396,2300460000000000131072,2758748021804118077285873,2663592229158628042778346,2695166591379232155670490,2714151466489227021202418,2752214098306607278351922,165837629791682900720764,131040194380244401190827,104081288657787417669576,88975999768815594439739,0,50000000000000000
3408,2545420000000000131072,2946024877485650056266081,2801873406927914896542946,2835287732241951114874606,2855256618972366072420668,2895669905944191088591487,166563302305207150177025,131703671967455045636110,105025908224130627105710,89516805149930486460126,87726112553241300,31544764170230883
3420,2580790000000000065536,2973065955153250966474332,2821308277143843008872414,2855015960903600437605362,2875111794068234856521111,2916292074597283092334951,166797942277058865515758,131824292267332200080961,105293442164007253281936,89567170996960535608559,36306037879525333,32592453642024823
3432,2636809999999999934464,3015894373896228199766668,2851803984373777711776075,2885983400443394442178254,2906255040667126539187888,2948765078301606634435360,167443677164799675170393,132317575383065191002874,105815465506389185807011,89831131303777036450923,0,20813792596156450
3444,2628590000000000327680,3009610018272034036703216,2847396445956891223234332,2881636316680753591310594,2901857721622915602874419,2944164698003711486457947,167787517239354510041015,132518247357894514663628,106047790844942615194100,89968060583550771965382,0,8472220367930196
3456,2675600000000000000000,3045550110473166413337282,2872771125740181918454580,2907382311876098262214433,2927772037619337962781487,2970658109369318106477608,167896087895050944822226,132597322959451120682733,106132061054876750742335,90058136575190328844338,0,22531229014396236
3468,2629110000000000065536,3010007568749475220766842,2847728343981618548698054,2882091197381143257856862,2902283180480400127484920,2944728083481844022563532,168041883736355279415420,132693929055073339444709,106256007969812503026077,90111098183700808534242,0,0
3480,2455179999999999606784,2877034579246337171633006,2751977276335513981024996,2785394126674643370573725,2805080043484659727054820,2846078894117066957785881,169078529648231194718324,133606625369554075927508,106989554761928295838671,90854735629411915509584,60660043951587086,30161404139100416
3492,2385800000000000262144,2823992171313678899510684,2712857010522333100590975,2745941006741712161679254,2765386837059045081406796,2806272479073173087718179,169696629455294426265544,134114917841452045948598,107957464448301004492935,91438525827650857764801,0,20678924100916630
3504,2426690000000000196608,2855253400203364656070732,2736035866632001277360993,2769464543811367798761481,2788982121684260139611805,2830133453930165268863412,169876656435015929582481,134211232329549507355544,108012666760169594011141,91527899088675968673009,0,0
3516,2438620000000000131072,2864374125580081577865451,2742790502497495697302344,2776389622920240175317866,2795925011032144980541703,2837163748901784170182003,170145409641293148217666,134409668268869400634493,108225837807798621569978,91738774126450896328800,0,0
3528,2403810000000000196608,2837761179195879040271274,2723182167250329592732614,2756635061520226812114891,2776008643148053732751014,2816945113400782147472868,170537810448690439576354,134641511858194311738012,108506554799161374436439,92017273780900054469198,0,0
3540,2451840000000000000000,2874481081948917151329689,2750282574367592984355277,2784145300247839360621743,2803703354478803220301691,2845044167087409127139655,170694732326965797390109,134760158903345276815151,108632909418465041552129,92143683106577823573614,0,0
3552,2536419999999999868928,2939144196145290900774397,2797355839886879247336386,2831893678284083955241929,2851755584192279016155344,2893804108435370007315879,171018551496565071703486,134984701782323356700905,108881953024209180047954,92367899877204075570865,50000000000000000,40164064636615870
3564,2629980000000000131072,3010672701279044092921376,2848520199826005882002605,2883813009951270890284943,2904087532112140251616370,2947478673923121339795384,171537860932618738850840,135543933701497727479782,109241758010039660840905,92440833699882334286397,27224351489828293,50000000000000000
3576,2621350000000000065536,3004074892393790677147245,2843879319770927405893379,2879198126019300398734455,2899348740681509019386471,2942721233378442394151744,171813603783124112382238,135689499818984807465042,109406254799470955913544,92568721556772524834156,0,41788091598288110
3588,2649090000000000196608,3025282681325067913959550,2858908271163364902876910,2894431629163638781579756,2914693550028928179343507,2958426931603482515907805,171877986633146876315624,135703034841920374705331,109435863213543873038922,92611387246568741158693,0,30514709284216010
3600,2630880000000000000000,3011360769413080584659770,2849102509065029427363556,2884633652573774800765760,2904705682199796220765970,2948657108128173917905618,172215434149640694485387,135988617495183587442911,109612018328244037761984,92757284558378876046333,0,0
3612,2526880000000000000000,2931850673924512563596099,2792253613722392157622772,2827179759167020381449035,2846787721449901578528763,2890227033173707907098041,172426716106567630584572,136178559380853679635449,110059954134481996101296,92861659528309623553841,47265469945442786,22154892129869480
3624,2470019999999999868928,2888380058256438395259444,2760703594744658517110758,2795376104134183937478409,2814774462863395277257408,2858023921745873260787241,172899051038531620002673,136585228709853494200585,110533661349078225143167,92981328291261444064605,0,30854530988051686
3636,2524260000000000393216,2929847631134319892042212,2790888469737272981040834,2826007554926234851290808,2845605936306019099570719,2889211179288046169206026,173166198398108744155192,136678059307710927878756,110659031280519302602575,93084464348094468726108,0,0
3648,2658230000000000065536,3032270395486274906050337,2864032788018262583384767,2900195750301313141971384,2920300316587998337256032,2965063061169220426463680,173585751421162125637856,136980821905658047784952,110981815670567445908070,93536706395410429758606,74271757902360813,33373955834217273
3660,2513500000000000131072,2921621394331849859533751,2785016350681975171509771,2820310303422378553978747,2839797364998885418053760,2883288188005099182659916,174204807843303865161380,137489386649119376758980,111485904229632914491778,93878939286677245793064,0,24195541468677176
3672,2453789999999999803392,2875971896239329707544570,2751764107249767708833846,2786685133373898721431158,2805915950937424338660893,2849060736651055670373727,174389055677450604703868,137621379496950386147195,111640256873789531364018,93962526179299226386779,86666666681726186,29165145567863306
3684,2439520000000000000000,2865062193714116003989816,2743782707260926920724841,2778680268101877325577350,2797773242079662284469213,2840895841705366695784868,174558226824351771775005,137739948590107995191882,111668072450285263708870,94003139707855838390960,0,30876456444080916
3696,2793800000000000262144,3135916392076518374262526,2936356285451545945843372,2974068118602111903376842,2996006780839672106040099,3042594886951459827471517,177471479820329847576148,140418593651301626077497,113436899361077829986747,95498947989418879651816,81166476894300926,40657821635612966
3708,3053989999999999541248,3334836889626225891324021,3070086702285687705970552,3109684168961666692713691,3138877460980936179778068,3184846245395712069796595,177814442875521047452604,140772634010455828641252,113557281763001312030495,95785708699125212230868,100000000000000000,50000000000000000
3720,3200670000000000327680,3446976705071063220089608,3143005033557280833091799,3183732301894494693363179,3217593993818663958117621,3262638943672849350858621,178480671399446979785643,141247502189481266400962,113992563095583257393041,96122138975060551349195,80000000000000000,43333333359271150
3732,3172199999999999737856,3425210816431074232255420,3129065644444621370667305,3169849694263118140943473,3204069412217916783910685,3249334397938768512804458,179515635155933257066215,142023395009976747171871,114455848870799054811875,96436119470401773837268,25678275026139913,7020797906115650
3744,3104300000000000131072,3373299898318821420220010,3095502713497218139978673,3136239360369253814682424,3170509822586518754652213,3214850191029473276470138,182411939729370870109237,144311290357494042635912,116904247441860236717856,98852790490617575132890,0,0
3756,3105409999999999672320,3374148515684137267066164,3096138029407754764693032,3137153096720414455460210,3171433307524242193022461,3215786289043906733122907,183721676210617869120775,145194159636707271734931,117796886942162948043938,99758072002975450691471,0,0
3768,3128640000000000000000,3391908318743742344010838,3107760701241158897961620,3149127971065676718919424,3183538813640796080438480,3228060811369304335090310,184668991604176089303263,145802435902076869533234,118412064666541224913952,100382180267434062723242,0,0
3780,3148979999999999868928,3407458658572953078014852,3117891640490719061189784,3159507226244579123033609,3194029223198830956277737,3238697630909529124425311,185169549600735045764538,146092369303022510318261,118710600986111314590850,100683755160141081745828,0,0
3792,3358489999999999934464,3567633274974963796878443,3220001452728273792278739,3263199290050428569666650,3298809651672418942417817,3345192575432318409115258,186156818963859042583642,147046876543368556903578,119629955481768270950965,101352778800183662286573,0,28554859868852350
3804,3475170000000000196608,3656837485951946023959191,3275532503526855304110277,3319753517563667726507013,3355980563867976603768186,3403749347129976039643707,187303804062973404820711,148022904990855110447504,120617056651658814129364,101801650530663066140111,0,50000000000000000
3816,3460690000000000196608,3645767234195465391516582,3268763436330849529378900,3313131680430210420538319,3349286266865472634729899,3396599792209214293103748,188017154307816899472419,148660253315205435737458,121261484179835772444665,102109651061090907437113,0,46666666671447780
3828,3595980000000000131072,3749199165144005790304609,3332106560304615564339621,3377547950381305793164892,3414405322450066759228797,3463711125126061935072608,188859726897111659034826,149306765277733641574640,121915319606807025540087,102227340153990188427680,0,50000000000000000
3840,3694460000000000131072,3824489109410482737530518,3377463118341201242289991,3423628000374389200061973,3460988066085978085308475,3511960466750964220762852,189181484796908672428571,149507977863237022342920,122118780827689073858537,102294892226451964103445,0,36209511999103936
3852,3614000000000000000000,3762975818227693662597558,3340537312577127193699468,3386355976916250483276708,3423286003481824183312666,3473400359597564127503936,189873491847641082947019,149946741389251747230392,122576764465364217946788,102411525498628424427691,0,13560374485666173
3864,3934409999999999934464,4007935719145884029665781,3485535137216139598116326,3533575308492599883311222,3572312762999045919922960,3626723605806499970651774,190617572744793399317352,150656139450575142091979,123108739939900714800118,102633229851384948813881,88790035514880700,50000000000000000
3876,4002670000000000327680,4060121864511750356662497,3515713414515173888216085,3564435078812853108717147,3603173849177193598803108,3658887774263639401572492,191951072466940799325912,151652338812239586072716,123642973819575350465120,102944744108563218337390,53280851328897733,33695174733450093
3888,3850460000000000131072,3943754252643335669986550,3448256433681607846515319,3496149280944465171137900,3534077814570292196123248,3588410724897394018603357,192337456047198160518808,151901318074912250223986,123953270188180746326228,103009717663419545610274,0,0
3900,3718480000000000000000,3842852883387743898464566,3388725434336681061409104,3436089817876524383056144,3473271342205277425889650,3526551888562261801472307,194111487123577379076743,153239411694206915325020,124117905968444569888025,103173288239001812785556,93333333333333333,19271186756586360
3912,3901969999999999672320,3983134685514639112535423,3471392968872053572889327,3520126139054145803323007,3558167477128376563052790,3612595587888639585676024,195052955818130147704385,153958571738279046312663,124755201354501572079773,103515551493226307061238,0,131918675852050
3924,3876659999999999868928,3963784680545255854453827,3460148369822097862632912,3508770231964199794551088,3546676209152203743821300,3600895748712366283599836,195213796536931795189995,154006295670328729446210,124826324626915304447143,103605203939393593928708,0,0
3936,3996860000000000131072,4055680002446466634377738,3513447422630608232174449,3563011946345688805882041,3601467598631517025948381,3656480663245099419848183,196143455082913847136043,154660136555010578802227,125526999007980481402815,104282677636795303055479,0,3384043191966963
3948,3703830000000000065536,3831652663205949363338037,3382270155632574561648546,3430248394120772012424971,3467266825570386743947261,3520317918183273244783840,197447875229727302783024,155833962098213841841593,126708401857176857270942,104751963913264672028822,0,29711259579150330
3960,3440690000000000196608,3630476831216895931881024,3260056947587239202169684,3306956119396715063311424,3345887315797675238999810,3399787169739902327049365,205051626202053250367211,163135841698126532439853,127797058575577468178319,108601465755009432704951,0,44286353717603530
3972,3336000000000000000000,3550439216825566216947693,3210140754969838708122397,3256548620708803380295143,3295048754038098428365322,3347661237538255637643580,205815080772771865091048,163741506110134404664128,127925295347394529970874,108807465601954113324329,51080288871557653,6318580756152163
3984,3469190000000000065536,3652265655461355498465919,3273654009767464886078846,3321140559032366475984729,3360248666456795819046991,3414048353870997377438354,206659393221705170430639,164371943079217376322703,128397880677729639496884,109343634420246501831763,0,26426252068142473
3996,3415190000000000065536,3610981567419216663390230,3248132473175272376943596,3295422614609008074516128,3334207569073852997021485,3387446739583901402227516,207413301231313595332393,164836922746499372953021,128898591990194716337380,109515627359467953045409,0,0
4008,3392550000000000065536,3593672831247472488060720,3237391115484188864053865,3284605827162932824382519,3323263850941609743154560,3376293113778656336185402,207818593856606773829373,165062292327801015520396,129130723033052732403182,109793633223933398385049,0,0
4020,3389100000000000131072,3591035236733670472829055,3235798600406739339039650,3283172210268715477288581,3321790665078402432215120,3374787856399703903904572,208553461861047907437856,165545869843369729882770,129675466431446521622540,110367085524439317349454,0,0
4032,3467280000000000000000,3650805421976904405083558,3272948485166090116714589,3320988627899646163410661,3360034841561081207989822,3413745340177978974889104,208876172959476911879120,165791833876220425738878,129923415425533838288921,110514578252970162092391,0,33970363672496720
4044,3601289999999999934464,3753258767134815496111621,3335643227572977165128141,3384720986375624568220705,3424545198348297610514353,3479816464610328845477042,209467188847252548618007,166266143665631330122850,130319170695725788097663,110736115015673672567695,56310306403450653,35366957586227980
4056,3653500000000000131072,3793174364110372338212076,3359767157758537259638518,3409256295959311242492593,3449281690434727017726271,3505501216219400881032008,209595186394804350174920,166327880148669451103373,130754753085345844492933,110848434653935298832323,7142303622789400,43333333376006766
4068,3348160000000000000000,3559735781836533163393378,3216369367554560767381729,3263987874027718334155651,3302757921973798152621296,3356189214555760955582496,211022551980745913599280,167701792284958269471456,131882221331792778701340,111113700811653293931871,13790601700438206,42587371370845380
4080,3311179999999999606784,3531463826729158343759533,3198616563551632423538054,3246174863749408500178391,3285058247710416382106902,3338639982128336538279969,212017553464050939530816,168455261647163953067300,132283210611318930551786,111915216113611510184185,62159112589171006,21602933664543916
4092,3251209999999999934464,3485615553397911350805379,3169561147955041411696091,3216791024244125118439003,3255431876625993839133663,3308405627802677092237304,212455731012767175951038,168654514955986705250780,132447957982895710978910,112056681015635105777244,64273846112595693,14031397444538073
4104,3216300000000000131072,3458926154998815907266236,3152571868276735918167321,3199833194662963152803519,3238635179514859968967701,3291463934922836322751264,214221941829833827173902,170161459039480497537264,132656051602372833958470,113170587495175244383433,72350813400104080,17470677806967313
4116,3350809999999999934464,3561761760231198000496544,3217886655100180755282916,3266347726452752927898494,3305869793485170214415124,3359643876208836655564139,215671277752437607276872,171271729540701755012061,133773608559381437337789,113927173810702719652418,0,30805708683890036
4128,3310099999999999868928,3530638144968316368944793,3198342927224783062537303,3246736027417982726252632,3286020450175214917711867,3339642547595752640564045,216651892637226240577839,172045458190124975513520,134556349737923142198137,114228747182599668597877,0,0
4140,3370800000000000000000,3577044518008277863331226,3227656512259848925577888,3276984246919618014978634,3316634318825712654754556,3370741525292933676584654,221459042394995262617724,176286156337073013311204,138848578925080979136825,118621188755640456139831,0,0
4152,3325989999999999541248,3542786370134789430379997,3206176217015953895843930,3255312136158950263254613,3294699712442200293821683,3348448712528857290620372,221915231985669436508759,176543805120025697846479,139109212199277519071892,118885895625261011184843,0,0
4164,3399689999999999934464,3599131505110824230818734,3241574042000866579041521,3291477620258207972040393,3331302512167300618566157,3385640933992872610393125,223096151298367300434023,177317222682124964212723,139891972325881270824414,119644114061496348963893,0,46666666671441803
4176,3312340000000000393216,3532350670101911562372028,3199697160178038780433186,3249030152572126607897758,3288340305248291743867543,3341930534229150262557793,223363816540099525776640,177484992592639254611358,140062389028404281892151,119759121227268222296453,0,0
4188,3186449999999999672320,3436105228553299688108467,3138388328513731998864723,3187077084281879590702577,3225518219003546313146586,3278144747554703512413648,225245047023164763027981,178922621806857436511170,141310369106679848742817,120128771109355616477519,0,20642900962158046
4200,3222499999999999868928,3463666179922176948880455,3156150459774250234872689,3205323649649979767101596,3243984512650888293302177,3297016289951471656746269,226086583338387977549281,179589668248132425706900,141984919834294040093887,120311604384101385447592,0,0
4212,3250720000000000000000,3485240938524939143067736,3170009269647015152827585,3219657573237075513602032,3258487389652181273925228,3311567222781334359866097,227286593760270093356212,180560407748107259506151,142954145787116792954069,120818059494806240253598,0,0
4224,2582599999999999737856,2974449736622810314558857,2825652570764037067765894,2870450488778894458578945,2911381161668944912925071,2959563628366053976163596,234672460469908971653056,187825122406849293599112,145095539830311703676935,127267580744125779151258,76090668897201073,38013576441373126
4236,2801480000000000262144,3141787906820287152218471,2943058412538653713358892,2990136065837673082066917,3029924078309877218119038,3082164044314798520542758,237341693303353324087702,190164771015610191962129,146511987833132242191446,127697368062038283043698,0,20095194980398286
4248,2763409999999999672320,3112682624750579289338081,2923043531280132605867756,2969964852483894179623909,3009484169497412330454134,3061303757455243050203454,238042518524607836374953,190807411060306645622496,147163383410709593803479,128339922595637916942015,0,0
4260,2655600000000000000000,3030259707494594328665537,2865507428307552425884192,2911652313212762160085989,2950395415272170858103064,3001096718761611333410570,238582938053253080277002,191208660121658578137401,147570165230108031291753,128557350152899859412022,0,4369703284521033
4272,2709120000000000000000,3071176825865246344355422,2894266278291026106946615,2940955066975166624376847,2980074503760699729900365,3031275093349142599729823,238745412541761043864765,191344589016120321505909,147711881806101775821923,128656539785803816413487,0,23725830940467683
4284,2656519999999999737856,3030963066031605953204776,2866093940989738447851224,2912556078628211486651904,2951288870213774032849550,3001945182847979665202084,239802536915219503073388,192172072341523343551074,148552438002628621391281,129481558815157050138559,0,0
4296,2708679999999999737856,3070840436999719370891402,2894130082195190203688139,2941146020790026867427832,2980258799887659987597535,3031400410516951799032997,240066866474961836761002,192345835457837910151558,148728772396618386793215,129649090792197896345323,0,0
4308,2755309999999999803392,3106490011544256277080848,2918969831861714927013608,2966482879998067423521390,3005900327878152180316310,3057479061743243806907062,240461937670183924728252,192675901760915309748768,149086543699858341200286,130013777581693586899166,0,50000000000000000
4320,2726620000000000131072,3084555928471499133588426,2903783607706104780164216,2951204215069542821546511,2990417691445415048345180,3041721579596266212981928,240972169472368996705806,193006678317345825751920,149438026250761714800870,130361966257004788236373,0,0
4332,2789880000000000262144,3132919473092715873135175,2937311058089630280909064,2985361942359986370910509,3025017006475771674609842,3076968988422375495493493,241177698386836690656663,193120394501413544518848,149559227432223235705531,130440183887459223209536,0,42925010941118036
4344,2797739999999999606784,3138928601463292017395044,2941509171721754757837095,2989855375874111610542735,3029566978516928379442934,3081466156700015443779533,242295221094464671184731,193998103352402083424106,150452543238385693238668,131247592810241542913861,0,33320537745325080
4356,2432690000000000196608,2859840521096934499550113,2742987349542907550005588,2788435703064479236838003,2825779536520875425426843,2876114640988093253096821,245012379527641916334469,196484007939637980645295,151801458500661445351965,132548508283507812002009,68850641948244720,46666666672191933
4368,2352030000000000327680,2798174325884361521109219,2697193949029874651462957,2742113081096677585616713,2779747970738767005928390,2829116127157679381401844,246628920633336800647904,197910661235942524551931,151854982864480684822746,132796014535677961122263,44314176957773646,31034285877168050
4380,2183469999999999803392,2669306809580967055945542,2598834221745947877907387,2642464310002659842852811,2682173729700430347430754,2728496678463604001443144,249520612379744186152528,200484779715025608227532,152713926466886670676438,134713333578358863532853,77940269443355886,39081743417894876
4392,2355800000000000262144,2801056566845820876560865,2699532182720039806451086,2745222403111909819639873,2784871401384167111126622,2834770418629802772018252,254293196929185839150316,205054997176242030123204,154487667467811226447482,138846603964982687729893,0,50000000000000000
4404,2217500000000000131072,2695323430249007446509139,2619190862002022829083830,2663904946072524646020608,2702338940274322123099851,2754079000935314406709402,257934013668944956403745,208431523578939929786704,157690454849669209127368,141268105984535835041007,0,0
4416,2197689999999999934464,2680178286098730860511635,2607519198842253363017947,2652248915558628833622254,2690514585841172871808441,2742028047943345428806850,258733558183094709359279,209163556617535279971251,158433506437318475520528,142025992234016245296520,0,0
4428,2146420000000000131072,2640981338063165373589589,2576968032448180346194712,2621333418040933885669843,2659152843857868068024321,2710048334317905433326187,259182857340577241486779,209573929001224097697071,158850448451845999998654,142415381148428119912683,0,0
4440,1914059999999999868928,2463337436258134623009456,2433591554773256552823387,2475923628694395376683037,2511549724113841796178391,2560784271850360746074349,263015078620577882033117,213072205031104744691646,162126751852065167693619,143555919869867586827460,0,43333333363242810
4452,1900019999999999868928,2452603573367176577360514,2424712957487182873447818,2467098988627420379161016,2502597689121755456898571,2551656206736132097920468,264090932377995609071680,213813858176456431079149,162878398216184021620496,143688647864916675399079,0,20208708402831623
4464,1929299999999999868928,2474988723327803713716557,2443363011093372799872882,2486184095286508473613590,2521957093834757884213865,2571422693914736111946193,264398119746104953874991,214009824781282949538025,163077089049489608677811,143762059980623425353249,0,0
4476,1910640000000000000000,2460722777348798204570430,2431552260638320046986004,2474247096489543048245990,2509838394256622832150030,2559038721337647993594597,264787862100059819252111,214290793290951408288265,163374130437972196790725,144068081378366172720175,0,0
4488,2027890000000000196608,2550362764810667977766000,2505101298452999383519625,2549272428252090779735361,2585931171844890521924049,2636606997308908567899695,265725107137427934744299,215109328693383417529988,164210177321957839571241,144919837851274215995447,50000000000000000,50000000000000000
4500,1966000000000000000000,2503046612793480253488432,2466617267475538497256315,2510209350493553489362373,2546226077560479332116289,2596123781682296571380388,266059952638640246240252,215285024228186719294338,164277623694112027164250,144988761407982234039513,0,0
4512,2007720000000000000000,2534942393406779025249217,2492678453266796428773743,2536792370397071591605193,2573180717411681040372643,2623606073982537993878368,266194158271943736469193,215355483021303848251400,164365779629529264464095,145078889084082008559443,0,26633682742189550
4524,2068829999999999803392,2581662219707801561620931,2530369035164811419856147,2575262786719990496315349,2612125469499655468358587,2663608150212192105122653,266666759988794136615003,215766470073707880018221,164673349801298134276067,145199086190914492125996,0,27939712872571956
4536,2016550000000000065536,2541693106321817258417093,2498222161161079391365287,2542626246781450832777791,2579003521509102141759964,2629758649816851049558393,266926390702724990950929,215963983096548011979770,164909362827376446243672,145508685868784033355149,0,0
4548,1844030000000000065536,2409798090228669632299432,2389016748662605512078790,2431652717169112441590022,2466819588481500769063754,2515262830584167232847777,267929024972294654244913,216887904988116809060767,165629031053712654436129,146340851299523439336108,25670271466208246,50000000000000000
4560,1813099999999999868928,2386151482022310685274501,2368922352755166181168100,2411258517965866931394353,2446513315261807292532760,2494672969304031473515902,268070049283085060166437,216958053534247686347779,166024104595154590271461,146401226310153804539127,93333333333345566,38541571063282826
4572,1868769999999999934464,2428712318713160373023385,2405062509939375061898406,2448192543123726157397634,2483859122425498832465569,2532496709138291437505260,268685998441386426672180,217469744126341108541662,166451015853644101537197,146704000193113445996330,0,0
4584,1783600000000000000000,2363598137628918297313200,2349680147807856635890881,2392033159628364170380035,2426881193900050308894661,2474379601151748446294228,270411491457514320345276,218740807649120622733059,167740384789817468052739,147931350524067485158615,0,37723360097957186
4596,1788280000000000000000,2367176091925903803617070,2352794948173106757150457,2395278102901067793986573,2430172020188274589125242,2477710902808036737035175,270640512323738156396053,218858342146594534197891,167860932257878458254487,148043210067240059249328,0,0
4608,1588070000000000065536,2214111512908923277923866,2217279196703783398083035,2257734486471739085611775,2291781792814795226113178,2339347363813566705793550,274354422056005914474921,222663873783713358769845,169989132738571941138459,149721603214169967361290,32303298004898773,28820969725805336
4620,1593720000000000000000,2218431051750370168344716,2221332508687662619364040,2262343696004699518395993,2296940643201865387179595,2344763916899483940875055,279633661742159004872391,227525034443559215892883,172803033958247794226681,153435333791858942490095,0,0
4632,1593520000000000000000,2218278147720583549179907,2221242346344815785206201,2262437902620159639036394,2297035953182952206849248,2344860752064462742561514,281076091332234981239525,228830255280568866102304,174127499678464142857383,154786404504647925983959,0,0
4644,1674969999999999934464,2280548313850812087009835,2277350519914287577006504,2319771924795547462511116,2355246465381694506107503,2404282834241186994548536,281912783638112400947727,229626602019435057481597,174935901889378808071419,155611474676742987384324,0,50000000000000000
4656,1584240000000000000000,2211183400738527664223336,2214853012518444563394975,2256230800910755906280249,2290733326598311458590311,2338418903088581647946011,282430080577394104346251,229939630698841515368265,175253584318418936969787,155917539329237302127411,0,0
4668,1590529999999999934464,2215992232475288604215642,2219270926974531198088618,2260769328126645455479937,2295340076198585575624897,2343121093956229871652718,282549837020909977147505,229991886656288027898731,175307090903399676318604,155971723238319269430599,0,0
4680,1572800000000000000000,2202437290234785148387431,2206893265728505277076375,2248218277775841100715530,2282574133532401217311025,2330082877145459542003953,282710085911314748071433,230093990205017943444708,175431034615015474320356,156092489149690244754078,0,47979851683751513
4692,1630990000000000065536,2246924717700935901317362,2247396940827617012381039,2289647038121904813167236,2324616753158659121855030,2372954001018956966113880,283497227605973035764739,230826713224818132298044,176171359485690559324729,156803481758480973801044,0,0
4704,1755120000000000000000,2341824603787433579226981,2331403590171696325494120,2375422572571123787485798,2411641878608127983717175,2462431857338399768326703,284781288625974696081979,231937733145193590478904,177148031592882139986037,157533834268592341993286,71785427483171213,36723631084773110
4716,1786779999999999868928,2366029311702511096486522,2352368380253599782807797,2396835181504444741269648,2433342409387275313262358,2484894061134072147217538,284960989752394175795372,232001004986075917378953,177263040858623001693836,157596205439156751184892,68936270019136053,17178365852795600
4728,1816929999999999934464,2389079594192705866437752,2372159124237333765579043,2417061929395189257853700,2453873159250103635048352,2506159253452463730742999,285085846008524514879346,232053357304956677699192,177352469884002379692461,157687691700634339827504,0,21957483843440453
4740,1816140000000000131072,2388475623275051624226387,2371683792004190425284811,2416682597318870977358873,2453479668705371513969505,2505532974380802026320232,285511722518980346641550,232318322087444537211544,177655214938370936550261,157760672833726625582495,0,10989696116191646
4752,1834080000000000000000,2402191114746830003899883,2383412543092760904135004,2428767896695554441902880,2465743723322866154423423,2517921272680815040953541,286029609774834469990032,232677004848994917151255,178037154932815988559826,158006300602352665504254,0,0
4764,1827750000000000065536,2397351702204112206784202,2379319036983079799191035,2424616620134513637429080,2461533617196722995918618,2513588115553378895187104,286104935932583907972462,232685220965398200632343,178063208562461556472848,158043603822847548317265,0,0
4776,1769720000000000000000,2352986597961790251400605,2341278741066059176851186,2385953835342804629030111,2422249747383161185879730,2473437697077322949124140,286447916096237695930075,232923754590918535071451,178334778048783367056285,158267221868588203787863,0,50000000000000000
4788,1957729999999999934464,2496724031161841876383831,2462565666238937470894849,2509772731817484472066268,2548029264589054479539168,2602067486366131050016583,287649669214194895719876,233999272668181731278256,179348281610059879791520,159239288227007329680768,0,40201392389902573
4800,2384999999999999737856,2823380555194536282038614,2718146293420370541337099,2770695232053427784116563,2818410286033983239483722,2879428725175061851439456,291606503294268100486339,237722488075633959092162,183090688129977325688799,162431404393946417628760,93333333333333333,46666666672391416
4812,2530670000000000327680,2934748205288952690340278,2800004951196164507820962,2854459974735239347216490,2907184467648719979320053,2968664134661613140250325,293161603386652387587228,239061934475013377168904,183254643003468601204442,163192628977043539913532,67378050662261860,43937008348426686
4824,2625120000000000000000,3006957133355254401730383,2851857946750991390401889,2907648958693515540804937,2963348195777875911272040,3024983414520147996696139,294943741331058526618379,240651321069067501602688,183515914405656836944790,163821085734575956971331,93333333333333333,31306531476785476
4836,2622030000000000327680,3004594766095062051066145,2850226944538149246321950,2906130577449088438405103,2961628579726051420644020,3023232432250248112408835,295340758449890834880878,240949519184282798806451,183691213770257260846882,163944312822786000803843,84831052360627773,13948885868653550
4848,2502630000000000065536,2913311060312996365970995,2784612702555774948379718,2839346047574493946277495,2892180115505059768905050,2953531837556418141130112,295654844598580914761304,241246069912086956217925,183764415696041738899833,164107848723878991634979,90774539850240300,0
4860,2515360000000000000000,2923043401808857768046397,2791785311524644136091184,2847076508857535963554129,2899922575789013870853601,2961549487441475332588139,299178809586603987644881,244158061546914335395607,184729382140924512829736,167145633859164681199489,0,0
4872,2651209999999999934464,3026903464040796396486592,2866236174416120359316407,2923192917496972889323223,2977451476989937130040730,3040749676056363795470319,299953602028443669115989,244753797813571107566731,185335906662449901465274,167754433486658037377996,0,43333333358909373
4884,2564030000000000327680,2960252597457210805811767,2818772564631134113964201,2874986123425883713156910,2928349696809336647226262,2990511336157330884090397,300785304600469137219741,245529376225541323216748,186126685956386238904062,168000471088378743423880,0,0
4896,2569280000000000000000,2964266328239082082689486,2821686891292820438088779,2878048983038921510667255,2931468570521859301400485,2993636513570935469808279,300926473004696263034748,245644954491034258687156,186244478888846104956167,168089859065524894324428,0,0
4908,2658199999999999737856,3032247459881808750965234,2870146930139954757880475,2927622718905411040230177,2981917444807687075534697,3045104439184873264593167,301389240747780055961018,245966069171637116679634,186540241197371866382389,168498695309841250418403,0,50000000000000000
4920,2622720000000000000000,3005122284997825604282181,2850985188256983060902641,2908278063338459790394370,2962202630561672473852786,3024825324829174322160800,302443173010014319232799,246791249343375314694457,187383149022531691426704,168702933392273409322847,0,0
4932,2498809999999999934464,2910390593344090614267606,2782853813171380455626763,2838876898877244035330883,2891510560265565436139398,2952720039115102565660537,302624479189584572418679,246970711429917777477318,187568452145490918497134,168911441880812921345340,50000000000000000,28936461566103496
4944,2603430000000000065536,2990374691324990354271534,2840559684675838155581624,2897879696846244763995223,2951593885995785281629884,3013858979893120132832730,303312303630894649464699,247419889604267454884917,188053472889945444923139,169428511016937203860284,0,34677734849338760
4956,2609500000000000131072,2995015328628989809654992,2843909730991914190833899,2901394687575342888609020,2955168273252186783382547,3017395552991076112655529,303697766672529337042179,247612181132962823151749,188267054034572090202521,169464238325642662173921,0,0
4968,2496860000000000131072,2908899779053680802467081,2781908845470134245598673,2838356955772629940765508,2890952705352849766573443,2951774303007181913886225,304771228386707312952142,248686064879524880100031,189350856630677888007826,169732309518207779488428,0,19334904497147656
4980,2543280000000000000000,2944388804366943036899340,2807678876044596416801605,2864722106944189458553085,2917793090943598956460487,2979052905442043458200985,304949077602766243562703,248794404366259679675387,189482229295615668493893,169798806800666004374334,0,0
4992,2772899999999999868928,3119937920963907632971840,2931759877230641358351412,2991570234231227054074122,3047396954538222040440239,3112683379360165124599066,306477275640462638173835,249965378567721971167385,190183782860602641232934,170323001226415321007638,93333333333333333,37127349709251116
5004,2546449999999999672320,2946812333239045897946031,2809569366333766320385783,2867176294207736365024645,2920236155474412436810684,2983444106377660148070229,308181580095832735213418,251497661908096491155951,191276215022618886359184,171714973958859790514363,43333333344435706,23949902999815680
5016,2516979999999999868928,2924281924450122715326227,2793302122263867792238234,2850662508896024416093713,2903412581082753167807409,2966239057831234223272202,308480831589174331136879,251631677247496592405573,191411496357253311649545,171780450272538794903935,0,4614690447996066
5028,2552690000000000196608,2951582938968357423464189,2813108319839650134380065,2871099039083603239193432,2924208667133682374146676,2987380935468258122683800,309599937926065362258650,252560302991762474559638,192361471301257003909285,172374901581017766604883,0,0
5040,2532499999999999868928,2936147277161493347382236,2801997506611746361315134,2859851092389889155086399,2912752037823030692796894,2975675934125955739316373,309913680771319373244727,252779677578484056363574,192585222897732243445519,172605026606376462005280,0,0
5052,2443170000000000196608,2867852692257705731228450,2752186306330471642160475,2809171878849451139953459,2861126163185877351434335,2922913265814942383742468,310763300863304495847473,253399895407112088563970,193234284993379509200112,173260622160129936322908,0,17981838846393970
5064,2254260000000000131072,2723427190923619228023565,2643706811866386814172728,2698688723275152810984965,2748634670151679255536942,2809383334199988374479619,312093639328616180778578,254707182233681322810462,193788265200345997080757,174226261925117421771194,14072740938226033,27635922389457206
5076,2430390000000000065536,2858082124754400825704828,2745092429813682919076880,2802346012539156463525806,2854059271761597770932470,2917229112395873449249180,313057691655238811058577,255568981975501190096961,194514166801392032365217,175015331097852231292588,0,30585694558371833
5088,2448110000000000327680,2871629421793411786047253,2755121395236298508122062,2812699740791184998535324,2864597533219883876896889,2928003080969474821627142,313462298080873924619470,255864916366078004128040,194822261929907789693598,175302588775426996831336,0,0
5100,2463049999999999934464,2883051352818405209558789,2763539066520753509825852,2821344501940663568198348,2873385613691153970717212,2936982736327568210950225,313534954935095039706125,255915593978355171732482,194878195754303899395400,175364307543753258814758,0,17765774727052443
5112,2449689999999999934464,2872837363628721419919488,2756079722723451242091134,2813859281036999851682208,2865745002810994786493986,2929155321480112999871869,314047359007867228316526,256231902960201210623792,195260998543945746261439,175741767773861148826295,0,0
5124,2598329999999999934464,2986475638565455154845531,2838519277481046769055754,2898236195920713022678304,2951670158091444541674592,3016916148035134586796862,315002671342396010136205,257130647572728103332737,196169464090608219290700,176594227464580416000501,0,44006891425599073
5136,2518790000000000065536,2925665705919682859214262,2794770049603681024330000,2853649680127015561412951,2906261518482423185380257,2970494178104273483836113,315246477324882129960697,257289621599273221651252,196331967059497215663403,176743554822317573737683,0,0
5148,2563309999999999803392,2959702142949977802993036,2819392761428988323080467,2878845887356044067697678,2931912380758424460520522,2996701358209420503321716,315474146451765730965475,257398146077530503429492,196484971286858407371142,176924111807798602409979,0,37269985098765526
5160,2626649999999999934464,3008126849183111157565547,2854053781965154594297259,2914331319697360210226102,2968022181610938754201597,3033706540750246811407294,315830554673690393675362,257598297927666757115295,196722777216243734317649,177109695243010700278325,0,44278235311538823
5172,2985010000000000196608,3282100289753139535820133,3042588240634769632121631,3107111651636042369292290,3169477882171618733222916,3238672027315536874191546,317443724946021244873245,259153151229696441009579,196900303407451817392022,177967782138199179997847,93333333333333333,50000000000000000
5184,2965800000000000262144,3267413857692220358886696,3032822031443227611325949,3097248095848316633940321,3159215021695402279436881,3228190392146321640404822,317829728487109974538017,259383650903027527183060,197004182824250395807603,178011951805298241016364,84457741475597866,25998306640176340
5196,2981090000000000196608,3279103370769343436197872,3040674658896696408669910,3105393132154372643359273,3168215315729949515831146,3236895146613167987111597,318345312004736177457253,259680462799426361684785,197224606563051614566640,178157994114159359950579,71741698124504246,16376154462218736
5208,3434889999999999934464,3626042614353105852500051,3264001467535148933693883,3333812711278316359333688,3409876812652388851065667,3479696102926413297147332,320292241012494268027460,261543444232233523267506,198850264796986706157754,179707248694880990457117,93333333333333333,46666666671380746
5220,3554530000000000196608,3717509804970918923076475,3320414258205532478359931,3391608462594879325666001,3472249999490569470342313,3541681927982491572723824,321199216465155005025559,262200726835947702235679,198960529857531298661086,180073975898454179357452,77803416547800646,38561880284827023
5232,3810419999999999868928,3913142865880240230598292,3437902236120185802766058,3511773596109144665318521,3601701888289114954826872,3669943512511315903954953,321711991452395269793098,262644412588976057857357,199332131698587324454420,180400423984572950042502,100000000000000000,46666666672285593
5244,3674219999999999606784,3809015221596172214590489,3375961250457591932066472,3448661910334971853987145,3534484293053924921956283,3602896738655341159114133,322405793887092469349805,263044223453385574077122,199445510410428773934202,180427869797109709882535,66666666666666666,20949323541507976
5256,3721379999999999868928,3845069991819641812928642,3397634922953518683803341,3471090764544543020279250,3558081531912705176850605,3626199942409607255535426,323719740831739407268689,264150313020375637480845,199497562684370191004705,181574940890467856622168,38071421899626820,0
5268,3816989999999999803392,3918165763258695478192693,3441047879568695131788308,3515583075456788030074009,3604405529733604652205610,3672738481504601094604236,324311348601070184698862,264542987309067030115736,199873626460875704804219,181931098088729834045634,79419255708131466,41135019957894276
5280,3825639999999999737856,3924778862546923457238025,3444987236125678085629694,3519753197464326262939922,3608944416906250710286077,3677122302499773396295882,324716352342896678066226,264839697511946812949950,200258824761081384156981,181977596318812091625458,86958317567518453,15277996044546330
5292,3837980000000000131072,3934213041184707706501213,3450592979072592784309569,3525625559615728264560065,3614739425164260737192475,3683082319471293782905858,325232911381002522357724,265154827394415083974849,200369161252698381514238,182238192324983173894903,64126878715913986,35738312585166013
5304,3507910000000000065536,3681867875627868361984706,3298941240829434980161475,3370903624361394300040881,3455914257261491534252485,3522470151545891418718696,326045903420956269733003,265858167651774669641288,201174161766413427900669,182765101351558674820141,27679597564614900,31366038266325713
5316,3556000000000000000000,3718633649589835098059105,3321529066964155277476602,3394173042395518018092836,3479971690981518344265158,3546645496765212628160677,326683433125398481245771,266393673600799323451763,201531345844073932423451,182865490515210693642124,0,9493708024484620
5328,3619880000000000262144,3767471196703392914742095,3351301692435687470683987,3424845935592972745033898,3511403711993481100644416,3578495599677785625365742,327774430694424178322580,267204313383089179572509,202371265652198292134101,183441199960285193900896,0,0
5340,3919200000000000000000,3996307367680686165818470,3487159942079312029458766,3563870805374023318456267,3654215472094950528520429,3725151336764364494579999,328454482448942288730843,267818053221554636802422,202893628286745473700338,183611264584888171451855,50308823440019393,36560547141326580
5352,4181140000000000393216,4196565775491015041326600,3601872166927571961312947,3681350722660542566196207,3777726593789124517121594,3850966265707359481752571,329416889754980669404646,268686112507926212474514,203097842082960083091574,184263670670492936037842,78151357230150366,34795628096884130
5364,4290989999999999803392,4280548313850815800103252,3648950866491411261195847,3729716450293553003515443,3829500058120455172770830,3902554216695032169834252,330498359707093987528727,269509721711044067456127,203185274057977926384301,184468670156621807341138,85162431068308493,27090065981365100
5376,4720899999999999868928,4609223171076689275361049,3827459502450054741903759,3912449566074593697417946,4026360649275426627001034,4097523167807653745827120,331898541495591875305731,270560735353706710686330,204001218789821071776205,185865652579563787494098,86666666666666666,43333333353497526
5388,4391319999999999737856,4357252620392824458918467,3691515016915412133493670,3773782146158513984668643,3880181342341569504294073,3951341483452112807857971,333578055465926125737222,271916177817829595102764,204039079885817402143855,186212983685696112825440,57386090099747773,0
5400,4277109999999999541248,4269936774183695717734268,3643256808464218429483028,3724669781184208595361546,3829925381849431293772192,3899927398344167920801991,334753490134377310613009,272838360602234787970016,204734485640059041655157,187032990413659723680472,0,41291284093269713
5412,4195350000000000589824,4207429606807299897562400,3608344408251581081041405,3689283820173289426852434,3793533699282384070736990,3862452915586470909750032,335930333947948697885066,273779976248793631991028,205714533374146237644471,187671974713159670477054,0,31258533243693850
5424,4274100000000000393216,4267635568535415234674868,3642108300520991127786522,3724003759398782553537980,3829234122333150235864191,3898845278578638476667803,336550065584023441710693,274273202477010423020608,206221258630361705151404,187997581942872784529566,0,0
5436,4747160000000000262144,4629299470187543684943660,3838468103364986580804742,3925158584575808426784576,4036392399529210893346670,4109748522954597579883056,340637554286313724555322,277999116765627040606309,208690485472766075171449,190534984076810886950769,29184794497834173,21813016568383583
5448,4428220000000000131072,4385463413888282864006795,3707351379858689647205404,3791317647753878089991530,3898421742195236759003542,3969379254800981620072853,342057731646088879987351,279192083569714855440703,209533648532370461075329,191483720309217328124995,0,30527279968910166
5460,4595760000000000000000,4513551119639763201958280,3776901078423723433042197,3862671073325122043159178,3971789203577346144167130,4044054141189872742812274,342920074815039504501688,279859738867454763745955,210224040999984067401037,192105888721742923704614,0,0
5472,4392970000000000458752,4358514078638548040394946,3692696383043455277688265,3776765944061194250627570,3883456623125414590154731,3954027082946853312141415,343780460571733908096387,280490637142975223510624,210871820198426466287584,192653738453846024644772,0,18561502675815230
5484,4393739999999999606784,4359102759153218964755201,3693073421636734052557142,3777305307804321858350792,3883997981706123557519319,3954516490679745741316249,344456263516614466202821,280954126111252409563365,211375525925340276520040,193010398715398461965904,0,0
5496,4372870000000000065536,4343147223645083404745662,3684340072861152265363599,3768514519823479883237032,3874949996977908477956215,3945176777930659018349566,344840947540314997089978,281192528404400854813377,211630066318973352015530,193089445117656723055561,0,0
5508,4418000000000000000000,4377650017966233362904409,3703364887222252199358580,3788199083117664445213840,3895185805925026040292728,3965679612044505626206906,345667980970657027907089,281927095772758202136224,212379002677335225041189,193795817631777238539815,0,0
5520,4311760000000000000000,4296427397344059940736099,3658609961574451039425044,3742532270607676758994605,3848224812143359512101873,3917841123382070986162374,346161857853313298035110,282260550697590644747813,212725891056317226195483,194153062595058824121376,0,0
5532,4348249999999999934464,4324324737578464006733091,3674097349287519193355014,3758453154540846592062844,3864572009654044358767946,3934481350264897700349478,346474124753986722557811,282457921021626917450752,212982702334577247572520,194422986017699859447114,0,0
5544,4431800000000000262144,4388200396021441648241382,3709278005096480742721111,3794600110768221439899452,3901713960680543711998055,3972292079596963001989302,346965670696097929448007,282828039619199834520544,213401410991133703371133,194852358909956854140305,0,46666666670726060
5556,4722720000000000000000,4610614597747734950937918,3829139268787267302989586,3917405545036500011171650,4027993647738902089939001,4102643545142390368022030,347497192035218278068295,283330556186056743514368,214040662679855470407910,194937035041201759161422,65309547293795920,43333333364361313
5568,4532419999999999868928,4465126413406636027563388,3751246475409379887210890,3837849386353562048730723,3945957203147333957395972,4018440162201261072381303,347894811665501537072215,283613469631150910301859,214234732382737849869551,195039485018094835624419,0,22030534066885086
5580,4493010000000000196608,4434996674337362131861191,3734935794265799105401790,3821234313938083804845130,3928854360680065686841953,4001007946228216401207165,348072016047364178676275,283704817419210897699227,214363853572487453604518,195169700164655899005494,0,0
5592,4516189999999999803392,4452718251389530438383008,3744595856405690394615813,3831214368969746652563400,3939082820445469859514952,4011380246489728753156578,348299259648190772247337,283870914656445221458967,214545019051696809776290,195325712837777075227208,0,0
5604,4463500000000000131072,4412435684742477846217542,3722714672008036117254408,3808893737061287805935229,3916113080373995798396550,3987939060896057932862009,348386929179907359366847,283943498298158293970036,214625308213895239112118,195362640379359292171091,0,15745042823112366
5616,4195760000000000000000,4207743060068353705698259,3609397085905253317456994,3693155420828633227030395,3797438516861267753236222,3867997935914791033426529,349274819916669345282152,284792526366972311851178,215107062777235040082713,195532834235612495988837,0,42999477962287450
5628,4004530000000000196608,4061543871988752965532790,3526223126607048136905138,3608166573452104883194500,3710409592937931649935934,3780936570610630048427532,349591652443668824468931,285083272931146954672778,215687479478362589355779,195690434155712339820473,86248195509275706,50000000000000000
5640,4004840000000000262144,4061780873234926515995278,3526412635031653205825571,3608551183930181633081692,3710878770694202432475001,3781588292303154328522964,350214831256698379735051,285653694429808447541282,215780039611880769389121,196033396036382475692739,42504503890853233,18971578805010460
5652,4105709999999999803392,4138898020657338078706771,3570584219742335409215443,3653832391686546699714388,3757126409334737148456327,3828880834712476579451600,350536332731974411044077,285948107188416768909741,216337614217905901050263,196211718715407090844957,0,0
5664,4300989999999999803392,4288193515340103061836179,3654565466465530337466731,3739949969104282959973958,3845633717155997066628040,3919040351646006042095929,351313715660500067752251,286597659857426157911530,217062915457757512146597,196993181663583220532315,0,50000000000000000
5676,4482729999999999410176,4427137407206375071039596,3731015525190657527500062,3818306222401419264031455,3926227307034770413049512,4001920417558805283515116,351520289995197971274759,286802246222031415286514,217445651904940678890632,197097524638403276894049,52039228985624440,30064133100813273
5688,4552449999999999672320,4480439751989670825976923,3759955388708823690014656,3848057389581073582624070,3956739534927514772455183,4033494504842077923835263,351774484040080762568854,287046495757307717015484,217609306988968519908444,197219509743392393857840,0,32152312620377560
5700,4712569999999999934464,4602854718236115776864982,3825558166856811966107276,3915354113264938757856283,4025711438557561014003151,4105226447623129060504377,352269265507229537773072,287457181386623203060529,218168187694888284030932,197384105034763380093167,86666666675163286,42725090425995580
5712,4375289999999999934464,4344997362405487125168153,3686188931837910379830376,3772950757487178975364528,3879247497988649444384626,3954956804140925410585822,353478038122741666668010,288336885825067481541624,218992734212825379476935,197723175467800786522155,0,50000000000000000
5724,3843630000000000327680,3938532580026156908316012,3455073800929696791493447,3536794827849478138585123,3638378320508949006256422,3712098690953690554757410,356338131543958390485530,290921534354004829721945,220418261407521042884021,198967218498333724012217,86851047031127106,46666666670932783
5736,4084089999999999934464,4122369095037506193383723,3561590744550127764040769,3646149202762319611596111,3748903101993741369523677,3826523505829686363432835,358292272566672037124699,292771895757643012511184,220642365446523112113560,199206954103985052042460,0,26552594227845473
5748,4102899999999999868928,4136749719038847514373847,3569864657382434819664830,3654929406484242117992851,3757934087585879055511332,3836194368880133361904461,360150254520021873044066,294386606724602876451909,222306217114300880882775,200402861539939934823278,0,0
5760,3778729999999999934464,3888915222360685566597511,3426020345588035945579080,3507958939702299435218515,3606817365760128235350266,3682441441713562263982818,362342495599470439569457,296109212940552838893227,224077031397795827731593,201390535904234337225546,93333333342276480,44277120457085213
5772,3925489999999999672320,4001116199417442628710669,3491950390167424199113065,3575563516247485637206636,3676321095526309884740410,3752752141491377080142204,362511966419971318059135,296231177406702553685568,224198720444702996452642,201394156936251052811895,0,0
5784,3891639999999999737856,3975237192376214077424220,3476903159940129038557518,3560311636662577588683461,3660621891400092059617584,3736665557981893894668954,362832441269510235434540,296536610391775836786608,224515450511713459236145,201817425285178755993337,0,46666666671533663
5796,3864640000000000000000,3954595148355136861970504,3464898353878239457781309,3548284847804959211296912,3648248542028216422360603,3723970928163385590000894,364680771382875853466059,298028832313113864080729,226058326678518999320080,203295842405900641410724,0,0
5808,3941250000000000196608,4013165036964555426955122,3499109264674510081886046,3583398987783613291770657,3684344203333068419417865,3760810932774495061825299,364896225317334179170761,298167942013555746957704,226209188554006336957712,203458615956811525512078,0,0
5820,4162649999999999410176,4182429797937329890003390,3596101823661185530194287,3682889122581653875393563,3786999404192553358634486,3865581071202561205050668,365519833379790423512044,298661601264728423202697,226484205492565020185964,203721359190102503321961,86666666666666666,40053750693127860
5832,4012300000000000131072,4067484193545932994162082,3530606263575487054637096,3615925920928630195703871,3717811129956933188153123,3794898757229249026855205,365889018690951592946216,298922727593482422966737,226810435011823422394743,203839883590282474016038,0,0
5844,3873400000000000262144,3961292344859755291456552,3469036181636617310032614,3553177715690123256751868,3653136882649531676399870,3729238642669654157499143,367260742704034479793170,300061325190218220350518,227451801816923471211674,204382465379812026935889,0,17433007661607686
5856,3890499999999999868928,3974365639406432169304560,3476713757590964890291564,3561070832381490632937938,3661250433671133384282337,3737510878977428120676223,367361697688412107337199,300084391208786251948728,227485139202017107844834,204433140184278440511208,0,0
5868,3528599999999999737856,3697685797509197707513492,3311146520120305020155345,3391789003945970099318834,3487466034920797917857069,3560827515513942028696961,369480838444665370166642,301801133742318042834595,228812780560982244401180,205967338607433840131133,87097079245778306,44437541425194713
5880,3399219999999999868928,3598772180640829035625952,3249963190671306873258853,3329447694689975217068005,3424844455584124336800727,3497363305572658562428563,372663960152953635822768,304928482035101928929171,229059854655852236256469,207876771482345272211715,93333333333333333,22719289175327653
5892,3411989999999999541248,3608535102942639135226542,3256131165536361746904522,3335999191052333957692537,3432117046574799110478028,3504337582407785108287313,374070135869528639715456,306168467252757083080423,229549763143820047238160,209114372953872971633435,0,0
5904,3610089999999999934464,3759986544445381919619620,3349375812107266026049359,3431704129279586549017745,3530533077433947902665914,3605250067955392329048943,374742433233903070537567,306741971969929512228923,230117387088445435900747,209483592617262773920019,77588548844110546,23829379410596933
5916,3549780000000000393216,3713878334263504587534830,3321352630871069203532680,3403263621384018816646379,3501269522539257328199377,3574893508094541344357546,376031212472740758070987,307766481689609266354554,231175547890969215095768,210126724367002162850660,0,50000000000000000
5928,3143409999999999672320,3403200281343416158776931,3125557467793677888786663,3203016563306500373036361,3295255325140775196475685,3364748354468407482306332,378916642269778623138943,310423677344840851621391,233908496308467970009662,212743096950812082744183,50000000000000000,20425977274548466
5940,3167480000000000262144,3421602281328127518503342,3137563896080721120113717,3215492818448847857886496,3308086503246801832030271,3377706986949381899830936,379841784624136931742788,310907459692055808491901,234398848969992223141981,213016065283124475493416,0,13016325407557476
5952,3055229999999999803392,3335784894610898413001392,3081540599025150594135085,3158358392128488559985619,3249306210948404898872813,3317748523900081243129201,381374086388413288200842,312293090899798558949812,235825546443533311620540,213240778481138091374061,0,28116467552297420
5964,3021360000000000000000,3309890597166692410161392,3064498753969847774029863,3141210736884848598437646,3231660100644789441363286,3299634323677238586591603,383709959298271324040428,314170392608111308583061,237728595463346918435418,213613476370477239758556,0,27052393738500310
5976,2733789999999999803392,3090037537939316527791567,2915080403412997103854120,2988328129282486269610558,3074318097697209686254746,3141242146064620036260902,385079425551768418424587,315502013147147079663341,238958839063204406284660,214609968727442047614437,0,49432344293088003
5988,2802400000000000000000,3142491265357301166507326,2951481472016563875558249,3025781527246517647337803,3112848601173763474163187,3180107117086777650432289,385569084304080111153407,315819512672046862900836,239285225202775530759545,214680969367340692572260,0,20796248295039646
6000,2913789999999999803392,3227651164746449426967475,3009624634584326285916081,3085565933346190519049333,3174352685955511470339461,3242890591587626421713974,386428269966459394700202,316552649435744781440005,240040139175005998773983,215434764333946187794746,0,0
6012,3034360000000000262144,3319829359102765595157299,3071294930940036582131034,3148879894878446645377869,3239485128567886216965370,3309406400651801988368973,386935622298901199755692,316981002238715546427230,240493256953821900931724,215905731784430121236449,0,18116526362745673
6024,3003949999999999803392,3296580301373847277135997,3055895227614010710870687,3133160592459860953253734,3223300483652723028749590,3292806108703524312513486,387068254438710062102835,317086725719769933360630,240602669712453292291087,215920660376855009727721,0,0
6036,2826360000000000262144,3160809168125630184896348,2964255443612882503586039,3039460353015657456817283,3126708024480573205796249,3194098318717100913417558,388906633906307527842626,318799516636759988024497,241873952171500373014807,217197424670659631365075,21068557568412913,10708407568986870
6048,3187500000000000131072,3436907974709676946287902,3148016414126818510958696,3228160113361817653879057,3320871137632374512446160,3393576102309463000914072,390684099673797866223917,320578956237669372471156,243214931079891765106562,218470231125474064518975,68452119332816160,43333333362942603
6060,3039810000000000196608,3323995993914426228185659,3074277129532064747451300,3152693794681065978041170,3242981428008679979878688,3313641792552469532935148,391418846778401170547220,321084287363725772244836,243632681602236778969366,218567307194807309605742,0,0
6072,3142889999999999934464,3402802730865974436843496,3126015981584394178350546,3205903418896235967338762,3297689056180930888565210,3369531029059420456243966,392167409364240943108654,321628224095556091661601,244269644333472049233853,219254286849468907418605,0,33559778997336826
6084,3319090000000000196608,3537511181107183894873489,3212505965635470934039621,3294791963628588692435972,3389298407625545295462155,3463102646845475856993839,393467729108488786884485,322744158224228951164109,244955255508364171363099,219945807441665357798607,13750417157675600,25784073987564280
6096,3243580000000000131072,3479782264661588758115374,3175807404482879911073755,3257355030195581312412967,3350505275342364652397046,3423812749472568086476540,394639587030363319652588,323744046811888103188210,245310094706063477991820,220558462396295742170376,0,0
6108,3085600000000000000000,3359003371533862856547656,3097546277182581014634186,3177214910044441813772881,3268037407335142124176895,3339541749462159598211805,395761372929605091094086,324707276905942418146616,246341409095135968752583,221591415717283664893142,0,2119715254525026
6120,2958010000000000458752,3261458245732073133539915,3032893286022448209096169,3111122829609815786060281,3200021529134899713008147,3270136526829956573391992,397171115314019063155833,325758266595937024150078,247457332851701909608773,222463162306768688218607,0,28480230825932103
6132,2858140000000000131072,3185105618458575824645048,2981292396025895992930264,3058296952494947529804155,3145644748971928434714335,3215533109245377960083634,397651525316154835945080,326165269818733896096610,247801412694317367346200,222543586530051154451213,74743329230358640,35370594713674313
6144,2986199999999999737856,3283010068730365475039699,3047424696548592562502581,3126451973380117560266831,3216315638613808562061915,3287282740079782190668305,399909910788153408790672,328312569531116686141905,249023686762763374004124,223343573872898305994641,0,0
6156,3048649999999999934464,3330754352030949577890125,3079150502851617109094048,3159051666918082343450495,3249838093625075409853505,3321560632636648814544701,399999290907419410517173,328360435800511720349565,249080547758497016086213,223390885880226288676107,0,42986911884220286
6168,2924039999999999737856,3235487496272965535553917,3015609641991039452151821,3093977915850291550101338,3182871874207036416668369,3253053374875414703276440,400450091273873949029497,328622807805073956509292,249385110006523205179130,223587265175632458958662,0,0
6180,2963590000000000065536,3265724268163093789815754,3035972623311552055516714,3114948332011395977386674,3204430467921637173312848,3275074002762417839625685,400765159450683986168305,328786593491705863794374,249633391105304954929320,223836124393302620983838,0,0
6192,2942499999999999868928,3249600538222187843504782,3025177103924756282307815,3103889621085559925192297,3193054598508402401890666,3263446699810894824733820,400865016226418256753173,328811392354132808156344,249678232549722109019487,223882239218845966027061,0,0
6204,2976150000000000065536,3275326641233632570240656,3042471501711966119900520,3121782383865143466626328,3211413216402458623780255,3282209441181685666299831,401443517536737928790375,329374141900810029379921,250253767740871277186268,224471249366452070515539,0,0
6216,2985609999999999934464,3282559001842495397547424,3047326668122604983774909,3126790137271747337663642,3216564962627483038862637,3287470613535422344811834,401507572995585118643558,329392701720020904776625,250284666979587723978460,224500851122455361389254,0,0
6228,3097550000000000327680,3368139387313555368493929,3103967934322928888682715,3185018410542757599233591,3276401368732294471027318,3348842152161913859849043,401841625196904332383797,329613566449907632940656,250691619667556424527946,224640946387511859833994,0,32178889124446160
6240,3179500000000000131072,3430791813518246044164203,3144794679161675804715184,3226976929033886030482951,3319540910598788914154364,3393421732136415882099389,402024006984651595531597,329699917478041177262318,250847596351680095649560,224688442000142977679512,50606944921902713,19086327101113576
6252,3218499999999999868928,3460608099326465477816083,3164069405081891728571187,3246909684969900180334103,3339937681021518262913084,3414746954313609444480408,402522274402181828963880,330012019941015303357793,250960453932765011130726,224838708858813752183077,6559907981411780,30767859587005676
6264,3087550000000000327680,3360494185824269637147718,3099068112946588222600800,3180298493336416683915323,3271362537811565179819686,3344431463527496376358285,402770424627123248916906,330196595360780949305846,251095030679910278808087,224894402423554792667960,0,16031765322959193
6276,3101869999999999803392,3371442114356930286268313,3106271291071984346856273,3187706614096474772508260,3278984717984305135949330,3352220408130272985614552,402861295584831419279576,330209276559096145812723,251142178776247756381590,224950147870439188932678,0,0
6288,3131400000000000262144,3394018394354790270462391,3121055393362709803893715,3202949992729438369661082,3294631352917090202991079,3368208796600438392505221,403014719723841288622923,330289461388768481798859,251256430203163928527619,225055201536163398141160,0,0
6300,3349699999999999868928,3560913142865888253364512,3228082000151527310427760,3313060718156245394318523,3408449648785639458810425,3485067579726196036251863,404065876076976575248747,331231073748047645602587,251511837001697643297106,225290157665924568072044,89103677886602846,34434070972621096
6312,3302499999999999868928,3524827791836455712060359,3205294827094744242783217,3289734288607163476900870,3384036911757981028601844,3460211184984008033168017,404259932654620559432797,331320082216819438479726,251768768319689396289131,225350117395013014473023,0,23199227815529736
6324,3223000000000000262144,3464048439996641658170179,3166517962834891768336504,3250042825699863039017949,3343168504623424497406211,3418467312015288270687978,404614238418499792740663,331615033325815954890943,252102597552427059362782,225585766183120326475610,0,39787545511595680
6336,2940940000000000131072,3248407886789857242794958,3024838265046177317940132,3104832479254770716432674,3195206232556592596038183,3267711335586537162165999,405286757998769656976361,332276519644832348707602,252291708782257617986194,225921458402982339587114,54682546446782926,50000000000000000
6348,2937810000000000196608,3246014938723716517645037,3023279702756060810694940,3103381684226073897255251,3192267515332756774912779,3266136753965321614049084,405880092254658975201110,332694361638289303240266,253363020995812190898833,225997990416991706170540,48252916606959953,28117012603451413
6360,2933800000000000262144,3242949212926508530540737,3021233465644061667879288,3101294718783076429725429,3190105030838885502430998,3264021289190363529646284,405906800195924532498794,332696146472669175396263,253402715917140990377763,226036682194515648850570,24896470202535686,17739960078127230
6372,2914050000000000196608,3227849939985169043526963,3011092801576179290853757,3091054727256553595023011,3179492230938273377037427,3253367349702261232135436,406640993856178280115036,333441365785290034785704,254523723108862834169149,226129498231010527917541,0,16992915343063026
6384,2925650000000000196608,3236718373712739598501291,3017128148654914778325738,3097393126974555038158060,3185992241974137938543052,3259862656512402006865082,407200585247260528720056,333851431381945135971820,254950637146483731887103,226485422854083047071994,0,37158777622430283
6396,2637150000000000327680,3016154310746864337784802,2864565700697631660822591,2940980390613802031962360,3025547340365767437344291,3098422152583733788599280,408242823176978615918559,334736407669377021073741,256135030584659823107789,226856681317684283642891,74783453646168620,50000000000000000
6408,2280800000000000262144,2743717555676181876283188,2664096561868796338631496,2735565574105735102540063,2820923759418789160586883,2887245650849293920705147,411200192800653629903616,337686148343071637283584,257779692177739550380259,229467357435106923504804,100000000000000000,46666666672161803
6420,2252380000000000131072,2721989893043632470240777,2647522976949409874451049,2718817635931576233654694,2804430449652381483205034,2869748100966557359343330,413093080936427074829297,339180143087556026268408,258241162989208008543970,229825085986908615970531,67797582195111406,33890426043509290
6432,1930910000000000065536,2476219600767580922934794,2451419552267559841595760,2517887074950449583811535,2606094999260024052924552,2662934394738298051476639,416490635869462271892060,342536042710239726354882,260099022685558478927544,232256338122263426100349,100000000000000000,36987368367831706
6444,2131249999999999934464,2629383567403919062837742,2575521913614534763022353,2645605818303397741798482,2734238856098242976946723,2799491657283088132793979,417871495864206560293199,343737891324543470058749,260121847077700442934677,232575288878042854755501,31268923009821593,0
6456,2001660000000000131072,2530309401304273272761283,2496058944095866935103303,2564219003155963485820822,2650320794717044351244126,2712734294971734179399380,419032981169937756125109,344731356868899312911384,260696497223254035452798,233869855243892537479719,74763802337776246,0
6468,1988209999999999934464,2520026605301184798257011,2487704638397142718867980,2555763078461456603696594,2641286891634150649583768,2703719807445526415958822,419650954637530598796903,345165359168451988920352,260959486130211799089316,234223283645353435340240,17797287765354280,0
6480,2098670000000000065536,2604475500951828264802996,2555938027595776037331525,2626057640866064489113815,2713909752823299993261144,2778363274612300242002972,420731419358945991309560,345980285518432839138276,261462865784620551290067,234770664958137311033314,0,32037583084901630
6492,1975320000000000000000,2510171940581496470639743,2479736038314604781887689,2547925504018131160558173,2633156889624478797674345,2695339668918407399354699,421450543327852238853557,346653954047164388123285,262169290126718143751301,235241861111707984813437,0,0
6504,1980729999999999934464,2514307994587198716523057,2483168527817888770391779,2551547082711427642355973,2636895798186204361943618,2699154063208851369760832,421787316523659184210152,346835566037997216216426,262362331725835204112141,235450801100764332820054,0,0
6516,1943539999999999868928,2485875490248548224773006,2459784356344723458518792,2527638133289021272884121,2612184983175485632961082,2673846230622681143262892,422111962486909866361115,347086658200274688254020,262619918286970765974743,235703949214787482752489,0,0
6528,1980400000000000000000,2514055702938051441815765,2483027354365181957775218,2551553320792933744202711,2636900029794529331026219,2699144028842217808773404,422217833576201937247074,347116498424403338750817,262666186245443704486675,235751830450823715442229,0,0
6540,1826670000000000065536,2396526020443268979946638,2384762425910092918725032,2450772733423880016135631,2532714550307392864470386,2592596057715690920844125,423430157430941234223772,348047030864504686078137,263716410373223266483954,236760175639909600793928,43333333346019386,30542408203036213
6552,2057710000000000065536,2573160755651715734637020,2531146640728560908560859,2601412254287127863188275,2688354431760391220396972,2751940056841494701729993,424792042710613998760851,349260219944641790446983,264876382909601015504481,237575965978862611456105,50000000000000000,24479410133312903
6564,1863440000000000000000,2424637426319370911799995,2408747269168917744231886,2475777818179017211289540,2558505734207431333677854,2619122233180086015846698,425634757624891166340320,349988066238439713592690,265608161014803588355269,237890019215880535627431,50000000000000000,33215999408047543
6576,1947800000000000000000,2489132346082983479546501,2462728919328203347593974,2531468319200815913505511,2616056443566523542780822,2677559368511091219047975,426598275000097798360364,350739899738111978073040,266384999274005848817813,238443932599263480858513,0,0
6588,2055010000000000196608,2571096551249609442410023,2529657573273353389241477,2600497264272354580572608,2687391315707160897632820,2750563590200542009459056,427914440233615709113204,351930581559154972392600,267614567152708814411700,239696252947801397825153,0,50000000000000000
6600,2051389999999999803392,2568328988310489850580507,2527487002817812252726864,2598485006336422936877952,2685247660246109048334908,2748545455923960364216480,429075219290632452338306,352970154972506224642433,268505887267837164999350,239745160361118548781073,0,0
6612,1951380000000000131072,2491869328216146335494260,2465145403238319152000565,2534480672487213529130085,2619105321636890159598372,2680887186965575430899794,429612332896061740773647,353436978615115726541528,268988310019362475206919,240220459240302069607558,0,33937804637374140
6624,2062150000000000065536,2576555225112958577302273,2534199160150258014468849,2605649887111838028766481,2692647546414364689229132,2756109377763722326502610,430241647811243783546610,353810049738890516134034,269390322490729707399663,240422336187465359627191,0,0
6636,2063219999999999868928,2577373261672313970347331,2534906901881006807279856,2606539009098675971145388,2693565382979864533657970,2756926217721452687469997,430805196615722315350446,354171777458256405871837,269763296660902594561677,241046620760663757734053,0,0
6648,2074219999999999868928,2585782983310526297793945,2541690699607591428174866,2613604091312583700979287,2700865436914940617766339,2764341781278805552661017,431074917399696654954925,354346869963778514471979,269945632001611560456861,241063608908914339909721,0,13891776434451360
6660,2270300000000000131072,2735690094112430783690819,2659166854707771246549571,2734581060977028440080764,2826511422163603298532159,2893779973676831694279303,431891233226218291990354,355012530877607164584519,270355626415143795004991,241391985477759596510142,87533114797490693,50000000000000000
6672,2269800000000000262144,2735307834037967052610734,2658917060264170871648180,2734463392076319149100945,2826447746962607997662440,2894258854958802063984966,432378144517324597368078,355440288674106377223654,270681353862485931167514,241723296338825373498525,0,36008157886434460
6684,2141590000000000065536,2637288705743842151166021,2582775065903829713259190,2656309159625413943953979,2745477304433081957774838,2811488070588282017791958,433195098100451727811050,356161913982241105159383,271060549000520754683409,242315444426267809430604,0,6670907342595583
6696,2069790000000000065536,2582396159050773108762416,2539145204935348195754791,2611529910292912476404271,2699172583654708771080005,2764067474303810271092545,433576255360503962993999,356436734229582698804760,271386648818689976152868,242679840777355411702349,0,50000000000000000
6708,2165550000000000065536,2655606608512169540379373,2597260055723354823510783,2671411867278160840759895,2761002663699205502988061,2827364394359938371269116,434251629542624309994595,356935555850784569767592,271683101624026038038320,242915491611720220746944,0,50000000000000000
6720,2067889999999999934464,2580943570767809667991652,2538065801381805380373009,2610688486401223143595447,2698229944595061818367984,2763079615653839235454807,434869616276949242417203,357404452997406177134120,272171606367090077009543,243413250948463066328229,0,50000000000000000
6732,1996640000000000000000,2526471510156652307794294,2493991827969267095733056,2565431085753456310775577,2651429938840165133561961,2715745778206146924591596,435392726106377478329421,357744183125922557971614,272515402194659644656581,243454415578436730001445,35667001472803293,29775128367300200
6744,2070150000000000065536,2582671386304388882310377,2539524510996730476966100,2612372904453563472917553,2699920014010118252634456,2765308072056574134182003,435760744473531884853301,357978442021977814303218,272784959909789593422943,243591992692896840835080,0,0
6756,2134929999999999934464,2632197001551976167169180,2578999225556512837518021,2653124555084450041666065,2742035219498123575211423,2808418326164975185711197,436415270324399181104268,358415406339652171452337,273238982188224208494451,244131693065270756719746,0,46666666672415670
6768,2062940000000000131072,2577159196030612647421840,2535182586432863162873943,2608149704834143233466231,2695535496409458807387166,2760759744030701328274942,437102111200534196302843,358906196672662794814518,273709540917620885521322,244464450758117644976590,0,0
6780,2041849999999999934464,2561035466089711403862076,2522216072996187695279088,2594838062728695275688382,2681774249569909043677367,2746660226708809690902339,437210131691916022708165,358945223675058429656787,273772867735798495919364,244530520259245163976650,0,13598787365713260
6792,2089610000000000196608,2597548948402536643085159,2551584717791131794166840,2625206656097479047252211,2713079322787014232270430,2778643873766808434117711,437643285350271009814113,359320337046384289447913,274073942900113339804861,244702879390320555473324,0,0
6804,2180300000000000131072,2666883280708863474474926,2606412782122660097320303,2681802050847131011077610,2771530205906611005923881,2838945229767751321487834,438829528543823736459164,360553153581064757191072,275297485678027879635807,245153690290391344633420,0,7079295219267453
6816,2247389999999999803392,2718174937500480471962952,2646246055476404254215210,2722881013736823258732442,2813978536833095243067990,2882615809650998763677032,439124566321996233719970,360721035543126896045258,275478575434639125644099,245261697909103109161072,0,35391691643175063
6828,2187960000000000000000,2672739505049658213792228,2611067722033233217614752,2686828969038237840453722,2776702304433457160006575,2844564306400179655636456,439864011894074247487691,361399492528760317282342,276177792449845179438500,245439643098358898125198,0,0
6840,2338329999999999934464,2787700399844039512515249,2699362832800388986820377,2777881453213993934981286,2870761851129354305164552,2941391575527809175028794,441234718199351543382033,362582471561897342147560,277304700201880955862428,245750231910527983568439,0,34740529753769593
6852,2355739999999999868928,2801010695636887360630176,2709427456395033980958399,2788318302619807473648277,2881537824958318680578435,2952671912568531458133404,441478709890785324227318,362733673472579994881004,277478715087410188841587,245824675988120663613760,0,44253172617222433
6864,2330429999999999803392,2781660690667503982791583,2694879059482979235662289,2773502918838217566997362,2866206283812908218896363,2936925193691801048237427,442295719370249460762041,363471321856636692561646,278235987213787247031653,245845278172044422935941,0,9507126593199133
6876,2321199999999999737856,2774604169692896195268623,2689573114506600483814209,2768133733370025370161654,2860654689178595533028574,2931192915992453099218562,442537309583392576816281,363625487120181559705090,278399739027581212634332,246028023414779071124438,0,0
6888,2330080000000000000000,2781393108615380502317036,2694747328103704428770840,2773582203217256281407830,2866260250193161752819370,2936858425481689929855122,442763339676626885863162,363843720704389871913619,278625693634217749989083,246160373451273034009021,0,0
6900,2314699999999999868928,2769634788724860360578616,2685864921824994019498165,2764467938086966498290147,2856841590823682838908191,2927203833176516212328950,442864056107389475138382,363863254298102824259745,278658828361786945622725,246211600774348442960107,0,0
6912,2320659999999999868928,2774191328812471679553268,2689358185684859368612546,2768175005451012595387142,2860625168257939159666810,2931098459865983464297811,443283990084207649095371,364193900783010928803855,279049557151399695466448,246383093880058176075792,0,0
6924,2331869999999999803392,2782761599681959676631636,2695881169156174726954985,2774977217956454305170915,2867647251337606617429729,2938275329527218437904382,443510200367639151514798,364335518819776943003080,279194105597666581367802,246534879466437115006503,0,0
6936,2286460000000000131072,2748044739719116526478031,2669540200964585506317471,2747959734986491653943716,2839714454924438372390522,2909640337336416385935557,443897907172864263265133,364597062606911713252577,279487040353585070364761,246835126699769592191360,0,0
6948,2319800000000000262144,2773533841484394981642073,2688953409708922397890572,2767975887631702886535869,2860389303869237074480838,2930818818910482685733913,443959090098935082989519,364625041805305959981250,279526397109500238661563,246863499861668102353455,0,8129535521379900
6960,2379849999999999934464,2819443276427552527580743,2723572666363952531841158,2803707455065068590853830,2897276086817251183503456,2968838327881431853568411,444368391375837113415867,364887782429689755054756,279843817332689719602318,246994620495929157149840,0,19363154469921180
6972,2330059999999999868928,2781377818212400644176026,2694973063285239026877810,2774366122908973799911350,2866934245639052209716705,2937628223314812231312090,444778594513013873047208,365117889885345764112185,280119832300847569575565,247127188797846437429395,0,0
6984,2314790000000000065536,2769703595538261650623306,2686152711597196646533678,2765338637780742410644711,2857595724536121837482205,2928021663890348445967776,444884242536033175263504,365208318301268903346072,280216873800893722306930,247202076929417639332878,0,0
6996,2335929999999999934464,2785865551486612362594311,2698422559246716692010518,2778029035926887096240760,2870688418760919501295861,2941434033388363488847338,445105253128465402724049,365309438727121025582159,280368044565784467342864,247340199279647009036339,0,0
7008,2301640000000000000000,2759650155579854143453988,2678577732241541987164188,2757677941864856154048050,2849634798371438388469759,2919833115040402951793278,445357881602131802913063,365438627621319038741823,280543625745491425895377,247484593356060423603705,0,0
7020,2257610000000000196608,2725988333422529872657659,2652877503695389619488813,2731327799824509270756712,2822383737197091419282437,2891880705463878435649191,445854390456491272924349,365731830070948708147012,280884105252506134249759,247804128448035431137807,0,0
7032,2191560000000000000000,2675491777585801223420872,2613816100732999690160297,2691197088185071688139130,2780868422366866409085495,2849485754508868367151890,446131384306271120041583,365939505782397243916130,281090125366189821547638,247915063112128840081182,57431423956706953,15591421582442006
7044,2109520000000000000000,2612770544567703789426014,2564464876755420860273516,2640474136698527111752574,2728436906317688216605277,2796100096163985670309083,446523928667416503515991,366155661267647198082647,281305242883890036812531,248270070497857354217642,0,49171738815631673
7056,2113489999999999672320,2615805689558950466835724,2566903669271643237430655,2643017876755544418522236,2730976223735754971792289,2798763754330257893060192,446644208407598941247474,366190150188947499963281,281470639608570429690361,248340905736599185172793,0,0
7068,2029809999999999934464,2551830643496611822136884,2515609947449381039621454,2590299680437159859072693,2676585545109034122872073,2743097373020783399915373,447050859645940018650562,366538207889885955361944,281700731318981645664924,248575323242095932772796,0,24280765557349130
7080,2113560000000000000000,2615859205969376256947335,2567017783329254180145916,2643333363056727250216667,2731186950742887901724521,2798933598829730423226523,447333966140082680224053,366737613804781829147830,281895725065321356460637,248693710855280793464877,0,0
7092,2078190000000000065536,2588818128301773167994128,2545476373680026726956191,2621216183534548107032223,2708318038782650155279784,2775484929336249514235639,447552094999203514893667,366834730897835310699998,282039832250496781557585,248845695614259520596232,0,20290440913042383
7104,2005630000000000065536,2533344546295520308884254,2500674851620402444153173,2575165006397673813366960,2660671992910332230211324,2727005576006595357541334,447784717830146849238378,367065956387707219216052,282149607705409897068449,248926942762422855977817,36666666684085106,26992352198710650
7116,2021180000000000131072,2545232834611357122261093,2510373398836010869760365,2585179328218479512425178,2671000076053071639766054,2737518047481093813919795,447875453279573225135553,367106918117031255571833,282177323618322754569510,249019079563537413001372,0,22698932762257690
7128,1976600000000000000000,2511150526372123263400991,2482565997517238205954123,2556634225023647433411934,2641439943553226950400664,2707434684336763631893324,448193415564998038173724,367277720622102211376510,282360783067018806037146,249077804092623528102295,0,26498985472374490
7140,1750099999999999868928,2337986712639812943099056,2336062917425799479515193,2406011783301195212136479,2487918477857840198575293,2550797221385756659786248,449334039581799359121918,368349595268481150747198,282767875535801073922094,249520571072521941317914,78289043962045360,50000000000000000
7152,1558630000000000065536,2191604039724468483255625,2204627699583525422415056,2270839383157510052186755,2354510586862844402858387,2411200185172877252182907,450645568773801514429546,369539853414542465767444,283521170888721768092392,250717020067040645924322,100000000000000000,50000000000000000
7164,1682950000000000065536,2286649184639262220338917,2290911889866008904421115,2359858711191449655377075,2444364963132047173530870,2504884899269217035376692,451428856905848999023536,370174273266463994726465,283543427068621577267003,250940774250534895397584,40812293090464513,0
7176,1619249999999999934464,2237949251152515336279401,2247172720119843271712240,2314877817540271381496875,2397692361951291397381344,2457202390160589114577944,451671444637232135862489,370338027754770384174941,283900664703324240976452,251117644387549503155832,80000000014058120,28650194907132580
7188,1672339999999999868928,2278537625859131498762454,2283759995619554142413499,2352691107876694420996760,2436769318034992973530006,2497229895889109597207479,452289804967691169682216,370646098391699316750991,284187423282708193500252,251338912456927401423096,0,0
7200,1673190000000000065536,2279187467985720512027364,2284359288628492972470309,2353329160218819344226818,2437426002128784303237082,2497902652537786056450684,452324686843955145386262,370660052698114386254241,284203528973028416844742,251355687445311711211732,0,0
7212,1798560000000000000000,2375035359056889837681320,2368455820987253290697104,2440195993883761205238601,2527384492560672913205228,2590735919086389922863179,453745576672849576365763,371874571183112942978355,284701787699225104806871,252212098972731750696279,39144037192178553,21732717518718950
7224,1742009999999999934464,2331801744634981155135373,2330954291631214028729911,2401609454660294346068593,2487222587523756122510192,2549696810964748764317647,454007878148374446896805,371997227449613391044340,284950313853541694425327,252356614082051074340250,0,0
7236,1725890000000000196608,2319477679834254301810894,2320184021216678483616540,2390613736204885684257915,2475815359292758932165437,2537978837582093938742728,454625340941436107285713,372388624480756471500401,285391888054004446247637,252811276414584446162230,0,0
7248,1766339999999999868928,2350402519858410995764694,2347251095846067341046711,2418585593761132632473821,2504769413957065632171334,2567657951966958128640118,454870667380409911004060,372530895513694098937721,285562623899905301988221,252989109197152204573871,0,50000000000000000
7260,1677510000000000065536,2282490195029091182243987,2287499228007998273720043,2357114753291148164325059,2441101931272961679412652,2502375249466225175699196,455152409029642826532600,372815812239414825956065,285860743147715280767833,253241717680939861759131,0,13102796295223806
7272,1543569999999999934464,2180090366281604429589160,2194344071875681167862900,2261374962360095884812047,2341908722451817181383822,2401238981982018043767337,456663202184652416964999,374046533675974932536554,286948040481935342654226,254058661797835988391648,59883922881200093,30041055363135083
7284,1581089999999999934464,2208775162269402363572385,2220884234283113221018070,2288797639702293611014915,2370138355860398269366566,2430032893577155741762924,457009774109188605205440,374219067999715417970428,287055498774858427809676,254156844754926560505924,0,6019611499903890
7296,1576790000000000065536,2205487725629009278497770,2217893670336241146604970,2285802672370441513288887,2367015120390048433563510,2426834983105185879307030,457319433651179337180756,374522444891851041834277,287376162469620311573564,254481644517144270504888,0,0
7308,1648740000000000131072,2260494950344416871225841,2267979597655064753482456,2337558047402015435728290,2420604579330683926801962,2481769539692525453018266,457948765422592496853175,374904242812707207620120,287775698548064318542453,254886267330519144861001,0,50000000000000000
7320,1756859999999999868928,2343154868846570538953566,2341197944091020500112242,2413135029712335243455178,2498936604081961110868505,2563364372142163590702609,458349354440631750759364,375249674006948617374850,288267126814318057973166,254988193668285780060770,20746453628525446,50000000000000000
7332,1758259999999999868928,2344225197055068383507733,2342160041634674593908702,2414207754042539186914499,2500086740181181887234087,2564715836020995847352854,458562737425399475160766,375417677835058656508767,288330386641221243151200,255034569601724071404762,0,31474330215568913
7344,1746800000000000000000,2335463796148349852537449,2334549843047767800014688,2406452489512579916226066,2491968705129174617994292,2556613479045260843587521,458820784893914232056019,375569066932731237777290,288628471826365861585774,255113189337107913052387,0,13426134497369106
7356,1800320000000000000000,2376380914519004470562388,2370080827193056484876918,2443164451692097803656132,2529963725066610523805700,2595740620435645116681630,459120879710874634665329,375749900255665237689229,288829635649119922977194,255255994391664233086405,0,50000000000000000
7368,1802900000000000131072,2378353376503238707819279,2371813741162657343652968,2445006126858781719641857,2531842747659311519745537,2597739736319786456903771,459423083489150784301999,375878108347679236388471,288943334776121815795679,255358785919879920589664,0,11507324801124380
7380,1796349999999999803392,2373345769527757285184046,2367524628323181937832734,2440645423183470636572919,2527309145052940522937968,2593076580156069161930894,459537078937709988797053,375964235883359343418595,289055731155415409260107,255439902747106563220533,0,11524156045013093
7392,1883950000000000065536,2440317734573895354159617,2424612513224315432296925,2499663884301613885216899,2588418726117678437344869,2656231085214680832409706,460532397276235795988584,376851872843852095051090,290020145994956379610121,256063257056369751552947,10930726467335833,26217367713053513
7404,1844360000000000000000,2410050381877816533839696,2399023828409097819238752,2473341851642880285991213,2561154582925518827605443,2628237818742692545844395,460644689210314686498514,376941458681478360476337,290115378043998011666545,256159899118472200339896,0,0
7416,1891560000000000000000,2446135732907243008923227,2429556622124157189118336,2504872103763159815440617,2593788254447194911179676,2661707151317009073078913,460818967472396906142087,377001509403962001110968,290227788095524279060043,256275377388686909740395,0,31285888600664603
7428,1926109999999999803392,2472549904052721926737178,2451670460878750486115300,2527727738818548289493213,2617420143292354683595508,2686040663102015068921809,460935488992456471387222,377072177854008088261164,290293753789284798981868,256397047592460827643542,0,50000000000000000
7440,1882680000000000000000,2439346793984756475862999,2423910007452071913378896,2499188136073447128154165,2587839549608968314329341,2655626335815075160106315,461207082944724811453040,377210133629754624117770,290468277740068629457358,256498532801291921461549,0,0
7452,1884349999999999803392,2440623542633466437066444,2425004624628693563109192,2500361775817750316546016,2589038686154916431672269,2656834775422979830134808,461258176733735563136805,377258138328956799936213,290520574969286940373753,256546668154226189468895,0,0
7464,1875049999999999934464,2433513505248431585170363,2419062152464035875019554,2494386164503613482056018,2582758176414380207749216,2650456135761140002033469,461975905910829011922938,377761375348385808488388,290922212704598284020344,256725208899258064279945,0,36034078648019136
7476,1921109999999999803392,2468727303308080357723646,2448634320271827721734184,2524981854666465603487637,2614428224865557842638520,2682940208167862547627741,462415097371920109965875,377990463923631290591804,291187230924451230318282,257016811014609282235381,0,0
7488,1865500000000000131072,2426212337826164584594811,2412957132636545179483502,2488243222625025788819375,2576376420323118670143770,2643885559838410018846727,462516037828866284019503,378069286337816154107562,291273023911589927691170,257103722678597415269078,0,21678418825463456
7500,1837800000000000000000,2405035129700845168566777,2395013479543925293411667,2469850184469342745490133,2557308050789067833556450,2624319900036464622016799,462924469464551902622013,378291882003002234963944,291550499140556762414204,257447376776475750094443,0,36622138578627250
7512,1867529999999999934464,2427764313728488901181256,2414334881638707927970056,2489797375931162211197504,2577964621794705867138915,2645513054049739841713743,463051790033356370256108,378319154214419672686757,291587150679864575435769,257478627344246873755588,0,0
7524,1914920000000000000000,2463994923586212373662417,2444803619463728574761345,2521270404762945792343204,2610529278799934813118132,2678922840720827070118759,463278715748554965323163,378454156945314957195087,291782188722493173316352,257673521407842937161725,0,15075282031510816
7536,1917880000000000000000,2466257903227041586465446,2446711489525504977403994,2523253817646329614394795,2612580622686064286554540,2681027885041807285497205,463314336328324224092981,378460244653829547475305,291802539398670821329822,257693337500260224618613,0,0
7548,1891560000000000000000,2446135732907243008923227,2429895587120552330061291,2505976300959283137190580,2594654914327495059066466,2662612020317172318969181,463541996995778996591036,378613032100089891141681,292019600212545636320785,257881687004996003361738,0,0
7560,1878790000000000065536,2436372810605423725029953,2421711871204877460679810,2497616954347750579298123,2585985081543712887006612,2653708176118894757053109,463769520669170078665076,378731466641874259906377,292179354317970465129283,258055239349299772728489,0,0
7572,1877720000000000000000,2435554774046071175774536,2421041119164100522649840,2496926969574354911838806,2585277391510413666364883,2652981451352794073517141,463802770059495009516765,378731760824045761750270,292187222145579873078104,258063637778774189218842,0,0
7584,1902940000000000131072,2454835972202049367612848,2437266718044848914777293,2513683826407293019930445,2602614544159446832669606,2670775299832811836839908,463856288201456985481342,378746450931591465620202,292227532470465575912939,258104485427432730313035,0,0
7596,1921700000000000131072,2469178370195948971374795,2449268030579828321292020,2526095441485911271531197,2615449245991284377342098,2683938565615813409035894,463889215736209841215587,378768864686648694547696,292258148537719356904271,258141200771801009700735,0,8539262592274260
7608,2370050000000000196608,2811950978968052923707824,2720105432939174001472024,2805812409474267629747843,2909857772060372932623394,2985681051208738961646078,468078251404400848394697,382929384504765360066384,295116238842244226863822,260869887208468155535519,87590165812217253,43908005440952010
7620,2433320000000000262144,2860322168790760658174635,2756235418625692343681309,2843316701302691561213655,2950651396082101673771833,3026751904564806583748389,469229173176963272492628,383981475371393812211608,295359147333187014922295,261617938572843825382514,73333333333333333,26979820834216666
7632,2477789999999999803392,2894320379813610492645895,2781348025984271221349859,2869320697730229404926993,2978890051984346806770324,3054806695177171807685403,469577390100086350432841,384163371780613647659791,295552068881993455852794,261760958600909750665591,60505935880580246,25926080895793696
7644,2501600000000000000000,2912523604559600493269343,2794710566937680324090530,2883165282866242352565629,2993755985850084946372693,3069521751166885391407811,469745892249691180892297,384268028063490689402735,295745968659210927567473,261898448084698321486857,65257454231562340,34326796620333000
7656,2436060000000000131072,2862416953998824456247168,2757888962954860274046693,2845241199554856894344866,2953531441580778357031629,3029092231969509797080785,469925624875079745215005,384378263619842245297644,296871619450020701170143,262004760833066876604929,0,0
7668,2445440000000000000000,2869588152995776767507417,2763225614788777368493581,2850853255418820890996062,2959322567275512674888797,3034986855210712617560685,470355137694466948909068,384729977689252254968101,297272237181409227615766,262196113085396578057238,0,0
7680,2380860000000000131072,2820215441777969595269736,2726527752276762626240598,2813089259386226093681846,2920098975783860607511966,2994745820513306250774022,470599362831859650378056,384919369129378371568568,297482300128933591608616,262451616404235055519570,0,50000000000000000
7692,2523200000000000000000,2929037239776455645859531,2806887585936516594472622,2896097424017907148378939,3006217993097245513843025,3083053835585666365291189,471442777310013624017413,385681577213961451680730,298301551654309352532075,263285742758051950327197,50000000000000000,28120067816547010
7704,2502110000000000327680,2912913509835552598052826,2795167064687914200850770,2884085483052256177327843,2993728948612977966113680,3070218945395914578970537,471860286329154144689173,385947802727563956806352,298587119408935672291492,263530703672112924610413,0,32877678850906946
7716,2474089999999999934464,2891491655262577642739682,2779496555768696093124475,2867978511152993801745741,2976996402164597181737212,3053051955249970284478373,471951861945171831541069,386003991438400736190938,298662813768040537231682,263602398667233727905137,0,0
7728,2461570000000000196608,2881919862997990374582510,2772484454790116097892647,2860780742222388880004300,2969522271881143194748216,3045386015610622211806693,472090199139261931185658,386058109579639772418085,298753893283073209259203,263696275480484530296171,0,0
7740,2536199999999999737856,2938976001712526129656606,2814246856472752853888068,2904003875543322472443099,3014355484861188533810387,3091360174996170933783271,472897407358756548275422,386631003269001261788347,299408684371057477958023,264361475118176445851364,0,304962386300913
7752,2508579999999999868928,2917859955199122066884932,2798913699367694289768937,2888246988409975003630807,2997986872564212333995580,3074572553532676026796019,473097923456520052073148,386745956864888699773082,299546462800638570274331,264503212445403449512892,0,0
7764,2420770000000000196608,2850727440921707227183453,2749534745940131815677043,2837412535109634969880702,2945191966725195666802101,3020406425511370539985584,473507302999112145282727,387014732857221597732645,299829029206473946414480,264756963550217583284194,30733270655683760,24581670683551393
7775,2480679999999999737856,2896529843044015348401086,2783380103875101623311827,2872414578985274455176819,2981485301196350242224691,3057581063641522983470764,473696184382512859496179,387110347764946220874445,299929304690313271274061,264835238170620068889089,0,0
