id,block,pool,kind,zeroForOne,amount_in,amount_out
1,11304613,poincare,arb,0,12846781772893295410165,3601618571530245950
2,11304613,control,arb,0,12846781772893295410165,3601618571530245950
3,11304613,poincare,noise,1,1000797764446626540,3579100965359761269850
4,11304613,control,noise,1,1000797764446626540,3579100965359761269850
5,11304614,poincare,arb,0,10681332706411217010238,2980807603303293002
6,11304614,control,arb,0,10681332706411217010238,2980807603303293002
7,11304614,poincare,noise,1,2291175115311312230,8215805886216095048994
8,11304614,control,noise,1,2291175115311312230,8215805886216095048994
9,11304615,poincare,arb,0,40926670711831604742670,11309875009508742725
10,11304615,control,arb,0,40926670711831604742670,11309875009508742725
11,11304615,poincare,noise,0,4620758174640495325786,1260817965914999947
12,11304615,control,noise,0,4620758174640495325786,1260817965914999947
13,11304616,poincare,arb,0,366842615534890807675,99958281479476381
14,11304616,control,arb,0,366842615534890807675,99958281479476381
15,11304616,poincare,noise,0,9781180285315656147893,2657734550606764396
16,11304616,control,noise,0,9781180285315656147893,2657734550606764396
17,11304617,poincare,arb,0,33007223703351074492223,8863688455113699903
18,11304617,control,arb,0,33007223703351074492223,8863688455113699903
19,11304617,poincare,noise,1,2678236993432888982,10036665564965406282956
20,11304617,control,noise,1,2678236993432888982,10036665564965406282956
21,11304618,poincare,arb,0,24532465057112586334929,6520509152037668463
22,11304618,control,arb,0,24532465057112586334929,6520509152037668463
23,11304618,poincare,noise,1,1984200757140434566,7500154466954795079480
24,11304618,control,noise,1,1984200757140434566,7500154466954795079480
25,11304619,poincare,arb,1,2650964959530052079,9972761123679987429559
26,11304619,control,arb,1,2650964959530052079,9972761123679987429559
27,11304619,poincare,noise,1,1743705989312240944,6530145430176355209372
28,11304619,control,noise,1,1743705989312240944,6530145430176355209372
29,11304620,poincare,arb,0,10022659445864327786464,2673734006294681371
30,11304620,control,arb,0,10022659445864327786464,2673734006294681371
31,11304620,poincare,noise,0,2338845176155049761461,621822388205566801
32,11304620,control,noise,0,2338845176155049761461,621822388205566801
33,11304621,poincare,arb,1,502847040785547062,1891577586686907388143
34,11304621,control,arb,1,502847040785547062,1891577586686907388143
35,11304621,poincare,noise,0,9814083100161610088289,2603285112815722048
36,11304621,control,noise,0,9814083100161610088289,2603285112815722048
37,11304622,poincare,arb,0,4614966061950289319016,1219353515901375927
38,11304622,control,arb,0,4614966061950289319016,1219353515901375927
39,11304622,poincare,noise,1,1312859705486829286,4968385869237329713337
40,11304622,control,noise,1,1312859705486829286,4968385869237329713337
41,11304623,poincare,arb,0,15069826282704391083764,3971161029499340975
42,11304623,control,arb,0,15069826282704391083764,3971161029499340975
43,11304623,poincare,noise,0,426117451119500372465,111816575572978261
44,11304623,control,noise,0,426117451119500372465,111816575572978261
45,11304624,poincare,arb,0,1099499381889242652929,288397738187459610
46,11304624,control,arb,0,1099499381889242652929,288397738187459610
47,11304624,poincare,noise,0,7907955152972354289806,2069185732435633095
48,11304624,control,noise,0,7907955152972354289806,2069185732435633095
49,11304625,poincare,arb,1,11670491404794436804,44162726226464716055010
50,11304625,control,arb,1,11670491404794436804,44162726226464716055010
51,11304625,poincare,noise,1,371115866910453244,1387014896049469037047
52,11304625,control,noise,1,371115866910453244,1387014896049469037047
53,11304626,poincare,arb,0,13641434292157399170092,3637733772092953548
54,11304626,control,arb,0,13641434292157399170092,3637733772092953548
55,11304626,poincare,noise,0,639367677280213474261,169833298067552012
56,11304626,control,noise,0,639367677280213474261,169833298067552012
57,11304627,poincare,arb,1,4133456820627230783,15497917885893962221975
58,11304627,control,arb,1,4133456820627230783,15497917885893962221975
59,11304627,poincare,noise,0,8123216671737429138810,2170923314103372967
60,11304627,control,noise,0,8123216671737429138810,2170923314103372967
61,11304628,poincare,arb,1,9353748077758205090,34744311712903461089155
62,11304628,control,arb,1,9353748077758205090,34744311712903461089155
63,11304628,poincare,noise,0,354596601005835081315,96371107367496880
64,11304628,control,noise,0,354596601005835081315,96371107367496880
65,11304629,poincare,arb,0,13741645814953115595805,3720157687534712095
66,11304629,control,arb,0,13741645814953115595805,3720157687534712095
67,11304629,poincare,noise,0,3730331578289612839361,1005025056827541037
68,11304629,control,noise,0,3730331578289612839361,1005025056827541037
69,11304630,poincare,arb,0,2407984948874247690978,647663593638571254
70,11304630,control,arb,0,2407984948874247690978,647663593638571254
71,11304630,poincare,noise,1,2491216195467071222,9244807023565434294616
72,11304630,control,noise,1,2491216195467071222,9244807023565434294616
73,11304631,poincare,arb,1,3951854691105547458,14569138748869832751277
74,11304631,control,arb,1,3951854691105547458,14569138748869832751277
75,11304631,poincare,noise,1,1223999486666656864,4488758005123856772096
76,11304631,control,noise,1,1223999486666656864,4488758005123856772096
77,11304632,poincare,arb,0,42096864716022841782242,11360747758055245271
78,11304632,control,arb,0,42096864716022841782242,11360747758055245271
79,11304632,poincare,noise,0,4087861866582624864978,1089254639502351576
80,11304632,control,noise,0,4087861866582624864978,1089254639502351576
81,11304633,poincare,arb,1,3428853174635178776,12837291801824252690422
82,11304633,control,arb,1,3428853174635178776,12837291801824252690422
83,11304633,poincare,noise,0,9260909888430929430417,2476021372599449881
84,11304633,control,noise,0,9260909888430929430417,2476021372599449881
85,11304634,poincare,arb,1,9811300193961290749,36422869404966422738389
86,11304634,control,arb,1,9811300193961290749,36422869404966422738389
87,11304634,poincare,noise,1,155634444396465042,571912759214534373387
88,11304634,control,noise,1,155634444396465042,571912759214534373387
89,11304635,poincare,arb,0,40852146281790535394,11118715840978791
90,11304635,control,arb,0,40852146281790535394,11118715840978791
91,11304635,poincare,noise,1,221628867102885468,814129757639920301806
92,11304635,control,noise,1,221628867102885468,814129757639920301806
93,11304636,poincare,arb,1,3482478724419297940,12744512118847280852014
94,11304636,control,arb,1,3482478724419297940,12744512118847280852014
95,11304636,poincare,noise,1,2693068058830469370,9794093730844012946128
96,11304636,control,noise,1,2693068058830469370,9794093730844012946128
97,11304637,poincare,arb,1,5155575784750025472,18601801807435693946800
98,11304637,control,arb,1,5155575784750025472,18601801807435693946800
99,11304637,poincare,noise,1,2203013129419624406,7890027386246720155279
100,11304637,control,noise,1,2203013129419624406,7890027386246720155279
101,11304638,poincare,arb,0,28231053045753310104534,7837893225034243550
102,11304638,control,arb,0,28231053045753310104534,7837893225034243550
103,11304638,poincare,noise,1,277833761383377598,1008364538346886150924
104,11304638,control,noise,1,277833761383377598,1008364538346886150924
105,11304639,poincare,arb,0,7359873586838815952000,2024279895090788309
106,11304639,control,arb,0,7359873586838815952000,2024279895090788309
107,11304639,poincare,noise,1,285673323643253670,1040478394629038345436
108,11304639,control,noise,1,285673323643253670,1040478394629038345436
109,11304640,poincare,arb,1,6460031598450691349,23369098908356958356798
110,11304640,control,arb,1,6460031598450691349,23369098908356958356798
111,11304640,poincare,noise,0,6109339195786944245415,1696975722735699191
112,11304640,control,noise,0,6109339195786944245415,1696975722735699191
113,11304641,poincare,arb,0,25089136153068411490905,6908638327363844744
114,11304641,control,arb,0,25089136153068411490905,6908638327363844744
115,11304641,poincare,noise,0,2779900720286893329319,759571025613058460
116,11304641,control,noise,0,2779900720286893329319,759571025613058460
117,11304642,poincare,arb,0,34596310183284377203291,9355986499846927644
118,11304642,control,arb,0,34596310183284377203291,9355986499846927644
119,11304642,poincare,noise,1,623704685100501074,2326945590150659494677
120,11304642,control,noise,1,623704685100501074,2326945590150659494677
121,11304643,poincare,arb,0,3073290186806392880306,823582995681819292
122,11304643,control,arb,0,3073290186806392880306,823582995681819292
123,11304643,poincare,noise,1,2025858672277072362,7550415917186683800308
124,11304643,control,noise,1,2025858672277072362,7550415917186683800308
125,11304644,poincare,arb,1,1304421455589527794,4845064503773486688343
126,11304644,control,arb,1,1304421455589527794,4845064503773486688343
127,11304644,poincare,noise,1,2669548197581703298,9875462580271192170813
128,11304644,control,noise,1,2669548197581703298,9875462580271192170813
129,11304645,poincare,arb,1,12531312654930123421,45648209475874134160659
130,11304645,control,arb,1,12531312654930123421,45648209475874134160659
131,11304645,poincare,noise,0,2753174058961752786282,764859876282379385
132,11304645,control,noise,0,2753174058961752786282,764859876282379385
133,11304646,poincare,arb,0,15085196967589860624702,4170016726154001263
134,11304646,control,arb,0,15085196967589860624702,4170016726154001263
135,11304646,poincare,noise,1,2557751775878213318,9267809335705576865645
136,11304646,control,noise,1,2557751775878213318,9267809335705576865645
137,11304647,poincare,arb,0,52816547033820588812126,14401888573131390038
138,11304647,control,arb,0,52816547033820588812126,14401888573131390038
139,11304647,poincare,noise,0,1128370436792583862042,303118856405612831
140,11304647,control,noise,0,1128370436792583862042,303118856405612831
141,11304648,poincare,arb,1,11857412489689944860,43623860149537558752522
142,11304648,control,arb,1,11857412489689944860,43623860149537558752522
143,11304648,poincare,noise,1,2504766790780473714,9081622374298344603000
144,11304648,control,noise,1,2504766790780473714,9081622374298344603000
145,11304649,poincare,arb,0,12585282832787878324746,3467717409097483387
146,11304649,control,arb,0,12585282832787878324746,3467717409097483387
147,11304649,poincare,noise,1,1698476835533582212,6175252173539736817128
148,11304649,control,noise,1,1698476835533582212,6175252173539736817128
149,11304650,poincare,arb,0,47404332534198173405801,12890638808538052146
150,11304650,control,arb,0,47404332534198173405801,12890638808538052146
151,11304650,poincare,noise,0,11334663949395642535610,3032632879649901881
152,11304650,control,noise,0,11334663949395642535610,3032632879649901881
153,11304651,poincare,arb,1,1122123656400846515,4202230854551241033775
154,11304651,control,arb,1,1122123656400846515,4202230854551241033775
155,11304651,poincare,noise,0,2969786643569607492223,793291340294410586
156,11304651,control,noise,0,2969786643569607492223,793291340294410586
157,11304652,poincare,arb,1,347989151319261866,1303336888761911379026
158,11304652,control,arb,1,347989151319261866,1303336888761911379026
159,11304652,poincare,noise,0,745485005051034337440,199073900977345162
160,11304652,control,noise,0,745485005051034337440,199073900977345162
161,11304653,poincare,arb,1,617015376760579973,2309586950472756370486
162,11304653,control,arb,1,617015376760579973,2309586950472756370486
163,11304653,poincare,noise,1,1427643133183614080,5332702565755117828123
164,11304653,control,noise,1,1427643133183614080,5332702565755117828123
165,11304654,poincare,arb,0,3728923350049730904300,998727065229842791
166,11304654,control,arb,0,3728923350049730904300,998727065229842791
167,11304654,poincare,noise,0,630541097988310750650,168677466291714678
168,11304654,control,noise,0,630541097988310750650,168677466291714678
169,11304655,poincare,arb,0,6627146950723928500252,1769319679168444950
170,11304655,control,arb,0,6627146950723928500252,1769319679168444950
171,11304655,poincare,noise,0,540086380045634476129,143909635848144471
172,11304655,control,noise,0,540086380045634476129,143909635848144471
173,11304656,poincare,arb,1,1327444815981886086,4975789511214481567911
174,11304656,control,arb,1,1327444815981886086,4975789511214481567911
175,11304656,poincare,noise,0,7074021042884332198225,1886129049447688969
176,11304656,control,noise,0,7074021042884332198225,1886129049447688969
177,11304657,poincare,arb,0,9016836487973013481593,2393577911191332073
178,11304657,control,arb,0,9016836487973013481593,2393577911191332073
179,11304657,poincare,noise,1,394954836507060600,1490896523205969103230
180,11304657,control,noise,1,394954836507060600,1490896523205969103230
181,11304658,poincare,arb,1,417842321605700423,1575973022193086728056
182,11304658,control,arb,1,417842321605700423,1575973022193086728056
183,11304658,poincare,noise,1,1049579084414334580,3952713741528866931557
184,11304658,control,noise,1,1049579084414334580,3952713741528866931557
185,11304659,poincare,arb,0,26660413540497487854455,7035595811241008034
186,11304659,control,arb,0,26660413540497487854455,7035595811241008034
187,11304659,poincare,noise,1,305063239078733490,1164055323297283638139
188,11304659,control,noise,1,305063239078733490,1164055323297283638139
189,11304660,poincare,arb,0,2866796524596238657914,750952379170310980
190,11304660,control,arb,0,2866796524596238657914,750952379170310980
191,11304660,poincare,noise,0,6209588873317124669796,1622591278468234545
192,11304660,control,noise,0,6209588873317124669796,1622591278468234545
193,11304661,poincare,arb,1,428184824862081609,1640677150260064356921
194,11304661,control,arb,1,428184824862081609,1640677150260064356921
195,11304661,poincare,noise,0,347041822060565137930,90602919432791407
196,11304661,control,noise,0,347041822060565137930,90602919432791407
197,11304662,poincare,arb,0,20837907217004009791568,5409135865470372150
198,11304662,control,arb,0,20837907217004009791568,5409135865470372150
199,11304662,poincare,noise,0,2794686195035792517263,720832128523514452
200,11304662,control,noise,0,2794686195035792517263,720832128523514452
201,11304663,poincare,arb,0,441296719130621175897,113724283900424464
202,11304663,control,arb,0,441296719130621175897,113724283900424464
203,11304663,poincare,noise,1,223589708330635756,867519901994713468602
204,11304663,control,noise,1,223589708330635756,867519901994713468602
205,11304664,poincare,arb,0,7168635186504642615564,1844474383217461355
206,11304664,control,arb,0,7168635186504642615564,1844474383217461355
207,11304664,poincare,noise,0,6597802075114663506255,1691329469619232248
208,11304664,control,noise,0,6597802075114663506255,1691329469619232248
209,11304665,poincare,arb,1,3394831677653997045,13219517587424182112889
210,11304665,control,arb,1,3394831677653997045,13219517587424182112889
211,11304665,poincare,noise,0,7714061911238524537798,1983936653294138514
212,11304665,control,noise,0,7714061911238524537798,1983936653294138514
213,11304666,poincare,arb,1,10936904416650101976,42131403968832516407376
214,11304666,control,arb,1,10936904416650101976,42131403968832516407376
215,11304666,poincare,noise,1,2728103671369756516,10361022412344967407450
216,11304666,control,noise,1,2728103671369756516,10361022412344967407450
217,11304667,poincare,arb,0,5358520343739936582688,1412843466031360895
218,11304667,control,arb,0,5358520343739936582688,1412843466031360895
219,11304667,poincare,noise,0,1028071827027056052126,270593440336459937
220,11304667,control,noise,0,1028071827027056052126,270593440336459937
221,11304668,poincare,arb,1,227301450034120948,863630232467634095563
222,11304668,control,arb,1,227301450034120948,863630232467634095563
223,11304668,poincare,noise,0,4714291809769229914708,1239470052174012535
224,11304668,control,noise,0,4714291809769229914708,1239470052174012535
225,11304669,poincare,arb,1,2094926360096795799,7960956816565378671531
226,11304669,control,arb,1,2094926360096795799,7960956816565378671531
227,11304669,poincare,noise,0,11106562288376827141254,2920195872395503540
228,11304669,control,noise,0,11106562288376827141254,2920195872395503540
229,11304670,poincare,arb,0,30275579786929691643230,7871483639315277545
230,11304670,control,arb,0,30275579786929691643230,7871483639315277545
231,11304670,poincare,noise,0,7523266162844944015858,1936132592347402086
232,11304670,control,noise,0,7523266162844944015858,1936132592347402086
233,11304671,poincare,arb,1,8447872259434347664,32604283153338802842682
234,11304671,control,arb,1,8447872259434347664,32604283153338802842682
235,11304671,poincare,noise,0,8915640646151064572067,2324875222668764398
236,11304671,control,noise,0,8915640646151064572067,2324875222668764398
237,11304672,poincare,arb,1,10487173707070565479,39879443357165929252197
238,11304672,control,arb,1,10487173707070565479,39879443357165929252197
239,11304672,poincare,noise,1,1066892612667661238,4008887095110935551432
240,11304672,control,noise,1,1066892612667661238,4008887095110935551432
241,11304673,poincare,arb,0,5835827649226101700582,1552324089961212887
242,11304673,control,arb,0,5835827649226101700582,1552324089961212887
243,11304673,poincare,noise,0,9816097033196067259184,2599929915839008478
244,11304673,control,noise,0,9816097033196067259184,2599929915839008478
245,11304674,poincare,arb,0,3876341594311134921485,1022874494502843584
246,11304674,control,arb,0,3876341594311134921485,1022874494502843584
247,11304674,poincare,noise,0,10050810034188512080596,2642138204967250949
248,11304674,control,noise,0,10050810034188512080596,2642138204967250949
249,11304675,poincare,arb,0,1309415675235434386039,343155096728815440
250,11304675,control,arb,0,1309415675235434386039,343155096728815440
251,11304675,poincare,noise,0,2959480040186348332549,774684921060888898
252,11304675,control,noise,0,2959480040186348332549,774684921060888898
253,11304676,poincare,arb,1,1528869705912521497,5836083226752900788155
254,11304676,control,arb,1,1528869705912521497,5836083226752900788155
255,11304676,poincare,noise,1,2507695002252850080,9532597858110569718970
256,11304676,control,noise,1,2507695002252850080,9532597858110569718970
257,11304677,poincare,arb,1,4202668285078278238,15865518223547507929212
258,11304677,control,arb,1,4202668285078278238,15865518223547507929212
259,11304677,poincare,noise,0,9445740696496133431100,2506496173920998488
260,11304677,control,noise,0,9445740696496133431100,2506496173920998488
261,11304678,poincare,arb,0,9563683503879291467757,2524662591699953999
262,11304678,control,arb,0,9563683503879291467757,2524662591699953999
263,11304678,poincare,noise,0,4082937582073661587899,1073832541287600841
264,11304678,control,noise,0,4082937582073661587899,1073832541287600841
265,11304679,poincare,arb,1,5806333003837869940,21969423042091831566379
266,11304679,control,arb,1,5806333003837869940,21969423042091831566379
267,11304679,poincare,noise,0,8826716343322495591427,2341192211657089135
268,11304679,control,noise,0,8826716343322495591427,2341192211657089135
269,11304680,poincare,arb,0,15240833872102273026613,4016031691886518083
270,11304680,control,arb,0,15240833872102273026613,4016031691886518083
271,11304680,poincare,noise,0,8747371608396527163405,2289985127972473019
272,11304680,control,noise,0,8747371608396527163405,2289985127972473019
273,11304681,poincare,arb,0,16751435958637552636872,4355203294648651745
274,11304681,control,arb,0,16751435958637552636872,4355203294648651745
275,11304681,poincare,noise,0,7513172867855427422898,1940584198703965788
276,11304681,control,noise,0,7513172867855427422898,1940584198703965788
277,11304682,poincare,arb,1,1926932039664930994,7460423314461772964370
278,11304682,control,arb,1,1926932039664930994,7460423314461772964370
279,11304682,poincare,noise,0,2063204427356945498633,533675052849789934
280,11304682,control,noise,0,2063204427356945498633,533675052849789934
281,11304683,poincare,arb,1,3764319940795530572,14504121400510200812989
282,11304683,control,arb,1,3764319940795530572,14504121400510200812989
283,11304683,poincare,noise,1,2643276137191474290,10117051302693805158760
284,11304683,control,noise,1,2643276137191474290,10117051302693805158760
285,11304684,poincare,arb,1,3626870011867028852,13791859804710397166445
286,11304684,control,arb,1,3626870011867028852,13791859804710397166445
287,11304684,poincare,noise,1,2124834854019034148,8032209779964983501662
288,11304684,control,noise,1,2124834854019034148,8032209779964983501662
289,11304685,poincare,arb,1,4465125463553772011,16764812485467046506819
290,11304685,control,arb,1,4465125463553772011,16764812485467046506819
291,11304685,poincare,noise,0,7407458236256692616636,1977950975351188387
292,11304685,control,noise,0,7407458236256692616636,1977950975351188387
293,11304686,poincare,arb,1,7099428771585268356,26448569773061048242627
294,11304686,control,arb,1,7099428771585268356,26448569773061048242627
295,11304686,poincare,noise,0,6115408472835671486055,1650712511906607008
296,11304686,control,noise,0,6115408472835671486055,1650712511906607008
297,11304687,poincare,arb,1,773243506243054501,2867208172145493036459
298,11304687,control,arb,1,773243506243054501,2867208172145493036459
299,11304687,poincare,noise,1,2319774354487533558,8574686465223328630086
300,11304687,control,noise,1,2319774354487533558,8574686465223328630086
301,11304688,poincare,arb,1,5069405847627833976,18597960621735228058956
302,11304688,control,arb,1,5069405847627833976,18597960621735228058956
303,11304688,poincare,noise,1,2270128756335478196,8266544189577009542939
304,11304688,control,noise,1,2270128756335478196,8266544189577009542939
305,11304689,poincare,arb,0,4411026923304600152189,1212638530220119597
306,11304689,control,arb,0,4411026923304600152189,1212638530220119597
307,11304689,poincare,noise,0,2506644373259139801341,687779320677876418
308,11304689,control,noise,0,2506644373259139801341,687779320677876418
309,11304690,poincare,arb,1,4245224719220119521,15416405804572219939722
310,11304690,control,arb,1,4245224719220119521,15416405804572219939722
311,11304690,poincare,noise,1,882168730926716710,3187015725842349683590
312,11304690,control,noise,1,882168730926716710,3187015725842349683590
313,11304691,poincare,arb,1,12963537264247723683,46188392154468928551146
314,11304691,control,arb,1,12963537264247723683,46188392154468928551146
315,11304691,poincare,noise,1,1483403233564776970,5209441908671249516989
316,11304691,control,noise,1,1483403233564776970,5209441908671249516989
317,11304692,poincare,arb,1,2841790403096877638,9788038800814135562611
318,11304692,control,arb,1,2841790403096877638,9937095229252929505189
319,11304692,poincare,noise,0,1032432635841546958538,295987086260242760
320,11304692,control,noise,0,1032432635841546958538,295999615066373979
321,11304693,poincare,arb,0,19534518166898148908909,5567804221577367305
322,11304693,control,arb,0,19608610190251299650357,5589040468284890854
323,11304693,poincare,noise,1,705375977628071194,2445683262955979943905
324,11304693,control,noise,1,705375977628071194,2486776481628045306469
325,11304694,control,arb,1,570191260797032223,2007636413262687098138
326,11304694,poincare,noise,1,2915829150808515572,10227194464548565693702
327,11304694,control,noise,1,2915829150808515572,10231089232590592317926
328,11304695,poincare,arb,0,2634610787683481484826,751609368183589018
329,11304695,control,arb,0,4659131253173214656760,1329933547858410128
330,11304695,poincare,noise,1,174677602747149590,608595882361149452708
331,11304695,control,noise,1,174677602747149590,612646991421035456759
332,11304696,poincare,arb,1,6933606262449066582,24147749576908199633757
333,11304696,control,arb,1,6932817190290011245,24144987490989479976345
334,11304696,poincare,noise,0,3201170418395113071720,924646482025710861
335,11304696,control,noise,0,3201170418395113071720,924646456922344894
336,11304697,poincare,arb,1,12305864927959424211,41829178784550101401799
337,11304697,control,arb,1,12305526163442582079,42129319334948194050426
338,11304697,poincare,noise,0,9004538131277204150741,2654962141220333749
339,11304697,control,noise,0,9004538131277204150741,2655192045008481121
340,11304698,control,arb,1,980439695678587811,3330401019741776874838
341,11304698,poincare,noise,0,4497604846031245251802,1320962346379322254
342,11304698,control,noise,0,4497604846031245251802,1323609438063325348
343,11304699,poincare,arb,0,17534787283539490785718,5117597181205382569
344,11304699,control,arb,0,21013558028986457237841,6139027758443915330
345,11304699,poincare,noise,1,240014255683066846,816699715477208218797
346,11304699,control,noise,1,240014255683066846,826325068116737579869
347,11304700,poincare,arb,0,7140338497714731284850,2070239796493210535
348,11304700,control,arb,0,7144678757764296052197,2071501079267817471
349,11304700,poincare,noise,1,2082736846384522668,7183352977177055169180
350,11304700,control,noise,1,2082736846384522668,7183351879091515075790
351,11304701,poincare,arb,0,22110387702014527871050,6383486095891294932
352,11304701,control,arb,0,22109273304253863234825,6383165334076873673
353,11304701,poincare,noise,1,230184957501901200,802145244567910140568
354,11304701,control,noise,1,230184957501901200,802145230933316181172
355,11304702,poincare,arb,1,1058653216862107812,3684477228408579101513
356,11304702,control,arb,1,1058557091734293909,3684142617287912057789
357,11304702,poincare,noise,0,3080004966797806253055,885123488229893646
358,11304702,control,noise,0,3080004966797806253055,885123430438252268
359,11304703,poincare,arb,0,7662169494769178855196,2195225563025503987
360,11304703,control,arb,0,7661368313586268198146,2194995879836351192
361,11304703,poincare,noise,0,1759761519714095141908,502828415524562316
362,11304703,control,noise,0,1759761519714095141908,502828396816793817
363,11304704,poincare,arb,1,546058932174682581,1910974517629343871938
364,11304704,control,arb,1,546055689215009451,1910963239744314667153
365,11304704,poincare,noise,0,8031367172574977393411,2290980152436779701
366,11304704,control,noise,0,8031367172574977393411,2290979764101958698
367,11304705,poincare,arb,0,21868367333639751385766,6185588839822904808
368,11304705,control,arb,0,21866137328462856387936,6184957022118200018
369,11304705,poincare,noise,1,135042779833723826,480316041452121945303
370,11304705,control,noise,1,135042779833723826,480316036612953920555
371,11304706,poincare,arb,1,506282356513571778,1799575109606445330054
372,11304706,control,arb,1,506234524705104379,1799405073836438016203
373,11304706,poincare,noise,0,7229841484323056156313,2030901203960993606
374,11304706,control,noise,0,7229841484323056156313,2030900896400957837
375,11304707,poincare,arb,1,1565255178212023260,5574775040348817391351
376,11304707,control,arb,1,1565289599824843689,5574898479797331578143
377,11304707,poincare,noise,1,87755349167390432,312030634006558278186
378,11304707,control,noise,1,87755349167390432,312030631963939567972
379,11304708,poincare,arb,0,46655994283478285817141,12952670318967815072
380,11304708,control,arb,0,46652537820013420212753,12951710817906793749
381,11304708,poincare,noise,1,2560298819537151622,9319148607770939404413
382,11304708,control,noise,1,2560298819537151622,9319146809228335942446
383,11304709,poincare,arb,0,19460508806795744148326,5331476076253188754
384,11304709,control,arb,0,19459750637465303706165,5331269394162841565
385,11304709,poincare,noise,1,1704313738491997344,6243831348703786397778
386,11304709,control,noise,1,1704313738491997344,6243830543604455226167
387,11304710,poincare,arb,0,31473518601350947072734,8531404364901201172
388,11304710,control,arb,0,31471636096159156865459,8530895181535815122
389,11304710,poincare,noise,0,1279722040556312480726,343766470443118796
390,11304710,control,noise,0,1279722040556312480726,343766461424284409
391,11304711,poincare,arb,1,9598746717332625191,35397570588974539065948
392,11304711,control,arb,1,9598056446202656181,35395025985146311830183
393,11304711,poincare,noise,1,1978015768797462110,7208963757472026956996
394,11304711,control,noise,1,1978015768797462110,7208962681594411292037
395,11304712,poincare,arb,1,3269621230848825693,11853229238452617164161
396,11304712,control,arb,1,3269229847518206331,11851808603075403857857
397,11304712,poincare,noise,0,10656541418666539400901,2940502819716993470
398,11304712,control,noise,0,10656541418666539400901,2940502169483354372
399,11304713,poincare,arb,0,19394407724682767971995,5307077423876115388
400,11304713,control,arb,0,19392166441498586242090,5306462946686591357
401,11304713,poincare,noise,1,1978409629610737502,7254402034249872095857
402,11304713,control,noise,1,1978409629610737502,7254400948079728877316
403,11304714,poincare,arb,1,12224082867321664005,44185077300949443435983
404,11304714,control,arb,1,12223023606016638417,44181241887996477888095
405,11304714,poincare,noise,0,6175747363364134531767,1726757578672811295
406,11304714,control,noise,0,6175747363364134531767,1726757355783436359
407,11304715,poincare,arb,1,1588447694857313222,5681869743431676560078
408,11304715,control,arb,1,1588457787502909347,5681906578195174979235
409,11304715,poincare,noise,1,2216465965737977560,7898117993874059936928
410,11304715,control,noise,1,2216465965737977560,7898116687980698560489
411,11304716,poincare,arb,0,28376170690781752525465,7917759018392214343
412,11304716,control,arb,0,28374642074887784256477,7917333800134180251
413,11304716,poincare,noise,0,4615881986106201103895,1276119618555231763
414,11304716,control,noise,0,4615881986106201103895,1276119496105293270
415,11304717,poincare,arb,1,5251293463978416173,18918761108327609134443
416,11304717,control,arb,1,5250996862031226333,18917694359909477609427
417,11304717,poincare,noise,0,7018469453999146474782,1954604099119591642
418,11304717,control,noise,0,7018469453999146474782,1954603812994146124
419,11304718,poincare,arb,0,20907911547575402773984,5777529443130221679
420,11304718,control,arb,0,20905828720579313257997,5776953045277952391
421,11304718,poincare,noise,0,927770820487591692525,254817070081081424
422,11304718,control,noise,0,927770820487591692525,254817065180125010
423,11304719,poincare,arb,1,2995968946985389118,10877935784640350460652
424,11304719,control,arb,1,2995764499370237984,10877193673723733193616
425,11304719,poincare,noise,1,331703990509854944,1200326850272265792815
426,11304719,control,noise,1,331703990509854944,1200326820313379689709
427,11304720,poincare,arb,0,23457298245059194803541,6442327776033988632
428,11304720,control,arb,0,23455638228406377943446,6441872028753926858
429,11304720,poincare,noise,0,398164111286758701277,108629389013656342
430,11304720,control,noise,0,398164111286758701277,108629388119935631
431,11304721,poincare,arb,0,9255089366184748872714,2518290748539850887
432,11304721,control,arb,0,9254369399750793858991,2518094826439512355
433,11304721,poincare,noise,0,1259789285631157469399,341790467349989142
434,11304721,control,noise,0,1259789285631157469399,341790458478694491
435,11304722,poincare,arb,1,391110281851986305,1441502470156027395161
436,11304722,control,arb,1,391106594572054276,1441488917482437050701
437,11304722,poincare,noise,1,2090361909206650138,7684956844755966288683
438,11304722,control,noise,1,2090361909206650138,7684955627491580463947
439,11304723,poincare,arb,1,1380596583189837152,5057720243610611884464
440,11304723,control,arb,1,1380337709472907559,5056771076654406976606
441,11304723,poincare,noise,1,413610059262540788,1512475048108015776572
442,11304723,control,noise,1,413610059262540788,1512475000791747792618
443,11304724,poincare,arb,0,23922393237472261236308,6501550568119897949
444,11304724,control,arb,0,23920721796265666619828,6501096512621560369
445,11304724,poincare,noise,0,932632583403235400700,251732069842806295
446,11304724,control,noise,0,932632583403235400700,251732065017987408
447,11304725,poincare,arb,0,59295468320305013766933,15743451624684182859
448,11304725,control,arb,0,59290976341395237586891,15742258664319402230
449,11304725,poincare,noise,0,7030708114568162065494,1833211795866312498
450,11304725,control,noise,0,7030708114568162065494,1833211535743364819
451,11304726,poincare,arb,1,476667442755160791,1830685370878558605120
452,11304726,control,arb,1,476768357474735435,1831073203005830147439
453,11304726,poincare,noise,0,4571168973743858848201,1180879534448879009
454,11304726,control,noise,0,4571168973743858848201,1189342929368893409
455,11304727,control,arb,0,10332381125571055603337,2677511998133665367
456,11304727,poincare,noise,1,1506440084540181658,5787954365882837125210
457,11304727,control,noise,1,1506440084540181658,5820367301166623668762
458,11304728,poincare,arb,0,36243779540379373230854,9356181350588869995
459,11304728,control,arb,0,25924781560456021867264,6673729314915106573
460,11304728,poincare,noise,1,2927863484260818196,11418146389088301602068
461,11304728,control,noise,1,2927863484260818196,11418143627333932646662
462,11304729,poincare,arb,0,24882449774396035048607,6327005376327952078
463,11304729,control,arb,0,24881383528610742605510,6357180553691443537
464,11304729,poincare,noise,0,11469790921381776977859,2888340151168162457
465,11304729,control,noise,0,11469790921381776977859,2902145352522858304
466,11304730,poincare,arb,1,5687727651301556031,22412126020824316105352
467,11304730,control,arb,1,5709498022886200706,22498441885977024798863
468,11304730,poincare,noise,1,735048535383529046,2876899213214990512994
469,11304730,control,noise,1,735048535383529046,2876898986178474217713
470,11304731,control,arb,0,3967422536594090482609,1013381431930991119
471,11304731,poincare,noise,0,10072320064135374164488,2568307345707038185
472,11304731,control,noise,0,10072320064135374164488,2563076736324413344
473,11304732,poincare,arb,0,11179436046665772192050,2834695530361164042
474,11304732,control,arb,0,7209698300784104335114,1826176751388501795
475,11304732,poincare,noise,1,2048199342730008138,8084349567314188547661
476,11304732,control,noise,1,2048199342730008138,8084347781260760256998
477,11304733,poincare,arb,0,57976999025383800323069,14495813371875056877
478,11304733,control,arb,0,57971885003866878842011,14494537930811756552
479,11304733,poincare,noise,1,1765866873814430730,7158626815433036983771
480,11304733,control,noise,1,1765866873814430730,7158625433383993366161
481,11304734,poincare,arb,1,4109769222261458524,16556562097240632336229
482,11304734,control,arb,1,4109167176959250554,16554133509522592320246
483,11304734,poincare,noise,1,2368925006710852274,9477908616350209300603
484,11304734,control,noise,1,2368925006710852274,9477906178494195331708
485,11304735,poincare,arb,0,28624899528411178773109,7118461970504152603
486,11304735,control,arb,0,28622935199835328755475,7117975310614064350
487,11304735,poincare,noise,0,5720356980977673150642,1409688541403209124
488,11304735,control,noise,0,5720356980977673150642,1409688323993637370
489,11304736,poincare,arb,0,50032826526944768729589,12151264364298605426
490,11304736,control,arb,0,50027113793605734852281,12149875062708558752
491,11304736,poincare,noise,0,4551601884353805946897,1089778382482282875
492,11304736,control,noise,0,4551601884353805946897,1089778250643762665
493,11304737,poincare,arb,0,4300067384482830476477,1011785142071910250
494,11304737,control,arb,0,4299160400828148243773,1026976254629069447
495,11304737,poincare,noise,1,1001481701995543572,4192480643411603899291
496,11304737,control,noise,1,1001481701995543572,4192550239415475954713
497,11304738,control,arb,0,13073594792055782517064,3115742320553029167
498,11304738,poincare,noise,1,1546216787968870888,6455037069791809896692
499,11304738,control,noise,1,1546216787968870888,6498960304450118274170
500,11304739,control,arb,0,29282000150140701008127,6925910368892924263
501,11304739,poincare,noise,0,12926326889368814683008,3033258110168289984
502,11304739,control,noise,0,12926326889368814683008,3024337605272641616
503,11304740,control,arb,1,2777858509471068111,11876054852498079801596
504,11304740,poincare,noise,0,12891335717404301939034,3001488588322528972
505,11304740,control,noise,0,12891335717404301939034,3014552942623723255
506,11304741,control,arb,1,4997383348849810595,21324343168163143683619
507,11304741,poincare,noise,1,2221559969348030388,9359632192774955609382
508,11304741,control,noise,1,2221559969348030388,9405024898822325063309
509,11304742,poincare,arb,1,1901386596581854002,7974877218871371632214
510,11304742,control,arb,1,4120000550682832175,17322081222343534402306
511,11304742,poincare,noise,0,9440687835915044599996,2236426244369540396
512,11304742,control,noise,0,9440687835915044599996,2250014016314376202
513,11304743,poincare,arb,1,2733564088210491134,11463395895830257119429
514,11304743,control,arb,1,2740251230636829203,11491528749933904939446
515,11304743,poincare,noise,0,9323999507515984507930,2224633868297274132
516,11304743,control,noise,0,9323999507515984507930,2224632886758493861
517,11304744,poincare,arb,0,7909170610238850688602,1878669684428174475
518,11304744,control,arb,0,7906019430269062408684,1877920354336711634
519,11304744,poincare,noise,0,9590007154156893498774,2267652485191359800
520,11304744,control,noise,0,9590007154156893498774,2267651460766311371
521,11304745,poincare,arb,0,5070831122037611678809,1183186885890676033
522,11304745,control,arb,0,5068150307097553032737,1193894398201293203
523,11304745,poincare,noise,1,173661071596153284,738014464962579812419
524,11304745,control,noise,1,173661071596153284,738023588045351375601
525,11304746,control,arb,0,1300343424220012576593,305933808227616713
526,11304746,poincare,noise,0,6485029601301750852295,1512292744366043580
527,11304746,control,noise,0,6485029601301750852295,1522692350575567458
528,11304747,poincare,arb,0,21456674520700848070877,4973991663278806217
529,11304747,control,arb,0,20102593284983281285571,4688047763720150178
530,11304747,poincare,noise,0,11970842578906240701053,2751499893939049792
531,11304747,control,noise,0,11970842578906240701053,2768866599182421574
532,11304748,poincare,arb,1,6524114640167565249,28088513841668235996340
533,11304748,control,arb,1,6547668051571118860,28190697816744410073828
534,11304748,poincare,noise,0,8820257080717312507838,2028084416047966376
535,11304748,control,noise,0,8820257080717312507838,2058781177329292357
536,11304749,poincare,arb,1,11780754061923015041,49937246457017155166984
537,11304749,control,arb,1,11793738215733343423,49993153091695730199192
538,11304749,poincare,noise,1,899557255060458850,3760716263786260311438
539,11304749,control,noise,1,899557255060458850,3760715386590857914168
540,11304750,poincare,arb,0,70017481857232032768715,16465256869743741835
541,11304750,control,arb,0,70001632666740069761641,16461533626057393577
542,11304750,poincare,noise,0,4490268500055647395155,1035899888678062084
543,11304750,control,noise,0,4490268500055647395155,1035899605374293441
544,11304751,poincare,arb,1,8418414113436540230,36196053079357905100340
545,11304751,control,arb,1,8416647966717883410,36188469201653863526614
546,11304751,poincare,noise,0,4380796574672077630733,1027197389457135952
547,11304751,control,noise,0,4380796574672077630733,1027197113144337475
548,11304752,poincare,arb,1,4895885123740600375,20791952269492727946235
549,11304752,control,arb,1,4894959475132454739,20788026796604327836259
550,11304752,poincare,noise,1,2990767724851406358,12592433222032862113778
551,11304752,control,noise,1,2990767724851406358,12592423433067532045332
552,11304753,poincare,arb,0,41003699574879773100163,9667717607322549778
553,11304753,control,arb,0,40996893941802841993194,9666120511650054349
554,11304753,poincare,noise,1,1057687469476064294,4528328369733051096918
555,11304753,control,noise,1,1057687469476064294,4528327113062600858858
556,11304754,poincare,arb,0,17957851316771387496078,4180059270858258416
557,11304754,control,arb,0,17954637780038943598257,4179312413898166383
558,11304754,poincare,noise,1,2109052411540801028,9081274131354096249443
559,11304754,control,noise,1,2109052411540801028,9081269094635918562947
560,11304755,poincare,arb,1,517556500494055343,2222093136605384006004
561,11304755,control,arb,1,516928227734698305,2219394459911592318598
562,11304755,poincare,noise,1,143391952949377242,615196530626761943617
563,11304755,control,noise,1,143391952949377242,615196507445504903222
564,11304756,poincare,arb,0,82553171258162988533089,18846418039696176130
565,11304756,control,arb,0,82533572048653564015858,18841944361961357291
566,11304756,poincare,noise,1,55293292923768852,247306033179080538859
567,11304756,control,noise,1,55293292923768852,247306029509952926482
568,11304757,poincare,arb,0,20298210878010473991040,4515620802136239416
569,11304757,control,arb,0,20293414790212967985166,4514553912330524847
570,11304757,poincare,noise,0,3431760096500324062405,758926942013591816
571,11304757,control,noise,0,3431760096500324062405,758926786681754260
572,11304758,poincare,arb,0,28388133121701375842063,6228532005973002562
573,11304758,control,arb,0,28380521949736243725134,6226860793293397346
574,11304758,poincare,noise,0,2814696749404250797075,612795412024689608
575,11304758,control,noise,0,2814696749404250797075,612795309948194762
576,11304759,poincare,arb,0,22236219054364039578346,4739105831775399827
577,11304759,control,arb,0,22230226990633371223177,4809977645532968118
578,11304759,poincare,noise,1,442576529480701730,2055492245120570569106
579,11304759,control,noise,1,442576529480701730,2055661496664222522412
580,11304760,poincare,arb,1,1485631909274963715,6884659824505205605947
581,11304760,control,arb,1,1521166359173163750,7049621888555169359932
582,11304760,poincare,noise,0,2990787467740288265858,629459810664753581
583,11304760,control,noise,0,2990787467740288265858,645997172223585992
584,11304761,control,arb,0,25047635119880110332009,5373028263529404490
585,11304761,poincare,noise,1,2242805412828893848,10364491492601383043869
586,11304761,control,noise,1,2242805412828893848,10492865933245041002622
587,11304762,control,arb,1,101244459262766278,472395634725299125809
588,11304762,poincare,noise,0,2862499197498058763164,617069007295318439
589,11304762,control,noise,0,2862499197498058763164,613134781395416903
590,11304763,poincare,arb,0,54786647452197619321403,11710708376673083249
591,11304763,control,arb,0,30278745917476040891154,6433215821144266457
592,11304763,poincare,noise,1,971623733099019406,4601888058373712700527
593,11304763,control,noise,1,971623733099019406,4601886552712299774332
594,11304764,poincare,arb,0,8929719550103683435039,1855148307803633299
595,11304764,control,arb,0,8928454900092825572247,1883133181505977393
596,11304764,poincare,noise,0,14029147263111848814004,2898425526146591067
597,11304764,control,noise,0,14029147263111848814004,2942464975052151768
598,11304765,poincare,arb,1,604225698170515175,2888402784537978585808
599,11304765,control,arb,1,641015277640503680,3064400902914766074558
600,11304765,poincare,noise,1,180251169280466838,860878192782193193694
601,11304765,control,noise,1,180251169280466838,860878132748324369731
602,11304766,poincare,arb,1,2223946905008304720,10592039985002101958316
603,11304766,control,arb,1,2223144441704532358,10588217337307740801086
604,11304766,poincare,noise,0,5835078018052371599795,1196712652095421057
605,11304766,control,noise,0,5835078018052371599795,1226571522347092785
606,11304767,poincare,arb,1,3918195840932016951,18581290491285492264285
607,11304767,control,arb,1,3932153795160079847,18647814445278460822446
608,11304767,poincare,noise,0,7108115140361228668825,1474357107335961588
609,11304767,control,noise,0,7108115140361228668825,1503061221392632523
610,11304768,poincare,arb,1,10800033329175071155,50531401458016006709898
611,11304768,control,arb,1,10810937250772325319,50583287555420491730499
612,11304768,poincare,noise,0,7797894443979130624829,1677269750341329742
613,11304768,control,noise,0,7797894443979130624829,1684169786946020412
614,11304769,poincare,arb,1,9457261357650712496,43403240346180301871098
615,11304769,control,arb,1,9457814807253788851,43405982049117154095829
616,11304769,poincare,noise,0,1113091581857334240191,245086491973866306
617,11304769,control,noise,0,1113091581857334240191,245086466748779460
618,11304770,poincare,arb,0,3234705212105622081868,711465041295858535
619,11304770,control,arb,0,3233089803469223006531,711109663156613756
620,11304770,poincare,noise,1,1911343377046961032,8678233500549516934260
621,11304770,control,noise,1,1911343377046961032,8678226542373476033043
622,11304771,poincare,arb,0,47563959214798456512637,10375466491500411048
623,11304771,control,arb,0,47549504401736771973372,10372321676269483386
624,11304771,poincare,noise,0,1487760196957789732114,320618002242485605
625,11304771,control,noise,0,1487760196957789732114,320617958609283781
626,11304772,poincare,arb,0,792681897724418940511,170730121223424457
627,11304772,control,arb,0,791834607469347043670,170547606186168769
628,11304772,poincare,noise,0,6406863423265746907651,1377488084618910439
629,11304772,control,noise,0,6406863423265746907651,1377487278757161365
630,11304773,poincare,arb,1,1972681585901301418,9168944530689430223214
631,11304773,control,arb,1,1972459637983503353,9167918289149907858613
632,11304773,poincare,noise,0,11014925490290431664425,2368766758226034021
633,11304773,control,noise,0,11014925490290431664425,2368764376816999375
634,11304774,poincare,arb,1,22371333269079212330,101705237539385860860941
635,11304774,control,arb,1,22363899004299582765,101671541872301037958332
636,11304774,poincare,noise,0,2620824774696323277737,590859283042775119
637,11304774,control,noise,0,2620824774696323277737,590859138182254834
638,11304775,poincare,arb,1,5356301076874113815,23632767679673425306653
639,11304775,control,arb,1,5354530348843583988,23624960766046883466896
640,11304775,poincare,noise,0,8582572264808780419765,1952612389935509579
641,11304775,control,noise,0,8582572264808780419765,1952610816280839311
642,11304776,poincare,arb,0,16936972650419744145798,3828576191171206656
643,11304776,control,arb,0,16927490953089667508985,3826429784502707504
644,11304776,poincare,noise,0,5942973470265192758658,1335679123930772300
645,11304776,control,noise,0,5942973470265192758658,1335678382827377230
646,11304777,poincare,arb,1,2029280810559486288,9022092385305699509830
647,11304777,control,arb,1,2029022364184226450,9020948349481678760872
648,11304777,poincare,noise,0,12315634647689445169937,2767786158667080789
649,11304777,control,noise,0,12315634647689445169937,2767782978845132139
650,11304778,poincare,arb,1,824137169531343693,3675085719959392663166
651,11304778,control,arb,1,824856145668371298,3678296085581922453106
652,11304778,poincare,noise,1,1756983326213283344,7812349798353993639404
653,11304778,control,noise,1,1756983326213283344,7812344099627906554685
654,11304779,poincare,arb,1,4718341741305656969,20828949828085573824389
655,11304779,control,arb,1,4715935857007640565,20818313952477163994984
656,11304779,poincare,noise,0,3580430467129741872566,814604642336730070
657,11304779,control,noise,0,3580430467129741872566,814604368280613675
658,11304780,poincare,arb,0,2076340729769259536404,471725201210485907
659,11304780,control,arb,0,2074238976288440796243,471247543928732662
660,11304780,poincare,noise,0,8671335109732033660472,1964708056181815716
661,11304780,control,noise,0,8671335109732033660472,1964706459704455045
662,11304781,poincare,arb,1,183422811657932449,811153339980660524103
663,11304781,control,arb,1,184083045460195154,814073762925024822467
664,11304781,poincare,noise,1,1375525125886426604,6072447613661708454073
665,11304781,control,noise,1,1375525125886426604,6072444157490461330355
666,11304782,poincare,arb,0,7771716060769971663992,1759687783231549788
667,11304782,control,arb,0,7771081247372271206107,1759545048944768256
668,11304782,poincare,noise,0,8919174216578461060144,2011020348269422628
669,11304782,control,noise,0,8919174216578461060144,2011018671600322811
670,11304783,poincare,arb,0,4738206176326638098686,1064665738544392293
671,11304783,control,arb,0,4733131824584183067285,1063524654844748470
672,11304783,poincare,noise,1,2693635074350630850,11966007475474867399661
673,11304783,control,noise,1,2693635074350630850,11965994106828065206841
674,11304784,poincare,arb,0,18647827167082572321739,4190727206099092952
675,11304784,control,arb,0,18645331191785047143885,4190170966772896840
676,11304784,poincare,noise,1,76800508437323778,343321703568852304425
677,11304784,control,noise,1,76800508437323778,343321692582245897546
678,11304785,poincare,arb,0,37626333606397411684343,8338982865287237455
679,11304785,control,arb,0,37612481223215668132514,8335913080435909567
680,11304785,poincare,noise,0,3777689931455741885447,828630681651038222
681,11304785,control,noise,0,3777689931455741885447,828630392849737980
682,11304786,poincare,arb,0,452935777617343277089,99246471548528170
683,11304786,control,arb,0,451363903486220568441,98902010850754021
684,11304786,poincare,noise,0,11163615870441636168947,2439118284647838585
685,11304786,control,noise,0,11163615870441636168947,2439115779699310102
686,11304787,poincare,arb,1,12409286068867812448,56161828088189410545478
687,11304787,control,arb,1,12405579183078086346,56145109160400512688331
688,11304787,poincare,noise,1,2480195799150490580,11038149768346505010023
689,11304787,control,noise,1,2480195799150490580,11038138401686921009802
690,11304788,poincare,arb,0,16667279664806220153092,3739738469546579338
691,11304788,control,arb,0,16665176814693964294038,3739270490888860971
692,11304788,poincare,noise,0,4865925933434663841754,1085911890123879793
693,11304788,control,noise,0,4865925933434663841754,1085911398471549626
694,11304789,poincare,arb,1,16599048999977912080,73107445717066861927614
695,11304789,control,arb,1,16593284656689346783,73082090819944589189364
696,11304789,poincare,noise,0,604985770878506826434,139901254280524936
697,11304789,control,noise,0,604985770878506826434,139901246259685716
698,11304790,poincare,arb,1,6919381693317100135,29700014171728201205646
699,11304790,control,arb,1,6916862793137656594,29689204016060330429105
700,11304790,poincare,noise,0,834357471391031647864,195826240671744104
701,11304790,control,noise,0,834357471391031647864,195826225073196072
702,11304791,poincare,arb,0,7070776388660185595145,1656169244719189986
703,11304791,control,arb,0,7067839263924469090452,1655481157896339961
704,11304791,poincare,noise,0,12468369179682297195222,2905849503932850625
705,11304791,control,noise,0,12468369179682297195222,2905846062262483425
706,11304792,poincare,arb,0,19771119927714022054341,4570036663420273859
707,11304792,control,arb,0,19759141458708870629265,4567262465828326093
708,11304792,poincare,noise,0,1590634324635129260065,365674099710757697
709,11304792,control,noise,0,1590634324635129260065,365674044758323043
710,11304793,poincare,arb,0,2517863261678449948980,578232510422900475
711,11304793,control,arb,0,2516336763822623002134,577881860187806284
712,11304793,poincare,noise,1,963367898667261012,4193115588815501149875
713,11304793,control,noise,1,963367898667261012,4193113928777268826216
714,11304794,poincare,arb,1,3308186140662329069,14331318973614257149541
715,11304794,control,arb,1,3306599059753773347,14324437945018533606841
716,11304794,poincare,noise,0,6393931928751854328657,1478935576638916304
717,11304794,control,noise,0,6393931928751854328657,1478934681064046821
718,11304795,poincare,arb,1,11689935547750289910,49977318160481553336973
719,11304795,control,arb,1,11686140790980594634,49961124906321190502112
720,11304795,poincare,noise,0,1191629476578119577628,282236330080143033
721,11304795,control,noise,0,1191629476578119577628,282236297827039486
722,11304796,poincare,arb,0,5870309328504107664302,1387847745514298683
723,11304796,control,arb,0,5867685489931133911188,1387227263891736767
724,11304796,poincare,noise,0,2978847770703023349826,702649424571325499
725,11304796,control,noise,0,2978847770703023349826,702649224302276797
726,11304797,poincare,arb,0,30959171585598368688633,7239341798838628057
727,11304797,control,arb,0,30946562033641714971226,7236391180147987488
728,11304797,poincare,noise,0,1511997126807188628028,350627173638183023
729,11304797,control,noise,0,1511997126807188628028,350627123333515533
730,11304798,poincare,arb,1,13095258582546700450,55688882125985680531094
731,11304798,control,arb,1,13090523309180490499,55668752894545427010342
732,11304798,poincare,noise,0,2031739129282966286094,484399532652132963
733,11304798,control,noise,0,2031739129282966286094,484399437968791580
734,11304799,poincare,arb,1,6052795314993519468,25234962115897110510830
735,11304799,control,arb,1,6050726302404407368,25226341039848451586593
736,11304799,poincare,noise,0,8884054939925912121583,2139964166160422637
737,11304799,control,noise,0,8884054939925912121583,2139962329362839631
738,11304800,poincare,arb,1,9693866926183273473,39918657116231668572831
739,11304800,control,arb,1,9691058463332236573,39907126318736158693020
740,11304800,poincare,noise,1,2413198346267101044,9808928454625996941890
741,11304800,control,noise,1,2413198346267101044,9808919061360561242103
742,11304801,poincare,arb,0,40514548091192028035523,9887666560340834260
743,11304801,control,arb,0,40503130132738870614733,9884889447914082704
744,11304801,poincare,noise,1,78428454581692350,324760432511179679893
745,11304801,control,noise,1,78428454581692350,324760422296812941902
746,11304802,poincare,arb,0,20793082048587697629136,4994814478090187324
747,11304802,control,arb,0,20785477105328365390975,4992987812121512107
748,11304802,poincare,noise,0,12070911847813165438010,2874995611608861403
749,11304802,control,noise,0,12070911847813165438010,2874992278915441753
750,11304803,poincare,arb,1,1791100702899424505,7528940087815298862170
751,11304803,control,arb,1,1791500087554458085,7530627641478701235195
752,11304803,poincare,noise,1,1444203920229004320,6049452309637437094496
753,11304803,control,noise,1,1444203920229004320,6049448788393568560487
754,11304804,poincare,arb,0,33555630816930123866768,7954197437854721565
755,11304804,control,arb,0,33545407471618876466376,7951778672615767255
756,11304804,poincare,noise,1,2872818112215140426,12186438207365045916741
757,11304804,control,noise,1,2872818112215140426,12186424018886932320763
758,11304805,poincare,arb,0,54052812872814774155170,12606686114686539877
759,11304805,control,arb,0,54037243379796394301371,12603069530199750057
760,11304805,poincare,noise,1,2343636763352188566,10162371658084791075754
761,11304805,control,noise,1,2343636763352188566,10162361896422692660313
762,11304806,poincare,arb,0,5324806318760701401712,1229514499631185105
763,11304806,control,arb,0,5326593937518759659378,1229928447847283526
764,11304806,poincare,noise,0,12427825606376909431212,2856693623965834670
765,11304806,control,noise,0,12427825606376909431212,2856690274659640901
766,11304807,poincare,arb,1,7186253461529903150,31114491232378290910917
767,11304807,control,arb,1,7184641479464441750,31107548267362156895715
768,11304807,poincare,noise,1,2789874629245470446,11947360007149613414131
769,11304807,control,noise,1,2789874629245470446,11947346433914560932949
770,11304808,poincare,arb,0,19115747566101702832678,4455621388930522498
771,11304808,control,arb,0,19113070603632851309749,4455002486569357561
772,11304808,poincare,noise,0,8709548783225222982308,2015684451097695810
773,11304808,control,noise,0,8709548783225222982308,2015682788461633423
774,11304809,poincare,arb,1,5424546780674660556,23351225617153670246698
775,11304809,control,arb,1,5423278567206429487,23345785553523802761099
776,11304809,poincare,noise,1,1823248378985500782,7786327137437523141781
777,11304809,control,noise,1,1823248378985500782,7786321361319233742380
778,11304810,poincare,arb,1,2066344718686461532,8787001069813186567391
779,11304810,control,arb,1,2064899554024952500,8780849084014671593148
780,11304810,poincare,noise,0,4137885830391787237901,974225499268606439
781,11304810,control,noise,0,4137885830391787237901,974225113971735985
782,11304811,poincare,arb,1,3108322806184419121,13171463236856260796544
783,11304811,control,arb,1,3107529504524646269,13168106842882134638295
784,11304811,poincare,noise,0,6730833093729789237369,1591038851798981938
785,11304811,control,noise,0,6730833093729789237369,1591037826555879917
786,11304812,poincare,arb,1,1399868081731484390,5923325866780924840877
787,11304812,control,arb,1,1399938085316919826,5923625893256444381154
788,11304812,poincare,noise,1,1869683820435888734,7883144644029849614769
789,11304812,control,noise,1,1869683820435888734,7883138685497518869881
790,11304813,poincare,arb,0,32354319472234546813074,7625493482972843539
791,11304813,control,arb,0,32345221334597800822075,7623354932097779188
792,11304813,poincare,noise,1,460428623421483770,1968903559535311478647
793,11304813,control,noise,1,460428623421483770,1968903190169703944983
794,11304814,poincare,arb,0,24334342218793758034638,5658152108839379894
795,11304814,control,arb,0,24326032049205383297309,5656220912924332278
796,11304814,poincare,noise,0,9566964997461804479237,2205308395932203582
797,11304814,control,noise,0,9566964997461804479237,2205306402001017335
798,11304815,poincare,arb,1,7861564367365461046,33893202952213384326913
799,11304815,control,arb,1,7859460811383669224,33884164623895517789380
800,11304815,poincare,noise,1,668007867234386756,2853043196316679856746
801,11304815,control,noise,1,668007867234386756,2853042420350885368169
802,11304816,poincare,arb,0,156062093838292739093463,35158624458814866251
803,11304816,control,arb,0,156005168777382163787807,35145809591295268199
804,11304816,poincare,noise,1,888186500821340272,4096256783291311149931
805,11304816,control,noise,1,888186500821340272,4096255244210579181341
806,11304817,poincare,arb,0,98061460803058288040327,20780669854408796281
807,11304817,control,arb,0,98026546822277129576745,20773278872048850261
808,11304817,poincare,noise,1,2455594247226380598,11834477225644648978495
809,11304817,control,noise,1,2455594247226380598,11834464670286594989418
810,11304818,poincare,arb,0,10697675566892986990823,2187017584916470394
811,11304818,control,arb,0,10698085386200641878741,2220409835656050049
812,11304818,poincare,noise,1,1112965433280703800,5369051780358467103460
813,11304818,control,noise,1,1112965433280703800,5369257315140308185115
814,11304819,poincare,arb,1,11322384897521292017,53840046438343832824311
815,11304819,control,arb,1,11334169425354677018,53897101329501985763521
816,11304819,poincare,noise,0,4968610750281801738109,1025644556576331837
817,11304819,control,noise,0,4968610750281801738109,1057365019967836871
818,11304820,control,arb,0,3272660361263318735709,695049032831775504
819,11304820,poincare,noise,0,3629856031741134964796,759309161798290295
820,11304820,control,noise,0,3629856031741134964796,769611297566645431
821,11304821,poincare,arb,1,884350284214545737,4163598674353428570304
822,11304821,control,arb,1,1600132217837598068,7539780634002522829193
823,11304821,poincare,noise,1,1047186732387824584,4919309779350443640677
824,11304821,control,noise,1,1047186732387824584,4919307318083241932214
825,11304822,poincare,arb,0,25093251053737123238418,5315450923834496925
826,11304822,control,arb,0,25084859643503461100276,5313676047523001110
827,11304822,poincare,noise,1,2664033659531726410,12614819600830268557589
828,11304822,control,noise,1,2664033659531726410,12614803495286448615754
829,11304823,poincare,arb,0,15724687694700520615017,3318273932194539115
830,11304823,control,arb,0,15723378409783514742124,3318001878846880188
831,11304823,poincare,noise,0,4814806642423043992173,1010968585168645163
832,11304823,control,noise,0,4814806642423043992173,1010968093476054315
833,11304824,poincare,arb,0,3780244618164009998541,792085775374972967
834,11304824,control,arb,0,3776670529917767282553,791336501277695162
835,11304824,poincare,noise,0,8754266945034149604449,1828741351582407650
836,11304824,control,noise,0,8754266945034149604449,1828739739344080919
837,11304825,poincare,arb,1,887316683645013785,4252263894105269613228
838,11304825,control,arb,1,887706544911426591,4254135966266451205196
839,11304825,poincare,noise,1,2684936330968812290,12813790194664290857106
840,11304825,control,noise,1,2684936330968812290,12813773642320463116860
841,11304826,poincare,arb,0,15055782555600314239,3164526830723915
842,11304826,control,arb,0,20361339974963848487,4279690521280009
843,11304826,poincare,noise,0,6950893166234916998787,1458516294931634493
844,11304826,control,noise,0,6950893166234916998787,1458515271468237166
845,11304827,poincare,arb,1,2416970248533647195,11505870901417712940806
846,11304827,control,arb,1,2416570670261642498,11503976800743774420174
847,11304827,poincare,noise,0,8009959525309196260583,1684033500643726489
848,11304827,control,noise,0,8009959525309196260583,1684032137724822698
849,11304828,poincare,arb,0,13845154685050104268869,2895439766156474905
850,11304828,control,arb,0,13836066652361140164670,2893536842401498474
851,11304828,poincare,noise,1,600912917161125706,2881043334746000663390
852,11304828,control,noise,1,600912917161125706,2881042498891247448483
853,11304829,poincare,arb,0,9514359218355286930793,1981273841343090508
854,11304829,control,arb,0,9511600044520405864868,1980699844562255192
855,11304829,poincare,noise,0,8369493923410467524474,1735348952618483116
856,11304829,control,noise,0,8369493923410467524474,1735347495339656145
857,11304830,poincare,arb,1,4708397320156090250,22630081387892686975072
858,11304830,control,arb,1,4707159577379507972,22624151394400380466588
859,11304830,poincare,noise,0,1592215223673646390480,332964578534953369
860,11304830,control,noise,0,1592215223673646390480,332964525070391128
861,11304831,poincare,arb,1,5137975718415506060,24433372225418021233322
862,11304831,control,arb,1,5135977592651263384,24423874165628097048760
863,11304831,poincare,noise,1,1096106851812683468,5175064734143731988081
864,11304831,control,noise,1,1096106851812683468,5175062017218665637236
865,11304832,poincare,arb,1,11721757659587784865,54536237007567637417747
866,11304832,control,arb,1,11716427594937420118,54511409917752455633361
867,11304832,poincare,noise,0,8574668856289508809812,1863916189748821984
868,11304832,control,noise,0,8574668856289508809812,1863914547875840017
869,11304833,poincare,arb,1,966931077984735177,4452759799331137056206
870,11304833,control,arb,1,967302430274069789,4454473816649464260856
871,11304833,poincare,noise,0,2635670476372935426804,572601238416961069
872,11304833,control,noise,0,2635670476372935426804,572601083308889431
873,11304834,poincare,arb,0,3264938761505568142458,708277028241544715
874,11304834,control,arb,0,3262485105618781457017,707744554535786659
875,11304834,poincare,noise,1,2032845775396197132,9356689344665349188064
876,11304834,control,noise,1,2032845775396197132,9356680354142358440920
877,11304835,poincare,arb,1,16951648149069344283,76373049789243060920086
878,11304835,control,arb,1,16943753809112648772,76337409701744028547716
879,11304835,poincare,noise,1,1419044930194893130,6262569988382444367815
880,11304835,control,noise,1,1419044930194893130,6262565873708498101133
881,11304836,poincare,arb,1,2938298279707658824,12711129747034606357498
882,11304836,control,arb,1,2936486361584171738,12896734021467022784427
883,11304836,poincare,noise,1,1648073856087265688,7093735619835211763890
884,11304836,control,noise,1,1648073856087265688,7201403323595065706549
885,11304837,poincare,arb,0,19017785846909268016027,4338979117816117836
886,11304837,control,arb,0,19162696192592265980113,4372211459624613063
887,11304837,poincare,noise,0,2543345862536077536831,577115022471856349
888,11304837,control,noise,0,2543345862536077536831,577114854127592813
889,11304838,poincare,arb,0,9208100206392682236007,2083241036490766370
890,11304838,control,arb,0,9202764427970217374984,2082033262393544454
891,11304838,poincare,noise,1,2325875999177594216,10156759964678404292079
892,11304838,control,noise,1,2325875999177594216,10277778488041775094679
893,11304839,poincare,arb,0,9258505164258536394007,2095684702161467605
894,11304839,control,arb,0,9319301822035588716963,2109480889809386454
895,11304839,poincare,noise,0,3090883908096348759993,697453773261885583
896,11304839,control,noise,0,3090883908096348759993,697453518427781532
897,11304840,poincare,arb,0,37864932995982338473229,8456905178563770333
898,11304840,control,arb,0,37845711257215306076167,8452609030355450548
899,11304840,poincare,noise,0,12451882444919554855868,2746264718073293332
900,11304840,control,noise,0,12451882444919554855868,2746260726266796817
901,11304841,poincare,arb,0,22157189793922070472256,4844956273742712055
902,11304841,control,arb,0,22140946764339669040497,4841397487954776841
903,11304841,poincare,noise,1,1683212300473998118,7725366682130048133838
904,11304841,control,noise,1,1683212300473998118,7725359753540901792863
905,11304842,poincare,arb,0,9268692794047100579702,2018703779472153569
906,11304842,control,arb,0,9267961538278128040341,2018546323705052860
907,11304842,poincare,noise,0,3654964771408695583844,793504087122468898
908,11304842,control,noise,0,3654964771408695583844,793503750857709008
909,11304843,poincare,arb,1,600603174712616769,2767049608997825455249
910,11304843,control,arb,1,600693372375063080,2767466333033366526399
911,11304843,poincare,noise,1,1134278412899319480,5215453873621146027824
912,11304843,control,noise,1,1134278412899319480,5215450717672203254197
913,11304844,poincare,arb,1,1018683347459333658,4672499371147339085919
914,11304844,control,arb,1,1017672900796044103,4667861827225572106349
915,11304844,poincare,noise,0,3086878724683080606464,673255534513095417
916,11304844,control,noise,0,3086878724683080606464,673255292980465379
917,11304845,poincare,arb,0,8967297515587453337001,1949966482563806016
918,11304845,control,arb,0,8961640145175701776110,1948735570815858747
919,11304845,poincare,noise,0,12346834577247632793881,2670767612976008931
920,11304845,control,noise,0,12346834577247632793881,2670763800716281208
921,11304846,poincare,arb,0,9514155865971805980608,2046974077344209957
922,11304846,control,arb,0,9503895876567314123366,2044763718206647295
923,11304846,poincare,noise,0,1479824344036371041115,317525247557489491
924,11304846,control,noise,0,1479824344036371041115,317525193381638466
925,11304847,poincare,arb,1,9076524717389585048,41881283834899712618581
926,11304847,control,arb,1,9072413813708180127,41862322271955942393366
927,11304847,poincare,noise,1,1160121925427095050,5291078407645126255278
928,11304847,control,noise,1,1160121925427095050,5291075146314246693400
929,11304848,poincare,arb,1,4657138701257754024,21101176283086996462590
930,11304848,control,arb,1,4654408494108724024,21088792902824903254474
931,11304848,poincare,noise,1,67228676483757478,302988818140345311344
932,11304848,control,noise,1,67228676483757478,302988807375371149412
933,11304849,poincare,arb,0,15961793569666016301967,3527886736280742040
934,11304849,control,arb,0,15954444433011483402073,3526262550262349662
935,11304849,poincare,noise,1,1274637620092592078,5781713746446556883542
936,11304849,control,noise,1,1274637620092592078,5781709841836515799013
937,11304850,poincare,arb,0,30335028766340439365209,6647065922244994914
938,11304850,control,arb,0,30323501287233461510078,6644544487655851101
939,11304850,poincare,noise,1,2613495623827250856,11981670014867081940276
940,11304850,control,noise,1,2613495623827250856,11981653347986573627887
941,11304851,poincare,arb,0,10926033063902846294940,2383857561514036315
942,11304851,control,arb,0,10926511837700564092540,2383965337238668791
943,11304851,poincare,noise,1,2131165321743679500,9770656921173305541286
944,11304851,control,noise,1,2131165321743679500,9770645835026603130763
945,11304852,poincare,arb,1,6678335864664971646,30314327999250896654928
946,11304852,control,arb,1,6674201313256325576,30295526053040671655612
947,11304852,poincare,noise,0,1487858115306831498787,330138876122167670
948,11304852,control,noise,0,1487858115306831498787,330138818530818421
949,11304853,poincare,arb,1,6875443577568380509,30759439738997055230407
950,11304853,control,arb,1,6872371620876190746,30745701746745888425237
951,11304853,poincare,noise,1,2945973201686426816,13035600884026792379176
952,11304853,control,noise,1,2945973201686426816,13035580806550907181415
953,11304854,poincare,arb,0,45331797129424957751853,10162148223341840112
954,11304854,control,arb,0,45316619521363080674767,10158761465570940146
955,11304854,poincare,noise,1,575210502959828478,2593612138353314822588
956,11304854,control,noise,1,575210502959828478,2593611349960873926683
957,11304855,poincare,arb,1,1498451941457022412,6740746594445709888724
958,11304855,control,arb,1,1497478712235616818,6736366500739281887309
959,11304855,poincare,noise,0,1438041512422122198443,320097156715222745
960,11304855,control,noise,0,1438041512422122198443,320097102659396704
961,11304856,poincare,arb,1,11278627251981603759,50053125503697414104877
962,11304856,control,arb,1,11273484045653776628,50030309051353020239162
963,11304856,poincare,noise,0,7550141018004029353045,1719575740562048470
964,11304856,control,noise,0,7550141018004029353045,1719574199548242346
965,11304857,poincare,arb,1,5295490015979966563,23158991656850196560685
966,11304857,control,arb,1,5293810195902251937,23151665975857525435278
967,11304857,poincare,noise,1,1280359080764328236,5558800179938799721131
968,11304857,control,noise,1,1280359080764328236,5558796490652904815400
969,11304858,poincare,arb,1,1898723091776971020,8214615730664116380427
970,11304858,control,arb,1,1897231057393121797,8208155161083356106113
971,11304858,poincare,noise,0,3697699536429470562327,855668986483613613
972,11304858,control,noise,0,3697699536429470562327,855668607751812992
973,11304859,poincare,arb,0,7247952789668299728766,1672546695931618500
974,11304859,control,arb,0,7242815681302477849158,1671360510578812607
975,11304859,poincare,noise,0,13064635071384093494580,2999280733564609169
976,11304859,control,noise,0,13064635071384093494580,2999276067344524564
977,11304860,poincare,arb,1,964923505641162093,4212599557725976556048
978,11304860,control,arb,1,965873621577799026,4216754071713538717744
979,11304860,poincare,noise,1,2851855252205433830,12397992645593599543414
980,11304860,control,noise,1,2851855252205433830,12397974321696916381174
981,11304861,poincare,arb,0,8806232229702630958247,2027507398737911098
982,11304861,control,arb,0,8807899621917769467690,2027894288813370406
983,11304861,poincare,noise,0,12853732716015060701584,2943149937041071058
984,11304861,control,noise,0,12853732716015060701584,2943145437826690539
985,11304862,poincare,arb,0,9735669335183266696990,2216476232079869849
986,11304862,control,arb,0,9725067481333090939152,2214059170845568168
987,11304862,poincare,noise,0,860982573801685447326,195491346424995209
988,11304862,control,noise,0,860982573801685447326,195491326460723759
989,11304863,poincare,arb,1,1245544114286234598,5479221754672524442936
990,11304863,control,arb,1,1245051274460923628,5477054282654904091793
991,11304863,poincare,noise,1,403015621218149516,1769642999429127639520
992,11304863,control,noise,1,403015621218149516,1769642627462162716499
993,11304864,poincare,arb,1,1236137691086711284,5418015981298092747843
994,11304864,control,arb,1,1235368389455100998,5414642978889504832866
995,11304864,poincare,noise,1,2532712409470045618,11054651151816971686185
996,11304864,control,noise,1,2532712409470045618,11054636610189988639183
997,11304865,poincare,arb,0,1288015755764437619809,295827302466820796
998,11304865,control,arb,0,1292584976064495467887,296877136762139157
999,11304865,poincare,noise,0,8807266548242669911948,2017648196351483928
1000,11304865,control,noise,0,8807266548242669911948,2017646081327893450
1001,11304866,poincare,arb,0,48719006404192935295,11135935866289876
1002,11304866,control,arb,0,44562638549176913431,10185884346712051
1003,11304866,poincare,noise,0,3263547382133885786113,745338816645076146
1004,11304866,control,noise,0,3263547382133885786113,745338527371943238
1005,11304867,poincare,arb,0,47720386596254838823468,10759477332651873926
1006,11304867,control,arb,0,47696458374714454436859,10754078081949953900
1007,11304867,poincare,noise,1,2477791224985138116,11091438370503677635183
1008,11304867,control,noise,1,2477791224985138116,11091423915363643994419
1009,11304868,poincare,arb,1,1211012963593843228,5398537345523538019910
1010,11304868,control,arb,1,1209281702057987041,5390812582416978290294
1011,11304868,poincare,noise,1,779841507385938764,3468695788381339463858
1012,11304868,control,noise,1,779841507385938764,3468694368751175062721
1013,11304869,poincare,arb,0,14974711222236343792516,3356949005005994730
1014,11304869,control,arb,0,14969309699772508936035,3355739494591153511
1015,11304869,poincare,noise,1,2296418104904544520,10256041485625814320625
1016,11304869,control,noise,1,2296418104904544520,10256029110542309411738
1017,11304870,poincare,arb,0,13806469907077938837149,3088642709102206326
1018,11304870,control,arb,0,13804791214172278521784,3088270895388360306
1019,11304870,poincare,noise,1,2780124352137471380,12431661054082335607462
1020,11304870,control,noise,1,2780124352137471380,12431642888026708607839
1021,11304871,poincare,arb,1,138755435812003065,618434666187602497185
1022,11304871,control,arb,1,137385521865279950,612328048274024499463
1023,11304871,poincare,noise,0,1936364088392316518165,434309662726646553
1024,11304871,control,noise,0,1936364088392316518165,434309563597966020
1025,11304872,poincare,arb,1,6866835053856283497,30396854966851381512264
1026,11304872,control,arb,1,6863815986189625069,30383497642734797519321
1027,11304872,poincare,noise,0,11557546026567984312120,2623326685681166003
1028,11304872,control,noise,0,11557546026567984312120,2623323094898593450
1029,11304873,poincare,arb,1,1362016303771893123,6009034501118978921214
1030,11304873,control,arb,1,1362604682103793085,6011638576611791959764
1031,11304873,poincare,noise,1,1030732312356588066,4535359363187478718294
1032,11304873,control,noise,1,1030732312356588066,4535356923390988593770
1033,11304874,poincare,arb,0,30921425678405188566855,6980854207912313532
1034,11304874,control,arb,0,30909039501397728576127,6978061645161673298
1035,11304874,poincare,noise,0,13479872629095142117012,3009437374070219379
1036,11304874,control,noise,0,13479872629095142117012,3009432610318193544
1037,11304875,poincare,arb,1,10128698204632004916,45009514575920671693157
1038,11304875,control,arb,1,10125352167716757260,44994716811238322224159
1039,11304875,poincare,noise,0,9983690097760742837394,2266529708268120588
1040,11304875,control,noise,0,9983690097760742837394,2266527027546287886
1041,11304876,poincare,arb,1,5471186883740744760,24014151360787524419752
1042,11304876,control,arb,1,5469680165553144986,24007566463169427817823
1043,11304876,poincare,noise,1,200587637121238220,874891291332381338013
1044,11304876,control,noise,1,200587637121238220,874891200100379805163
1045,11304877,poincare,arb,0,3686782973405279530710,844671356970889073
1046,11304877,control,arb,0,3685463180811183716134,844369070020147882
1047,11304877,poincare,noise,1,935324223685624864,4082050765162258563963
1048,11304877,control,noise,1,935324223685624864,4082048780503806624834
1049,11304878,poincare,arb,1,4653708201179502065,20185233088234147120014
1050,11304878,control,arb,1,4651085108067164894,20173845741020452823020
1051,11304878,poincare,noise,0,1651509239958753129718,382556022836021467
1052,11304878,control,noise,0,1651509239958753129718,382555947152082145
1053,11304879,poincare,arb,0,21893810880631162771575,5041193175475539036
1054,11304879,control,arb,0,21882760387032070146959,5038647730202784565
1055,11304879,poincare,noise,0,11115516119527871675193,2538046435487515545
1056,11304879,control,noise,0,11115516119527871675193,2538043084179544184
1057,11304880,poincare,arb,1,1425173147028044812,6249331131713394803979
1058,11304880,control,arb,1,1425692099052019588,6251614971804947450456
1059,11304880,poincare,noise,0,5918356001587763190442,1349806594698294862
1060,11304880,control,noise,0,5918356001587763190442,1349805645636679466
1061,11304881,poincare,arb,1,4360629581380233412,19055948849420631804548
1062,11304881,control,arb,1,4359215566793412657,19049783000541579707046
1063,11304881,poincare,noise,0,2769706473568357472891,636422641491253441
1064,11304881,control,noise,0,2769706473568357472891,636422431212901259
1065,11304882,poincare,arb,1,6109491523016557045,26428531712011134421043
1066,11304882,control,arb,1,6106922644640556034,26417427947206898978903
1067,11304882,poincare,noise,0,2541084730509650506145,591010044132985294
1068,11304882,control,noise,0,2541084730509650506145,591009863883969991
1069,11304883,poincare,arb,1,2915544991971197105,12503625541517521204297
1070,11304883,control,arb,1,2914453840844300627,12498949835564113115588
1071,11304883,poincare,noise,0,2341506028924145518645,547404841787245051
1072,11304883,control,noise,0,2341506028924145518645,547404687548890733
1073,11304884,poincare,arb,0,21449932041447860076011,4984226464427130922
1074,11304884,control,arb,0,21438766037640591921710,4981630465543387411
1075,11304884,poincare,noise,1,2842119740730931764,12260047390928425369050
1076,11304884,control,noise,1,2842119740730931764,12260029402574280989000
1077,11304885,poincare,arb,0,15966704550667319117898,3697902128117756426
1078,11304885,control,arb,0,15964946921866243356614,3697500484914538114
1079,11304885,poincare,noise,0,8873249924223529868507,2042082993116222321
1080,11304885,control,noise,0,8873249924223529868507,2042080831527030710
1081,11304886,poincare,arb,1,4628322105498708559,20053710136835699351859
1082,11304886,control,arb,1,4627106147766133292,20048462826398567567368
1083,11304886,poincare,noise,1,122756669477039012,529101815248237976922
1084,11304886,control,noise,1,122756669477039012,529101781681100029354
1085,11304887,poincare,arb,0,28644064963493071767949,6598323903682612851
1086,11304887,control,arb,0,28630869771876809769247,6595284734373994856
1087,11304887,poincare,noise,0,1482559677240702543259,338908453260333561
1088,11304887,control,noise,0,1482559677240702543259,338908393465967516
1089,11304888,poincare,arb,0,47113108608303249192995,10638826750904781991
1090,11304888,control,arb,0,47090301268306056685205,10633674644919075345
1091,11304888,poincare,noise,0,9237621519665946808437,2056617315396994894
1092,11304888,control,noise,0,9237621519665946808437,2056615086344551724
1093,11304889,poincare,arb,1,2440591568628423865,10957580270969997989836
1094,11304889,control,arb,1,2440409129453297345,10956773045029783742770
1095,11304889,poincare,noise,0,2100628310365584842907,468912578859387019
1096,11304889,control,noise,0,2100628310365584842907,468912463032251084
1097,11304890,poincare,arb,1,2955824749961415390,13204623187765362708202
1098,11304890,control,arb,1,2954657454971391948,13199411764701729743462
1099,11304890,poincare,noise,0,6003672006560666758059,1346336175632447545
1100,11304890,control,noise,0,6003672006560666758059,1346335223442960265
1101,11304891,poincare,arb,1,6628348597305631697,29383935713159511203834
1102,11304891,control,arb,1,6625868645291249920,29372962685266425370958
1103,11304891,poincare,noise,0,5932058521557484278988,1346057473937948249
1104,11304891,control,noise,0,5932058521557484278988,1346056527734027873
1105,11304892,poincare,arb,1,4188426598042288662,18400176487720873325844
1106,11304892,control,arb,1,4187091646539170572,18394324842592577305649
1107,11304892,poincare,noise,0,786532739317458108876,179837610306420552
1108,11304892,control,noise,0,786532739317458108876,179837593470064448
1109,11304893,poincare,arb,0,15280968806830118950606,3479757277627027057
1110,11304893,control,arb,0,15273427867820593770576,3478039741689529967
1111,11304893,poincare,noise,1,1678485286188637048,7385634596964187072107
1112,11304893,control,noise,1,1678485286188637048,7385628129306685603463
1113,11304894,poincare,arb,1,8934779807641643204,38855559775889344651878
1114,11304894,control,arb,1,8929798698130956022,38833863925641863934764
1115,11304894,poincare,noise,0,7523965518806164912480,1743948484600976931
1116,11304894,control,noise,0,7523965518806164912480,1743946913447166256
1117,11304895,poincare,arb,1,4825507408601628076,20748476933664755801339
1118,11304895,control,arb,1,4824059573519763286,20742270291410899674979
1119,11304895,poincare,noise,1,942576078814821808,4027235675259659475168
1120,11304895,control,noise,1,942576078814821808,4027233722914898030833
1121,11304896,poincare,arb,0,13964594403504533245647,3260113269323968370
1122,11304896,control,arb,0,13959928563879584509061,3259025582694174577
1123,11304896,poincare,noise,1,317972242350750478,1366427815595269879102
1124,11304896,control,noise,1,317972242350750478,1366427591408002740226
1125,11304897,poincare,arb,0,15300815850245407095871,3547908088705529249
1126,11304897,control,arb,0,15294275818359814372194,3546392187234968607
1127,11304897,poincare,noise,1,2098562220999010062,9064760161212315123719
1128,11304897,control,noise,1,2098562220999010062,9064750330045902980170
1129,11304898,poincare,arb,0,48977255146790695337475,11224461362095351812
1130,11304898,control,arb,0,48958513237737762617964,11220178316057831071
1131,11304898,poincare,noise,0,7897114802892868819066,1783924732677868823
1132,11304898,control,noise,0,7897114802892868819066,1783923067430550158
1133,11304899,poincare,arb,1,1785955820276542373,7906088168214661562877
1134,11304899,control,arb,1,1785953201781597709,7906083956757117430947
1135,11304899,poincare,noise,1,2601940601959908498,11462137701225208734240
1136,11304899,control,noise,1,2601940601959908498,11462122140492093810674
1137,11304900,poincare,arb,1,11333562811281089443,49163411643732909542121
1138,11304900,control,arb,1,11327022480103621687,49134973896481815636880
1139,11304900,poincare,noise,1,550078840945388334,2355066640317412493663
1140,11304900,control,noise,1,550078840945388334,2355065973206007369034
1141,11304901,poincare,arb,0,24432020290833553957406,5674557526091567661
1142,11304901,control,arb,0,24421658276594438558739,5672152461364527726
1143,11304901,poincare,noise,1,855936030198045966,3704843304547726614818
1144,11304901,control,noise,1,855936030198045966,3704841662890560376288
1145,11304902,poincare,arb,1,1714977480982310672,7402126924217456794115
1146,11304902,control,arb,1,1713770877582840413,7396915746393313432105
1147,11304902,poincare,noise,1,694797786174086540,2990915934529343911921
1148,11304902,control,noise,1,694797786174086540,2990914861573972858920
1149,11304903,poincare,arb,0,8870459413306347096627,2057541305388959777
1150,11304903,control,arb,0,8867698902074280223974,2056901730795827780
1151,11304903,poincare,noise,1,1187570340749599376,5124748421203978813768
1152,11304903,control,noise,1,1187570340749599376,5124745275872185447485
1153,11304904,poincare,arb,0,1588999596795387562650,368555090030816421
1154,11304904,control,arb,0,1590655879730103893868,368939477362960300
1155,11304904,poincare,noise,1,2169079077255660030,9333336833956242707255
1156,11304904,control,noise,1,2169079077255660030,9333326391880043552875
1157,11304905,poincare,arb,0,3589454770990439516919,835418766207274067
1158,11304905,control,arb,0,3592140097400107790185,836044691217217606
1159,11304905,poincare,noise,1,727257133047641318,3125099515333143182633
1160,11304905,control,noise,1,727257133047641318,3125098342926418768103
1161,11304906,poincare,arb,1,2427552811941869659,10395388408905389972567
1162,11304906,control,arb,1,2426072169210111935,10389044028798995115920
1163,11304906,poincare,noise,0,1988413405231295085409,465339433828622998
1164,11304906,control,noise,0,1988413405231295085409,465339322422378550
1165,11304907,poincare,arb,1,1965970481172893710,8386877964690200835075
1166,11304907,control,arb,1,1965266080604372115,8383874981876792814524
1167,11304907,poincare,noise,1,228676413064180292,973197745587006555616
1168,11304907,control,noise,1,228676413064180292,973197631307009583732
1169,11304908,poincare,arb,0,9128145184196114188876,2140393685764977713
1170,11304908,control,arb,0,9124317719342425849768,2139496462054403431
1171,11304908,poincare,noise,1,2161457302574349484,9217762934987447906777
1172,11304908,control,noise,1,2161457302574349484,9217752704189329047775
1173,11304909,poincare,arb,0,19953887278217753387800,4666106186971812885
1174,11304909,control,arb,0,19948838276541757141617,4664930683460998219
1175,11304909,poincare,noise,0,8514760920758102567435,1976665175011384818
1176,11304909,control,noise,0,8514760920758102567435,1976663158385271519
1177,11304910,poincare,arb,1,2229697325098221529,9602061535369652907458
1178,11304910,control,arb,1,2229576553231551781,9601551234026519014768
1179,11304910,poincare,noise,1,1655778527249406908,7100123502770838130284
1180,11304910,control,noise,1,1655778527249406908,7100117447729450959206
1181,11304911,poincare,arb,0,14314329014303076499037,3332012522137964719
1182,11304911,control,arb,0,14310937125838341144047,3331225817479194788
1183,11304911,poincare,noise,0,6778679392450192858811,1569421086968109917
1184,11304911,control,noise,0,6778679392450192858811,1569419813704987669
1185,11304912,poincare,arb,1,2844501259509814948,12268812191200010063426
1186,11304912,control,arb,1,2843901554574800485,12266235514516914142729
1187,11304912,poincare,noise,0,1641870802552188116552,381698595920231346
1188,11304912,control,noise,0,1641870802552188116552,381698520710963148
1189,11304913,poincare,arb,1,972500192262789157,4180479738722451167983
1190,11304913,control,arb,1,972222836930537710,4179288296785961328113
1191,11304913,poincare,noise,1,1536600865783136772,6587197154802108911592
1192,11304913,control,noise,1,1536600865783136772,6587191941928924877866
1193,11304914,poincare,arb,0,12149058815822087347312,2829993704159270820
1194,11304914,control,arb,0,12146443261854819260941,2829386677828416686
1195,11304914,poincare,noise,1,980889513465201466,4219480242809232883194
1196,11304914,control,noise,1,980889513465201466,4219478106931942333136
1197,11304915,poincare,arb,0,6886186782956933055423,1599720603841345210
1198,11304915,control,arb,0,6884933085266015217180,1599430168673418100
1199,11304915,poincare,noise,1,426254624602591472,1837232980161478501300
1200,11304915,control,noise,1,426254624602591472,1837232575500638510723
1201,11304916,poincare,arb,1,1640741907700913667,7055831264309620632565
1202,11304916,control,arb,1,1639771806983124222,7051657899023544088579
1203,11304916,poincare,noise,1,1030221551256875552,4417371183092481177964
1204,11304916,control,noise,1,1030221551256875552,4417368838444872796549
1205,11304917,poincare,arb,0,13301352627544160727351,3095111775624171014
1206,11304917,control,arb,0,13297180775768020203758,3094142663457067972
1207,11304917,poincare,noise,1,2284124085903265028,9824846904118603316545
1208,11304917,control,noise,1,2284124085903265028,9824835331946400029560
1209,11304918,poincare,arb,0,37136999726794826562941,8573985757345692973
1210,11304918,control,arb,0,37124169778469797311762,8571033744980455649
1211,11304918,poincare,noise,0,8942481137791566767210,2040523694100553233
1212,11304918,control,noise,0,8942481137791566767210,2040521526588715393
1213,11304919,poincare,arb,1,10294558417172900015,44706225002529646397376
1214,11304919,control,arb,1,10290682394584688128,44689440052457497004424
1215,11304919,poincare,noise,0,3031245638997737540969,705446119313200138
1216,11304919,control,noise,0,3031245638997737540969,705445862598888394
1217,11304920,poincare,arb,0,2899053955570154964053,673659627147552607
1218,11304920,control,arb,0,2896270695993523982447,673012630006504385
1219,11304920,poincare,noise,1,2137678336633173130,9184587250852301847513
1220,11304920,control,noise,1,2137678336633173130,9184577131277022160407
1221,11304921,poincare,arb,0,9493589535398327084476,2209423040104255317
1222,11304921,control,arb,0,9493434392194148216806,2209389368258537548
1223,11304921,poincare,noise,0,390027929215659068091,90541212863472167
1224,11304921,control,noise,0,390027929215659068091,90541208627940663
1225,11304922,poincare,arb,0,24689602810308976078882,5694965392092277261
1226,11304922,control,arb,0,24677832220759319958502,5692250092251324210
1227,11304922,poincare,noise,0,2316104615485822977911,530578394102176800
1228,11304922,control,noise,0,2316104615485822977911,530578247720088756
1229,11304923,poincare,arb,1,2027689335465195315,8836709975018680943752
1230,11304923,control,arb,1,2026986552007461978,8833649668026943954141
1231,11304923,poincare,noise,0,12889901198643609723037,2954704628432754765
1232,11304923,control,noise,0,12889901198643609723037,2954700096358801850
1233,11304924,poincare,arb,1,9552708396731814194,41371906424177542836915
1234,11304924,control,arb,1,9549607232374462492,41358539002761222769959
1235,11304924,poincare,noise,0,5870906940901911710239,1367890007873439905
1236,11304924,control,noise,0,5870906940901911710239,1367889043567028792
1237,11304925,poincare,arb,1,352292184087852013,1513705541484153444832
1238,11304925,control,arb,1,352767868949662693,1515750500988956176169
1239,11304925,poincare,noise,1,2696023344386186904,11545407156998993459880
1240,11304925,control,noise,1,2696023344386186904,11545391145019054251227
1241,11304926,poincare,arb,0,18637662526319450905618,4344287647529009991
1242,11304926,control,arb,0,18634317915613293043707,4343514069848256153
1243,11304926,poincare,noise,0,7164075426523946855942,1658905248323813017
1244,11304926,control,noise,0,7164075426523946855942,1658903825905173433
1245,11304927,poincare,arb,1,549276465953014176,2374982208377855845977
1246,11304927,control,arb,1,549795824126617831,2377229867092264326397
1247,11304927,poincare,noise,0,5798185701286235524751,1339812319861481609
1248,11304927,control,noise,0,5798185701286235524751,1339811390888511470
1249,11304928,poincare,arb,1,418395656399882285,1812494017859440071481
1250,11304928,control,arb,1,418827174677131337,1814364617206150551917
1251,11304928,poincare,noise,0,11636707172577949138026,2679510427319959430
1252,11304928,control,noise,0,11636707172577949138026,2679506707970322880
1253,11304929,poincare,arb,1,2499538637098237149,10857272760827650290108
1254,11304929,control,arb,1,2499619383668183625,10857638571737582539924
1255,11304929,poincare,noise,1,105814333176068468,458305608157295653853
1256,11304929,control,noise,1,105814333176068468,458305583033116228022
1257,11304930,poincare,arb,0,34129835036199138200458,7812935128535301048
1258,11304930,control,arb,0,34114031997205937191526,7809317955841094457
1259,11304930,poincare,noise,0,10188423257783905981737,2306273706317409305
1260,11304930,control,noise,0,10188423257783905981737,2306270926774286039
1261,11304931,poincare,arb,1,10802088020964734803,47273389341441719121947
1262,11304931,control,arb,1,10798097912252916523,47255984303912768323930
1263,11304931,poincare,noise,1,329376241150833106,1423771710704192941280
1264,11304931,control,noise,1,329376241150833106,1423771468020824001540
1265,11304932,poincare,arb,0,13531909960689504506116,3120846066461459372
1266,11304932,control,arb,0,13526227021676541599949,3119535949662084022
1267,11304932,poincare,noise,0,5805123984779156015160,1332257146097708407
1268,11304932,control,noise,0,5805123984779156015160,1332256224418862316
1269,11304933,poincare,arb,0,18920109698936736545790,4314985758505025432
1270,11304933,control,arb,0,18908505438083258445233,4312336267224938679
1271,11304933,poincare,noise,0,9027763175920616009063,2044401395595988749
1272,11304933,control,noise,0,9027763175920616009063,2044399211576451015
1273,11304934,poincare,arb,0,7113754202192825152979,1604418849177752994
1274,11304934,control,arb,0,7106178525431883498964,1602708537272300026
1275,11304934,poincare,noise,1,2336031635668290256,10349170934395895539082
1276,11304934,control,noise,1,2336031635668290256,10349158282857269447325
1277,11304935,poincare,arb,0,5871998270460470791324,1326931494368162427
1278,11304935,control,arb,0,5874086884379755632554,1327405093987754312
1279,11304935,poincare,noise,0,5839969421045861454019,1315806815448789513
1280,11304935,control,noise,0,5839969421045861454019,1315805908074861074
1281,11304936,poincare,arb,1,3099127585867655214,13727590511333402043271
1282,11304936,control,arb,1,3098289714941831399,13723888624677205388884
1283,11304936,poincare,noise,0,5530504861591800748099,1251140542220232983
1284,11304936,control,noise,0,5530504861591800748099,1251139723471460612
1285,11304937,poincare,arb,1,88088324970581286,389888164267750928299
1286,11304937,control,arb,1,88633359963287192,392300803026460859892
1287,11304937,poincare,noise,0,3380204933248512617699,763122377592529561
1288,11304937,control,noise,0,3380204933248512617699,763122072599457591
1289,11304938,poincare,arb,0,12430503546662192541044,2795199402914507142
1290,11304938,control,arb,0,12423083127998970079840,2793529685505776247
1291,11304938,poincare,noise,1,1254981730210181604,5590629242868466668528
1292,11304938,control,noise,1,1254981730210181604,5590625558892778931810
1293,11304939,poincare,arb,0,26427898768673423917384,5901652379513193831
1294,11304939,control,arb,0,26418115556862133901571,5899471563792522797
1295,11304939,poincare,noise,0,3547251898754946514164,786217774818868703
1296,11304939,control,noise,0,3547251898754946514164,786217448095565117
1297,11304940,poincare,arb,0,5326462804754696904596,1177954265042036146
1298,11304940,control,arb,0,5322298116101958780172,1177032749529055207
1299,11304940,poincare,noise,1,1509177414540171444,6821638905903817599993
1300,11304940,control,noise,1,1509177414540171444,6821633461557464660153
1301,11304941,poincare,arb,0,4498623573218997356071,995824194989487673
1302,11304941,control,arb,0,4499708386551578214314,996065126369382468
1303,11304941,poincare,noise,1,1966145581340267168,8872342579270675621811
1304,11304941,control,noise,1,1966145581340267168,8872333364251537415305
1305,11304942,poincare,arb,0,18311197083234951934470,4048305941399509385
1306,11304942,control,arb,0,18306757943256432435610,4047328723862721757
1307,11304942,poincare,noise,1,1048164342226751714,4757087239444664035437
1308,11304942,control,noise,1,1048164342226751714,4757084596541212882519
1309,11304943,poincare,arb,0,56976376531674370116082,12393064239229637267
1310,11304943,control,arb,0,56951865879573442282510,12387739752535377109
1311,11304943,poincare,noise,0,252263636546017994481,54099477852201688
1312,11304943,control,noise,0,252263636546017994481,54099476278886517
1313,11304944,poincare,arb,0,22803407448712270791031,4862801795070474272
1314,11304944,control,arb,0,22792586761439999027738,4860494153945982661
1315,11304944,poincare,noise,1,478804219725242470,2256609982797865966884
1316,11304944,control,noise,1,478804219725242470,2256609399008454002820
1317,11304945,poincare,arb,0,21216814550982448817870,4480603889798434851
1318,11304945,control,arb,0,21207915399743321456074,4479131000991800994
1319,11304945,poincare,noise,1,1491629349505500214,7086985411803899559476
1320,11304945,control,noise,1,1491629349505500214,7086982998339000083974
1321,11304946,poincare,arb,1,2608010235317324007,12332621441002747912842
1322,11304946,control,arb,1,2606287831296443974,12324469540530208788382
1323,11304946,poincare,noise,0,12986475100325805791261,2741887651712621518
1324,11304946,control,noise,0,12986475100325805791261,2745841142050833223
1325,11304947,poincare,arb,1,1992184949479872527,9430177613978646614353
1326,11304947,control,arb,1,1994508065060616542,9441209875108910806224
1327,11304947,poincare,noise,1,1473519076263472832,6947223137488221309760
1328,11304947,control,noise,1,1473519076263472832,6947217578924640454405
1329,11304948,poincare,arb,1,4604627101529919354,21558527483804774749230
1330,11304948,control,arb,1,4601759145492037389,21545082684772912829774
1331,11304948,poincare,noise,0,6362795326019235871101,1364077712066840392
1332,11304948,control,noise,0,6362795326019235871101,1364076707035336076
1333,11304949,poincare,arb,1,2926783713314618854,13627733611698047551192
1334,11304949,control,arb,1,2926045349887871071,13624305671169506903935
1335,11304949,poincare,noise,1,2346929946641448230,10862164162239570706666
1336,11304949,control,noise,1,2346929946641448230,10862150454075418713417
1337,11304950,poincare,arb,0,23481116298431436801487,5057731748606576440
1338,11304950,control,arb,0,23475148373486030360654,5056452664463478446
1339,11304950,poincare,noise,1,687334051915105880,3206994688990496689553
1340,11304950,control,noise,1,687334051915105880,3206993497757463781474
1341,11304951,poincare,arb,0,2011031090934781878884,431137560894135174
1342,11304951,control,arb,0,2011594211734036446230,431258446481913932
1343,11304951,poincare,noise,0,9988234617950896348605,2135050196198618969
1344,11304951,control,noise,0,9988234617950896348605,2135047731516749598
1345,11304952,poincare,arb,1,3323604883562764266,15527417299574416114344
1346,11304952,control,arb,1,3323041602722107412,15524803651933835564397
1347,11304952,poincare,noise,1,1316456381186414032,6117707869700302172557
1348,11304952,control,noise,1,1316456381186414032,6117703527640165677920
1349,11304953,poincare,arb,1,178917681088326453,830029138128714345075
1350,11304953,control,arb,1,178212093077550792,826755210183759735404
1351,11304953,poincare,noise,1,1393299091883284334,6452162794354372721001
1352,11304953,control,noise,1,1393299091883284334,6452157956295341982981
1353,11304954,poincare,arb,1,3718026052380362725,17117726208526840576540
1354,11304954,control,arb,1,3715614288105487939,17106609661298201013769
1355,11304954,poincare,noise,1,2012975926323649694,9207548036691354554311
1356,11304954,control,noise,1,2012975926323649694,9207538126644904626460
1357,11304955,poincare,arb,0,23983863725899518445382,5224293948256402534
1358,11304955,control,arb,0,23976881653197069447801,5222778696954252250
1359,11304955,poincare,noise,0,7645820109641999605428,1652481649382733526
1360,11304955,control,noise,0,7645820109641999605428,1652480180646123920
1361,11304956,poincare,arb,1,2768294922901308728,12792281517350970867003
1362,11304956,control,arb,1,2767766960835758125,12789853174129827101849
1363,11304956,poincare,noise,0,5200096244767118431510,1127427017378310419
1364,11304956,control,noise,0,5200096244767118431510,1127426334574635357
1365,11304957,poincare,arb,0,8779348303348185139296,1896890052709292799
1366,11304957,control,arb,0,8772752142080382502606,1895463720079657552
1367,11304957,poincare,noise,0,402738632777782799651,86820136419783351
1368,11304957,control,noise,0,402738632777782799651,86820132356685132
1369,11304958,poincare,arb,1,3754755630967571298,17344803047990853358274
1370,11304958,control,arb,1,3753024921942722902,17336808982940013257425
1371,11304958,poincare,noise,0,10247530387044258340349,2222239718437597094
1372,11304958,control,noise,0,10247530387044258340349,2222237067603340203
1373,11304959,poincare,arb,1,8725454386854772167,39940792868549857695559
1374,11304959,control,arb,1,8722383212620720929,39926782186850661696652
1375,11304959,poincare,noise,1,1160197821403436694,5251626459217186636299
1376,11304959,control,noise,1,1160197821403436694,5251623216875041158456
1377,11304960,poincare,arb,1,1862468843629950667,8401785464104924591903
1378,11304960,control,arb,1,1861042606935585051,8395346382748728716874
1379,11304960,poincare,noise,1,1881743757359348228,8453058485862356804632
1380,11304960,control,noise,1,1881743757359348228,8453050056824984774574
1381,11304961,poincare,arb,0,5509506740120074155155,1227379582436389060
1382,11304961,control,arb,0,5510887217626750453703,1227688342316712515
1383,11304961,poincare,noise,1,160945553058200244,723324228885595303077
1384,11304961,control,noise,1,160945553058200244,723324167121480888192
1385,11304962,poincare,arb,0,14098600568845844356514,3126596107381830198
1386,11304962,control,arb,0,14092289420869674593574,3125196773577619482
1387,11304962,poincare,noise,0,5687785317476424611305,1255148153652959747
1388,11304962,control,noise,0,5687785317476424611305,1255147314883304016
1389,11304963,poincare,arb,1,1538415328678163958,6969202388099420703879
1390,11304963,control,arb,1,1538280831095247794,6968597755088427138333
1391,11304963,poincare,noise,1,2038412459227116148,9197093772299727609245
1392,11304963,control,noise,1,2038412459227116148,9197083816881195245282
1393,11304964,poincare,arb,0,5816444908812707448882,1290224459954760537
1394,11304964,control,arb,0,5818030102973732624341,1290577490340542239
1395,11304964,poincare,noise,0,12441318991389309090662,2747243420636787609
1396,11304964,control,noise,0,12441318991389309090662,2747239406966072352
1397,11304965,poincare,arb,1,3895782818418510045,17619860584464913706136
1398,11304965,control,arb,1,3895236869689923369,17617417104299276118570
1399,11304965,poincare,noise,0,1786943583808070924999,396658685009746670
1400,11304965,control,noise,0,1786943583808070924999,396658601445523384
1401,11304966,poincare,arb,1,3721462949797071459,16702676255976702418126
1402,11304966,control,arb,1,3719894066768825700,16695638309812645318365
1403,11304966,poincare,noise,0,5082213361581589488499,1135645333639561159
1404,11304966,control,noise,0,5082213361581589488499,1135644651221979536
1405,11304967,poincare,arb,0,5418031808457567366434,1207505870388931155
1406,11304967,control,arb,0,5413077297550166417694,1206400943555485591
1407,11304967,poincare,noise,1,1346777683782195278,6041994611714430153352
1408,11304967,control,noise,1,1346777683782195278,6041990301228226784667
1409,11304968,poincare,arb,0,10573028632501184823359,2354090015290671702
1410,11304968,control,arb,0,10570886366461158036028,2353614717823536503
1411,11304968,poincare,noise,1,281058784268523482,1265275053852807626629
1412,11304968,control,noise,1,281058784268523482,1265274865034627517340
1413,11304969,poincare,arb,1,67505013040311436,303776045026991645923
1414,11304969,control,arb,1,67340544200991443,303035881533603742570
1415,11304969,poincare,noise,0,12915353334504714530746,2861027865550207730
1416,11304969,control,noise,0,12915353334504714530746,2861023519724486510
1417,11304970,poincare,arb,0,7739752502102843035303,1705715374211639250
1418,11304970,control,arb,0,7730006448986579328418,1703564915189826113
1419,11304970,poincare,noise,1,941108002389650732,4274002815450379242808
1420,11304970,control,noise,1,941108002389650732,4274000671190843525315
1421,11304971,poincare,arb,1,4288344643578485061,19360882259815983949653
1422,11304971,control,arb,1,4285877141176911208,19349732350575407120594
1423,11304971,poincare,noise,1,1521873545076023470,6826118207702739762281
1424,11304971,control,noise,1,1521873545076023470,6826112705772311553087
1425,11304972,poincare,arb,0,6225446056638002443243,1388163089857216578
1426,11304972,control,arb,0,6225723980158697403409,1388226180756341998
1427,11304972,poincare,noise,0,8663826796196747465120,1924698115734374181
1428,11304972,control,noise,0,8663826796196747465120,1924696150724378472
1429,11304973,poincare,arb,0,4126562691518865299713,913805798173740783
1430,11304973,control,arb,0,4120527582509448039243,912468423161249608
1431,11304973,poincare,noise,0,521728725249456710580,115400204870148783
1432,11304973,control,noise,0,521728725249456710580,115400197783506752
1433,11304974,poincare,arb,0,31310179770925630951928,6870900268688650451
1434,11304974,control,arb,0,31295159975169080990749,6867603809708253173
1435,11304974,poincare,noise,1,2018139140431964506,9247100311461900343635
1436,11304974,control,noise,1,2018139140431964506,9247090324747873367692
1437,11304975,poincare,arb,0,19812415225367102030877,4312699901004913653
1438,11304975,control,arb,0,19807420024771552514021,4311617219016840560
1439,11304975,poincare,noise,0,11685928982284814367868,2524039284397419711
1440,11304975,control,noise,0,11685928982284814367868,2524035858404510771
1441,11304976,poincare,arb,1,6293167994308022693,29011870421914105057392
1442,11304976,control,arb,1,6291386115621653405,29003695225577873860614
1443,11304976,poincare,noise,0,10261179959631281201857,2236141037475470159
1444,11304976,control,noise,0,10261179959631281201857,2236138359960153193
1445,11304977,poincare,arb,1,2096532522026435192,9622069634984854415396
1446,11304977,control,arb,1,2096595718393237849,9622371197379181012360
1447,11304977,poincare,noise,1,1547329007645814196,7072185989514613481857
1448,11304977,control,noise,1,1547329007645814196,7072180139227726128875
1449,11304978,poincare,arb,0,17389728693661583102973,3795010287695407014
1450,11304978,control,arb,0,17384854540107727306183,3793949725657280326
1451,11304978,poincare,noise,0,7197245319740519324847,1561148047977091380
1452,11304978,control,noise,0,7197245319740519324847,1561146739399319174
1453,11304979,poincare,arb,1,2657906187363823237,12238281806138019309353
1454,11304979,control,arb,1,2657387376568114527,12235903207367037525450
1455,11304979,poincare,noise,0,4227248289513106225804,919890510445935635
1456,11304979,control,noise,0,4227248289513106225804,919890056669049036
1457,11304980,poincare,arb,1,963040719004365098,4425323064882393398682
1458,11304980,control,arb,1,963019904923933456,4425229603861326161293
1459,11304980,poincare,noise,0,12378144070800135107603,2688451811659112869
1460,11304980,control,noise,0,12378144070800135107603,2688447935934531042
1461,11304981,poincare,arb,1,6360153269665871516,29161731596482359254040
1462,11304981,control,arb,1,6358416912020360732,29153812308302443264329
1463,11304981,poincare,noise,0,2220915405348082590423,487621124191562935
1464,11304981,control,noise,0,2220915405348082590423,487620997220024884
1465,11304982,poincare,arb,1,1526491211424875012,6944384328055006826110
1466,11304982,control,arb,1,1526000896548652938,6942155572638409861599
1467,11304982,poincare,noise,1,2568768912522208332,11632046841724592468525
1468,11304982,control,noise,1,2568768912522208332,11632030950647248620034
1469,11304983,poincare,arb,0,460283429773647053357,101930231434941181
1470,11304983,control,arb,0,465538903581891618428,103094202271271648
1471,11304983,poincare,noise,1,1653764198873878318,7454822538943246692371
1472,11304983,control,noise,1,1653764198873878318,7454815993717000530088
1473,11304984,poincare,arb,1,2182513081941835660,9795969499107364136531
1474,11304984,control,arb,1,2180702945385610371,9787836307029409005565
1475,11304984,poincare,noise,0,4937712415102668100956,1101445254354332021
1476,11304984,control,noise,0,4937712415102668100956,1101444611851488542
1477,11304985,poincare,arb,1,4453883720213225498,19891678453173253168019
1478,11304985,control,arb,1,4452301239126947643,19884622466703915542609
1479,11304985,poincare,noise,1,2134405331789582758,9462531792364371529584
1480,11304985,control,noise,1,2134405331789582758,9462521161511302543954
1481,11304986,poincare,arb,0,21964483695911862526360,4938864716025025796
1482,11304986,control,arb,0,21958574054505528802126,4937541439817323149
1483,11304986,poincare,noise,0,3486647904988987366944,778998338413114098
1484,11304986,control,noise,0,3486647904988987366944,778998017227967380
1485,11304987,poincare,arb,1,1128238946769301760,5047805690800015325177
1486,11304987,control,arb,1,1128073837393461622,5047069062925835335839
1487,11304987,poincare,noise,1,1556313227703916704,6942121384570045417935
1488,11304987,control,noise,1,1556313227703916704,6942115678402025129792
1489,11304988,poincare,arb,0,15031218742112480202988,3362937267473080628
1490,11304988,control,arb,0,15027396218294970430350,3362084817043051698
1491,11304988,poincare,noise,0,448874059185909571956,100037585874119296
1492,11304988,control,noise,0,448874059185909571956,100037580568706675
1493,11304989,poincare,arb,1,1472667312893430963,6597767521626405806116
1494,11304989,control,arb,1,1472019636143760570,6594866183682884799218
1495,11304989,poincare,noise,0,5398348530953833936179,1205310526151250002
1496,11304989,control,noise,0,5398348530953833936179,1205309757159887866
1497,11304990,poincare,arb,0,7267835284972498306978,1617581838649273773
1498,11304990,control,arb,0,7261858782057098443131,1616250633883324975
1499,11304990,poincare,noise,1,1989714817616021248,8936104179265342813609
1500,11304990,control,noise,1,1989714817616021248,8936094758886653918129
1501,11304991,poincare,arb,0,1056180407561914002775,235633356840751289
1502,11304991,control,arb,0,1059889106869400687728,236461015203879629
1503,11304991,poincare,noise,0,12568287366554245572636,2794443372121185119
1504,11304991,control,noise,0,12568287366554245572636,2794439233700712046
1505,11304992,poincare,arb,1,2801397114744088416,12599464158684664494618
1506,11304992,control,arb,1,2801389695219877810,12599449448003707385557
1507,11304992,poincare,noise,1,2604046473433790008,11641003091166377849403
1508,11304992,control,noise,1,2604046473433790008,11640987073028526911193
1509,11304993,poincare,arb,0,10683311624641780335046,2390387887567014508
1510,11304993,control,arb,0,10683747490506634379527,2390488701764873172
1511,11304993,poincare,noise,1,766444423840579220,3431692379901332762846
1512,11304993,control,noise,1,766444423840579220,3431690987538260361695
1513,11304994,poincare,arb,0,3436147290540362324869,767438540612933591
1514,11304994,control,arb,0,3436143796140337915212,767438071541753623
1515,11304994,poincare,noise,0,12890487983096084539219,2867262296938968289
1516,11304994,control,noise,0,12890487983096084539219,2867257941100598918
1517,11304995,poincare,arb,1,4640076091585089169,20819187006323327732031
1518,11304995,control,arb,1,4639235238584974735,20815445872173035116220
1519,11304995,poincare,noise,0,12462039829377203340090,2783283906852356923
1520,11304995,control,noise,0,12462039829377203340090,2783279810581411217
1521,11304996,poincare,arb,1,577351946521924401,2591473064580352390802
1522,11304996,control,arb,1,578388712990986575,2596130463517850996228
1523,11304996,poincare,noise,0,2542365867722033237247,566418356980103019
1524,11304996,control,noise,0,2542365867722033237247,566418186911852145
1525,11304997,poincare,arb,0,2797356382361233313286,622396199438993969
1526,11304997,control,arb,0,2794836849559654885996,621835430729980704
1527,11304997,poincare,noise,0,2986246066739403810410,663463132774989534
1528,11304997,control,noise,0,2986246066739403810410,663462899126859125
1529,11304998,poincare,arb,1,5635475691246071325,25224245912710734940013
1530,11304998,control,arb,1,5633129427571616530,25213752975544846390374
1531,11304998,poincare,noise,0,9162241762192365324357,2055229107807202570
1532,11304998,control,noise,0,9162241762192365324357,2055226878203373941
1533,11304999,poincare,arb,1,16345115496195622560,71720791447595484923951
1534,11304999,control,arb,1,16338370624221994223,71691273373326904965837
1535,11304999,poincare,noise,0,4879004360254708865160,1130880905466949250
1536,11304999,control,noise,0,4879004360254708865160,1130880241025448884
1537,11305000,poincare,arb,1,13172566805252560122,56013271214700632555025
1538,11305000,control,arb,1,13166884305466470224,56063452852639121410922
1539,11305000,poincare,noise,1,3039399035538494468,12697744674097328981080
1540,11305000,control,noise,1,3039399035538494468,12714333529993649497193
1541,11305001,poincare,arb,0,7514416715233486844335,1798719009509827521
1542,11305001,control,arb,0,7562216568062286045935,1810185002451028898
1543,11305001,poincare,noise,0,7619971588453116217306,1816846121964130681
1544,11305001,control,noise,0,7619971588453116217306,1816844389393296913
1545,11305002,control,arb,1,3420330470357279754,14320184172729415027639
1546,11305002,poincare,noise,1,1609139560203795310,6656806591202061205458
1547,11305002,control,noise,1,1609139560203795310,6700474879885929538791
1548,11305003,control,arb,1,2010217333492539338,8337874054832041000741
1549,11305003,poincare,noise,1,1795425097969261350,7408441795541357939154
1550,11305003,control,noise,1,1795425097969261350,7416446412950954574494
1551,11305004,poincare,arb,0,14511065605271439906516,3465463537338738448
1552,11305004,control,arb,0,37121999457614666316531,8917682534476529842
1553,11305004,poincare,noise,1,612771199540504380,2543055025024314874179
1554,11305004,control,noise,1,612771199540504380,2573829619973935904179
1555,11305005,control,arb,1,621443604952158496,2606757677553711916239
1556,11305005,poincare,noise,1,1945314811704960242,8148339029829989408316
1557,11305005,control,noise,1,1945314811704960242,8137276660678726132243
1558,11305006,poincare,arb,0,13245241307389018890944,3157971834078225389
1559,11305006,control,arb,0,15855013143205970468822,3782769785601053990
1560,11305006,poincare,noise,0,11031746618003452417195,2613768681660426435
1561,11305006,control,noise,0,11031746618003452417195,2613764874046002956
1562,11305007,poincare,arb,1,4022805028834660491,16952785168457766011203
1563,11305007,control,arb,1,4022079555725655529,16949752592880479455193
1564,11305007,poincare,noise,0,3033020000143145153006,722310350427759866
1565,11305007,control,noise,0,3033020000143145153006,722310060091188568
1566,11305008,poincare,arb,1,2012195818360553432,8437499377950113411470
1567,11305008,control,arb,1,2011534887980142242,8434731368245493485609
1568,11305008,poincare,noise,0,4082282631700861422134,974650711616265990
1569,11305008,control,noise,0,4082282631700861422134,974650183725468809
1570,11305009,poincare,arb,1,4102422784241551592,17124735901329492341086
1571,11305009,control,arb,1,4100820306774183152,17118055954067479973775
1572,11305009,poincare,noise,0,6228755475596819467316,1496389821617070989
1573,11305009,control,noise,0,6228755475596819467316,1496388581493818336
1574,11305010,poincare,arb,1,365220252512705120,1522098160568569633355
1575,11305010,control,arb,1,365798362984758497,1524508767069876168892
1576,11305010,poincare,noise,1,2669568420236305354,11089307577500098513562
1577,11305010,control,noise,1,2669568420236305354,11089291209369878178345
1578,11305011,poincare,arb,0,3466997810302301368220,836278443148511031
1579,11305011,control,arb,0,3470885357042005871257,837217398428606968
1580,11305011,poincare,noise,0,6657267986168910291506,1601583136231832593
1581,11305011,control,noise,0,6657267986168910291506,1601581716700857339
1582,11305012,poincare,arb,0,6030517702177899993996,1446026616590968266
1583,11305012,control,arb,0,6024019404847041687756,1444467143243649120
1584,11305012,poincare,noise,1,1237826502488410680,5163401748679668244685
1585,11305012,control,noise,1,1237826502488410680,5163398204699023802188
1586,11305013,poincare,arb,0,8230848892505637990305,1971619243896865517
1587,11305013,control,arb,0,8229274295539319221781,1971243417607706382
1588,11305013,poincare,noise,1,2543904288266256132,10613374534714479102388
1589,11305013,control,noise,1,2543904288266256132,10613359573021690229127
1590,11305014,poincare,arb,0,3570760868578772631110,857435686641018286
1591,11305014,control,arb,0,3574352919071801894320,858299444485114215
1592,11305014,poincare,noise,1,378282228712409952,1576159790706080413505
1593,11305014,control,noise,1,378282228712409952,1576159460132400132602
1594,11305015,poincare,arb,1,115257464215928412,479978098461992114633
1595,11305015,control,arb,1,115004688219548326,478925337843461493449
1596,11305015,poincare,noise,1,706943529526345014,2941378464539274815079
1597,11305015,control,noise,1,706943529526345014,2941377312674580333806
1598,11305016,poincare,arb,1,281399886243644335,1169569383633483461395
1599,11305016,control,arb,1,280893686853267783,1167465033239134071595
1600,11305016,poincare,noise,1,2936357946155986298,12161944799218112575044
1601,11305016,control,noise,1,2936357946155986298,12161925085466366738539
1602,11305017,poincare,arb,1,7342146219485915516,30075967433824184083048
1603,11305017,control,arb,1,7336881882758810086,30054354175592717803585
1604,11305017,poincare,noise,1,2723765773065829274,11037795776217128033120
1605,11305017,control,noise,1,2723765773065829274,11037779358020603013524
1606,11305018,poincare,arb,1,3541627236246751874,14256630108066057690666
1607,11305018,control,arb,1,3538418292805455521,14243691491850203084027
1608,11305018,poincare,noise,1,479528649769195260,1922079978967588732880
1609,11305018,control,noise,1,479528649769195260,1922079477777185077693
1610,11305019,poincare,arb,1,199969068832881333,800952060422049199595
1611,11305019,control,arb,1,199621050800454154,799557907551606013475
1612,11305019,poincare,noise,0,7639111276748423968113,1903764495985471721
1613,11305019,control,noise,0,7639111276748423968113,1903762525602273398
1614,11305020,poincare,arb,1,1703759584120875762,6838015620902890357310
1615,11305020,control,arb,1,1703860050160931495,6838425917694624822797
1616,11305020,poincare,noise,0,7884903414502755445996,1964058444882338042
1617,11305020,control,noise,0,7884903414502755445996,1964056347270079272
1618,11305021,poincare,arb,1,13026780297760113655,51690464462608952951580
1619,11305021,control,arb,1,13021112211010395670,51668028588656801580403
1620,11305021,poincare,noise,1,2724889677957550130,10634280538591187073472
1621,11305021,control,noise,1,2724889677957550130,10634265008814874741579
1622,11305022,poincare,arb,1,1810337051008808981,7000932010769018320377
1623,11305022,control,arb,1,1808014246031519096,7022624826624482747935
1624,11305022,poincare,noise,1,1035401905117032486,3992255508911658788594
1625,11305022,control,noise,1,1035401905117032486,4009741072242209886640
1626,11305023,poincare,arb,0,47590322845561273397845,12146156640522955199
1627,11305023,control,arb,0,47591784989284125903922,12146615461340690300
1628,11305023,poincare,noise,1,2742249453144535614,10796289811352554395362
1629,11305023,control,noise,1,2742249453144535614,10850900333944098151256
1630,11305024,control,arb,1,361192672541911592,1424544032318926422191
1631,11305024,poincare,noise,1,2308366630605862720,9085737149904684947333
1632,11305024,control,noise,1,2308366630605862720,9078663134632027822618
1633,11305025,poincare,arb,1,2153769365088178794,8437593745795835757125
1634,11305025,control,arb,1,1781888544016944888,6977996480595833123002
1635,11305025,poincare,noise,1,2689620581154525770,10483499990806538606703
1636,11305025,control,noise,1,2689620581154525770,10483484482194015348197
1637,11305026,poincare,arb,0,29506580866549212066276,7531714261803428361
1638,11305026,control,arb,0,29496560161664800289076,7529167560879523889
1639,11305026,poincare,noise,1,181436793591141374,716307991946769653416
1640,11305026,control,noise,1,181436793591141374,716307919910574365540
1641,11305027,poincare,arb,0,37775550807743709942797,9474656891182700826
1642,11305027,control,arb,0,37756059413535172415922,9469769118708746474
1643,11305027,poincare,noise,1,895447725760694658,3602714835039897879350
1644,11305027,control,noise,1,895447725760694658,3602713030618802244960
1645,11305028,poincare,arb,0,7266636424767484855765,1804361745375355467
1646,11305028,control,arb,0,7264707579460137238485,1803883701717763080
1647,11305028,poincare,noise,0,8263684144434015966396,2043544027066492200
1648,11305028,control,noise,0,8263684144434015966396,2043541686779027132
1649,11305029,poincare,arb,1,3582085249540495815,14461542992060807576307
1650,11305029,control,arb,1,3581273712940204645,14458283225956619895315
1651,11305029,poincare,noise,0,3802846134881938324607,944606257883922617
1652,11305029,control,noise,0,3802846134881938324607,944605758663758407
1653,11305030,poincare,arb,1,2252282272880306630,9054768707615343661958
1654,11305030,control,arb,1,2251594000986749469,9052006457037312202095
1655,11305030,poincare,noise,0,10517757533682397381448,2615175550047342503
1656,11305030,control,noise,0,10517757533682397381448,2615171728947562056
1657,11305031,poincare,arb,1,3298126411079342448,13254849713191308587803
1658,11305031,control,arb,1,3297763391727012195,13253410138568821547238
1659,11305031,poincare,noise,1,2898635756296860822,11572981585928391752394
1660,11305031,control,noise,1,2898635756296860822,11572962914515826107052
1661,11305032,poincare,arb,0,19303335865588719628543,4824943790592735464
1662,11305032,control,arb,0,19299251411544810606168,4823930648184881745
1663,11305032,poincare,noise,1,658442185242870580,2645915049797559942729
1664,11305032,control,noise,1,658442185242870580,2645914075816541869913
1665,11305033,poincare,arb,1,1258451961013453578,5046737737932813468010
1666,11305033,control,arb,1,1257443769843421561,5042692758395814554383
1667,11305033,poincare,noise,0,7029667089096266578275,1751995103058611310
1668,11305033,control,noise,0,7029667089096266578275,1751993389329356903
1669,11305034,poincare,arb,0,630064005961158807857,156712062197098597
1670,11305034,control,arb,0,626035367619318970228,155709890701941489
1671,11305034,poincare,noise,1,1242910724118840522,4991384716431906180118
1672,11305034,control,noise,1,1242910724118840522,4991381250305252501182
1673,11305035,poincare,arb,1,622260877787347543,2493981876362545704287
1674,11305035,control,arb,1,621279890108237149,2490048411220434956594
1675,11305035,poincare,noise,1,2702454390658154562,10793165666628960076495
1676,11305035,control,noise,1,2702454390658154562,10793149427602609647201
1677,11305036,poincare,arb,0,16119184070628993951422,4030326923821006692
1678,11305036,control,arb,0,16116366610295338830392,4029628528781574077
1679,11305036,poincare,noise,1,62433278052706664,250752870574895916135
1680,11305036,control,noise,1,62433278052706664,250752861822187586902
1681,11305037,poincare,arb,1,2502075418464810816,10021861583030691142313
1682,11305037,control,arb,1,2500726614187668667,10016458706493413545839
1683,11305037,poincare,noise,0,822678993755590859653,205892537790020568
1684,11305037,control,noise,0,822678993755590859653,205892514152135276
1685,11305038,poincare,arb,0,12723758763851199897252,3172984163999537389
1686,11305038,control,arb,0,12716634010009533548671,3171207066213152017
1687,11305038,poincare,noise,0,9856456347840302151204,2443320377111877486
1688,11305038,control,noise,0,9856456347840302151204,2443317036350794274
1689,11305039,poincare,arb,1,401520330727673006,1623274426360959636956
1690,11305039,control,arb,1,402590875440003021,1627604671372513215652
1691,11305039,poincare,noise,1,1368903054931005372,5523801713836228466071
1692,11305039,control,noise,1,1368903054931005372,5523797479293657528665
1693,11305040,poincare,arb,0,53593419349890306750426,13115202094353275348
1694,11305040,control,arb,0,53568132882553539258461,13109024124121987713
1695,11305040,poincare,noise,1,1677714570502857248,6940218109821294943452
1696,11305040,control,noise,1,1677714570502857248,6940211508887014391843
1697,11305041,poincare,arb,1,595485365319182938,2457321335856861791724
1698,11305041,control,arb,1,594289774990166059,2452385297518304075367
1699,11305041,poincare,noise,0,2632295639236699020668,637857960929878857
1700,11305041,control,noise,0,2632295639236699020668,637857730422989947
1701,11305042,poincare,arb,1,2177742400227893831,8972175963673874505969
1702,11305042,control,arb,1,2176932266942804061,8968841501322554571180
1703,11305042,poincare,noise,1,1533492560389934024,6292742409324210518694
1704,11305042,control,noise,1,1533492560389934024,6292736960250169645672
1705,11305043,poincare,arb,0,4156942695062388439062,1013580815501386553
1706,11305043,control,arb,0,4158060570621103651081,1013854263271789667
1707,11305043,poincare,noise,1,1652465145316305186,6772520484985192425403
1708,11305043,control,noise,1,1652465145316305186,6772514169800575087630
1709,11305044,poincare,arb,0,35692959633785690689741,8643520246202955820
1710,11305044,control,arb,0,35677742603163179760807,8639843298242273424
1711,11305044,poincare,noise,0,6626901977963692090923,1587185827028701930
1712,11305044,control,noise,0,6626901977963692090923,1587184392189873775
1713,11305045,poincare,arb,0,4222885254133788665232,1008566683779427062
1714,11305045,control,arb,0,4217178804612050651090,1007202881645678407
1715,11305045,poincare,noise,0,5825330058070323182217,1387669611818194490
1716,11305045,control,noise,0,5825330058070323182217,1387668511947415129
1717,11305046,poincare,arb,0,6482117525736769162715,1539219431459599989
1718,11305046,control,arb,0,6475644419225457930926,1537681132978697209
1719,11305046,poincare,noise,1,1952692766561159682,8219684031558318096064
1720,11305046,control,noise,1,1952692766561159682,8219674854195985221288
1721,11305047,poincare,arb,0,677049794721847084567,161155742261838763
1722,11305047,control,arb,0,681007668566390221524,162098001808205225
1723,11305047,poincare,noise,1,2716763893350428038,11382100843021461443075
1724,11305047,control,noise,1,2716763893350428038,11382083211139006838592
1725,11305048,poincare,arb,0,3732525670710252975701,892672876402146066
1726,11305048,control,arb,0,3736531335658393960111,893632257732728975
1727,11305048,poincare,noise,1,1987563738919402310,8300735924178621387407
1728,11305048,control,noise,1,1987563738919402310,8300726528086450125502
1729,11305049,poincare,arb,0,391144157867196238870,93849597131769029
1730,11305049,control,arb,0,395294814427346447014,94845596770060872
1731,11305049,poincare,noise,1,2738565240330045052,11381151891201583414857
1732,11305049,control,noise,1,2738565240330045052,11381134191032073811714
1733,11305050,poincare,arb,1,2422288657249727627,10010823308584120334407
1734,11305050,control,arb,1,2419574304274354989,9999589891654603695358
1735,11305050,poincare,noise,1,801700595026822214,3301776695133556368394
1736,11305050,control,noise,1,801700595026822214,3301775197105014508468
1737,11305051,poincare,arb,0,21708438598974111646434,5245787218492689887
1738,11305051,control,arb,0,21698756110455062393416,5243449849524567135
1739,11305051,poincare,noise,0,6971539891774358486976,1672120809095216714
1740,11305051,control,noise,0,6971539891774358486976,1672119217794351413
1741,11305052,poincare,arb,1,3354065124063340962,13958644606004512183816
1742,11305052,control,arb,1,3353178913541248375,13954969735751121590006
1743,11305052,poincare,noise,0,7476216296167426308052,1799455120359528107
1744,11305052,control,noise,0,7476216296167426308052,1799453280817569705
1745,11305053,poincare,arb,1,3569234630304492561,14800860201477593173296
1746,11305053,control,arb,1,3568301974588717375,14797007802364483734619
1747,11305053,poincare,noise,0,4955227988779003371778,1198020577131815853
1748,11305053,control,noise,0,4955227988779003371778,1198019763313642853
1749,11305054,poincare,arb,0,3142786926269563711314,758226850139185093
1750,11305054,control,arb,0,3138527772393965295280,757198774914932719
1751,11305054,poincare,noise,0,1918279902599197143534,462193648989837823
1752,11305054,control,noise,0,1918279902599197143534,462193527605299332
1753,11305055,poincare,arb,0,68141346275651820890957,16124048349422213829
1754,11305055,control,arb,0,68104498389905702273911,16115324930824395270
1755,11305055,poincare,noise,0,4605282757119402375272,1069490381846444234
1756,11305055,control,noise,0,4605282757119402375272,1069489720060329395
1757,11305056,poincare,arb,0,8859626452009709211934,2046763985706186878
1758,11305056,control,arb,0,8852544578137623475494,2048783698939586392
1759,11305056,poincare,noise,1,1843883839492136282,7968972024102098511219
1760,11305056,control,noise,1,1843883839492136282,7968995623529215712883
1761,11305057,poincare,arb,0,10975919736527577924332,2537696117486987103
1762,11305057,control,arb,0,10966434927296779475114,2535500785186021739
1763,11305057,poincare,noise,1,808415638288309892,3503190006565267094088
1764,11305057,control,noise,1,808415638288309892,3503188356268862932940
1765,11305058,poincare,arb,0,9711408887901333901901,2237522645224044378
1766,11305058,control,arb,0,9708129495028492361411,2236768122071357121
1767,11305058,poincare,noise,0,10691789963354328184889,2450663930777620856
1768,11305058,control,noise,0,10691789963354328184889,2450660422419331822
1769,11305059,poincare,arb,0,2330813670541844171350,531672372309783336
1770,11305059,control,arb,0,2323938149043204051644,530911586650036791
1771,11305059,poincare,noise,1,1018787814223210980,4457085477817189343888
1772,11305059,control,noise,1,1018787814223210980,4457086824071589774808
1773,11305060,poincare,arb,0,4039738102438430420147,923489383412035725
1774,11305060,control,arb,0,4038185524517841315800,923134598429835277
1775,11305060,poincare,noise,1,2494881831455629894,10894708355046417684769
1776,11305060,control,noise,1,2494881831455629894,10894692456399047611585
1777,11305061,poincare,arb,0,12228535966108144790407,2799381587685964090
1778,11305061,control,arb,0,12227815249232731670043,2799220684600103565
1779,11305061,poincare,noise,1,2280700977961402888,9968504237506607422770
1780,11305061,control,noise,1,2280700977961402888,9968490931667311511061
1781,11305062,poincare,arb,0,36452610354640871311200,8284449916248493059
1782,11305062,control,arb,0,36438602376184231634119,8281277428549778742
1783,11305062,poincare,noise,0,7747499772442087699576,1741204610628588090
1784,11305062,control,noise,0,7747499772442087699576,1741202819837911203
1785,11305063,poincare,arb,0,18174493774272855094648,4055127966676898018
1786,11305063,control,arb,0,18160796131933305850251,4055082170052483659
1787,11305063,poincare,noise,0,10074365306748509459682,2231987954347657123
1788,11305063,control,noise,0,10074365306748509459682,2233637941738084641
1789,11305064,poincare,arb,1,3319468891409159379,14953426017004020638356
1790,11305064,control,arb,1,3321217107301338614,14961360567797088881066
1791,11305064,poincare,noise,0,5508207676234786692653,1216733142448113351
1792,11305064,control,noise,0,5508207676234786692653,1225636832902865992
1793,11305065,control,arb,0,2057651319102560034916,456984360888554410
1794,11305065,poincare,noise,0,10446597292015654547176,2314525966228828015
1795,11305065,control,noise,0,10446597292015654547176,2312856408670209614
1796,11305066,poincare,arb,1,5689478268511820748,25574168535558697304531
1797,11305066,control,arb,1,6147712823092193789,27648318853310021228262
1798,11305066,poincare,noise,1,2223767945127041840,9907419014719877242575
1799,11305066,control,noise,1,2223767945127041840,9907405797978653092930
1800,11305067,poincare,arb,0,17214990203852863068816,3856917187464475918
1801,11305067,control,arb,0,17211056701839643677601,3856041053554042505
1802,11305067,poincare,noise,1,68876153935745468,308729333302929530128
1803,11305067,control,noise,1,68876153935745468,308729320492482771319
1804,11305068,poincare,arb,0,25490667947613991568435,5651221883862043289
1805,11305068,control,arb,0,25477158605846643512607,5648227128534752105
1806,11305068,poincare,noise,1,2621373231625121466,11864436414067229260887
1807,11305068,control,noise,1,2621373231625121466,11864417613446320264953
1808,11305069,poincare,arb,0,4762379178264411386697,1054080747416466035
1809,11305069,control,arb,0,4766170411054300864072,1054921551218950922
1810,11305069,poincare,noise,0,12684578704447005871490,2795368542685005344
1811,11305069,control,noise,0,12684578704447005871490,2795363813457749851
1812,11305070,poincare,arb,1,3405758667909374294,15443724534471816536840
1813,11305070,control,arb,1,3405426483313412043,15442244338318980055837
1814,11305070,poincare,noise,0,13632165167046048037437,3007614722491774166
1815,11305070,control,noise,0,13632165167046048037437,3007609251606751024
1816,11305071,poincare,arb,1,5603517376963165991,25324151709388091668172
1817,11305071,control,arb,1,5602119284825408263,25317879321277733992689
1818,11305071,poincare,noise,0,13169493825972435320830,2922867636567401573
1819,11305071,control,noise,0,13169493825972435320830,2922862484719279246
1820,11305072,poincare,arb,1,1832798819618027891,8268122978260692471581
1821,11305072,control,arb,1,1833378455877738548,8270752411686595356559
1822,11305072,poincare,noise,1,534803608880535782,2406184850829752375416
1823,11305072,control,noise,1,534803608880535782,2406184074332883549276
1824,11305073,poincare,arb,1,894378600463197142,4017523554173229659004
1825,11305073,control,arb,1,893611888539183357,4014078210365560875690
1826,11305073,poincare,noise,0,2978397968317457172351,663221410048254534
1827,11305073,control,noise,0,2978397968317457172351,663221144894982137
1828,11305074,poincare,arb,1,3546394075997679997,15874761915588465110324
1829,11305074,control,arb,1,3544847078141242264,15867843416358521186032
1830,11305074,poincare,noise,0,13424774173765441861262,3000909728145691251
1831,11305074,control,noise,0,13424774173765441861262,3000904317099916498
1832,11305075,poincare,arb,1,1795190402623899245,8041760754506652670611
1833,11305075,control,arb,1,1795831822596484223,8044648574232289416542
1834,11305075,poincare,noise,0,1881397732985181467499,420639427985032784
1835,11305075,control,noise,0,1881397732985181467499,420639321525992226
1836,11305076,poincare,arb,0,6678065783210388969726,1489872074673578121
1837,11305076,control,arb,0,6673473896536931422797,1488847250972925130
1838,11305076,poincare,noise,1,2706982494847182316,12116990567733182888215
1839,11305076,control,noise,1,2706982494847182316,12116970850106217811020
1840,11305077,poincare,arb,0,31804069859407173637970,7070325628402723348
1841,11305077,control,arb,0,31793488634406797806051,7067984830156573268
1842,11305077,poincare,noise,0,9419209748673779420043,2072532243207117903
1843,11305077,control,noise,0,9419209748673779420043,2072529640473135790
1844,11305078,poincare,arb,0,23206242699070001100604,5064985200309809910
1845,11305078,control,arb,0,23188740155829194717378,5061158746331482611
1846,11305078,poincare,noise,0,8277860035792434856458,1792702774213838957
1847,11305078,control,noise,0,8277860035792434856458,1792700811046505866
1848,11305079,poincare,arb,1,7147993530912092374,32806138398485328239296
1849,11305079,control,arb,1,7145118620367666773,32792979737977763180786
1850,11305079,poincare,noise,0,5226221058253689198486,1146513023860369820
1851,11305079,control,noise,0,5226221058253689198486,1146512225755300246
1852,11305080,poincare,arb,1,2915064248040851974,13261387587108621638939
1853,11305080,control,arb,1,2914114677062076534,13257076969505888919784
1854,11305080,poincare,noise,0,8638197424978276785694,1900994315991016977
1855,11305080,control,noise,0,8638197424978276785694,1900992126235761463
1856,11305081,poincare,arb,1,6344440631500096553,28685509857191227936801
1857,11305081,control,arb,1,6342054670626265247,28674755095911862820839
1858,11305081,poincare,noise,1,1297027517449958980,5814067533219180549063
1859,11305081,control,noise,1,1297027517449958980,5814062993196478022474
1860,11305082,poincare,arb,0,17916616627940529607843,3984849622055248118
1861,11305082,control,arb,0,17910119445733212981651,3983407688868733715
1862,11305082,poincare,noise,1,1484348271738376066,6692673369358690359046
1863,11305082,control,noise,1,1484348271738376066,6692667371670157168185
1864,11305083,poincare,arb,0,16970882451521943225760,3754295760683358963
1865,11305083,control,arb,0,16965362513476973634304,3753078004266240924
1866,11305083,poincare,noise,0,419310344992587783270,92358422563095460
1867,11305083,control,noise,0,419310344992587783270,92358417391319965
1868,11305084,poincare,arb,1,477772754975885277,2168160472877822702632
1869,11305084,control,arb,1,477565986969801629,2167222269031177876931
1870,11305084,poincare,noise,1,1349107376849388386,6109718381433511856984
1871,11305084,control,noise,1,1349107376849388386,6109713393691600783211
1872,11305085,poincare,arb,0,23220168826737420502705,5105576683594738186
1873,11305085,control,arb,0,23210984613074634366476,5103561454332266479
1874,11305085,poincare,noise,1,1093947728213925630,4997878533224270856911
1875,11305085,control,noise,1,1093947728213925630,4997875209789543516967
1876,11305086,poincare,arb,0,49641103490657636157705,10746641433034672427
1877,11305086,control,arb,0,49617150461805702872105,10741463062275539300
1878,11305086,poincare,noise,0,12547420248967448009266,2675062575289541515
1879,11305086,control,noise,0,12547420248967448009266,2675058171868038291
1880,11305087,poincare,arb,0,9223220378603077244710,1955916212031569631
1881,11305087,control,arb,0,9211541105202212564991,1953436238980373543
1882,11305087,poincare,noise,0,5943987163040162082014,1255852230077899425
1883,11305087,control,noise,0,5943987163040162082014,1255851254388316135
1884,11305088,poincare,arb,1,4879406793191921925,22998334137129856316839
1885,11305088,control,arb,1,4877461892876989557,22989185008981033884064
1886,11305088,poincare,noise,0,8362629889104737562767,1777921334235778852
1887,11305088,control,noise,0,8362629889104737562767,1780588710034069837
1888,11305089,poincare,arb,1,1202633878844857300,5651959899730904949100
1889,11305089,control,arb,1,1204274083941882621,5659683187773271673419
1890,11305089,poincare,noise,1,2192491185142388724,10263866546021682669826
1891,11305089,control,noise,1,2192491185142388724,10263852668601931735346
1892,11305090,poincare,arb,0,5254301828455730385487,1123762721728950317
1893,11305090,control,arb,0,5256983112646840594765,1124337701011466912
1894,11305090,poincare,noise,0,7659123965937873361847,1632920263754326116
1895,11305090,control,noise,0,7659123965937873361847,1632918617300888757
1896,11305091,poincare,arb,0,5791812978064378564474,1230754514442697876
1897,11305091,control,arb,0,5784576331584002692393,1229215494837640241
1898,11305091,poincare,noise,0,7342271383545572760413,1555229857031082923
1899,11305091,control,noise,0,7342271383545572760413,1555228358596947800
1900,11305092,poincare,arb,1,20360629478432302444,94086644556075603981308
1901,11305092,control,arb,1,20350510615717238455,94039975809844412412582
1902,11305092,poincare,noise,1,2140978641812664596,9643303542186866327376
1903,11305092,control,noise,1,2140978641812664596,9643291052795588480822
1904,11305093,poincare,arb,1,1110070942248730850,4981689119446479819015
1905,11305093,control,arb,1,1108321867323469539,4973833316680048609413
1906,11305093,poincare,noise,0,10556294214778615268507,2348986480509605577
1907,11305093,control,noise,0,10556294214778615268507,2348983146839340392
1908,11305094,poincare,arb,1,5484311535712589198,24559949049453713733380
1909,11305094,control,arb,1,5482621387278413754,24552415039005695304806
1910,11305094,poincare,noise,0,11132129521539550351839,2494203171168697810
1911,11305094,control,noise,0,11132129521539550351839,2494199425756667325
1912,11305095,poincare,arb,1,2896245319753108411,12920714349310566563298
1913,11305095,control,arb,1,2896025274397688969,12919752085034655716006
1914,11305095,poincare,noise,0,299739538606194186857,67401349931447276
1915,11305095,control,noise,0,299739538606194186857,67401347197573068
1916,11305096,poincare,arb,0,8175501816876654959056,1834486803128490488
1917,11305096,control,arb,0,8170942110308939696859,1833463584040256104
1918,11305096,poincare,noise,1,280023855712266024,1250115946526563417964
1919,11305096,control,noise,1,280023855712266024,1250115735481707445716
1920,11305097,poincare,arb,0,11808878697718292482786,2638180509507543397
1921,11305097,control,arb,0,11803197839026462999932,2636911813793638364
1922,11305097,poincare,noise,0,2536603521426835634211,564660967474767248
1923,11305097,control,noise,0,2536603521426835634211,564660774682317741
1924,11305098,poincare,arb,1,4600500396799123106,20573372407903998360965
1925,11305098,control,arb,1,4598328909670586095,20563668569381591255441
1926,11305098,poincare,noise,0,1310043980167586035183,294362473883963552
1927,11305098,control,noise,0,1310043980167586035183,294362421726671286
1928,11305099,poincare,arb,0,28655854561041961490387,6390740337619043273
1929,11305099,control,arb,0,28639732813158351143851,6387143783388749609
1930,11305099,poincare,noise,0,6150802222110543729141,1359840302895423809
1931,11305099,control,noise,0,6150802222110543729141,1359839181433726140
1932,11305100,poincare,arb,1,221171433733867746,1001683211614733768953
1933,11305100,control,arb,1,221782919713468492,1004453453875140478737
1934,11305100,poincare,noise,0,12073797136032382102722,2658559744453168163
1935,11305100,control,noise,0,12073797136032382102722,2658555452463758045
1936,11305101,poincare,arb,1,10133790821712854523,45637559913921697722854
1937,11305101,control,arb,1,10129764831837977120,45619502503736373260081
1938,11305101,poincare,noise,0,12966781737899344188985,2902823117606865017
1939,11305101,control,noise,0,12966781737899344188985,2902818043496472817
1940,11305102,poincare,arb,1,5353227705829653672,23847260212153205220789
1941,11305102,control,arb,1,5351904306325819917,23841406480433005329775
1942,11305102,poincare,noise,1,2050647791982065836,9059829144978888350849
1943,11305102,control,noise,1,2050647791982065836,9059818013604010564119
1944,11305103,poincare,arb,1,3346824672703723639,14697878238105287028910
1945,11305103,control,arb,1,3343920815502020623,14685107648011144213959
1946,11305103,poincare,noise,0,6341968742281732122781,1447170602198933863
1947,11305103,control,noise,0,6341968742281732122781,1447169352047828862
1948,11305104,poincare,arb,1,7510586315628371844,32693982174211796207946
1949,11305104,control,arb,1,7507322928708332664,32679804707909864935355
1950,11305104,poincare,noise,0,8305415424969766589384,1919799653580826030
1951,11305104,control,noise,0,8305415424969766589384,1919797468213936353
1952,11305105,poincare,arb,0,2496517061630837960677,575484636243402720
1953,11305105,control,arb,0,2490705587899614219156,574144350795904593
1954,11305105,poincare,noise,1,707236673943703172,3067626073313567491989
1955,11305105,control,noise,1,707236673943703172,3067624784362984345880
1956,11305106,poincare,arb,0,16804735576560351055380,3860811601379135506
1957,11305106,control,arb,0,16797343679390350468029,3859114968126430891
1958,11305106,poincare,noise,0,11087516265048401454084,2529340797844719293
1959,11305106,control,noise,0,11087516265048401454084,2529336980706746836
1960,11305107,poincare,arb,1,4763520752241113146,20829594645000161699434
1961,11305107,control,arb,1,4762314939244352707,20824353376119538514052
1962,11305107,poincare,noise,0,4142648551336111012508,951396812462936584
1963,11305107,control,noise,0,4142648551336111012508,951396273730916113
1964,11305108,poincare,arb,1,3429631866804330347,14892770669302724543659
1965,11305108,control,arb,1,3428298029800360089,14886987069713159708671
1966,11305108,poincare,noise,0,2950137867987447941235,681448998484296618
1967,11305108,control,noise,0,2950137867987447941235,681448722853469619
1968,11305109,poincare,arb,0,5737371971593585337140,1322340853405292062
1969,11305109,control,arb,0,5732698063912242163437,1321263083778791800
1970,11305109,poincare,noise,0,1687917512425253879362,388294328194096771
1971,11305109,control,noise,0,1687917512425253879362,388294238504126658
1972,11305110,poincare,arb,1,26445923496526097749,111742780089795251670227
1973,11305110,control,arb,1,26431904320196067789,111683570226777203656853
1974,11305110,poincare,noise,1,1637080791084889126,6708910108301193063923
1975,11305110,control,noise,1,1637080791084889126,6708903768858436192197
1976,11305111,poincare,arb,1,10757473590041657198,42853311247657902712353
1977,11305111,control,arb,1,10750805280710387781,43478890357253677230283
1978,11305111,poincare,noise,1,2350950544924053928,9236996822977275489755
1979,11305111,control,noise,1,2350950544924053928,9376026899968352271997
1980,11305112,poincare,arb,1,17401627847457472527,65952181793239966905655
1981,11305112,control,arb,1,17289746374506693777,67547598233047109489156
1982,11305112,poincare,noise,1,1373227891085840316,5106037688285992960144
1983,11305112,control,noise,1,1373227891085840316,5261047317812883715342
1984,11305113,control,arb,1,3617414724004547646,13787381916300310663551
1985,11305113,poincare,noise,0,11304432578524853812863,2944093427002421214
1986,11305113,control,noise,0,11304432578524853812863,2967958331859929053
1987,11305114,control,arb,1,7348039622618025915,27861255644634510075689
1988,11305114,poincare,noise,0,4505630048591064031550,1168429591529000776
1989,11305114,control,noise,0,4505630048591064031550,1195880342756509841
1990,11305115,control,arb,0,34471565126147959603517,9052925469035570971
1991,11305115,poincare,noise,1,1768963113621319442,6566567612430768317265
1992,11305115,control,noise,1,1768963113621319442,6786754739814284833473
1993,11305116,control,arb,1,102830272914438419,393749318677676327469
1994,11305116,poincare,noise,1,1715014856527820178,6350248720708025703741
1995,11305116,control,noise,1,1715014856527820178,6554627045379341402179
1996,11305117,control,arb,1,6469647410258125627,24518109061359823032792
1997,11305117,poincare,noise,0,9401710621110908698131,2446304031515537137
1998,11305117,control,noise,0,9401710621110908698131,2491076334287527672
1999,11305118,control,arb,1,4223756371472884711,15912739340895383708565
2000,11305118,poincare,noise,1,1700479091856871614,6360617000015981064762
2001,11305118,control,noise,1,1700479091856871614,6367526245241366634151
2002,11305119,control,arb,0,22960162351741199283512,6103885690468018807
2003,11305119,poincare,noise,1,2777094227650899850,10351527444923281568941
2004,11305119,control,noise,1,2777094227650899850,10481982509580939473372
2005,11305120,poincare,arb,0,6636558277835106391969,1735176484843355986
2006,11305120,control,arb,0,32865064006239560374227,8654449396634495561
2007,11305120,poincare,noise,0,5716841629801841262406,1489719270246698329
2008,11305120,control,noise,0,5716841629801841262406,1489716808835631750
2009,11305121,control,arb,1,2680851334177480588,10275155128950829071831
2010,11305121,poincare,noise,1,967192452696638528,3669475098557614598315
2011,11305121,control,noise,1,967192452696638528,3693040837440195706030
2012,11305122,poincare,arb,0,95671437045867583322536,24312411491968338444
2013,11305122,control,arb,0,105843144104499014281946,26972342703839185185
2014,11305122,poincare,noise,1,2513850943459816036,10121178162200199987827
2015,11305122,control,noise,1,2513850943459816036,10121149112583667109751
2016,11305123,poincare,arb,0,57666469304547135820886,14145562364342970650
2017,11305123,control,arb,0,57615368828149061014679,14133068001938140173
2018,11305123,poincare,noise,0,11301355936215207655891,2722567172338457829
2019,11305123,control,noise,0,11301355936215207655891,2722558580240103471
2020,11305124,poincare,arb,1,783135568310373882,3257600368490109705322
2021,11305124,control,arb,1,785210243277655573,3266240678890055956659
2022,11305124,poincare,noise,0,5817708801917685591508,1397663055836323539
2023,11305124,control,noise,0,5817708801917685591508,1397660786720961082
2024,11305125,poincare,arb,1,2736983700800837147,11376111354163386471797
2025,11305125,control,arb,1,2735542782039781590,11370140719802994172357
2026,11305125,poincare,noise,1,1722658136700870206,7125747294264879749098
2027,11305125,control,noise,1,1722658136700870206,7125733082538285802114
2028,11305126,poincare,arb,0,24390726621359482332457,5870108822431331508
2029,11305126,control,arb,0,24372166995220582775469,5865653781376010641
2030,11305126,poincare,noise,0,8709949733514204243312,2078282017442170826
2031,11305126,control,noise,0,8709949733514204243312,2078276984990453869
2032,11305127,poincare,arb,1,13019786162627228198,53925803099105721665367
2033,11305127,control,arb,1,13008028163385219489,53877233869870968171270
2034,11305127,poincare,noise,1,2524098170318552518,10280856459607343074338
2035,11305127,control,noise,1,2524098170318552518,10280826659670847367742
2036,11305128,poincare,arb,0,36010754524394620651874,8781913822303460130
2037,11305128,control,arb,0,35983086601448674472332,8775191903766335397
2038,11305128,poincare,noise,0,7204954972520945086942,1737327983870074715
2039,11305128,control,noise,0,7204954972520945086942,1737324484933563919
2040,11305129,poincare,arb,0,46576717263544047669351,11075889286347785234
2041,11305129,control,arb,0,46518946942450216286603,11062129292161649481
2042,11305129,poincare,noise,1,2866113003962391182,12160507133090740855994
2043,11305129,control,noise,1,2866113003962391182,12160466291832771822457
2044,11305130,poincare,arb,0,7130467181363573932374,1682755579097783972
2045,11305130,control,arb,0,7135829426529742083679,1684026698710858310
2046,11305130,poincare,noise,1,732670955397335116,3107819552636804404650
2047,11305130,control,noise,1,732670955397335116,3107816881661684446408
2048,11305131,poincare,arb,1,8919188600197169042,37438621394074837537027
2049,11305131,control,arb,1,8908820922836156288,37395070549227278278883
2050,11305131,poincare,noise,1,1413034614545353784,5865158506940278842090
2051,11305131,control,noise,1,1413034614545353784,5865148893701274978058
2052,11305132,poincare,arb,1,18481938114544223398,75099815631422444313690
2053,11305132,control,arb,1,18460567656636784100,75012855606886027559570
2054,11305132,poincare,noise,1,2329481841925358880,9257823912524165898507
2055,11305132,control,noise,1,2329481841925358880,9257799446510004829407
2056,11305133,poincare,arb,0,4934299075257509312762,1243010022340334927
2057,11305133,control,arb,0,4938918782764203509623,1244177070951269276
2058,11305133,poincare,noise,1,2982330349486646396,11817085627569429331499
2059,11305133,control,noise,1,2982330349486646396,11817045719144816126498
2060,11305134,poincare,arb,0,65229111121620899545440,16231744468855361046
2061,11305134,control,arb,0,65171697953221783445619,16217512428902765533
2062,11305134,poincare,noise,0,11026440442242138785751,2689169966475462167
2063,11305134,control,noise,0,11026440442242138785751,2689161634982759990
2064,11305135,poincare,arb,1,746800832801973505,3068503386565973703572
2065,11305135,control,arb,1,748878923762677634,3077051513833809434000
2066,11305135,poincare,noise,1,669286653248059774,2745830141816602104036
2067,11305135,control,noise,1,669286653248059774,2745828021669823186579
2068,11305136,poincare,arb,0,12661894291940918764468,3078310785234066631
2069,11305136,control,arb,0,12651240695443139243759,3075723098911916626
2070,11305136,poincare,noise,0,10308532910621848292563,2491195537155652617
2071,11305136,control,noise,0,10308532910621848292563,2491188353731891648
2072,11305137,poincare,arb,1,7395539918861201993,30441936216415412936748
2073,11305137,control,arb,1,7390264666634331837,30420309645032841864908
2074,11305137,poincare,noise,0,11461461630184048855707,2798254516213635900
2075,11305137,control,noise,0,11461461630184048855707,2798245500430147416
2076,11305138,poincare,arb,0,7719588711904450445313,1875264815934033310
2077,11305138,control,arb,0,7698985123523717119235,1870253706808215824
2078,11305138,poincare,noise,1,2506043896077826788,10309227417209983705377
2079,11305138,control,noise,1,2506043896077826788,10309197600955349607537
2080,11305139,poincare,arb,0,101870345423948493836,24829525500376612
2081,11305139,control,arb,0,112804901808531806631,27494755957728708
2082,11305139,poincare,noise,1,2227482594859561482,9117341353483451626587
2083,11305139,control,noise,1,2227482594859561482,9117317970737641111658
2084,11305140,poincare,arb,1,11602107781352257885,46794187277707967322396
2085,11305140,control,arb,1,11587252537113605096,46734152524892405711546
2086,11305140,poincare,noise,0,9998259005767934646748,2503110406043805135
2087,11305140,control,noise,0,9998259005767934646748,2503103280614811404
2088,11305141,poincare,arb,1,2403438573646190325,9601148486772496264475
2089,11305141,control,arb,1,2403538512083421257,9601575048484661109537
2090,11305141,poincare,noise,0,3131168088085969705993,785164824784941867
2091,11305141,control,noise,0,3131168088085969705993,785164123621432895
2092,11305142,poincare,arb,1,406936110485111935,1623474798982023911770
2093,11305142,control,arb,1,407341688884203765,1625094308413419801996
2094,11305142,poincare,noise,0,10773964094902504900814,2694036473527414567
2095,11305142,control,noise,0,10773964094902504900814,2694028215479293309
2096,11305143,poincare,arb,0,3008354027724406956904,749499891302977151
2097,11305143,control,arb,0,2993549561625497426756,745809227520974744
2098,11305143,poincare,noise,0,2212216830826599091303,550390407682619834
2099,11305143,control,noise,0,2212216830826599091303,550390061744393595
2100,11305144,poincare,arb,1,1892912552578537909,7597463732415407941442
2101,11305144,control,arb,1,1891470118059544048,7591679095572789963974
2102,11305144,poincare,noise,0,10615714738240648000152,2642803987433212846
2103,11305144,control,noise,0,10615714738240648000152,2642796022778348116
2104,11305145,poincare,arb,0,16777307385568841824972,4146672227590433641
2105,11305145,control,arb,0,16747882795034044296683,4139387183220230819
2106,11305145,poincare,noise,1,1927455319812680594,7816872668059921504604
2107,11305145,control,noise,1,1927455319812680594,7816855397763095814595
2108,11305146,poincare,arb,1,16411909052295583421,65280347741333874105462
2109,11305146,control,arb,1,16392209572447074654,65201846629465455790325
2110,11305146,poincare,noise,1,3048009568450536424,11877443023822542448972
2111,11305146,control,noise,1,3048009568450536424,11877402369711247085096
2112,11305147,poincare,arb,1,1919093696302626192,7439584902415798918139
2113,11305147,control,arb,1,1913758214184266468,7418875905958792299808
2114,11305147,poincare,noise,1,1962867486247599696,7578555731255004237738
2115,11305147,control,noise,1,1962867486247599696,7578539093830611145084
2116,11305148,poincare,arb,0,20337025992538685446914,5249305868674221808
2117,11305148,control,arb,0,20323304669242397917414,5245775695797214050
2118,11305148,poincare,noise,0,3608195226298473084911,925350648231188775
2119,11305148,control,noise,0,3608195226298473084911,925349685290633977
2120,11305149,poincare,arb,0,15057922133560630288075,3842469738933308684
2121,11305149,control,arb,0,15037871667507418192445,3837349282192541180
2122,11305149,poincare,noise,1,1026836439293682964,4035876006913899719478
2123,11305149,control,noise,1,1026836439293682964,4035871328180669842504
2124,11305150,poincare,arb,1,21251809807788434287,81616944019614599387408
2125,11305150,control,arb,1,21227878894268665610,81524943546596401621166
2126,11305150,poincare,noise,0,9788143373460905707266,2598597492709794430
2127,11305150,control,noise,0,9788143373460905707266,2598590035389281751
2128,11305151,poincare,arb,0,945904649776015863384,250387987644718513
2129,11305151,control,arb,0,934374524825323662183,247335168124650270
2130,11305151,poincare,noise,1,2942611404251940520,11085734034420058185208
2131,11305151,control,noise,1,2942611404251940520,11085698013050078740999
2132,11305152,poincare,arb,0,20776725477947841529522,5500470622336979339
2133,11305152,control,arb,0,20766279745162553091178,5497723062765142551
2134,11305152,poincare,noise,0,6048010214458126756873,1589504418508818607
2135,11305152,control,noise,0,6048010214458126756873,1589501612771476899
2136,11305153,poincare,arb,0,8399800639339716303717,2198951810435997085
2137,11305153,control,arb,0,8384281325093344849626,2194885193939024110
2138,11305153,poincare,noise,1,602209596852844678,2304193053584539125792
2139,11305153,control,noise,1,602209596852844678,2304191507540142781629
2140,11305154,poincare,arb,0,4507459944504056908926,1177339307155773695
2141,11305154,control,arb,0,4505091729100903174305,1176721523686919001
2142,11305154,poincare,noise,0,9212051116092164030282,2397256960811375731
2143,11305154,control,noise,0,9212051116092164030282,2397250549987485040
2144,11305155,poincare,arb,0,9652357297566238658590,2499079224510439689
2145,11305155,control,arb,0,9632093834457119887343,2493826168645235798
2146,11305155,poincare,noise,0,2800589734513039095933,722667527844231288
2147,11305155,control,noise,0,2800589734513039095933,722666942280491740
2148,11305156,poincare,arb,0,7748328705422032074001,1993724972644235043
2149,11305156,control,arb,0,7736997439953141988039,1990807707935835564
2150,11305156,poincare,noise,0,7808272366201777955597,2000774532981902603
2151,11305156,control,noise,0,7808272366201777955597,2000770031820288677
2152,11305157,poincare,arb,1,3296284833965564402,12846759934361039152087
2153,11305157,control,arb,1,3294888742640303527,12841347773813813763619
2154,11305157,poincare,noise,1,2332349771473556532,9036673938616085250957
2155,11305157,control,noise,1,2332349771473556532,9036650329156233186304
2156,11305158,poincare,arb,0,6847854727089196364690,1768460082753259412
2157,11305158,control,arb,0,6850182267815066138580,1769065792598722850
2158,11305158,poincare,noise,1,1208918748387199286,4683921475224975205802
2159,11305158,control,noise,1,1208918748387199286,4683915128579499985139
2160,11305159,poincare,arb,0,12245928848275415305495,3154253763089992302
2161,11305159,control,arb,0,12237799667662682102781,3152164154794787754
2162,11305159,poincare,noise,1,2424308064409631958,9419187909045271857335
2163,11305159,control,noise,1,2424308064409631958,9419162295555835275268
2164,11305160,poincare,arb,0,7252664153168140431836,1867775169844355147
2165,11305160,control,arb,0,7254965740894855417057,1868372977288444911
2166,11305160,poincare,noise,0,7535798076751143657873,1932996386027224632
2167,11305160,control,noise,0,7535798076751143657873,1932992186728554154
2168,11305161,poincare,arb,0,511767385946338892816,130989515010273663
2169,11305161,control,arb,0,503122983095437930804,128776655536343930
2170,11305161,poincare,noise,0,1549148756161258772287,396293697229976414
2171,11305161,control,noise,0,1549148756161258772287,396293520346355063
2172,11305162,poincare,arb,1,2586955833907421502,10089499338946889551494
2173,11305162,control,arb,1,2584602527234743702,10080325604198445546534
2174,11305162,poincare,noise,1,975712230377232470,3791264603801099546202
2175,11305162,control,noise,1,975712230377232470,3791260451193406814248
2176,11305163,poincare,arb,0,20923900653458674532404,5360259744775166843
2177,11305163,control,arb,0,20905493244785828148406,5355550022908466075
2178,11305163,poincare,noise,1,310339407383622710,1217837467739271004655
2179,11305163,control,noise,1,310339407383622710,1217837041221401615460
2180,11305164,poincare,arb,0,27406789422169010344860,6935449405237208753
2181,11305164,control,arb,0,27378657773608108669110,6928332952439348380
2182,11305164,poincare,noise,1,1349567947884962736,5364530915181696328671
2183,11305164,control,noise,1,1349567947884962736,5364522696722376684798
2184,11305165,poincare,arb,0,8825000657231127046120,2218088176395913761
2185,11305165,control,arb,0,8821275327722225239652,2217155243476733922
2186,11305165,poincare,noise,0,365723270333841570952,91697267181410675
2187,11305165,control,noise,0,365723270333841570952,91697257613977695
2188,11305166,poincare,arb,1,528031212128687524,2105015639687298980383
2189,11305166,control,arb,1,527562508467974959,2103147354926413092988
2190,11305166,poincare,noise,0,5667176640189034135302,1420236838666790140
2191,11305166,control,noise,0,5667176640189034135302,1420234544615814083
2192,11305167,poincare,arb,0,15090503531505244155501,3761068615852804756
2193,11305167,control,arb,0,15068206384562355145363,3755505339564521360
2194,11305167,poincare,noise,1,1662576771044821354,6685603520958984431223
2195,11305167,control,noise,1,1662576771044821354,6685590832087163498251
2196,11305168,poincare,arb,0,20033216530655781220162,4964369592327977855
2197,11305168,control,arb,0,20018866320146072233157,4960822926269816040
2198,11305168,poincare,noise,0,1359156406338957333262,334913552642128257
2199,11305168,control,noise,0,1359156406338957333262,334913423917494849
2200,11305169,poincare,arb,1,2669498081593760697,10806513714733906184800
2201,11305169,control,arb,1,2666990226867856064,10796365706267405897168
2202,11305169,poincare,noise,0,11157291415391409748366,2755895336504960688
2203,11305169,control,noise,0,11157291415391409748366,2755886642102542031
2204,11305170,poincare,arb,1,6406061521978648105,25834663518124798310818
2205,11305170,control,arb,1,6402131951489389326,25818897617513400924342
2206,11305170,poincare,noise,0,6282171388292911186802,1565801604415489130
2207,11305170,control,noise,0,6282171388292911186802,1565798808628962552
2208,11305171,poincare,arb,1,4267107939318582577,17071212281127292510903
2209,11305171,control,arb,1,4264203498271656217,17059623084831243626926
2210,11305171,poincare,noise,1,1296977040129641544,5158266389150106261445
2211,11305171,control,noise,1,1296977040129641544,5158258792376093224474
2212,11305172,poincare,arb,0,4335427276342306682208,1090323366362325789
2213,11305172,control,arb,0,4336303543490315639563,1090545346241202668
2214,11305172,poincare,noise,1,1930391238612636004,7668966375823365680319
2215,11305172,control,noise,1,1930391238612636004,7668949580439971338225
2216,11305173,poincare,arb,1,4854422756406148108,19148072307095167666013
2217,11305173,control,arb,1,4847134755368662436,19119283212459043119752
2218,11305173,poincare,noise,0,4212847787027506075426,1072303751955706172
2219,11305173,control,noise,0,4212847787027506075426,1072302454103606995
2220,11305174,poincare,arb,1,4796124036044283239,18769560127758391981721
2221,11305174,control,arb,1,4792122745544814131,18753923835485749733835
2222,11305174,poincare,noise,1,2288060385797429076,8888123245819571274267
2223,11305174,control,noise,1,2288060385797429076,8888100435334892136272
2224,11305175,poincare,arb,0,7826363387130860810502,2015307215968011854
2225,11305175,control,arb,0,7827481080565281745674,2015600197527440557
2226,11305175,poincare,noise,0,8419084988615880118140,2158496027668743848
2227,11305175,control,noise,0,8419084988615880118140,2158490790778869261
2228,11305176,poincare,arb,0,82484321958396007223657,20643400172755611226
2229,11305176,control,arb,0,82386676816668143142317,20618912440009569769
2230,11305176,poincare,noise,0,2749689495124994826820,672798363399648234
2231,11305176,control,noise,0,2749689495124994826820,672797842183285574
2232,11305177,poincare,arb,1,10663534558030190894,43119968712245736447566
2233,11305177,control,arb,1,10652802350461752864,43076604422961760625393
2234,11305177,poincare,noise,0,11951517216860299723458,2979936055476144529
2235,11305177,control,noise,0,11951517216860299723458,2979925938762240368
2236,11305178,poincare,arb,1,17838025083811133771,70433548140984353943989
2237,11305178,control,arb,1,17822054946920838601,70370728865118839925814
2238,11305178,poincare,noise,0,7159906911396408398555,1844144714553502699
2239,11305178,control,noise,0,7159906911396408398555,1844140900095380905
2240,11305179,poincare,arb,1,3511077460604205906,13608126461784705365136
2241,11305179,control,arb,1,3509283087467311853,13601200018287850856957
2242,11305179,poincare,noise,1,834708670559174032,3220511944176566865258
2243,11305179,control,noise,1,834708670559174032,3220508936913378682263
2244,11305180,poincare,arb,0,7688439187709875072966,1990330967062265715
2245,11305180,control,arb,0,7683636895100001258693,1989089639517834957
2246,11305180,poincare,noise,0,8714139712285051180475,2245915499383602206
2247,11305180,control,noise,0,8714139712285051180475,2245909844835195311
2248,11305181,poincare,arb,1,7216871117554446027,27857058933595116460847
2249,11305181,control,arb,1,7211525842829403171,27836496304280909898835
2250,11305181,poincare,noise,0,5870901458718817288598,1530000658032726411
2251,11305181,control,noise,0,5870901458718817288598,1529998047375242891
2252,11305182,poincare,arb,1,98626117378118591,379009681574188729667
2253,11305182,control,arb,1,100161037321323628,384908872473006918124
2254,11305182,poincare,noise,1,2167880673919345194,8311366775987787382851
2255,11305182,control,noise,1,2167880673919345194,8311346696965271892901
2256,11305183,poincare,arb,1,2619450763810006322,9992937364705909828153
2257,11305183,control,arb,1,2614308386066036542,9973295624308501838213
2258,11305183,poincare,noise,0,6101057782559115201906,1600959575820806072
2259,11305183,control,noise,0,6101057782559115201906,1600956727306484848
2260,11305184,poincare,arb,1,1396300373458542877,5322252787795732719980
2261,11305184,control,arb,1,1396517362434275503,5323089351865728103174
2262,11305184,poincare,noise,0,7104451628112169568559,1862962258066323261
2263,11305184,control,noise,0,7104451628112169568559,1862958400107985301
2264,11305185,poincare,arb,0,3443979933425230446853,900516489473617032
2265,11305185,control,arb,0,3432649190943450983462,897551918821542522
2266,11305185,poincare,noise,0,4216582236688087449981,1100248342579596299
2267,11305185,control,noise,0,4216582236688087449981,1100246993077167288
2268,11305186,poincare,arb,0,21918234781914724939320,5679010644746276884
2269,11305186,control,arb,0,21890161709655719235015,5671729960198945884
2270,11305186,poincare,noise,1,1110174800919610480,4305152670755346855316
2271,11305186,control,noise,1,1110174800919610480,4305147311158873508018
2272,11305187,poincare,arb,1,1088126738198636889,4209989931281074104791
2273,11305187,control,arb,1,1085765402440639328,4200848633627467881526
2274,11305187,poincare,noise,0,1197134020191003245091,309666066505234251
2275,11305187,control,noise,0,1197134020191003245091,309665959094603974
2276,11305188,poincare,arb,0,5401885785235413152904,1394840232143625245
2277,11305188,control,arb,0,5394797357575694667392,1393009420728466937
2278,11305188,poincare,noise,0,4636043361750590825126,1193860298104907022
2279,11305188,control,noise,0,4636043361750590825126,1193858698773759502
2280,11305189,poincare,arb,1,3315966694862365615,12848235489610714941966
2281,11305189,control,arb,1,3313685605830752029,12839414250768822333829
2282,11305189,poincare,noise,0,4914194823325558697254,1271001207899465272
2283,11305189,control,noise,0,4914194823325558697254,1270999399215807730
2284,11305190,poincare,arb,1,1605722936706282029,6206198861170945803851
2285,11305190,control,arb,1,1605361582085388175,6204811037307953260272
2286,11305190,poincare,noise,1,2336699068946275250,8994487959794656203429
2287,11305190,control,noise,1,2336699068946275250,8994464493576844210775
2288,11305191,poincare,arb,0,25344284620122334250250,6555340087097271869
2289,11305191,control,arb,0,25326698795509637771461,6550808575969680676
2290,11305191,poincare,noise,1,1276455502016251454,4962236517871496880844
2291,11305191,control,noise,1,1276455502016251454,4962229406809104055295
2292,11305192,poincare,arb,0,32537802361828800812775,8308297188463626740
2293,11305192,control,arb,0,32508174578390192183088,8300743839242279134
2294,11305192,poincare,noise,0,6499689377971301397162,1642407714663744860
2295,11305192,control,noise,0,6499689377971301397162,1642404659765958747
2296,11305193,poincare,arb,1,1955015448481745537,7734261656020041045187
2297,11305193,control,arb,1,1954676601697834869,7732935523269773160830
2298,11305193,poincare,noise,0,5411949326143912299016,1368842696550607110
2299,11305193,control,noise,0,5411949326143912299016,1368840575265742090
2300,11305194,poincare,arb,1,8400304393538145104,32967955238574883389419
2301,11305194,control,arb,1,8392749331202824055,32938355576767470458754
2302,11305194,poincare,noise,0,6035787746470290884873,1549040790730400477
2303,11305194,control,noise,0,6035787746470290884873,1549038094143984578
2304,11305195,poincare,arb,0,11833716175400869902513,3022526729335129239
2305,11305195,control,arb,0,11814521402601267050437,3017618813949922304
2306,11305195,poincare,noise,1,1874525893882512714,7347923909765333486059
2307,11305195,control,noise,1,1874525893882512714,7347908386952685420519
2308,11305196,poincare,arb,0,11392957185396696844722,2903312759785505218
2309,11305196,control,arb,0,11388596634594908772905,2902207674258981232
2310,11305196,poincare,noise,0,6001639997853605245445,1522328037705438155
2311,11305196,control,noise,0,6001639997853605245445,1522325417987916358
2312,11305197,poincare,arb,1,3228300886476080913,12704498919370087517577
2313,11305197,control,arb,1,3226465772617836780,12697298951499192779795
2314,11305197,poincare,noise,0,4372151623036893722194,1113467827779880537
2315,11305197,control,noise,0,4372151623036893722194,1113466428787462325
2316,11305198,poincare,arb,1,172110046718436776,676476915250733373490
2317,11305198,control,arb,1,173119820101570477,680446674941172832596
2318,11305198,poincare,noise,0,4261327769361456822889,1083134317311814406
2319,11305198,control,noise,0,4261327769361456822889,1083132992195875659
2320,11305199,poincare,arb,0,1194546170279921923105,303184813113882707
2321,11305199,control,arb,0,1188685668435407122740,301697004516171174
2322,11305199,poincare,noise,0,9931133492637285088720,2513131431257128482
2323,11305199,control,noise,0,9931133492637285088720,2513124287086489745
2324,11305200,poincare,arb,1,3383858875119079741,13359747621423865545952
2325,11305200,control,arb,1,3382916427118609840,13356064728518315013358
2326,11305200,poincare,noise,0,2327647857991752267405,591300895268924792
2327,11305200,control,noise,0,2327647857991752267405,591300500137266842
2328,11305201,poincare,arb,0,9092052401754400725995,2302662511121788661
2329,11305201,control,arb,0,9079785774047007701332,2299554315756536062
2330,11305201,poincare,noise,1,3043946209379941690,12009645614987081730503
2331,11305201,control,noise,1,3043946209379941690,12009604308119250071451
2332,11305202,poincare,arb,0,10472577160124934180799,2655450285318847213
2333,11305202,control,arb,0,10474186916425812250352,2655867593545674789
2334,11305202,poincare,noise,0,3605191402762053115752,910714886393663511
2335,11305202,control,noise,0,3605191402762053115752,910713946595612315
2336,11305203,poincare,arb,1,3597633172779920671,14201521827759348535404
2337,11305203,control,arb,1,3594746042841181904,14190139634056231773888
2338,11305203,poincare,noise,0,7741215422048705729065,1964439345837180258
2339,11305203,control,noise,0,7741215422048705729065,1964434985515636464
2340,11305204,poincare,arb,0,1606969863501338573649,406774548015848042
2341,11305204,control,arb,0,1596928382023774736320,404231836401272611
2342,11305204,poincare,noise,0,7606951342749797608806,1920839105171716540
2343,11305204,control,noise,0,7606951342749797608806,1920834925841403437
2344,11305205,poincare,arb,0,36584595388929711679788,9130471130298764400
2345,11305205,control,arb,0,36537126432718822191791,9118604393120413229
2346,11305205,poincare,noise,1,2939137425480102082,11854205019346840367632
2347,11305205,control,noise,1,2939137425480102082,11854165213795581332573
2348,11305206,poincare,arb,0,25691869851158991228116,6346918827564207582
2349,11305206,control,arb,0,25676966128081818241226,6343258312417860585
2350,11305206,poincare,noise,0,12262182645911736807503,2999169087718738870
2351,11305206,control,noise,0,12262182645911736807503,2999158741260343856
2352,11305207,poincare,arb,1,3782372355910285174,15451385235720581782331
2353,11305207,control,arb,1,3781520720916149491,15447959510004247760500
2354,11305207,poincare,noise,0,7999796430599194115756,1962109789372498409
2355,11305207,control,noise,0,7999796430599194115756,1962105364780275608
2356,11305208,poincare,arb,0,34267083969357418988901,8312392643113727402
2357,11305208,control,arb,0,34221682419892345736742,8301360569956331150
2358,11305208,poincare,noise,1,1705175932907184576,7079531517185641570236
2359,11305208,control,noise,1,1705175932907184576,7079517514981460601965
2360,11305209,poincare,arb,0,28345870892441288994202,6789871321631188945
2361,11305209,control,arb,0,28323013360032127591544,6784409526319552467
2362,11305209,poincare,noise,1,1791358599698507258,7518976411105435743881
2363,11305209,control,noise,1,1791358599698507258,7518960703433293055101
2364,11305210,poincare,arb,0,5977195970688892212040,1424604617270203137
2365,11305210,control,arb,0,5978836387629388926166,1424998571092135743
2366,11305210,poincare,noise,1,1692616039448026834,7099624591770377810872
2367,11305210,control,noise,1,1692616039448026834,7099610581766820582919
2368,11305211,poincare,arb,1,2668461124491045196,11140006282195877519763
2369,11305211,control,arb,1,2663776613623292949,11120427942456256009474
2370,11305211,poincare,noise,0,674119657133740310356,161916485241404960
2371,11305211,control,noise,0,674119657133740310356,161916454764373697
2372,11305212,poincare,arb,0,4470127012162670523219,1072245201264317507
2373,11305212,control,arb,0,4464601249025989179251,1070919540033619960
2374,11305212,poincare,noise,0,11300078556541989860469,2699485154229837748
2375,11305212,control,noise,0,11300078556541989860469,2699476671591379653
2376,11305213,poincare,arb,1,371089534464700135,1557310655116224909842
2377,11305213,control,arb,1,373582129925801412,1567775982924135800260
2378,11305213,poincare,noise,1,551945181514371458,2313968779887455672345
2379,11305213,control,noise,1,551945181514371458,2313967290322100720899
2380,11305214,poincare,arb,1,7682318372568005642,31922003126412408736206
2381,11305214,control,arb,1,7673473425400825906,31885229577051769822081
2382,11305214,poincare,noise,1,644244766108013020,2653042654193467515383
2383,11305214,control,noise,1,644244766108013020,2653040678603974356779
2384,11305215,poincare,arb,1,2360597004888058938,9689776456628374098313
2385,11305215,control,arb,1,2357369312874603966,9676520223731796814860
2386,11305215,poincare,noise,1,1181290675731360370,4830570217682073502052
2387,11305215,control,noise,1,1181290675731360370,4830563647064336375246
2388,11305216,poincare,arb,0,15490294962958753605241,3777526090491252982
2389,11305216,control,arb,0,15478838102759028749779,3774737308601252952
2390,11305216,poincare,noise,0,5286375827413729469883,1282172374604027891
2391,11305216,control,noise,0,5286375827413729469883,1282170473945487603
2392,11305217,poincare,arb,1,1804436824633948960,7435488478019957966257
2393,11305217,control,arb,1,1803873926451164913,7433179979181406032023
2394,11305217,poincare,noise,0,3370280442288273436639,818764219457863957
2395,11305217,control,noise,0,3370280442288273436639,818763444843728695
2396,11305218,poincare,arb,1,2588777235031115685,10635958352622061979665
2397,11305218,control,arb,1,2586875176652483458,10628153825012694143967
2398,11305218,poincare,noise,1,1559170410525514076,6377381378019755508663
2399,11305218,control,noise,1,1559170410525514076,6377369929418354256785
2400,11305219,poincare,arb,1,4937020737449092489,20053878959706644498014
2401,11305219,control,arb,1,4930042764602540916,20025498907390728324950
2402,11305219,poincare,noise,0,8405532985518067954414,2075679725009618607
2403,11305219,control,noise,0,8405532985518067954414,2075674790464013718
2404,11305220,poincare,arb,1,9151303357101397945,36781309519670681869171
2405,11305220,control,arb,1,9143698044356862009,36750829290003045520597
2406,11305220,poincare,noise,0,5976575832085296837029,1499136820040628709
2407,11305220,control,noise,0,5976575832085296837029,1499134265289283305
2408,11305221,poincare,arb,0,2702017533963525338698,676203066162958110
2409,11305221,control,arb,0,2692695303832807510308,673868949730808260
2410,11305221,poincare,noise,0,1665455601907607713907,416312416574790481
2411,11305221,control,noise,0,1665455601907607713907,416312219102928773
2412,11305222,poincare,arb,0,11087053697600959588257,2762087280622923322
2413,11305222,control,arb,0,11073355414777937730561,2758673356453760300
2414,11305222,poincare,noise,1,339510128785769352,1366306707819655468710
2415,11305222,control,noise,1,339510128785769352,1366306177697698043723
2416,11305223,poincare,arb,1,1241559515070349859,4988082282309799704464
2417,11305223,control,arb,1,1239861187420804825,4981257158318519673385
2418,11305223,poincare,noise,0,3453353944134884398263,859906326422539573
2419,11305223,control,noise,0,3453353944134884398263,859905482496827023
2420,11305224,poincare,arb,1,7997828461573029242,31877499108946483868216
2421,11305224,control,arb,1,7990160320656616406,31846966923450628315986
2422,11305224,poincare,noise,1,274575458595014014,1084860603345541818175
2423,11305224,control,noise,1,274575458595014014,1084860266031444575039
2424,11305225,poincare,arb,1,5260858457073507566,20665401365855558690056
2425,11305225,control,arb,1,5254912494789214484,20642038360871178682752
2426,11305225,poincare,noise,0,3687700891995712375520,943058684518562764
2427,11305225,control,noise,0,3687700891995712375520,943057682959537442
2428,11305226,poincare,arb,1,1242623124762521870,4857582353814735030824
2429,11305226,control,arb,1,1242300341950112940,4856325709592250533876
2430,11305226,poincare,noise,1,2170605448163582158,8454938215362062618245
2431,11305226,control,noise,1,2170605448163582158,8454917601100113413469
2432,11305227,poincare,arb,0,23487433817550233230236,6005632888020341684
2433,11305227,control,arb,0,23471265841897805273758,6001513440680888908
2434,11305227,poincare,noise,1,66814929942993610,262937702990565220148
2435,11305227,control,noise,1,66814929942993610,262937683133894663063
2436,11305228,poincare,arb,0,2592946815471065540326,658482247542784651
2437,11305228,control,arb,0,2590443984359498976255,657846699976163158
2438,11305228,poincare,noise,0,6726924842152329017755,1704069193896356505
2439,11305228,control,noise,0,6726924842152329017755,1704065909508885877
2440,11305229,poincare,arb,1,8916092873217825306,34931875264777601086029
2441,11305229,control,arb,1,8908342694649341750,34901578530321322770925
2442,11305229,poincare,noise,0,5014964437118995877125,1290316699732842745
2443,11305229,control,noise,0,5014964437118995877125,1290314830812689570
2444,11305230,poincare,arb,1,14820093555484122490,56797798361358732948724
2445,11305230,control,arb,1,14805558491131632047,56742175119860752479967
2446,11305230,poincare,noise,0,10268852601270843709646,2713332606308063935
2447,11305230,control,noise,0,10268852601270843709646,2713324457154156523
2448,11305231,poincare,arb,1,14220033612880763770,53143011633575168570091
2449,11305231,control,arb,1,14207665382973646691,53140921520903959324783
2450,11305231,poincare,noise,1,3026053943699598358,11111279128115416364879
2451,11305231,control,noise,1,3026053943699598358,11120309299263964744037
2452,11305232,poincare,arb,0,69010451821317357710969,18483459795441854300
2453,11305232,control,arb,0,68974235559306155687541,18473956478668731506
2454,11305232,poincare,noise,0,7659124602493315622895,2008752475403455293
2455,11305232,control,noise,0,7659124602493315622895,2008747960071850395
2456,11305233,poincare,arb,0,4082350399999275288637,1067270786255366705
2457,11305233,control,arb,0,4069651964765903309033,1063948574565347147
2458,11305233,poincare,noise,1,2202269564200353170,8406909736686815837305
2459,11305233,control,noise,1,2202269564200353170,8413851267075969791919
2460,11305234,poincare,arb,0,9292760017185460177153,2431728792165750812
2461,11305234,control,arb,0,9295257349528748545512,2432390591671193873
2462,11305234,poincare,noise,1,2222465148968530468,8494905898055526043130
2463,11305234,control,noise,1,2222465148968530468,8494884729274389984993
2464,11305235,poincare,arb,0,28832049388910531844125,7501834352112986158
2465,11305235,control,arb,0,28810014354623603971351,7496119718509417316
2466,11305235,poincare,noise,0,8921685575117869997080,2297802293332142748
2467,11305235,control,noise,0,8921685575117869997080,2297796326938573593
2468,11305236,poincare,arb,1,3933458891946125925,15246449682177225013038
2469,11305236,control,arb,1,3931682415136886032,15239603464739103838081
2470,11305236,poincare,noise,1,2641729962458161576,10169690475202397285051
2471,11305236,control,noise,1,2641729962458161576,10169660251359350031282
2472,11305237,poincare,arb,0,21999454565262676650658,5696515266033702297
2473,11305237,control,arb,0,21986619257177541264371,5693208625017365830
2474,11305237,poincare,noise,0,11793136869914064333200,3026048836466900429
2475,11305237,control,noise,0,11793136869914064333200,3026038473567656026
2476,11305238,poincare,arb,1,7718636329361742164,29934416397270287339332
2477,11305238,control,arb,1,7713546492543793318,29914779436563501047533
2478,11305238,poincare,noise,0,6823655362027069015479,1770455043100177134
2479,11305238,control,noise,0,6823655362027069015479,1770451513084385673
2480,11305239,poincare,arb,1,125187794103396276,483322928112004023393
2481,11305239,control,arb,1,126965177516119771,490185997427760123026
2482,11305239,poincare,noise,0,215920979970329431426,55930763448048913
2483,11305239,control,noise,0,215920979970329431426,55930759919042844
2484,11305240,poincare,arb,1,140544965829254787,542526723042600587475
2485,11305240,control,arb,1,140453371970862621,542173189867961519217
2486,11305240,poincare,noise,0,11648130654339676591474,3008511652013417929
2487,11305240,control,noise,0,11648130654339676591474,3008501442275237644
2488,11305241,poincare,arb,1,930749757226027955,3611418428107261727724
2489,11305241,control,arb,1,932988613140822803,3620117737434384699530
2490,11305241,poincare,noise,1,761396500309763326,2949096842175844658573
2491,11305241,control,noise,1,761396500309763326,2949094305834287480479
2492,11305242,poincare,arb,0,11279315385314928754620,2905574678198505974
2493,11305242,control,arb,0,11270295834822639083115,2903253720486341448
2494,11305242,poincare,noise,0,9108472730726995294511,2333547173080012448
2495,11305242,control,noise,0,9108472730726995294511,2333541003471778999
2496,11305243,poincare,arb,1,4128006193877217959,16082562656953102797080
2497,11305243,control,arb,1,4126057618760696296,16075013579191504891571
2498,11305243,poincare,noise,1,2218107395483394246,8584566114983282139554
2499,11305243,control,noise,1,2218107395483394246,8584544631377183389815
2500,11305244,poincare,arb,0,5603306515255446217301,1448962215090337319
2501,11305244,control,arb,0,5606512085040388871948,1449794773436754773
2502,11305244,poincare,noise,0,8374291056400365051300,2157381410093752362
2503,11305244,control,noise,0,8374291056400365051300,2157376150940265282
2504,11305245,poincare,arb,1,1263517447730544389,4909161873143760339634
2505,11305245,control,arb,1,1264479748306219181,4912912689369977472350
2506,11305245,poincare,noise,1,578756842611267350,2244330779643900516007
2507,11305245,control,noise,1,578756842611267350,2244329311432860340652
2508,11305246,poincare,arb,0,14654901136350602209685,3766558870355223335
2509,11305246,control,arb,0,14641465892309364447959,3763108245879401456
2510,11305246,poincare,noise,1,51216032209830334,200046262664471855586
2511,11305246,control,noise,1,51216032209830334,200046251038520779557
2512,11305247,poincare,arb,1,1866246087071805962,7274819626678495039648
2513,11305247,control,arb,1,1864170537315995990,7266728497459822563978
2514,11305247,poincare,noise,1,2781286981082077954,10789234982751450355758
2515,11305247,control,noise,1,2781286981082077954,10789201096871783007316
2516,11305248,poincare,arb,1,1833728529258237998,7079298273603558917487
2517,11305248,control,arb,1,1828733022844200118,7059990431965394301637
2518,11305248,poincare,noise,0,1547151446273689860950,401352002380927263
2519,11305248,control,noise,0,1547151446273689860950,401351820827172116
2520,11305249,poincare,arb,1,44744524627357494,172547394591361243154
2521,11305249,control,arb,1,45130351514618499,174035329646304352320
2522,11305249,poincare,noise,1,901110033791220478,3471515514395365798417
2523,11305249,control,noise,1,901110033791220478,3471511990644703066490
2524,11305250,poincare,arb,0,27492830147523767088336,7090425376982094483
2525,11305250,control,arb,0,27466824840885365787938,7083725775555807383
2526,11305250,poincare,noise,1,343291948795724372,1340502253810296672389
2527,11305250,control,noise,1,343291948795724372,1340501731779114868871
2528,11305251,poincare,arb,1,21035775434233622415,80342679583163663572189
2529,11305251,control,arb,1,21012633742077056806,80254262448120593011215
2530,11305251,poincare,noise,1,544155313349707516,2032397354068943816888
2531,11305251,control,noise,1,544155313349707516,2032396127209979041535
2532,11305252,poincare,arb,1,2414749709707589969,8991736939124930280218
2533,11305252,control,arb,1,2411546853945113529,8979805132725940968554
2534,11305252,poincare,noise,1,525956767873689832,1952612384091820587005
2535,11305252,control,noise,1,525956767873689832,1952611248234545944765
2536,11305253,poincare,arb,0,576531179372356568718,155353535458260807
2537,11305253,control,arb,0,578019577508848751257,155754693551976059
2538,11305253,poincare,noise,0,10339790625930277361604,2777844596944513011
2539,11305253,control,noise,0,10339790625930277361604,2777836061201027309
2540,11305254,poincare,arb,1,19375498254186088556,70918568223639822825700
2541,11305254,control,arb,1,19357523649830925443,70852994950621371669173
2542,11305254,poincare,noise,0,3206175078012297943974,892525994071764331
2543,11305254,control,noise,0,3206175078012297943974,892525127566104313
2544,11305255,poincare,arb,0,17623468466780598956144,4877555717844751859
2545,11305255,control,arb,0,17600921496418962505001,4871310780812630034
2546,11305255,poincare,noise,0,1687093924267753524892,464422132334910836
2547,11305255,control,noise,0,1687093924267753524892,464421896353137543
2548,11305256,control,arb,1,4189690293756243587,15162691524654452705595
2549,11305256,poincare,noise,1,925849120990494702,3361741283429748176332
2550,11305256,control,noise,1,925849120990494702,3333448779188876973850
2551,11305257,poincare,arb,0,7117893655932246806670,1958277649476359538
2552,11305257,control,arb,0,22246400654590369771550,6146347918770996971
2553,11305257,poincare,noise,0,6494227376601324657094,1779953869758152731
2554,11305257,control,noise,0,6494227376601324657094,1779950398184661463
2555,11305258,poincare,arb,1,22587167538818183124,80711930564436507116286
2556,11305258,control,arb,1,22564641376018810972,80631593887023552902130
2557,11305258,poincare,noise,0,6734720652260501463829,1924156557619276537
2558,11305258,control,noise,0,6734720652260501463829,1924152584360520646
2559,11305259,poincare,arb,0,10982122709067787047257,3121988485754711603
2560,11305259,control,arb,0,10962945177713944755467,3116530278036207604
2561,11305259,poincare,noise,0,8934417110843835651711,2525635510757935202
2562,11305259,control,noise,0,8934417110843835651711,2525628630845407804
2563,11305260,control,arb,1,5633076513723074743,19865511978443822684929
2564,11305260,poincare,noise,1,2300502644975833810,8139835229982043640352
2565,11305260,control,noise,1,2300502644975833810,8049124168316132931640
2566,11305261,poincare,arb,1,45744330971590251043,154451944955175437145946
2567,11305261,control,arb,1,40061975490874998454,134510818195920502230645
2568,11305261,poincare,noise,1,1911005634963523954,6160096917567991009256
2569,11305261,control,noise,1,1911005634963523954,6160084793225072005275
2570,11305262,poincare,arb,0,36220517177893547620129,11137730004491478320
2571,11305262,control,arb,0,36187966263186290909488,11127742570935672649
2572,11305262,poincare,noise,1,755040809960154172,2442708570743524996922
2573,11305262,control,noise,1,755040809960154172,2479905230719651794230
2574,11305263,poincare,arb,0,27571609995817175102193,8333342051192070301
2575,11305263,control,arb,0,27562876926381223018074,8330754397551334568
2576,11305263,poincare,noise,1,1942778675034916958,6467532653811537878205
2577,11305263,control,noise,1,1942778675034916958,6467519436986976592937
2578,11305264,poincare,arb,0,4431116266993216032699,1331847542983705240
2579,11305264,control,arb,0,4433318427236255397990,1332512162866254980
2580,11305264,poincare,noise,0,2328055328043776308029,698364613167209422
2581,11305264,control,noise,0,2328055328043776308029,698364099491286569
2582,11305265,poincare,arb,1,2044989678570525146,6808273126268894450586
2583,11305265,control,arb,1,2043524198148183706,6803399186031381671843
2584,11305265,poincare,noise,0,4779227972303587161812,1436374270994020158
2585,11305265,control,noise,0,4779227972303587161812,1436372100820627203
2586,11305266,poincare,arb,0,34091418459570761080081,10131537517974550916
2587,11305266,control,arb,0,34049131852929115545819,10118955185949281046
2588,11305266,poincare,noise,1,2269331365839282032,7694540889191816013800
2589,11305266,control,noise,1,2269331365839282032,7694522355691959292243
2590,11305267,poincare,arb,0,36690528009074657134568,10731602020834117316
2591,11305267,control,arb,0,36658965315287328154337,10722396084135583960
2592,11305267,poincare,noise,1,2487690171073493264,8574111240095539034145
2593,11305267,control,noise,1,2487690171073493264,8574088417474146996532
2594,11305268,poincare,arb,1,1953730006874540977,6704428496586115541056
2595,11305268,control,arb,1,1948898273799961917,6687830098332363680709
2596,11305268,poincare,noise,0,2130106347062070853694,621544356681494188
2597,11305268,control,noise,0,2130106347062070853694,621543944116469244
2598,11305269,poincare,arb,0,1905879997540660245002,555475417654848437
2599,11305269,control,arb,0,1901489327906071439508,554195373711540512
2600,11305269,poincare,noise,0,6485037666360541547285,1885559949586330697
2601,11305269,control,noise,0,6485037666360541547285,1885556148306822021
2602,11305270,poincare,arb,1,9782979593758023322,33387900948420874717469
2603,11305270,control,arb,1,9774384346011001159,33358633856114182726861
2604,11305270,poincare,noise,1,1323960782095257414,4469659453348646274460
2605,11305270,control,noise,1,1323960782095257414,4469653183097122993901
2606,11305271,poincare,arb,0,14151423329943951665612,4180138982536606178
2607,11305271,control,arb,0,14140884460463228042005,4177031802822675128
2608,11305271,poincare,noise,1,1833110280179160714,6220006502968089615211
2609,11305271,control,noise,1,1833110280179160714,6219994393991307842712
2610,11305272,poincare,arb,1,13479449943063548200,45063607565867808731192
2611,11305272,control,arb,1,13462791711974656350,45007829246478764850426
2612,11305272,poincare,noise,1,998260715588985542,3290858815250968033294
2613,11305272,control,noise,1,998260715588985542,3290855374976269982196
2614,11305273,poincare,arb,0,16506855205026080412781,4988018983985564370
2615,11305273,control,arb,0,16492474343946423565565,4983678604959796685
2616,11305273,poincare,noise,1,546136953823276864,1815084109896316791657
2617,11305273,control,noise,1,546136953823276864,1815083067345194396596
2618,11305274,poincare,arb,1,1215322517875575619,4032257105220151941218
2619,11305274,control,arb,1,1213406260991978986,4025896941036612152013
2620,11305274,poincare,noise,0,10051226049818189333877,3024148281251824854
2621,11305274,control,noise,0,10051226049818189333877,3024138674099730852
2622,11305275,poincare,arb,0,5557509954715617175536,1664545598217908685
2623,11305275,control,arb,0,5540529519858331892561,1659454468131384372
2624,11305275,poincare,noise,0,6644659691889567920495,1983138107537160615
2625,11305275,control,noise,0,6644659691889567920495,1983133957390088804
2626,11305276,poincare,arb,1,2942576743527931,9878287773221554077
2627,11305276,control,arb,1,5092642107921106,17096135098732158643
2628,11305276,poincare,noise,0,7738022006093868403429,2299887319085185108
2629,11305276,control,noise,0,7738022006093868403429,2299881726602735093
2630,11305277,poincare,arb,1,17709224560297304895,58704872678465562354043
2631,11305277,control,arb,1,17692455454924231322,58649426850727056590044
2632,11305277,poincare,noise,1,2188143404207836896,7115784744134588962413
2633,11305277,control,noise,1,2188143404207836896,7115768558365283757995
2634,11305278,poincare,arb,0,26184001344259893258684,8006912485465582364
2635,11305278,control,arb,0,26163241223188652999423,8000582361789636834
2636,11305278,poincare,noise,0,1690379998264303591857,512704646326659296
2637,11305278,control,noise,0,1690379998264303591857,512704370965959186
2638,11305279,poincare,arb,0,73890029703970766492742,21927647383325594940
2639,11305279,control,arb,0,73807807272694912086553,21903235244016498692
2640,11305279,poincare,noise,0,3059082221910240270964,887882749444196697
2641,11305279,control,noise,0,3059082221910240270964,887881905419376594
2642,11305280,poincare,arb,1,2066004480626645116,7109909706206148664962
2643,11305280,control,arb,1,2064721981296457240,7105502891189531824983
2644,11305280,poincare,noise,0,3531756358216156037853,1027310054354812987
2645,11305280,control,noise,0,3531756358216156037853,1027308925743786608
2646,11305281,poincare,arb,0,5728382729197629812122,1661860270017573243
2647,11305281,control,arb,0,5718308807228704348104,1658935903476404953
2648,11305281,poincare,noise,1,1604327205292171476,5530380724009031216333
2649,11305281,control,noise,1,1604327205292171476,5530371225579533806814
2650,11305282,poincare,arb,0,2522630462870497605077,732426760786866868
2651,11305282,control,arb,0,2525893036398743009341,733375284017425703
2652,11305282,poincare,noise,0,7810701556590646963619,2261105168783088248
2653,11305282,control,noise,0,7810701556590646963619,2261099691592708068
2654,11305283,poincare,arb,1,7417286099408406392,25492772766724802380817
2655,11305283,control,arb,1,7411671315072372118,25473536791547930252580
2656,11305283,poincare,noise,1,436772288256492304,1489625886307182065467
2657,11305283,control,noise,1,436772288256492304,1489625193094346231297
2658,11305284,poincare,arb,1,4918803644912228687,16688262526161046404279
2659,11305284,control,arb,1,4912977419891189101,16668487854479424409863
2660,11305284,poincare,noise,1,2485213962953149940,8371069557592970680035
2661,11305284,control,noise,1,2485213962953149940,8371047551465025420441
2662,11305285,poincare,arb,0,14686993960214351953043,4352367089185451174
2663,11305285,control,arb,0,14680100984979677026646,4350335850267747978
2664,11305285,poincare,noise,1,72948022272029586,247189398830118112923
2665,11305285,control,noise,1,72948022272029586,247189379676435348116
2666,11305286,poincare,arb,0,6505601440271962733993,1916414783566482722
2667,11305286,control,arb,0,6498793018570573026817,1914409312576221965
2668,11305286,poincare,noise,0,6511564258526260100038,1911010707517883574
2669,11305286,control,noise,0,6511564258526260100038,1911006821123765313
2670,11305287,poincare,arb,1,5813320625652253819,19733021314948349018544
2671,11305287,control,arb,1,5809071493561202006,19718637953592262353215
2672,11305287,poincare,noise,1,2837505713333584430,9550881556656077826458
2673,11305287,control,noise,1,2837505713333584430,9550852905012679793490
2674,11305288,poincare,arb,0,33944947613559790936781,10014370434911953799
2675,11305288,control,arb,0,33918381140438519856585,10006562865878246497
2676,11305288,poincare,noise,1,563586898409032036,1928036383471802611844
2677,11305288,control,noise,1,563586898409032036,1928035224028985371125
2678,11305289,poincare,arb,0,4732170449816689184785,1382157087975098706
2679,11305289,control,arb,0,4729118728442987010319,1381266581672986550
2680,11305289,poincare,noise,1,923336394049426986,3162701481921200142704
2681,11305289,control,noise,1,923336394049426986,3162698364564606252287
2682,11305290,poincare,arb,0,47344222210499794778413,13649359822836492756
2683,11305290,control,arb,0,47296154891505764362235,13635515433914671202
2684,11305290,poincare,noise,0,7553073504756691870409,2143844722149446241
2685,11305290,control,noise,0,7553073504756691870409,2143839749313924223
2686,11305291,poincare,arb,0,24620980577045343002021,6925388444067936378
2687,11305291,control,arb,0,24585979060633500107318,6915527177706398890
2688,11305291,poincare,noise,0,10463232988400972856410,2914265734985634410
2689,11305291,control,noise,0,10463232988400972856410,2914256462286030668
2690,11305292,poincare,arb,1,2465962891487730452,8857649965728828466555
2691,11305292,control,arb,1,2466441318575485583,8859396647709773525006
2692,11305292,poincare,noise,0,10148022801381370512124,2824184113495155036
2693,11305292,control,noise,0,10148022801381370512124,2824175401268302335
2694,11305293,poincare,arb,0,11922904239320298731580,3297757887157679487
2695,11305293,control,arb,0,11898893714781625526019,3291106659892188329
2696,11305293,poincare,noise,1,117316778448735348,425515062687770163493
2697,11305293,control,noise,1,117316778448735348,425515007829392559649
2698,11305294,poincare,arb,1,2401291870456166788,8687549842761841805114
2699,11305294,control,arb,1,2398551925973711411,8677635974741886916940
2700,11305294,poincare,noise,0,9219487422580546698301,2516361079574541228
2701,11305294,control,noise,0,9219487422580546698301,2547938447083682262
2702,11305295,poincare,arb,1,2398719800949876648,8680556797743791886405
2703,11305295,control,arb,1,2414611772918590346,8738230797225070483596
2704,11305295,poincare,noise,1,1115607727725835404,4022926074023074503800
2705,11305295,control,noise,1,1115607727725835404,4022921086899364753117
2706,11305296,poincare,arb,1,11642562781094703236,41451145151238025129882
2707,11305296,control,arb,1,11628480311766896889,41400955855976381900959
2708,11305296,poincare,noise,1,1749250821715629202,6145121551301307618249
2709,11305296,control,noise,1,1749250821715629202,6145109765223828720610
2710,11305297,poincare,arb,0,25794469048096886941802,7302045974474219576
2711,11305297,control,arb,0,25772768311143283293075,7295916798871161756
2712,11305297,poincare,noise,1,2868505297609404054,10177765138364658191448
2713,11305297,control,noise,1,2868505297609404054,10177732986289500433975
2714,11305298,poincare,arb,0,14672251273219330654104,4130019064819473688
2715,11305298,control,arb,0,14667258107094816604314,4128626605852017579
2716,11305298,poincare,noise,0,1960001994298474858628,549138383096530541
2717,11305298,control,noise,0,1960001994298474858628,549138049626416045
2718,11305299,poincare,arb,0,17164405719160193488533,4783329142848822939
2719,11305299,control,arb,0,17143296196846547700769,4777443498362793069
2720,11305299,poincare,noise,1,1179322016400215230,4247183006705430033894
2721,11305299,control,noise,1,1179322016400215230,4247177444651605884908
2722,11305300,poincare,arb,1,7401474174546972589,26427343561301173951503
2723,11305300,control,arb,1,7392002691227038299,26393490579197723882390
2724,11305300,poincare,noise,0,6548501766955811384535,1844273219595226533
2725,11305300,control,noise,0,6548501766955811384535,1844269470437380278
2726,11305301,poincare,arb,0,8557192752629994737305,2399784010490814618
2727,11305301,control,arb,0,8540519086166593199856,2395103169038524347
2728,11305301,poincare,noise,1,660764428813033490,2360267466883145065555
2729,11305301,control,noise,1,660764428813033490,2360265741654163058589
2730,11305302,poincare,arb,1,12596469368035242434,44405194876537750602768
2731,11305302,control,arb,1,12581836032621940064,44353576881792258707995
2732,11305302,poincare,noise,0,909135003195936520397,261079981019081381
2733,11305302,control,noise,0,909135003195936520397,261079906555493127
2734,11305303,poincare,arb,1,3861317736733162572,13398226947384633498148
2735,11305303,control,arb,1,3857343719631591733,13384441486991656661739
2736,11305303,poincare,noise,1,757611597716951748,2616852671569078113127
2737,11305303,control,noise,1,757611597716951748,2616850515039368397538
2738,11305304,poincare,arb,1,5134386966026072572,17632252110809887237741
2739,11305304,control,arb,1,5127883377678822861,17609903304337790307232
2740,11305304,poincare,noise,0,1011754545303854192624,296018944037294833
2741,11305304,control,noise,0,1011754545303854192624,296018849199963491
2742,11305305,poincare,arb,0,9911257591394044281411,2890782737496443434
2743,11305305,control,arb,0,9899200769980977499545,2887265240457809998
2744,11305305,poincare,noise,1,2077892734578698424,7129883650600802249123
2745,11305305,control,noise,1,2077892734578698424,7129867599050535500548
2746,11305306,poincare,arb,0,2154284831938061045058,628726419685362267
2747,11305306,control,arb,0,2159760846644695673402,630326009545543734
2748,11305306,poincare,noise,1,264866930649440204,907870947903898556755
2749,11305306,control,noise,1,264866930649440204,907870687277085846366
2750,11305307,poincare,arb,0,62159315905438308828560,17822299493807996360
2751,11305307,control,arb,0,62091706296409862346694,17802919598753704085
2752,11305307,poincare,noise,1,601353273990447864,2133391098383484422718
2753,11305307,control,noise,1,601353273990447864,2133389684005327548213
2754,11305308,poincare,arb,1,17048251760103734944,59434042287894681780909
2755,11305308,control,arb,1,17028770125070820994,59366085565825720686536
2756,11305308,poincare,noise,0,674198390091817355983,196640625702854621
2757,11305308,control,noise,0,674198390091817355983,196640583786130756
2758,11305309,poincare,arb,1,3186425443118452675,10892969990740453779938
2759,11305309,control,arb,1,3183125276551498796,10881690510070830976040
2760,11305309,poincare,noise,1,2908702015762142318,9884443327269671619535
2761,11305309,control,noise,1,2908702015762142318,9884412339862482634936
2762,11305310,poincare,arb,0,13501696551512388597079,3969032894146490084
2763,11305310,control,arb,0,13497672839792094633971,3967862500863076131
2764,11305310,poincare,noise,0,340179856429908732575,99604296216388214
2765,11305310,control,noise,0,340179856429908732575,99604285482037804
2766,11305311,poincare,arb,0,18919295227001286126004,5509127235150531726
2767,11305311,control,arb,0,18898036617317040411935,5502936327703958959
2768,11305311,poincare,noise,1,704319665311519806,2430189741170972157623
2769,11305311,control,noise,1,704319665311519806,2430187880284354628218
2770,11305312,poincare,arb,0,45535004565988684410944,13036756029162788577
2771,11305312,control,arb,0,45487423608065262549745,13023143485208231053
2772,11305312,poincare,noise,0,932689118226550741712,263536301486253263
2773,11305312,control,noise,0,932689118226550741712,263536224997506236
2774,11305313,poincare,arb,1,5556978652638246778,19563654369782127042216
2775,11305313,control,arb,1,5551135674183495180,19543089509285783612534
2776,11305313,poincare,noise,1,2336163629830021500,8160382068202839739908
2777,11305313,control,noise,1,2336163629830021500,8160361230996705835335
2778,11305314,poincare,arb,1,14521335469113781380,49890219218401879831547
2779,11305314,control,arb,1,14502728160656799031,49826163798631032637747
2780,11305314,poincare,noise,0,2157751795098183592490,636673214169678568
2781,11305314,control,noise,0,2157751795098183592490,636672777386355267
2782,11305315,poincare,arb,1,30660165560081726148,100954852485005351790729
2783,11305315,control,arb,1,30627025190752226029,100845800239686956541197
2784,11305315,poincare,noise,1,2068349183832862208,6599704037991918844721
2785,11305315,control,noise,1,2068349183832862208,6599689775409119039783
2786,11305316,poincare,arb,0,23971176392633361196094,7474098988210136373
2787,11305316,control,arb,0,23951987497884927342484,7468132121270922232
2788,11305316,poincare,noise,0,6081103918462237315968,1879290541100184758
2789,11305316,control,noise,0,6081103918462237315968,1879286824739285899
2790,11305317,poincare,arb,1,2323345402319808466,7514821500479468548169
2791,11305317,control,arb,1,2322851538178029481,7513238962931507769491
2792,11305317,poincare,noise,1,2038186878940344230,6565164668716797753111
2793,11305317,control,noise,1,2038186878940344230,6565150621372700632583
2794,11305318,poincare,arb,1,80840328019075021,259869064886292380619
2795,11305318,control,arb,1,78501345668418860,252349639609980496349
2796,11305318,poincare,noise,0,9037087335335792974586,2803993215165575277
2797,11305318,control,noise,0,9037087335335792974586,2803984961919180317
2798,11305319,poincare,arb,1,14616123923097501305,46584095855008635544142
2799,11305319,control,arb,1,14603077439308922684,46542651464885175876670
2800,11305319,poincare,noise,1,278586041726315818,875481029873018372972
2801,11305319,control,noise,1,278586041726315818,875480776757699618138
2802,11305320,poincare,arb,0,28264635610764268315907,8921043362801576964
2803,11305320,control,arb,0,28234403207276505184758,8911503817922726674
2804,11305320,poincare,noise,1,1897597618394200248,6052099262488271705990
2805,11305320,control,noise,1,1897597618394200248,6052087264844970807844
2806,11305321,poincare,arb,0,12022945164965182006986,3763058492444065446
2807,11305321,control,arb,0,12016342547277686177403,3760999396625988104
2808,11305321,poincare,noise,0,4932288343548311910854,1536021802588150269
2809,11305321,control,noise,0,4932288343548311910854,1536019328993680472
2810,11305322,poincare,arb,1,17612300120009367878,55704842931728347284488
2811,11305322,control,arb,1,17594552649500658529,55648800183107916830949
2812,11305322,poincare,noise,0,7723821731004731581328,2477173334432428816
2813,11305322,control,noise,0,7723821731004731581328,2477166997604400246
2814,11305323,poincare,arb,0,27805309878931431154209,8823502848632437658
2815,11305323,control,arb,0,27766092821454843476535,8811035498451701292
2816,11305323,poincare,noise,0,2577110319081342114063,810418656824107107
2817,11305323,control,noise,0,2577110319081342114063,810417971352300373
2818,11305324,poincare,arb,1,1278878541935714479,4065002010702169967123
2819,11305324,control,arb,1,1278360770416278038,4063359675768970731641
2820,11305324,poincare,noise,1,1886671181866731584,5979021952037664953541
2821,11305324,control,noise,1,1886671181866731584,5979010204911449534297
2822,11305325,poincare,arb,1,2182095324589090423,6888784775216504360879
2823,11305325,control,arb,1,2177604219889591704,6874593036550817675460
2824,11305325,poincare,noise,0,8687178605254735027790,2750282106081321617
2825,11305325,control,noise,0,8687178605254735027790,2750274245273136912
2826,11305326,poincare,arb,0,9266391750921917143360,2918016859173008328
2827,11305326,control,arb,0,9246574598949330401777,2911768051263382485
2828,11305326,poincare,noise,0,5247566297833775131792,1645365327239858941
2829,11305326,control,noise,0,5247566297833775131792,1645362498719934827
2830,11305327,poincare,arb,0,907517901806351139239,284031572353259476
2831,11305327,control,arb,0,900723919519347608555,281904732466502559
2832,11305327,poincare,noise,1,2378652736533003852,7585060113373127632281
2833,11305327,control,noise,1,2378652736533003852,7585041270815176105129
2834,11305328,poincare,arb,1,2532598814708516891,8038567820968063387201
2835,11305328,control,arb,1,2527177774969027317,8021341302130170197861
2836,11305328,poincare,noise,0,3332029217690913661161,1051245435460858806
2837,11305328,control,noise,0,3332029217690913661161,1051244284076397747
2838,11305329,poincare,arb,0,14993116860582565514978,4704613518885970018
2839,11305329,control,arb,0,14972889563306953672517,4698261352831717662
2840,11305329,poincare,noise,0,5063591964488302017197,1579455305258413479
2841,11305329,control,noise,0,5063591964488302017197,1579452691954897846
2842,11305330,poincare,arb,0,3780362630049725129345,1176105084466223618
2843,11305330,control,arb,0,3770600672469052567301,1173066110056015967
2844,11305330,poincare,noise,0,8135843905200509544586,2522247281848035019
2845,11305330,control,noise,0,8135843905200509544586,2522240600162425636
2846,11305331,poincare,arb,1,10862882020906890724,34764074864488411974016
2847,11305331,control,arb,1,10853668946125497971,34734682621652445813725
2848,11305331,poincare,noise,0,958622378033520559545,302558775488011716
2849,11305331,control,noise,0,958622378033520559545,302558680098219722
2850,11305332,poincare,arb,1,11179273760578155088,35060623489946291114054
2851,11305332,control,arb,1,11167267946573854320,35022981699193979984910
2852,11305332,poincare,noise,0,7280837016967084184550,2340889776685401704
2853,11305332,control,noise,0,7280837016967084184550,2340884124561848053
2854,11305333,poincare,arb,1,4788076974770462205,14858348912500823374753
2855,11305333,control,arb,1,4785370117279524012,14849984854442799610175
2856,11305333,poincare,noise,0,2276239978522533744485,736294615915933543
2857,11305333,control,noise,0,2276239978522533744485,736294058007700477
2858,11305334,poincare,arb,1,60909649638244280,188419468599123491285
2859,11305334,control,arb,1,61654581693912501,190724004995829756529
2860,11305334,poincare,noise,0,8769772210992586859768,2827661307269394074
2861,11305334,control,noise,0,8769772210992586859768,2827653073729106992
2862,11305335,poincare,arb,0,34843895285472876581176,11089108545796222846
2863,11305335,control,arb,0,34795754516828383864945,11073755447987125519
2864,11305335,poincare,noise,0,7815982317429005735847,2455964433643873354
2865,11305335,control,noise,0,7815982317429005735847,2455958140824352536
2866,11305336,poincare,arb,0,3614276723678881751812,1131843280575355992
2867,11305336,control,arb,0,3601660003104094267703,1127889351037397891
2868,11305336,poincare,noise,0,939382086513202143193,293779080353488902
2869,11305336,control,noise,0,939382086513202143193,293778990005715909
2870,11305337,poincare,arb,0,1893680804096194173421,591726335008697014
2871,11305337,control,arb,0,1890553669117619447272,590749004429008423
2872,11305337,poincare,noise,0,538079080572751573308,168014766803365840
2873,11305337,control,noise,0,538079080572751573308,168014737227657580
2874,11305338,poincare,arb,1,14150111063495944902,44723823569091969403332
2875,11305338,control,arb,1,14134677595238689260,44675051341831355285451
2876,11305338,poincare,noise,0,8213651265538929944954,2627102551456190641
2877,11305338,control,noise,0,8213651265538929944954,2627095415147655030
2878,11305339,poincare,arb,1,27343750722814510254,83557858301209586843984
2879,11305339,control,arb,1,27316461348859229734,83474693361230601332969
2880,11305339,poincare,noise,1,1664741822408266750,4952408213398015282887
2881,11305339,control,noise,1,1664741822408266750,4952399893986717434828
2882,11305340,poincare,arb,0,31729084166305502570015,10578714227273236932
2883,11305340,control,arb,0,31699519750465901872912,10568874984029573141
2884,11305340,poincare,noise,1,1778665223755664798,5378027214350087266168
2885,11305340,control,noise,1,1778665223755664798,5378017483505114714730
2886,11305341,poincare,arb,0,1688700486539158088411,559128911032575172
2887,11305341,control,arb,0,1692763034744597495539,560475035283399019
2888,11305341,poincare,noise,1,2998372477950188330,9035498819096195118322
2889,11305341,control,noise,1,2998372477950188330,9035471321394530651638
2890,11305342,poincare,arb,0,8823779277198928556061,2928303675765198634
2891,11305342,control,arb,0,8823985475539561388725,2928381017713005653
2892,11305342,poincare,noise,1,2945053249377878332,8874113793085833035062
2893,11305342,control,noise,1,2945053249377878332,8874087267183482554171
2894,11305343,poincare,arb,0,27188895490619370307672,8973087053908727494
2895,11305343,control,arb,0,27168653107645453780227,8966433309855017296
2896,11305343,poincare,noise,1,3004217584763630164,9153108708489772224223
2897,11305343,control,noise,1,3004217584763630164,9153080645137710710059
2898,11305344,poincare,arb,0,35935520307014685596248,11699708897857262611
2899,11305344,control,arb,0,35905929816228364954214,11690110814055028792
2900,11305344,poincare,noise,1,154991913522015408,481186458728388773609
2901,11305344,control,noise,1,154991913522015408,481186381794317470701
2902,11305345,poincare,arb,0,21711306750778149853820,6948931010574327867
2903,11305345,control,arb,0,21687872865867321142780,6941431860215498834
2904,11305345,poincare,noise,1,2510305250534230368,7875855992257299158721
2905,11305345,control,noise,1,2510305250534230368,7875835512595127550527
2906,11305346,poincare,arb,1,1257584471953229929,3931638168666100932264
2907,11305346,control,arb,1,1253425475064859310,3918625535606938614729
2908,11305346,poincare,noise,0,6867972972322372241478,2194878325278336354
2909,11305346,control,noise,0,6867972972322372241478,2194873340936106045
2910,11305347,poincare,arb,1,10996769649063793598,34128624672357779860139
2911,11305347,control,arb,1,10987049136581521790,34098534363472477860352
2912,11305347,poincare,noise,1,130704225257062734,401451125549841682223
2913,11305347,control,noise,1,130704225257062734,401451071711334419813
2914,11305348,poincare,arb,0,6952849482626543502108,2259230134465081921
2915,11305348,control,arb,0,6945617994911683166810,2256880667446347575
2916,11305348,poincare,noise,1,704687065744228924,2171830828687078520472
2917,11305348,control,noise,1,704687065744228924,2171829256080535377813
2918,11305349,poincare,arb,0,1220584762689237604626,396152967863557670
2919,11305349,control,arb,0,1221633175544038594042,396493527818214416
2920,11305349,poincare,noise,0,6051914699361845481134,1959906018715465367
2921,11305349,control,noise,0,6051914699361845481134,1959902070255579277
2922,11305350,poincare,arb,1,21786008587031062681,66053921494693260677151
2923,11305350,control,arb,1,21764120585437130617,65987691276205594563787
2924,11305350,poincare,noise,1,2421824422485257298,7180833340430027097088
2925,11305350,control,noise,1,2421824422485257298,7180815826713332199320
2926,11305351,poincare,arb,1,15055529899289621653,43938997951767886830197
2927,11305351,control,arb,1,15036238394602688919,43882589392818653350367
2928,11305351,poincare,noise,1,2295167039713456690,6594087727602554104692
2929,11305351,control,noise,1,2295167039713456690,6594072723285655464183
2930,11305352,poincare,arb,0,85920494037742828380454,29182952436320639654
2931,11305352,control,arb,0,85832918541662998409575,29153273697282109201
2932,11305352,poincare,noise,0,6612397209402684919631,2182704074665003097
2933,11305352,control,noise,0,6612397209402684919631,2182699224469159249
2934,11305353,poincare,arb,0,900991931402356328633,296731487024347971
2935,11305353,control,arb,0,892698652044621686062,293999536107240513
2936,11305353,poincare,noise,0,6816760320126142068580,2239765895923268726
2937,11305353,control,noise,0,6816760320126142068580,2239760777125424629
2938,11305354,poincare,arb,1,2236200334361586625,6805930889584213037428
2939,11305354,control,arb,1,2236199151230795580,6805942843110256515047
2940,11305354,poincare,noise,0,8852631474147990901297,2906872325730653202
2941,11305354,control,noise,0,8852631474147990901297,2906863703576718433
2942,11305355,poincare,arb,1,5749064246125341411,17462453883727817694248
2943,11305355,control,arb,1,5745918412369239598,17452950361266118233089
2944,11305355,poincare,noise,0,2205135535691230912258,729358391489234121
2945,11305355,control,noise,0,2205135535691230912258,729357850101423187
2946,11305356,poincare,arb,1,13146945705842835295,39298913309225633455819
2947,11305356,control,arb,1,13133238630876495782,39257969195225345261941
2948,11305356,poincare,noise,0,7098857691329210768927,2398356659685324759
2949,11305356,control,noise,0,7098857691329210768927,2398350871869764235
2950,11305357,poincare,arb,1,23108690881025340120,67133023605350388553663
2951,11305357,control,arb,1,23085825025127212368,67066757889625697373561
2952,11305357,poincare,noise,0,2479327406374934634476,870759531652879718
2953,11305357,control,noise,0,2479327406374934634476,870758782844908502
2954,11305358,poincare,arb,1,3532881064529579535,10035352034673651794478
2955,11305358,control,arb,1,3529941865823348202,10027011694262414951819
2956,11305358,poincare,noise,0,5447220637617537706751,1920424628958901207
2957,11305358,control,noise,0,5447220637617537706751,1920420995368066441
2958,11305359,poincare,arb,1,6946731133966771595,19616262158587687368562
2959,11305359,control,arb,1,6941179462971985364,19600622369757029763122
2960,11305359,poincare,noise,1,553630923662435734,1552946678908834665519
2961,11305359,control,noise,1,553630923662435734,1552945836032893963609
2962,11305360,poincare,arb,1,17873289293462333644,49328139712491561720378
2963,11305360,control,arb,1,17852949657886512825,49271978009336550956467
2964,11305360,poincare,noise,1,2868256277222077204,7773007512414793769466
2965,11305360,control,noise,1,2868256277222077204,7772986050239789897273
2966,11305361,poincare,arb,1,3701545630334250026,9824393509799209868391
2967,11305361,control,arb,1,3694293882617838705,9954435873595837014117
2968,11305361,poincare,noise,1,1470553315503665032,3885724509079885085470
2969,11305361,control,noise,1,1470553315503665032,3944701615804579663685
2970,11305362,poincare,arb,0,13447537055022363848396,4997436872500919618
2971,11305362,control,arb,0,13540768251814079015060,5032260872466914113
2972,11305362,poincare,noise,0,7550407456283723929952,2786974989275339986
2973,11305362,control,noise,0,7550407456283723929952,2786967284651833060
2974,11305363,poincare,arb,0,19950275512102750704780,7299267398541231316
2975,11305363,control,arb,0,19918992836273750825307,7287801764436623882
2976,11305363,poincare,noise,1,2714107899185114446,7336267506621907163255
2977,11305363,control,noise,1,2714107899185114446,7447967135070101477737
2978,11305364,poincare,arb,0,15308446868039474228078,5564352786346077778
2979,11305364,control,arb,0,15355007579626118549244,5581391749298918056
2980,11305364,poincare,noise,0,6019170550811675439977,2173022933711570858
2981,11305364,control,noise,0,6019170550811675439977,2173018121866177316
2982,11305365,poincare,arb,1,4911258950408161233,13571217256248663413386
2983,11305365,control,arb,1,4908090406994918544,13562491694091794898751
2984,11305365,poincare,noise,0,4894416086840340239337,1776131176432221401
2985,11305365,control,noise,0,4894416086840340239337,1776127969521066890
2986,11305366,poincare,arb,1,1024185461302917058,2824174635200347168950
2987,11305366,control,arb,1,1025051045241695730,2826566572269937262538
2988,11305366,poincare,noise,0,3995663887444212324970,1448484259616000755
2989,11305366,control,noise,0,3995663887444212324970,1448482125334746881
2990,11305367,poincare,arb,1,5851109187555362451,16078115515858981603060
2991,11305367,control,arb,1,5846020302759912596,16064155567410147170098
2992,11305367,poincare,noise,0,5610915760556876479975,2048747550313676368
2993,11305367,control,noise,0,5610915760556876479975,2048743297048149898
2994,11305368,poincare,arb,1,1164548172338045999,3191826566616332535734
2995,11305368,control,arb,1,1165565514532997341,3194621559013498303382
2996,11305368,poincare,noise,1,1739670778233191926,4756017029326536894508
2997,11305368,control,noise,1,1739670778233191926,4756008651509653839102
2998,11305369,poincare,arb,0,11376106754106694131834,4152386011634215698
2999,11305369,control,arb,0,11368449588268408950010,4149598383649777009
3000,11305369,poincare,noise,1,912714231598248504,2507633878157685928270
3001,11305369,control,noise,1,912714231598248504,2507631554066979007859
3002,11305370,poincare,arb,0,13540354257915684203219,4911028583052626645
3003,11305370,control,arb,0,13527604834768555586728,4906408969091394412
3004,11305370,poincare,noise,1,1853517487366338452,5124145952208299147669
3005,11305370,control,noise,1,1853517487366338452,5124136281926639566750
3006,11305371,poincare,arb,0,35841913942405858957284,12839244238272717319
3007,11305371,control,arb,0,35806413258313894073474,12826551435203266467
3008,11305371,poincare,noise,0,5977702443119277807686,2113142076304850817
3009,11305371,control,noise,0,5977702443119277807686,2113137477825146080
3010,11305372,poincare,arb,1,8269912052343096745,23266577752385106690856
3011,11305372,control,arb,1,8262793981025255597,23246602352070812775981
3012,11305372,poincare,noise,1,1249749214065234610,3486441639904691016425
3013,11305372,control,noise,1,1249749214065234610,3486437182231203840529
3014,11305373,poincare,arb,0,15829199106942446828660,5652014608247858984
3015,11305373,control,arb,0,15814933945956802482076,5646928273135508922
3016,11305373,poincare,noise,1,132098534796394286,371774091665964518411
3017,11305373,control,noise,1,132098534796394286,371774041175884998524
3018,11305374,poincare,arb,0,12251941835260161109726,4337080357372526902
3019,11305374,control,arb,0,12238215553176978999635,4332221961802094948
3020,11305374,poincare,noise,0,5025015824486288491272,1769157815557851103
3021,11305374,control,noise,0,5025015824486288491272,1769154585288930252
3022,11305375,poincare,arb,1,4480297017078909247,12694874018780313346468
3023,11305375,control,arb,1,4477161362641879914,12686012338361878043043
3024,11305375,poincare,noise,0,662170436182555502905,234581009297092446
3025,11305375,control,noise,0,662170436182555502905,234580952641517873
3026,11305376,poincare,arb,1,4307243433074271128,12114483289444435072533
3027,11305376,control,arb,1,4302537861409496900,12101251397278156612643
3028,11305376,poincare,noise,0,6250024663207534319124,2226281523086744017
3029,11305376,control,noise,0,6250024663207534319124,2226276438627559917
3030,11305377,poincare,arb,0,24065945481187646322865,8490900031726186576
3031,11305377,control,arb,0,24030918700745431885788,8478522587653649427
3032,11305377,poincare,noise,1,2984385421420473194,8500302897252846513645
3033,11305377,control,noise,1,2984385421420473194,8500276693579623088939
3034,11305378,poincare,arb,1,2257486887501901442,6399870308405340631406
3035,11305378,control,arb,1,2251430478632377180,6382680995209411652477
3036,11305378,poincare,noise,0,6494412005030185955334,2290767394656185412
3037,11305378,control,noise,0,6494412005030185955334,2290761985113518875
3038,11305379,poincare,arb,1,7653410133420836094,21594503872395675501772
3039,11305379,control,arb,1,7647208778015111895,21577057371426836696824
3040,11305379,poincare,noise,0,5742913949819043589328,2045566128605561574
3041,11305379,control,noise,0,5742913949819043589328,2045561835662521313
3042,11305380,poincare,arb,0,18477963079614842309661,6531588078541517394
3043,11305380,control,arb,0,18449978511158447249211,6521682409975761930
3044,11305380,poincare,noise,0,8668234197621220413804,3037992301336057725
3045,11305380,control,noise,0,8668234197621220413804,3037982759817790711
3046,11305381,poincare,arb,0,54081432423637729652061,18587800291526478785
3047,11305381,control,arb,0,54008932062108928616370,18562823600196805529
3048,11305381,poincare,noise,0,2843700583161111730477,960258192176008287
3049,11305381,control,noise,0,2843700583161111730477,960257220106467431
3050,11305382,poincare,arb,1,1983367813350348011,5868057349802483930950
3051,11305382,control,arb,1,1982184750260843006,5864563037070959556671
3052,11305382,poincare,noise,0,3703905896392107523570,1252732076582723141
3053,11305382,control,noise,0,3703905896392107523570,1252730423735175146
3054,11305383,poincare,arb,1,9066814582013046368,26618126973623171930218
3055,11305383,control,arb,1,9057784613364571945,26591652102891551228821
3056,11305383,poincare,noise,1,2001573132478087808,5817473301802175055680
3057,11305383,control,noise,1,2001573132478087808,5817461146723923151162
3058,11305384,poincare,arb,0,869423066816813256357,299595970747627681
3059,11305384,control,arb,0,875127841408711530854,301562418797208495
3060,11305384,poincare,noise,0,2461891904615961479033,847469330582994030
3061,11305384,control,noise,0,2461891904615961479033,847468580657984820
3062,11305385,poincare,arb,1,3084884789100735201,8943503488621538606062
3063,11305385,control,arb,1,3082298950865827175,8936014696912636277676
3064,11305385,poincare,noise,1,1506629728917237828,4349883064043689316579
3065,11305385,control,noise,1,1506629728917237828,4349876243981158751429
3066,11305386,poincare,arb,0,6458257783240005532584,2235419825601654904
3067,11305386,control,arb,0,6455814967297169674094,2234577788530651098
3068,11305386,poincare,noise,0,4150412461821760257629,1431857362909767492
3069,11305386,control,noise,0,4150412461821760257629,1431855225055601253
3070,11305387,poincare,arb,0,11027857876799597001346,3786620658673473232
3071,11305387,control,arb,0,11010321049176689581947,3780593417192790398
3072,11305387,poincare,noise,1,1278203197837497940,3730986622693815022013
3073,11305387,control,noise,1,1278203197837497940,3730981632153266737937
3074,11305388,poincare,arb,0,24032025578283325438013,8181681486120260992
3075,11305388,control,arb,0,24008564962510947302468,8173705273677131247
3076,11305388,poincare,noise,0,4523763336812842681720,1526584593756427210
3077,11305388,control,noise,0,4523763336812842681720,1526582136830075492
3078,11305389,poincare,arb,1,7628083857488875956,22479467382910216419686
3079,11305389,control,arb,1,7621031786974004415,22458721535084386215923
3080,11305389,poincare,noise,1,1067964726457140704,3122440373677027104175
3081,11305389,control,noise,1,1067964726457140704,3122436880882535723282
3082,11305390,poincare,arb,0,12838804931819423270562,4378067139031204457
3083,11305390,control,arb,0,12827575244829147976317,4374242678527574114
3084,11305390,poincare,noise,0,2784329930312277810073,944887633371711224
3085,11305390,control,noise,0,2784329930312277810073,944886694497347909
3086,11305391,poincare,arb,1,6669982470370807481,19552878133715111587415
3087,11305391,control,arb,1,6663366811963759275,19533503914336423176036
3088,11305391,poincare,noise,1,1734797705241173816,5046917807971051094189
3089,11305391,control,noise,1,1734797705241173816,5046908662912703552169
3090,11305392,poincare,arb,0,12540385767051996957401,4300555537441251197
3091,11305392,control,arb,0,12531718741157135171194,4297591085509536276
3092,11305392,poincare,noise,0,5134300321974037453640,1751117093177625343
3093,11305392,control,noise,0,5134300321974037453640,1751113877803059128
3094,11305393,poincare,arb,0,52503114550012147412751,17592837182537187987
3095,11305393,control,arb,0,52436520835004444416292,17570490579117485310
3096,11305393,poincare,noise,1,146213640329898912,443375450745922001268
3097,11305393,control,noise,1,146213640329898912,443375381565058844884
3098,11305394,poincare,arb,1,896988895680018992,2717396370226265750329
3099,11305394,control,arb,1,895783589499430335,2713744514033347010043
3100,11305394,poincare,noise,0,2182405561010665062493,720510373866006152
3101,11305394,control,noise,0,2182405561010665062493,720509820328042890
3102,11305395,poincare,arb,0,1444363551578223618129,476323384508017109
3103,11305395,control,arb,0,1440173217413880802822,474941127828107543
3104,11305395,poincare,noise,0,1543603704196454977962,508588412642259746
3105,11305395,control,noise,0,1543603704196454977962,508588136534030078
3106,11305396,poincare,arb,1,465726242174367650,1413569737397802110543
3107,11305396,control,arb,1,465775488605812774,1413719977392873771040
3108,11305396,poincare,noise,0,2400964700242897803436,790804044999831612
3109,11305396,control,noise,0,2400964700242897803436,790803377423023661
3110,11305397,poincare,arb,1,1745691475658903624,5295437454940845128306
3111,11305397,control,arb,1,1744587540325153737,5292093208947994377793
3112,11305397,poincare,noise,0,4078262211532424090806,1344935633746209025
3113,11305397,control,noise,0,4078262211532424090806,1344933704517662893
3114,11305398,poincare,arb,1,4454103650723160538,13467615779217943249878
3115,11305398,control,arb,1,4450509418659841324,13456767410376596878174
3116,11305398,poincare,noise,0,5592993668645237033886,1854193585843799159
3117,11305398,control,noise,0,5592993668645237033886,1854189929497281037
3118,11305399,poincare,arb,0,5720872074452067145228,1890058953605195262
3119,11305399,control,arb,0,5707800142745820019328,1885736536565480991
3120,11305399,poincare,noise,1,351637168927215978,1065853282133045074441
3121,11305399,control,noise,1,351637168927215978,1065852882292474576421
3122,11305400,poincare,arb,1,2616871859021707374,7910379800961047972795
3123,11305400,control,arb,1,2613442072230539099,7900009147396362153706
3124,11305400,poincare,noise,1,732954950128487222,2208780107621402608388
3125,11305400,control,noise,1,732954950128487222,2208778385814014403009
3126,11305401,poincare,arb,1,510841031518510315,1537673975298090967176
3127,11305401,control,arb,1,509403961599370272,1533347080077086960677
3128,11305401,poincare,noise,0,5616373457320874533810,1863532665223904081
3129,11305401,control,noise,0,5616373457320874533810,1863528973541217468
3130,11305402,poincare,arb,1,3062619022044259969,9220057445007186504339
3131,11305402,control,arb,1,3061229917513112480,9215893783174212018699
3132,11305402,poincare,noise,0,6894895420973521258661,2291896819977327176
3133,11305402,control,noise,0,6894895420973521258661,2291891242189944744
3134,11305403,poincare,arb,0,10656071266040328347732,3523221140957803705
3135,11305403,control,arb,0,10635793047867973087842,3516507987360602364
3136,11305403,poincare,noise,0,2764285845918489871727,910229386563225079
3137,11305403,control,noise,0,2764285845918489871727,910228502061339349
3138,11305404,poincare,arb,0,19104084499232903327639,6249064564513315319
3139,11305404,control,arb,0,19078817994382150095172,6240793669614732358
3140,11305404,poincare,noise,1,1024606403564991286,3147525037499556075460
3141,11305404,control,noise,1,1024606403564991286,3147521575004487591520
3142,11305405,poincare,arb,1,3206045709006932442,9810206930770149438048
3143,11305405,control,arb,1,3201157654230237653,9795239154326801258024
3144,11305405,poincare,noise,1,714280751417778682,2177709646951293324204
3145,11305405,control,noise,1,714280751417778682,2177707982946619548818
3146,11305406,poincare,arb,1,2602001444844907020,7908748460886686266661
3147,11305406,control,arb,1,2598169844278616279,7897096328166396846918
3148,11305406,poincare,noise,0,6395844205646547931930,2105218268789300052
3149,11305406,control,noise,0,6395844205646547931930,2105213539069445299
3150,11305407,poincare,arb,1,3650975651382602028,11076199587823032520910
3151,11305407,control,arb,1,3649184968444059415,11070791950212156288350
3152,11305407,poincare,noise,1,2503203237381347014,7551171008733946467168
3153,11305407,control,noise,1,2503203237381347014,7551150911694371214777
3154,11305408,poincare,arb,1,678870336310446921,2041896464593465390443
3155,11305408,control,arb,1,675193799096371275,2030832823703653930745
3156,11305408,poincare,noise,1,588756471519889536,1768792358112829550215
3157,11305408,control,noise,1,588756471519889536,1768791252178406156858
3158,11305409,poincare,arb,1,281474795045138526,844955118882050325270
3159,11305409,control,arb,1,280469338206292851,841936326110543055079
3160,11305409,poincare,noise,1,259123800969785206,777474117385249821426
3161,11305409,control,noise,1,259123800969785206,777473903542401050226
3162,11305410,poincare,arb,0,5007432829971393669613,1666767490121406176
3163,11305410,control,arb,0,5002545362499527222005,1665141112136273540
3164,11305410,poincare,noise,0,2035407876054939619979,676046650426558300
3165,11305410,control,noise,0,2035407876054939619979,676046164557346165
3166,11305411,poincare,arb,1,4177138434260037545,12535985719875787654197
3167,11305411,control,arb,1,4173092820603844515,12523853453189283693039
3168,11305411,poincare,noise,0,4421289261371348587096,1476884078077385649
3169,11305411,control,noise,0,4421289261371348587096,1476881766740053934
3170,11305412,poincare,arb,1,1360061888570638609,4071999094299920735670
3171,11305412,control,arb,1,1360194552467915644,4072402660800823139903
3172,11305412,poincare,noise,0,4885160119361123776767,1631254588850603943
3173,11305412,control,noise,0,4885160119361123776767,1631251768777157404
3174,11305413,poincare,arb,0,1962109964381487963282,653816850807667961
3175,11305413,control,arb,0,1954198694357489178327,651179521308778195
3176,11305413,poincare,noise,0,2812669257057240595828,935874230774717652
3177,11305413,control,noise,0,2812669257057240595828,935873300604561740
3178,11305414,poincare,arb,1,303473771614402248,912587615944150130848
3179,11305414,control,arb,1,304203510854760293,914782952004601263448
3180,11305414,poincare,noise,0,3504793852009654875652,1164569178140822214
3181,11305414,control,noise,0,3504793852009654875652,1164567736987682318
3182,11305415,poincare,arb,1,1590276370101601405,4784097079460846854885
3183,11305415,control,arb,1,1589783070951687534,4782618984811277024908
3184,11305415,poincare,noise,1,883186655525147642,2650898620121457551877
3185,11305415,control,noise,1,883186655525147642,2650896135252967043128
3186,11305416,poincare,arb,0,16392209829230179090700,5438465682701097378
3187,11305416,control,arb,0,16376330765501863546640,5433202557108284540
3188,11305416,poincare,noise,1,2826392966199541346,8539565544667484455747
3189,11305416,control,noise,1,2826392966199541346,8539539866304540712955
3190,11305417,poincare,arb,0,11802068682763869849060,3902328243797835001
3191,11305417,control,arb,0,11798273539641400181153,3901085118522312985
3192,11305417,poincare,noise,0,7113739876719333492429,2338640961388941833
3193,11305417,control,noise,0,7113739876719333492429,2338635121724440626
3194,11305418,poincare,arb,1,10096792231859313859,30494311801561567736618
3195,11305418,control,arb,1,10087822698805027051,30467298113544189253779
3196,11305418,poincare,noise,0,6113980622773221963709,2039452798099779702
3197,11305418,control,noise,0,6113980622773221963709,2039448388600832798
3198,11305419,poincare,arb,1,33585716943466247165,97855837662240738657703
3199,11305419,control,arb,1,33549264283664608278,97749840002638327695838
3200,11305419,poincare,noise,0,5981741737291949917440,2112362371426424181
3201,11305419,control,noise,0,5981741737291949917440,2112357773939726504
3202,11305420,poincare,arb,0,1749544520764476298756,616323740064055495
3203,11305420,control,arb,0,1740611866951749214688,613175639851564838
3204,11305420,poincare,noise,1,2739553683437797264,7645572570303480704546
3205,11305420,control,noise,1,2739553683437797264,7761980699930807542136
3206,11305421,poincare,arb,0,6572582140692446383920,2320537426233742742
3207,11305421,control,arb,0,6631961260435822507895,2341551580405077730
3208,11305421,poincare,noise,1,865481914897773038,2400917336967027534375
3209,11305421,control,noise,1,865481914897773038,2454529694624380129284
3210,11305422,poincare,arb,1,17853127006703450044,48983700815478217076631
3211,11305422,control,arb,1,17821557760252842829,49712250443394557164312
3212,11305422,poincare,noise,1,1987702366705332192,5360238004701021252929
3213,11305422,control,noise,1,1987702366705332192,5448215212677943545170
3214,11305423,poincare,arb,0,2352322823240673406963,858810711407428265
3215,11305423,control,arb,0,2807595241318203823369,1025177018670027644
3216,11305423,poincare,noise,0,1437833298325583317587,524302975474231582
3217,11305423,control,noise,0,1437833298325583317587,524302655145986525
3218,11305424,poincare,arb,0,31392610040271993545539,11328254396735138539
3219,11305424,control,arb,0,31349047901718598722654,11312527766892923251
3220,11305424,poincare,noise,1,1765548767189814826,4774270670766638217531
3221,11305424,control,noise,1,1765548767189814826,4934040295495374476886
3222,11305425,poincare,arb,0,8215035117966636757287,2936382716033027086
3223,11305425,control,arb,0,8290246466137958520956,2963347491218177249
3224,11305425,poincare,noise,1,2025717735084690090,5573269305497745524059
3225,11305425,control,noise,1,2025717735084690090,5671850122398083099728
3226,11305426,poincare,arb,0,6360876014191103652309,2271234023831402394
3227,11305426,control,arb,0,6409061598358903109353,2288480621671487966
3228,11305426,poincare,noise,0,4738576004942496619256,1686041047078869640
3229,11305426,control,noise,0,4738576004942496619256,1686037592045951892
3230,11305427,poincare,arb,0,6561185205122697803044,2326234953850958504
3231,11305427,control,arb,0,6545729595018796972902,2320750489949414796
3232,11305427,poincare,noise,1,219272351975796618,619621610427388389259
3233,11305427,control,noise,1,219272351975796618,619621444739286421820
3234,11305428,poincare,arb,0,100557355376486994532422,34499010034110969678
3235,11305428,control,arb,0,100420662176402747982791,34452122825591275517
3236,11305428,poincare,noise,0,1531107349125094931169,508915915261374810
3237,11305428,control,noise,0,1531107349125094931169,508915589408076627
3238,11305429,poincare,arb,0,3684726614273783526628,1222796734161984833
3239,11305429,control,arb,0,3677592490409894219866,1220428454606379324
3240,11305429,poincare,noise,1,2800774827485188386,8427521029850036613423
3241,11305429,control,noise,1,2800774827485188386,8427491362376332508866
3242,11305430,poincare,arb,1,740073561439625632,2219647534804849630390
3243,11305430,control,arb,1,735230452712026991,2205114196655104289697
3244,11305430,poincare,noise,0,4839166169961848219622,1612180616947953346
3245,11305430,control,noise,0,4839166169961848219622,1612177352304818186
3246,11305431,poincare,arb,0,13846643016291921863076,4586820122125800536
3247,11305431,control,arb,0,13821084902638920123731,4578344505076145992
3248,11305431,poincare,noise,0,1892355362256533320909,623859176359619352
3249,11305431,control,noise,0,1892355362256533320909,623858684707469394
3250,11305432,poincare,arb,0,12841993812471288487214,4214769920698264624
3251,11305432,control,arb,0,12821840434736502506184,4208152222516907037
3252,11305432,poincare,noise,0,5249386853188934597240,1713434688445083534
3253,11305432,control,noise,0,5249386853188934597240,1713430963140624852
3254,11305433,poincare,arb,0,2997747649869723062605,961405987798334617
3255,11305433,control,arb,0,2986467367659850848504,972371789180671641
3256,11305433,poincare,noise,0,4331654808293933302779,1386149272477113172
3257,11305433,control,noise,0,4331654808293933302779,1407236490499353916
3258,11305434,control,arb,0,2864626438983027993070,928617269897937048
3259,11305434,poincare,noise,0,2969419663251385436421,937627148239456901
3260,11305434,control,noise,0,2969419663251385436421,960894008298469521
3261,11305435,control,arb,0,19538765670965435749691,6280006543569581188
3262,11305435,poincare,noise,0,2514816735320697821510,794666852566816523
3263,11305435,control,noise,0,2514816735320697821510,802953054653558240
3264,11305436,poincare,arb,0,51863522075031121213228,16165841257737827193
3265,11305436,control,arb,0,29250552669846113633973,9251262464351953898
3266,11305436,poincare,noise,0,4402446195867347057744,1349815925514580059
3267,11305436,control,noise,0,4402446195867347057744,1378491038422307416
3268,11305437,control,arb,0,7026247737945537322103,2192611312654865342
3269,11305437,poincare,noise,0,6026754408961467891829,1813961757972363400
3270,11305437,control,noise,0,6026754408961467891829,1873455651159872051
3271,11305438,poincare,arb,1,2762950586051401107,8840124134357697569974
3272,11305438,control,arb,1,5169964965043953435,16579405968073073120339
3273,11305438,poincare,noise,0,8182868758126154705780,2455089512722416550
3274,11305438,control,noise,0,8182868758126154705780,2558014766497158583
3275,11305439,poincare,arb,1,3113403437844669788,9953271466434861882092
3276,11305439,control,arb,1,3163727653421884006,10114686721772669102344
3277,11305439,poincare,noise,1,792099631311951798,2522928185088828344275
3278,11305439,control,noise,1,792099631311951798,2522925037571137785464
3279,11305440,control,arb,0,13881525274408563624210,4343596828549453974
3280,11305440,poincare,noise,0,9784765837320255990440,3000067614463208878
3281,11305440,control,noise,0,9784765837320255990440,3040307281324101182
3282,11305441,poincare,arb,1,13518545913773387502,42726283695809665617022
3283,11305441,control,arb,1,17850513995722067915,56651901751177390391573
3284,11305441,poincare,noise,0,7698786720143759855971,2392493689990335635
3285,11305441,control,noise,0,7698786720143759855971,2461395308213745155
3286,11305442,poincare,arb,1,62548248857966198,196065855567751673658
3287,11305442,control,arb,1,100999986495714320,316609438065084831734
3288,11305442,poincare,noise,0,1007672613200807083278,317209246455127294
3289,11305442,control,noise,0,1007672613200807083278,321386042546561685
3290,11305443,control,arb,0,18914583595659998194264,5996803168717346173
3291,11305443,poincare,noise,0,5924461655347829298414,1885640376682339738
3292,11305443,control,noise,0,5924461655347829298414,1864458925743180581
3293,11305444,poincare,arb,0,14780316208984690757262,4675341955496616053
3294,11305444,control,arb,1,1314266762775830960,4178355537181079344696
3295,11305444,poincare,noise,0,659926000130151159778,207791631295143475
3296,11305444,control,noise,0,659926000130151159778,207791560712502345
3297,11305445,poincare,arb,1,7406404499513512837,23363326886993275413821
3298,11305445,control,arb,1,7393954565897425220,23324061790146245037311
3299,11305445,poincare,noise,0,5172231259089171849468,1648558048900026639
3300,11305445,control,noise,0,5172231259089171849468,1648553636149812428
3301,11305446,poincare,arb,1,6006021426668400858,18766815837950776563985
3302,11305446,control,arb,1,5998480864493345861,18743304264387671523627
3303,11305446,poincare,noise,0,6832765578278416696992,2194541476531646310
3304,11305446,control,noise,0,6832765578278416696992,2194533688672485499
3305,11305447,poincare,arb,1,14087173302426157805,43379272091418757149906
3306,11305447,control,arb,1,14066597435681510545,43316065608618666270734
3307,11305447,poincare,noise,0,4966183207520028060009,1631528131513357315
3308,11305447,control,noise,0,4966183207520028060009,1631523874297037163
3309,11305448,poincare,arb,1,4567810571843968204,13866301622837157153560
3310,11305448,control,arb,1,4562728070404927728,13850909038560073095084
3311,11305448,poincare,noise,1,2977476434150182404,8975978660352625542564
3312,11305448,control,noise,1,2977476434150182404,8975936149351993326379
3313,11305449,poincare,arb,0,19013316032429583062212,6287801015871725419
3314,11305449,control,arb,0,18995914138754746859663,6282075872931946198
3315,11305449,poincare,noise,1,2304249430936487412,6993263306708430617864
3316,11305449,control,noise,1,2304249430936487412,6993237580704840849780
3317,11305450,poincare,arb,1,232564623345082144,704170505632549440373
3318,11305450,control,arb,1,228177252042401674,690883667337014299351
3319,11305450,poincare,noise,0,6714405331340126823955,2213501770047834655
3320,11305450,control,noise,0,6714405331340126823955,2213493949634568393
3321,11305451,poincare,arb,0,122027382513539532479,40144583096244529
3322,11305451,control,arb,0,110203903117860338278,36254765320583692
3323,11305451,poincare,noise,0,6252092204635955990164,2052839834631664620
3324,11305451,control,noise,0,6252092204635955990164,2052833094275272785
3325,11305452,poincare,arb,1,1548991013676498778,4719774739983885935465
3326,11305452,control,arb,1,1549855670202435444,4722424853680498400853
3327,11305452,poincare,noise,0,5098325562647250022123,1673036276801798997
3328,11305452,control,noise,0,5098325562647250022123,1673031797753227505
3329,11305453,poincare,arb,1,3628260237470717103,11036643900731473398096
3330,11305453,control,arb,1,3624874236043367460,11026373692941225905936
3331,11305453,poincare,noise,1,1380316174010689318,4179358143210405529871
3332,11305453,control,noise,1,1380316174010689318,4179348940251649698705
3333,11305454,poincare,arb,0,8195397657283933935336,2703391337711039468
3334,11305454,control,arb,0,8188442790931072147467,2701103104564936011
3335,11305454,poincare,noise,0,2266347589594140708811,745219298826332089
3336,11305454,control,noise,0,2266347589594140708811,745218410668022918
3337,11305455,poincare,arb,0,6285952763620051691623,2061588436285008892
3338,11305455,control,arb,0,6271161724017339330806,2056735004242598205
3339,11305455,poincare,noise,0,6242153911019964996919,2039468238703625032
3340,11305455,control,noise,0,6242153911019964996919,2039461569378258437
3341,11305456,poincare,arb,1,4996016916929442116,15249467571501463324184
3342,11305456,control,arb,1,4990896953311207306,15233889595101679459371
3343,11305456,poincare,noise,1,484842982919364000,1472415282081666491424
3344,11305456,control,noise,1,484842982919364000,1472414141045325956986
3345,11305457,poincare,arb,0,491756103298952178491,161975734610873019
3346,11305457,control,arb,0,493450993523334044096,162534127330833430
3347,11305457,poincare,noise,1,303499268581425422,921299316437156422465
3348,11305457,control,noise,1,303499268581425422,921298869578815387448
3349,11305458,poincare,arb,1,1214806043525928456,3682493947839340065365
3350,11305458,control,arb,1,1212180163578675629,3674532222453692720815
3351,11305458,poincare,noise,0,6014642891751131236655,1982745582956155120
3352,11305458,control,noise,0,6014642891751131236655,1982739307318057399
3353,11305459,poincare,arb,0,53463144273686787622753,17310972433279276614
3354,11305459,control,arb,0,53360278580351419781832,17277610593267126892
3355,11305459,poincare,noise,0,6064741009885569264862,1928842049380756191
3356,11305459,control,noise,0,6064741009885569264862,1928836002833818976
3357,11305460,poincare,arb,1,15428815879781325924,47905204080900455900567
3358,11305460,control,arb,1,15405461887148048265,47832841801663312538656
3359,11305460,poincare,noise,1,2823328044624016950,8618367640330914010766
3360,11305460,control,noise,1,2823328044624016950,8618328691002542011146
3361,11305461,poincare,arb,0,36042270688802484447929,11710040846380996420
3362,11305461,control,arb,0,35994802624581247289627,11694671446855719201
3363,11305461,poincare,noise,1,1412845874255319628,4390360854869439523644
3364,11305461,control,noise,1,1412845874255319628,4390350830402521148219
3365,11305462,poincare,arb,0,16711599609212131030282,5358080473077816021
3366,11305462,control,arb,0,16690280238388888217337,5351257265428046863
3367,11305462,poincare,noise,1,1886546925030198056,5903167047564358126391
3368,11305462,control,noise,1,1886546925030198056,5903148991325085780941
3369,11305463,poincare,arb,0,10310881739173545321458,3290835732697737587
3370,11305463,control,arb,0,10303240624824936741832,3288407042110409229
3371,11305463,poincare,noise,1,2529432094501093860,7930894974559965354415
3372,11305463,control,noise,1,2529432094501093860,7930862426211409252143
3373,11305464,poincare,arb,1,4447815694245340010,13855131855148614607497
3374,11305464,control,arb,1,4435748677875586341,13817485887505520859752
3375,11305464,poincare,noise,0,4850845866684950673795,1561442425673846204
3376,11305464,control,noise,0,4850845866684950673795,1561438486264731609
3377,11305465,poincare,arb,0,4394995377596062923475,1410786780986758601
3378,11305465,control,arb,0,4379004872310177445489,1405650306929508784
3379,11305465,poincare,noise,0,1686590931611618415058,540406464586817253
3380,11305465,control,noise,0,1686590931611618415058,540405991406727479
3381,11305466,poincare,arb,0,1418153041878592304026,453972771618700720
3382,11305466,control,arb,0,1412783446661918544882,452253484961625392
3383,11305466,poincare,noise,0,8799296711371254168834,2808193254228369432
3384,11305466,control,noise,0,8799296711371254168834,2808180465073482702
3385,11305467,poincare,arb,1,1990469737884399324,6241789480126071146709
3386,11305467,control,arb,1,1991871185883820118,6246212639881838360601
3387,11305467,poincare,noise,0,4331485311676237488364,1382073782466297602
3388,11305467,control,noise,0,4331485311676237488364,1382070682307845280
3389,11305468,poincare,arb,1,2490464482752152250,7797138525462129915325
3390,11305468,control,arb,1,2488544442113815502,7791144744629221101638
3391,11305468,poincare,noise,1,1254215225826434034,3912948427854668870399
3392,11305468,control,noise,1,1254215225826434034,3912940480226427525172
3393,11305469,poincare,arb,0,1438332263105335917369,461369929752599960
3394,11305469,control,arb,0,1442604116721512217505,462741140501605630
3395,11305469,poincare,noise,0,6485921525379580110767,2075537846479904104
3396,11305469,control,noise,0,6485921525379580110767,2075530867219163363
3397,11305470,poincare,arb,0,60986293887440973290151,19129025427860739776
3398,11305470,control,arb,0,60869601983621353825866,19092359521208263165
3399,11305470,poincare,noise,1,646854617786808568,2098614870548622151425
3400,11305470,control,noise,1,646854617786808568,2098612628118287017856
3401,11305471,poincare,arb,0,60430748413422069653818,18312589889305329799
3402,11305471,control,arb,0,60329861863646391388226,18282037338620663859
3403,11305471,poincare,noise,1,1889866241178171726,6335685263300754928388
3404,11305471,control,noise,1,1889866241178171726,6335665169707634222901
3405,11305472,poincare,arb,1,4251853937629894324,14169682356360114991568
3406,11305472,control,arb,1,4241231950253201382,14134238809528517376988
3407,11305472,poincare,noise,0,506495688050130299417,150297330685676006
3408,11305472,control,noise,0,506495688050130299417,152586083611911017
3409,11305473,poincare,arb,1,1461045099754887281,4843681093420498247520
3410,11305473,control,arb,1,1459922911791142041,4839967375384148848892
3411,11305473,poincare,noise,0,2984321946254427830924,900675797011825120
3412,11305473,control,noise,0,2984321946254427830924,900674442090634472
3413,11305474,poincare,arb,0,6054516508030647537095,1822474065918367918
3414,11305474,control,arb,0,6038874047285930289339,1817762783806790966
3415,11305474,poincare,noise,0,2278938638237245539700,684326616122717923
3416,11305474,control,noise,0,2278938638237245539700,684325831889922853
3417,11305475,poincare,arb,1,2071325743685087936,6888681586606543605931
3418,11305475,control,arb,1,2068924642252734343,6880704043531977481619
3419,11305475,poincare,noise,0,1291521157533705202545,386935195236970966
3420,11305475,control,noise,0,1291521157533705202545,388972785955729958
3421,11305476,control,arb,0,3630587280941696517935,1091874269628421679
3422,11305476,poincare,noise,1,1577878288858554886,5233073681690578821267
3423,11305476,control,noise,1,1577878288858554886,5244133638754525872257
3424,11305477,poincare,arb,0,41015895932504801711717,12239876677338355371
3425,11305477,control,arb,0,37328794681814972043910,11127850412673124382
3426,11305477,poincare,noise,0,9910510056852006811749,2914287032560217097
3427,11305477,control,noise,0,9910510056852006811749,2914272667736527910
3428,11305478,poincare,arb,1,12980297677625857357,43712574582507355227618
3429,11305478,control,arb,1,12962853364261618699,43654044121332518713782
3430,11305478,poincare,noise,0,4838633571100348240811,1436966240191180813
3431,11305478,control,noise,0,4838633571100348240811,1453008047441457998
3432,11305479,poincare,arb,1,22693235295202439169,74050203785746316445051
3433,11305479,control,arb,1,22664285946108933547,73956492993641264190325
3434,11305479,poincare,noise,0,2587214555212869688779,809648680899760727
3435,11305479,control,noise,0,2587214555212869688779,809647600197564242
3436,11305480,poincare,arb,0,2323632616755791068205,726106105166196534
3437,11305480,control,arb,0,2315091136731945654643,723436033953590350
3438,11305480,poincare,noise,0,2775323697270617788129,865946487361668694
3439,11305480,control,noise,0,2775323697270617788129,865945249345205798
3440,11305481,poincare,arb,1,2279255838610629450,7295153620319279522931
3441,11305481,control,arb,1,2276796419109694173,7287292240063085863710
3442,11305481,poincare,noise,1,1350423744994363320,4307438315867279753048
3443,11305481,control,noise,1,1350423744994363320,4307428737373124638048
3444,11305482,poincare,arb,1,935051254119596132,2976090679049638966041
3445,11305482,control,arb,1,931076107191514417,2963431950990030542213
3446,11305482,poincare,noise,1,196901371666453630,626029966296954506453
3447,11305482,control,noise,1,196901371666453630,626029763534083134840
3448,11305483,poincare,arb,0,8702022541374866201451,2730446065758499148
3449,11305483,control,arb,0,8687975693127586731856,2726039449010653661
3450,11305483,poincare,noise,0,629949803891334375821,197113944006426131
3451,11305483,control,noise,0,629949803891334375821,197113879929713276
3452,11305484,poincare,arb,0,22029752144643880969902,6847240530540796179
3453,11305484,control,arb,0,21990339924152784882002,6834988286427451774
3454,11305484,poincare,noise,0,1821038545040375705065,562041087318436230
3455,11305484,control,noise,0,1821038545040375705065,562040562865133307
3456,11305485,poincare,arb,0,2651920955129442876023,817406841994191735
3457,11305485,control,arb,0,2644141097015297133286,815008080434398195
3458,11305485,poincare,noise,1,814037615586660516,2640998624566722932735
3459,11305485,control,noise,1,814037615586660516,2640995053341765388552
3460,11305486,poincare,arb,0,2913485988790273138782,897954761685354107
3461,11305486,control,arb,0,2913008477876955730511,897808803849168224
3462,11305486,poincare,noise,1,220010211259495074,714302401747579599506
3463,11305486,control,noise,1,220010211259495074,714302140524988732805
3464,11305487,poincare,arb,1,390462631973702235,1266968560824466919834
3465,11305487,control,arb,1,389400831145254515,1263522779896686811092
3466,11305487,poincare,noise,1,2567394137626301600,8307208830492026545731
3467,11305487,control,noise,1,2567394137626301600,8307173478980297872331
3468,11305488,poincare,arb,1,26358654690434410826,82998045221970666417121
3469,11305488,control,arb,1,26308343357260788229,82839272535632461066181
3470,11305488,poincare,noise,1,2548032303794371802,7808504318725507446350
3471,11305488,control,noise,1,2548032303794371802,7808472222684493707363
3472,11305489,poincare,arb,0,9225143756295245643223,3009015181673533012
3473,11305489,control,arb,0,9222647686721098560758,3008213390067144828
3474,11305489,poincare,noise,1,2870142983115628316,8668508325722810705592
3475,11305489,control,noise,1,2870142983115628316,8800475315000951315961
3476,11305490,poincare,arb,0,14696363060725992501820,4784266938440646180
3477,11305490,control,arb,0,14751662820359451411146,4802387485532513602
3478,11305490,poincare,noise,1,619341974403254104,1883962309587960020623
3479,11305490,control,noise,1,619341974403254104,1909865152944207467398
3480,11305491,poincare,arb,0,4707254170085958698810,1525195658102272535
3481,11305491,control,arb,0,4715242124075776026994,1527791350785511152
3482,11305491,poincare,noise,1,144479809567040288,446485142356755938885
3483,11305491,control,noise,1,144479809567040288,446485036306553378961
3484,11305492,poincare,arb,0,3029032580693038973488,979414242650385885
3485,11305492,control,arb,0,3024479032312980868477,977942120305673084
3486,11305492,poincare,noise,0,509922128821841626259,164703793309006493
3487,11305492,control,noise,0,509922128821841626259,164703748671430375
3488,11305493,poincare,arb,0,12736351974045985907211,4097480599912514084
3489,11305493,control,arb,0,12712996683716169449553,4089965734835112332
3490,11305493,poincare,noise,1,1229820460579162020,3832938323446427031595
3491,11305493,control,noise,1,1229820460579162020,3832930544965414741264
3492,11305494,poincare,arb,1,392874188772703440,1222601609916426307479
3493,11305494,control,arb,1,390013119738653519,1213695666546242162429
3494,11305494,poincare,noise,0,7001803101853098490490,2246083274150203786
3495,11305494,control,noise,0,7001803101853098490490,2246074952434881830
3496,11305495,poincare,arb,1,2450946817751602670,7638970707820395931663
3497,11305495,control,arb,1,2450577288990310724,7637847279880542378733
3498,11305495,poincare,noise,0,692820566931321332714,222753485461146876
3499,11305495,control,noise,0,692820566931321332714,222753403628136033
3500,11305496,poincare,arb,0,2465050735143218562967,791804537642499189
3501,11305496,control,arb,0,2459482905237888519985,790015792141724132
3502,11305496,poincare,noise,1,853885481713014542,2658167392602884436723
3503,11305496,control,noise,1,853885481713014542,2658163648686185343137
3504,11305497,poincare,arb,0,4786703860158480790592,1536655939198403138
3505,11305497,control,arb,0,4782947167541543031545,1535452106170386567
3506,11305497,poincare,noise,1,1232665332986201182,3840859418655184271948
3507,11305497,control,noise,1,1232665332986201182,3840851607039796161493
3508,11305498,poincare,arb,0,1974452308072170447341,634025161028065926
3509,11305498,control,arb,0,1977735269364151268527,635080658967380538
3510,11305498,poincare,noise,0,5762109730315509979484,1846010114419157798
3511,11305498,control,noise,0,5762109730315509979484,1846004488515838234
3512,11305499,poincare,arb,1,7103406292220820046,22064047933487103698928
3513,11305499,control,arb,1,7094131039767583214,22035305020822223146766
3514,11305499,poincare,noise,1,1663808639228161222,5125915376715046568454
3515,11305499,control,noise,1,1663808639228161222,5125901387331500107721
3516,11305500,poincare,arb,0,5163544750941256398338,1676003657183502844
3517,11305500,control,arb,0,5163464414979558413986,1675982155425143287
3518,11305500,poincare,noise,1,2920541716779798108,8987413806116346576680
3519,11305500,control,noise,1,2920541716779798108,8987370801074894317535
3520,11305501,poincare,arb,0,13838029395872401200684,4490227922357949278
3521,11305501,control,arb,0,13829433983225812664009,4487460315650335651
3522,11305501,poincare,noise,1,1298580673321751096,4013862383582874084790
3523,11305501,control,noise,1,1298580673321751096,4013853818304859866011
3524,11305502,poincare,arb,1,3999373932603803789,12301203049579707296918
3525,11305502,control,arb,1,3990032795087346169,12272445556796234725335
3526,11305502,poincare,noise,0,6898897422350334939540,2246630935106251113
3527,11305502,control,noise,0,6898897422350334939540,2246622671685000621
3528,11305503,poincare,arb,0,17265276182785540801404,5581652303671400228
3529,11305503,control,arb,0,17222670897273152727310,5567858057314742326
3530,11305503,poincare,noise,0,2554980578143033476913,821081592272431667
3531,11305503,control,noise,0,2554980578143033476913,821080480456579832
3532,11305504,poincare,arb,0,8068646510678295390212,2584735777035115802
3533,11305504,control,arb,0,8049915364615010527788,2578731890550857859
3534,11305504,poincare,noise,1,2625629840364325116,8195990376918603059501
3535,11305504,control,noise,1,2625629840364325116,8195954862038387842464
3536,11305505,poincare,arb,0,23189000690705380386380,7395531591600963955
3537,11305505,control,arb,0,23162530111438220955496,7387121495344484335
3538,11305505,poincare,noise,0,6940080872252254529838,2193528049389873138
3539,11305505,control,noise,0,6940080872252254529838,2193520053375540486
3540,11305506,poincare,arb,1,27671609208707819700,85500337897860630912115
3541,11305506,control,arb,1,27626679298961257320,85361823656273190738062
3542,11305506,poincare,noise,1,144221554443956216,434231054842577918250
3543,11305506,control,noise,1,144221554443956216,434230953219056190663
3544,11305507,poincare,arb,1,12881944222804590490,38327005912982454841264
3545,11305507,control,arb,1,12858977018498732659,38258663782224542276205
3546,11305507,poincare,noise,1,2348583244774502600,6891196376554812901481
3547,11305507,control,noise,1,2348583244774502600,6891170476097544276290
3548,11305508,poincare,arb,0,20288907492380357139074,6886158193462238002
3549,11305508,control,arb,0,20265259294027458369020,6878157726349983386
3550,11305508,poincare,noise,1,2895955188089019670,8563404486920055323858
3551,11305508,control,noise,1,2895955188089019670,8563364656241124656556
3552,11305509,poincare,arb,1,2316430583205034414,6817339080752158503631
3553,11305509,control,arb,1,2307240317168396926,6790260211582226029410
3554,11305509,poincare,noise,1,1852667461796991032,5431874625187603506800
3555,11305509,control,noise,1,1852667461796991032,5431858523032128818468
3556,11305510,poincare,arb,1,560521362451894869,1639813515098801791026
3557,11305510,control,arb,1,556266526324141856,1627361105100919234399
3558,11305510,poincare,noise,1,1054929206469038062,3081701083396809247375
3559,11305510,control,noise,1,1054929206469038062,3081695889227650053876
3560,11305511,poincare,arb,0,21791857982243886460545,7416827157009398776
3561,11305511,control,arb,0,21758863802410117994473,7405610117974145392
3562,11305511,poincare,noise,0,3903329031973541943281,1317995525593872873
3563,11305511,control,noise,0,3903329031973541943281,1317992731419654031
3564,11305512,poincare,arb,1,363349508801698965,1077019423377630039040
3565,11305512,control,arb,1,365029907554882777,1082002657225736535301
3566,11305512,poincare,noise,1,935849121546839658,2770707252686427903632
3567,11305512,control,noise,1,935849121546839658,2770703081786314697581
3568,11305513,poincare,arb,1,2359379106295875373,6964341721477269871484
3569,11305513,control,arb,1,2353569094260293905,6947181451010632981757
3570,11305513,poincare,noise,0,3166328404595936519994,1073944212242456047
3571,11305513,control,noise,0,3166328404595936519994,1073942360994907575
3572,11305514,poincare,arb,0,5948789311565279689827,2012031225638699598
3573,11305514,control,arb,0,5932717907712530734322,2006592010836830232
3574,11305514,poincare,noise,1,2392888391111499474,7072384806061697833420
3575,11305514,control,noise,1,2392888391111499474,7072357625271358153508
3576,11305515,poincare,arb,1,289821676063188568,854503509823171216385
3577,11305515,control,arb,1,285091631070686013,840554324384652691391
3578,11305515,poincare,noise,1,1490895159184778434,4388614480509256702645
3579,11305515,control,noise,1,1490895159184778434,4388603988799625505087
3580,11305516,poincare,arb,0,4383114421784774141317,1489029211276571752
3581,11305516,control,arb,0,4383113627554399661035,1489032501239832217
3582,11305516,poincare,noise,1,128431624500522760,378519578130551096231
3583,11305516,control,noise,1,128431624500522760,378519500081113284730
3584,11305517,poincare,arb,1,3496292568165428804,10270590620843837814448
3585,11305517,control,arb,1,3489901602281150849,10251814622049341844238
3586,11305517,poincare,noise,0,3706204879946957300350,1264218142250291264
3587,11305517,control,noise,0,3706204879946957300350,1264215584402562857
3588,11305518,poincare,arb,1,5833992084177229205,17032511578675138127825
3589,11305518,control,arb,1,5825932287265406037,17009015178135941153563
3590,11305518,poincare,noise,1,1171000788334562102,3397183973081689147828
3591,11305518,control,noise,1,1171000788334562102,3397177639435999164005
3592,11305519,poincare,arb,1,15264019206009673221,43635239795727206490741
3593,11305519,control,arb,1,15235041648957524844,43552320477713787624505
3594,11305519,poincare,noise,1,2787467891873160780,7840946627796709978901
3595,11305519,control,noise,1,2787467891873160780,7840912386913663982665
3596,11305520,poincare,arb,0,15254919018343489249153,5410497293147716294
3597,11305520,control,arb,0,15241812763674998853074,5405872474671617517
3598,11305520,poincare,noise,0,6007427620256389979038,2116443444858240705
3599,11305520,control,noise,0,6007427620256389979038,2116436393552400142
3600,11305521,control,arb,1,2474391614258130436,7021226554805623468016
3601,11305521,poincare,noise,1,987036229639950298,2804480001069923903540
3602,11305521,control,noise,1,987036229639950298,2792126031140090291394
3603,11305522,poincare,arb,1,640618166189798793,1817555841422974734898
3604,11305522,control,arb,0,5188874077165002024093,1832918686455200237
3605,11305522,poincare,noise,0,694968568667801433603,245035999615526656
3606,11305522,control,noise,0,694968568667801433603,245035905055732648
3607,11305523,poincare,arb,0,11936416370918796912066,4191959977445456730
3608,11305523,control,arb,0,11914145228087180112464,4184136941634269550
3609,11305523,poincare,noise,1,2435425537803925102,6945644634275940283267
3610,11305523,control,noise,1,2435425537803925102,6945617946743993004274
3611,11305524,poincare,arb,0,65601630226821145603144,22587636307714359481
3612,11305524,control,arb,0,65498183697418431498325,22552104751469648084
3613,11305524,poincare,noise,0,3892389399649848395156,1311598491140491436
3614,11305524,control,noise,0,3892389399649848395156,1311595721167709571
3615,11305525,poincare,arb,1,36855001527875724663,105940702444716745330201
3616,11305525,control,arb,1,36792330079089108778,105760775020572658454429
3617,11305525,poincare,noise,1,827325556412384704,2299096243541975570587
3618,11305525,control,noise,1,827325556412384704,2299093279109774331794
3619,11305526,poincare,arb,0,28379813169130629885563,10128547818070875153
3620,11305526,control,arb,0,28333825748157928279839,10112148282272642270
3621,11305526,poincare,noise,1,2626176141532460288,7407484130708187410604
3622,11305526,control,noise,1,2626176141532460288,7407453610618109848880
3623,11305527,poincare,arb,0,52226321542956918091015,18258109197886311607
3624,11305527,control,arb,0,52147268276404023096478,18230547610974233634
3625,11305527,poincare,noise,1,1181072710486784562,3430428865993448829149
3626,11305527,control,noise,1,1181072710486784562,3430422411600526948685
3627,11305528,poincare,arb,0,27160887444838109674947,9282898411640602162
3628,11305528,control,arb,0,27119040413580738861826,9268613602947790210
3629,11305528,poincare,noise,0,1408077534327775809534,477008694437838165
3630,11305528,control,noise,0,1408077534327775809534,477008328897866891
3631,11305529,poincare,arb,0,5999253163845326884423,2027712573087610176
3632,11305529,control,arb,0,5986192860421034905712,2023296716228434678
3633,11305529,poincare,noise,1,567415829584089314,1681007726896886631352
3634,11305529,control,noise,1,567415829584089314,1681006191858259520421
3635,11305530,poincare,arb,0,1538401766307365617985,519302670298844485
3636,11305530,control,arb,0,1538651668283137109594,519387501459294978
3637,11305530,poincare,noise,0,6559540503124537282935,2208733682390024005
3638,11305530,control,noise,0,6559540503124537282935,2208725827515491879
3639,11305531,poincare,arb,0,4452076758827249055207,1494046746489914359
3640,11305531,control,arb,0,4432661524312509324202,1487526009907522732
3641,11305531,poincare,noise,1,911038864239238860,2716230983327889377649
3642,11305531,control,noise,1,911038864239238860,2716226988816173672945
3643,11305532,poincare,arb,1,127322978809853832,379248879421668094518
3644,11305532,control,arb,1,125492181551433485,373795050069617897561
3645,11305532,poincare,noise,0,5723860604498373943942,1918492146528732445
3646,11305532,control,noise,0,5723860604498373943942,1918486205947901526
3647,11305533,poincare,arb,1,84101728478788817,251340543759488118971
3648,11305533,control,arb,1,87330110278657716,260989467967287051491
3649,11305533,poincare,noise,0,7720114185565931458048,2577352112307543428
3650,11305533,control,noise,0,7720114185565931458048,2577341372796500090
3651,11305534,poincare,arb,1,3978426503612022648,11901582245348613355657
3652,11305534,control,arb,1,3975945446868490323,11894209651381232330187
3653,11305534,poincare,noise,0,1716592837824715867822,575609200774304926
3654,11305534,control,noise,0,1716592837824715867822,575608665794666000
3655,11305535,poincare,arb,0,1317554734834263223409,441392696430837914
3656,11305535,control,arb,0,1312205049563322292200,439600095137533654
3657,11305535,poincare,noise,0,4972691480049640294414,1662690407032424662
3658,11305535,control,noise,0,4972691480049640294414,1662685939087901909
3659,11305536,poincare,arb,1,3497180314376695499,10441665099908383890803
3660,11305536,control,arb,1,3493941348636006234,10432022428640524902801
3661,11305536,poincare,noise,1,2841010757247799450,8433529425711290689644
3662,11305536,control,noise,1,2841010757247799450,8433490867897769747051
3663,11305537,poincare,arb,0,9013675525468724189168,3035904519514796161
3664,11305537,control,arb,0,9012614077709825169815,3035560890780718367
3665,11305537,poincare,noise,1,1738749032244985620,5168497278481681260324
3666,11305537,control,noise,1,1738749032244985620,5168482799244005492351
3667,11305538,poincare,arb,0,5102825546080322440038,1716690812301852774
3668,11305538,control,arb,0,5102926856563196369563,1716729704455746772
3669,11305538,poincare,noise,1,2586401406695389020,7681926665832790587757
3670,11305538,control,noise,1,2586401406695389020,7681894679416301305609
3671,11305539,poincare,arb,0,4960858904529584145081,1671650381520865350
3672,11305539,control,arb,0,4965624593827700616753,1673263233225921255
3673,11305539,poincare,noise,1,1639050455736941358,4864258550829970841047
3674,11305539,control,noise,1,1639050455736941358,4864245715056495878165
3675,11305540,poincare,arb,0,9368938218414444405555,3152576201120962839
3676,11305540,control,arb,0,9360982915146923033631,3149907614246602249
3677,11305540,poincare,noise,0,2797224852034294603363,937735554729437884
3678,11305540,control,noise,0,2797224852034294603363,937734134939491260
3679,11305541,poincare,arb,0,5855307662152717115026,1957725072933254045
3680,11305541,control,arb,0,5840051869664377816871,1952621334618177457
3681,11305541,poincare,noise,1,1338074507278267728,4004281451822161266555
3682,11305541,control,noise,1,1338074507278267728,4004272788456134515817
3683,11305542,poincare,arb,1,2687799453213772610,8013857143502328423777
3684,11305542,control,arb,1,2680701196417306118,7992675914983435847161
3685,11305542,poincare,noise,0,3838656338274962076243,1289110699634991007
3686,11305542,control,noise,0,3838656338274962076243,1289108019263626995
3687,11305543,poincare,arb,0,5237790620411868857121,1754084587665387202
3688,11305543,control,arb,0,5221787399261748153781,1748721630204310330
3689,11305543,poincare,noise,1,405876445891476964,1213464557299448436480
3690,11305543,control,noise,1,405876445891476964,1213463760987371948202
3691,11305544,poincare,arb,0,7175956983890979592562,2395821543165904480
3692,11305544,control,arb,0,7165443364076162203300,2392312953118143271
3693,11305544,poincare,noise,1,650938804210510358,1952808923772553869027
3694,11305544,control,noise,1,650938804210510358,1952806865246701294014
3695,11305545,poincare,arb,0,12411363482819139437881,4123955521979922968
3696,11305545,control,arb,0,12392921327383026224102,4117832040528920095
3697,11305545,poincare,noise,1,790528552533985334,2386450499740238022863
3698,11305545,control,noise,1,790528552533985334,2386447435268277186150
3699,11305546,poincare,arb,0,6903454616496271732751,2283675489414705954
3700,11305546,control,arb,0,6895487354564062556683,2281042833624473186
3701,11305546,poincare,noise,0,3055843811672071804559,1007818762497183878
3702,11305546,control,noise,0,3055843811672071804559,1007817109152309052
3703,11305547,poincare,arb,0,7414702860108337189887,2437607794271170869
3704,11305547,control,arb,0,7396241619193929325453,2431534612011823736
3705,11305547,poincare,noise,1,2365447779808791524,7195685874956716869104
3706,11305547,control,noise,1,2365447779808791524,7195658140756560930370
3707,11305548,poincare,arb,0,8990697818546120832220,2953916561472276285
3708,11305548,control,arb,0,8987505192485623404379,2952878997313551191
3709,11305548,poincare,noise,0,589448264216719030044,193102479030643174
3710,11305548,control,noise,0,589448264216719030044,193102418106082970
3711,11305549,poincare,arb,1,13152784948281246697,39673464143705743058356
3712,11305549,control,arb,1,13129934903708375104,39604552800709828685011
3713,11305549,poincare,noise,1,53561669508955508,159610781212215083423
3714,11305549,control,noise,1,53561669508955508,159610767410392829453
3715,11305550,poincare,arb,0,15554107045111342475452,5195066174049442178
3716,11305550,control,arb,0,15526964083267489477406,5186000882971885170
3717,11305550,poincare,noise,0,8069742102639657330532,2675900159587345942
3718,11305550,control,noise,0,8069742102639657330532,2675888544427019495
3719,11305551,poincare,arb,1,5893369530934901842,17720338600694431013286
3720,11305551,control,arb,1,5887685004983846304,17703323062489677902721
3721,11305551,poincare,noise,1,2182850333037347682,6515009927517421643440
3722,11305551,control,noise,1,2182850333037347682,6514986972576457995908
3723,11305552,poincare,arb,1,2780563007322703529,8261416003925612763476
3724,11305552,control,arb,1,2771811719323469397,8235385767230509894192
3725,11305552,poincare,noise,1,88268137158741522,261570405207777652583
3726,11305552,control,noise,1,88268137158741522,261570368037648786786
3727,11305553,poincare,arb,0,5194496419948375801763,1750251117591295957
3728,11305553,control,arb,0,5185798848788305713019,1747320776974019114
3729,11305553,poincare,noise,0,3615201081146752213474,1214825958045458331
3730,11305553,control,noise,0,3615201081146752213474,1214823578345386877
3731,11305554,poincare,arb,1,9563503869151668259,28244760686862303453191
3732,11305554,control,arb,1,9548781441008556013,28201334851731618016147
3733,11305554,poincare,noise,1,987645389100003170,2889042968005695906598
3734,11305554,control,noise,1,987645389100003170,2889038405921204804181
3735,11305555,poincare,arb,0,11189425248313426611963,3815405672221998499
3736,11305555,control,arb,0,11174785790672676359916,3810419880603724512
3737,11305555,poincare,noise,0,1282917515687335970092,435769861984886310
3738,11305555,control,noise,0,1282917515687335970092,435769557317764007
3739,11305556,poincare,arb,0,10063966737064689375152,3406506732005801212
3740,11305556,control,arb,0,10043960373463586542527,3399732491266175319
3741,11305556,poincare,noise,0,7252086384641401473497,2441680854777789736
3742,11305556,control,noise,0,7252086384641401473497,2441671256219683859
3743,11305557,poincare,arb,1,5921268851930174546,17531277123323764556373
3744,11305557,control,arb,1,5915124185709227222,17513153273387312539524
3745,11305557,poincare,noise,0,1727382703276200027376,586274957228658214
3746,11305557,control,noise,0,1727382703276200027376,586274405587207245
3747,11305558,poincare,arb,1,3179694195671423455,9346529077241496879575
3748,11305558,control,arb,1,3175121032985509137,9333095309055256337071
3749,11305558,poincare,noise,0,865886348465249125960,295347451195055550
3750,11305558,control,noise,0,865886348465249125960,295347311526498274
3751,11305559,poincare,arb,1,1601784171522696915,4690483700440998218584
3752,11305559,control,arb,1,1599480575903897799,4683740326352830888218
3753,11305559,poincare,noise,0,4418787657580022279835,1509127681950554875
3754,11305559,control,noise,0,4418787657580022279835,1509124039704440894
3755,11305560,poincare,arb,1,1420376984506283183,4159256212649204145172
3756,11305560,control,arb,1,1420529823870747976,4159713807909501810695
3757,11305560,poincare,noise,0,5710696078977142659944,1949255175103272180
3758,11305560,control,noise,0,5710696078977142659944,1949249098102319655
3759,11305561,poincare,arb,0,5335946576146642279436,1815131984561256479
3760,11305561,control,arb,0,5316469586286958350872,1808500847629819985
3761,11305561,poincare,noise,1,1421924629694697062,4181525732880282637343
3762,11305561,control,noise,1,1421924629694697062,4181516203036044636511
3763,11305562,poincare,arb,0,4913329050442066700592,1670396587163288417
3764,11305562,control,arb,0,4912029234830431056059,1669958491540290522
3765,11305562,poincare,noise,0,7720320764140075953782,2614490937797212642
3766,11305562,control,noise,0,7720320764140075953782,2614479965269252122
3767,11305563,poincare,arb,1,2586478343700492563,7637796922524616536741
3768,11305563,control,arb,1,2586516761836120874,7637942425196922218588
3769,11305563,poincare,noise,1,2787202659282594144,8190435288267699953297
3770,11305563,control,noise,1,2787202659282594144,8190398735509192590842
3771,11305564,poincare,arb,0,5361419812025128256541,1826083243838813356
3772,11305564,control,arb,0,5366371263990219695896,1827777850398740507
3773,11305564,poincare,noise,1,277503619602013252,815902023773646000753
3774,11305564,control,noise,1,277503619602013252,815901660726398553367
3775,11305565,poincare,arb,1,2926883389040848280,8580506646605640934751
3776,11305565,control,arb,1,2921233544538555871,8563939645060395121833
3777,11305565,poincare,noise,0,590826886842589152934,202034581148834172
3778,11305565,control,noise,0,590826886842589152934,202034515872532865
3779,11305566,poincare,arb,0,19206846574218126277383,6527804749684627058
3780,11305566,control,arb,0,19171940123698740640347,6515939036688183413
3781,11305566,poincare,noise,1,2209072297666281384,6525302869442408655633
3782,11305566,control,noise,1,2209072297666281384,6525279722448239343456
3783,11305567,poincare,arb,0,3829233691380669512036,1297423169637207900
3784,11305567,control,arb,0,3833964143618549085827,1299030552203708871
3785,11305567,poincare,noise,0,6775629895257530565305,2288239130969808881
3786,11305567,control,noise,0,6775629895257530565305,2288230713155837248
3787,11305568,poincare,arb,1,12082789488500609469,35461807516919590495006
3788,11305568,control,arb,1,12065511718907135259,35411229218327569714595
3789,11305568,poincare,noise,1,2890038282489073732,8367704008946986755591
3790,11305568,control,noise,1,2890038282489073732,8367665574507696608119
3791,11305569,poincare,arb,0,41445515991045056968021,14168801818334817241
3792,11305569,control,arb,0,41387156107395401610718,14148915562403876312
3793,11305569,poincare,noise,0,824542843010318832242,278218554870126351
3794,11305569,control,noise,0,824542843010318832242,278218430258892974
3795,11305570,poincare,arb,1,1636039317695867003,4842657283968062435256
3796,11305570,control,arb,1,1633645138886043375,4835572708440014216811
3797,11305570,poincare,noise,0,7231908421326904550329,2441428007498197499
3798,11305570,control,noise,0,7231908421326904550329,2441418423776124702
3799,11305571,poincare,arb,1,955875458262826100,2835293405515063313211
3800,11305571,control,arb,1,958485140216380494,2843045337821860811254
3801,11305571,poincare,noise,1,2410569821447944038,7128277357853703511425
3802,11305571,control,noise,1,2410569821447944038,7128249753019180111887
3803,11305572,poincare,arb,1,5423974382732700890,15925460425373419006801
3804,11305572,control,arb,1,5410160833875909160,15884840619854403148720
3805,11305572,poincare,noise,1,2409580846499759500,7024776364518322863188
3806,11305572,control,noise,1,2409580846499759500,7024749364037737519308
3807,11305573,poincare,arb,0,8339308536426108194491,2859316479211375050
3808,11305573,control,arb,0,8336963806425178434948,2858523523683498014
3809,11305573,poincare,noise,1,1209617656089208750,3533161206133068476289
3810,11305573,control,noise,1,1209617656089208750,3533154378700637791626
3811,11305574,poincare,arb,0,4802999222455979716661,1643714726569061110
3812,11305574,control,arb,0,4800753468415753791561,1642949344316387902
3813,11305574,poincare,noise,0,7104289974843372719091,2422336731137849708
3814,11305574,control,noise,0,7104289974843372719091,2422327343417164804
3815,11305575,poincare,arb,1,1346852487230881966,3953934627141492110820
3816,11305575,control,arb,1,1348739349471999698,3959489205222564559706
3817,11305575,poincare,noise,0,8330327190840979553713,2833779073436422592
3818,11305575,control,noise,0,8330327190840979553713,2833766213284268106
3819,11305576,poincare,arb,1,2935354070287606143,8628127812596353037920
3820,11305576,control,arb,1,2935162117243119317,8627602742684052884919
3821,11305576,poincare,noise,1,2925471322922870064,8553508691346805302622
3822,11305576,control,noise,1,2925471322922870064,8553468727812410123247
3823,11305577,poincare,arb,0,7544091445971303440377,2581036123649491959
3824,11305577,control,arb,0,7545831245761039110246,2581643417747165531
3825,11305577,poincare,noise,1,1269100123772830544,3713848986407139689181
3826,11305577,control,noise,1,1269100123772830544,3713841450066650113047
3827,11305578,poincare,arb,0,1484291908618566345449,507563766527125076
3828,11305578,control,arb,0,1488215436398769825650,508906476377613043
3829,11305578,poincare,noise,1,587386984760785262,1717598474287042675428
3830,11305578,control,noise,1,587386984760785262,1717596861208771933430
3831,11305579,poincare,arb,0,3704407129496088282620,1266060193130384857
3832,11305579,control,arb,0,3700902456416805384146,1264863584204927973
3833,11305579,poincare,noise,0,2821049389267965642467,962209073755642389
3834,11305579,control,noise,0,2821049389267965642467,962207591762742820
3835,11305580,poincare,arb,0,7177235518959558166413,2440476635159170010
3836,11305580,control,arb,0,7159606950728336043991,2434478640467858635
3837,11305580,poincare,noise,1,202380431592561518,596394457379100401981
3838,11305580,control,noise,1,202380431592561518,596394263615908138939
3839,11305581,poincare,arb,1,832895909440687133,2452151376965875977282
3840,11305581,control,arb,1,831070552413597773,2446776499030267692974
3841,11305581,poincare,noise,0,7303526673637207763995,2477003469630992549
3842,11305581,control,noise,0,7303526673637207763995,2476993627431387080
3843,11305582,poincare,arb,1,3357602060127545593,9892089433145812904325
3844,11305582,control,arb,1,3356039582403010027,9887525384846964445187
3845,11305582,poincare,noise,1,2063308714003549722,6049024132986720855803
3846,11305582,control,noise,1,2063308714003549722,6049004165235729565585
3847,11305583,poincare,arb,0,8967892835267008989973,3056172257422657059
3848,11305583,control,arb,0,8962726437248384053950,3054421680910774127
3849,11305583,poincare,noise,0,8883995166380733522384,3010942734546324356
3850,11305583,control,noise,0,8883995166380733522384,3010928190413217705
3851,11305584,poincare,arb,1,1974117211205279466,5830260228548724960541
3852,11305584,control,arb,1,1975930755554333345,5835644449463187958807
3853,11305584,poincare,noise,1,2054074121812295290,6044225838892997797954
3854,11305584,control,noise,1,2054074121812295290,6044205939527674505164
3855,11305585,poincare,arb,1,952360444805691377,2794734020110469846853
3856,11305585,control,arb,1,947059621976896286,2779169425895373731045
3857,11305585,poincare,noise,1,2177740002767081554,6372551096233292756150
3858,11305585,control,noise,1,2177740002767081554,6372528915807987095274
3859,11305586,poincare,arb,0,16146314036543729687269,5501175186612032094
3860,11305586,control,arb,0,16129059155865276583800,5495315441221875852
3861,11305586,poincare,noise,1,818463081722334208,2412465825509900827615
3862,11305586,control,noise,1,818463081722334208,2412462656264449782261
3863,11305587,poincare,arb,0,52367914037086557500504,17497075249976255883
3864,11305587,control,arb,0,52279831458682202932958,17467668201136488514
3865,11305587,poincare,noise,1,604432367831275826,1837240758357612270982
3866,11305587,control,noise,1,604432367831275826,1837238948151273629173
3867,11305588,poincare,arb,1,3731748196860791778,11297834212167571975402
3868,11305588,control,arb,1,3724102820113758808,11274676793819663477783
3869,11305588,poincare,noise,0,3383550496246941870465,1120302324058399989
3870,11305588,control,noise,0,3383550496246941870465,1120300285180365642
3871,11305589,poincare,arb,1,12084178190538055343,36132424606451176866025
3872,11305589,control,arb,1,12064845092826936591,36074683127082813435067
3873,11305589,poincare,noise,0,6169729392235590614563,2082413750336005323
3874,11305589,control,noise,0,6169729392235590614563,2082406776098808694
3875,11305590,poincare,arb,1,6539974818830717925,19298164274264497256586
3876,11305590,control,arb,1,6532108454691945765,19275016753243511309543
3877,11305590,poincare,noise,1,537515631154367152,1575926401324964110630
3878,11305590,control,noise,1,537515631154367152,1575925045136771709453
3879,11305591,poincare,arb,1,83277749948935954,244022226134165776959
3880,11305591,control,arb,1,82183192374639871,240814723117907888226
3881,11305591,poincare,noise,1,1654855717990085460,4841465532666243652087
3882,11305591,control,noise,1,1654855717990085460,4841452725724295221582
3883,11305592,poincare,arb,0,7758403552183151882730,2649500213288134617
3884,11305592,control,arb,0,7753247719074687094559,2647746496674523975
3885,11305592,poincare,noise,1,613366315337165128,1799406759394302650722
3886,11305592,control,noise,1,613366315337165128,1799404991894100205776
3887,11305593,poincare,arb,0,9308481742016331134254,3165648574469940254
3888,11305593,control,arb,0,9295240279718515392033,3161148494469875908
3889,11305593,poincare,noise,0,783774705331302403905,265718526402863796
3890,11305593,control,noise,0,783774705331302403905,265718413005638418
3891,11305594,poincare,arb,1,463428010260747013,1366701338119794997239
3892,11305594,control,arb,1,463079303563956792,1365673545651963607179
3893,11305594,poincare,noise,1,2995557590482764236,8806531244793096624329
3894,11305594,control,noise,1,2995557590482764236,8806488999315458485286
3895,11305595,poincare,arb,0,24322847189673590924969,8234058726121040310
3896,11305595,control,arb,0,24295447208660087116411,8224822414538946670
3897,11305595,poincare,noise,0,8562367565263291418529,2869453533777993646
3898,11305595,control,noise,0,8562367565263291418529,2869440249116228697
3899,11305596,poincare,arb,1,881236014491346178,2634367650909013801473
3900,11305596,control,arb,1,884728273882283098,2644819658620744354473
3901,11305596,poincare,noise,0,3106165531875568936066,1038909525994301402
3902,11305596,control,noise,0,3106165531875568936066,1038907781384439607
3903,11305597,poincare,arb,1,4185794269078558868,12478886968504485832556
3904,11305597,control,arb,1,4180244065616159009,12462361368276602116790
3905,11305597,poincare,noise,0,738144394763856043742,248488825041469781
3906,11305597,control,noise,0,738144394763856043742,248488725521954770
3907,11305598,poincare,arb,1,14248465007562026,42334592383221285726
3908,11305598,control,arb,1,14661368538796827,43561415852427137939
3909,11305598,poincare,noise,1,118863179051685612,353119648351476769313
3910,11305598,control,noise,1,118863179051685612,353119580694970498495
3911,11305599,poincare,arb,1,467942975850055160,1389424451088477075657
3912,11305599,control,arb,1,466908343167036298,1386352136047865699401
3913,11305599,poincare,noise,1,1880700746630158258,5572265985548158528735
3914,11305599,control,noise,1,1880700746630158258,5572249129305102766377
3915,11305600,poincare,arb,0,8930487519676224186039,3011029378816276100
3916,11305600,control,arb,0,8924549584168741758844,3009036429465552966
3917,11305600,poincare,noise,1,1797100837277606930,5335965158631210423508
3918,11305600,control,noise,1,1797100837277606930,5335949717642637149033
3919,11305601,poincare,arb,0,18990651412863397827964,6369162733735470798
3920,11305601,control,arb,0,18966560585894316823477,6361101460643247355
3921,11305601,poincare,noise,0,2533967247702184219407,844263558105145811
3922,11305601,control,noise,0,2533967247702184219407,844262403654140939
3923,11305602,poincare,arb,1,3851088939866728873,11526851749400261644368
3924,11305602,control,arb,1,3845786273517604729,11510995862166719237126
3925,11305602,poincare,noise,1,2277697123199451462,6779338955080847059188
3926,11305602,control,noise,1,2277697123199451462,6779314066375461991169
3927,11305603,poincare,arb,1,508371700101659455,1509272543692256341807
3928,11305603,control,arb,1,503459417165210181,1494683290603384706786
3929,11305603,poincare,noise,0,474882878350703994927,160006729639267509
3930,11305603,control,noise,0,474882878350703994927,160006688391966726
3931,11305604,poincare,arb,1,52882365334041864,156964547701713933115
3932,11305604,control,arb,1,53071201397471341,157525088337957460789
3933,11305604,poincare,noise,1,2780529040219954844,8231841528440997496098
3934,11305604,control,noise,1,2780529040219954844,8231804742328210507841
3935,11305605,poincare,arb,0,12695861594346739201792,4282497928289072876
3936,11305605,control,arb,0,12687954030091532303270,4279849717994254105
3937,11305605,poincare,noise,1,1064724789001109970,3165744251327905962914
3938,11305605,control,noise,1,1064724789001109970,3165738818232978562763
3939,11305606,poincare,arb,0,2076321108527818511914,698556116452528004
3940,11305606,control,arb,0,2078236501892809267033,699201730124013492
3941,11305606,poincare,noise,0,364678662525177431218,122600307559949903
3942,11305606,control,noise,0,364678662525177431218,122600283316477211
3943,11305607,poincare,arb,0,5876776659085750654502,1971918396883542445
3944,11305607,control,arb,0,5865771979582308878585,1968225451159489100
3945,11305607,poincare,noise,1,977677164868939066,2916354038889313692148
3946,11305607,control,noise,1,977677164868939066,2916349435369912714099
3947,11305608,poincare,arb,0,3621254021681209987380,1213725325268576428
3948,11305608,control,arb,0,3620006567257189491432,1213309134777941854
3949,11305608,poincare,noise,1,1315583280572933086,3924790568731413900279
3950,11305608,control,noise,1,1315583280572933086,3924782232909613775196
3951,11305609,poincare,arb,0,6759246538950812831137,2263722360280701170
3952,11305609,control,arb,0,6754240605948291267575,2262050640119420066
3953,11305609,poincare,noise,1,604546948800654022,1807857842392320085480
3954,11305609,control,noise,1,604546948800654022,1807856075266325606008
3955,11305610,poincare,arb,0,6831743181444376643865,2281024291615699856
3956,11305610,control,arb,0,6822883504557035296084,2278068395129734220
3957,11305610,poincare,noise,1,827938893415060834,2483007182979839004284
3958,11305610,control,noise,1,827938893415060834,2483003854642196588418
3959,11305611,poincare,arb,0,12458799726724319995877,4141659123724684344
3960,11305611,control,arb,0,12441207487775298291596,4135816507344436565
3961,11305611,poincare,noise,1,2278336781044018810,6865341942299877760651
3962,11305611,control,noise,1,2278336781044018810,6865316575096731860917
3963,11305612,poincare,arb,0,4429979788731019494126,1471227715050760195
3964,11305612,control,arb,0,4434248352765679815987,1472650776842907351
3965,11305612,poincare,noise,1,833299240489118700,2510598663671959497900
3966,11305612,control,noise,1,833299240489118700,2510595268777720459955
3967,11305613,poincare,arb,0,18827792440070723310341,6218240372468665402
3968,11305613,control,arb,0,18799019234506994920678,6208745863856683398
3969,11305613,poincare,noise,1,1732941904395030858,5268769986037515211010
3970,11305613,control,noise,1,1732941904395030858,5268755108402032625579
3971,11305614,poincare,arb,0,26686928863751918295574,8720874788721733848
3972,11305614,control,arb,0,26649150361792003519001,8708553950420238348
3973,11305614,poincare,noise,1,2232747441278377238,6873618828638500037482
3974,11305614,control,noise,1,2232747441278377238,6873593670839047214201
3975,11305615,poincare,arb,0,27139239567107957075282,8762067255368765576
3976,11305615,control,arb,0,27103482893231962267495,8750555024930978611
3977,11305615,poincare,noise,1,1723915946270529796,5374688766947462729311
3978,11305615,control,noise,1,1723915946270529796,5374673478495661449908
3979,11305616,poincare,arb,0,6421866899355403356975,2059149203927935760
3980,11305616,control,arb,0,6420005269123302707160,2058558134318474500
3981,11305616,poincare,noise,0,8701768808341193433070,2777584447713797429
3982,11305616,control,noise,0,8701768808341193433070,2777571693193796346
3983,11305617,poincare,arb,1,2775874882730147444,8696426904993314407136
3984,11305617,control,arb,1,2775865142445411369,8696436323619460493475
3985,11305617,poincare,noise,0,4418760547600322941101,1412260783095554137
3986,11305617,control,noise,0,4418760547600322941101,1412257485775912573
3987,11305618,poincare,arb,1,7425599599834605548,23103593678346159156808
3988,11305618,control,arb,1,7414993828730574347,23070649342516790831774
3989,11305618,poincare,noise,0,2808564485557293060801,908199248999302035
3990,11305618,control,noise,0,2808564485557293060801,908197893009775200
3991,11305619,poincare,arb,0,1330640616819997187733,429750457063818075
3992,11305619,control,arb,0,1323342539175676839951,427392794691718866
3993,11305619,poincare,noise,1,3009025386674195002,9294543140580836202050
3994,11305619,control,noise,1,3009025386674195002,9294497234364545252675
3995,11305620,poincare,arb,0,10748215062456856445283,3478117553371403474
3996,11305620,control,arb,0,10745606101187041703856,3477290469192141018
3997,11305620,poincare,noise,1,2101595480971703368,6502751095683374637640
3998,11305620,control,noise,1,2101595480971703368,6502728635131940869063
3999,11305621,poincare,arb,0,12867820793716141421671,4150749217467259768
4000,11305621,control,arb,0,12856575701833616002359,4147136233161286475
4001,11305621,poincare,noise,0,651862876534919836735,209417108462226762
4002,11305621,control,noise,0,651862876534919836735,209417036105245225
4003,11305622,poincare,arb,0,6913596365585713399970,2216026056982902026
4004,11305622,control,arb,0,6900257256361039699487,2211749686857451773
4005,11305622,poincare,noise,1,821600024903113122,2566585703351644938967
4006,11305622,control,noise,1,821600024903113122,2566582218991540573282
4007,11305623,poincare,arb,0,13416991835451604171876,4281056205132063308
4008,11305623,control,arb,0,13397857357466903817120,4274956633067868105
4009,11305623,poincare,noise,0,5840554496483625577476,1852893798339440191
4010,11305623,control,noise,0,5840554496483625577476,1852888102601999437
4011,11305624,poincare,arb,1,2884654293815624890,9083990109672321935895
4012,11305624,control,arb,1,2882829440046608711,9078271416262853076678
4013,11305624,poincare,noise,1,1823742269367732510,5717768764908398646565
4014,11305624,control,noise,1,1823742269367732510,5717751511467505695956
4015,11305625,poincare,arb,0,4891761874770664431725,1560663891044254967
4016,11305625,control,arb,0,4893201002994817876361,1561127740112870562
4017,11305625,poincare,noise,0,3582351774275346036024,1140019269133993903
4018,11305625,control,noise,0,3582351774275346036024,1140017115628754333
4019,11305626,poincare,arb,1,1896392809161443401,5954924788420415880544
4020,11305626,control,arb,1,1895057048674501137,5950741564432770250582
4021,11305626,poincare,noise,0,2909378526257239423446,927357740513672024
4022,11305626,control,noise,0,2909378526257239423446,927356316519382098
4023,11305627,poincare,arb,1,1393881566167512018,4371081506586125894507
4024,11305627,control,arb,1,1393057586388153205,4368504291497835661687
4025,11305627,poincare,noise,0,4820211023603904316568,1536896919341942160
4026,11305627,control,noise,0,4820211023603904316568,1536893009917806306
4027,11305628,poincare,arb,0,1613965319112417082400,513614894644078416
4028,11305628,control,arb,0,1602620841763511679399,510003425255390684
4029,11305628,poincare,noise,1,1894775470194806892,5946368516126163722622
4030,11305628,control,noise,1,1894775470194806892,5946349865388678091075
4031,11305629,poincare,arb,0,27795243972099824221801,8799377684277076172
4032,11305629,control,arb,0,27756702275131263823442,8787203771215223388
4033,11305629,poincare,noise,1,1598323025271821956,5083045357976064265124
4034,11305629,control,noise,1,1598323025271821956,5083031818056664171361
4035,11305630,poincare,arb,1,3208598211879621918,10157959069527783360857
4036,11305630,control,arb,1,3200122844375190874,10131100291951858092859
4037,11305630,poincare,noise,0,6853783012186139022372,2167034551952541651
4038,11305630,control,noise,0,6853783012186139022372,2167026749233720531
4039,11305631,poincare,arb,0,5454690996930284224298,1718364774943951180
4040,11305631,control,arb,0,5432989197483322988632,1711522000011861788
4041,11305631,poincare,noise,0,5423187405043496619907,1702930568089875691
4042,11305631,control,noise,0,5423187405043496619907,1702925731950873415
4043,11305632,poincare,arb,0,2912489166461860746558,912290097639351684
4044,11305632,control,arb,0,2897792041450623976924,907683883346337135
4045,11305632,poincare,noise,1,231247608461579692,738734541786403703675
4046,11305632,control,noise,1,231247608461579692,738734256257383853951
4047,11305633,poincare,arb,0,15492505928437476012657,4828548749500188280
4048,11305633,control,arb,0,15466492394841939631446,4820442975601148457
4049,11305633,poincare,noise,0,6552316841760219081069,2028908398242280756
4050,11305633,control,noise,0,6552316841760219081069,2028901486347679757
4051,11305634,poincare,arb,1,1632611162212384970,5274470365301511296221
4052,11305634,control,arb,1,1633302985443790322,5276723412099641854835
4053,11305634,poincare,noise,0,5085960788994360059650,1574348998617905679
4054,11305634,control,noise,0,5085960788994360059650,1574344835312906703
4055,11305635,poincare,arb,1,1572719071069537436,5080703156150508158524
4056,11305635,control,arb,1,1572717781586325105,5080712426194337999809
4057,11305635,poincare,noise,1,2706850380217578316,8709041283006323722323
4058,11305635,control,noise,1,2706850380217578316,8709001786914294404529
4059,11305636,poincare,arb,0,5063545517970909625621,1575489946728857336
4060,11305636,control,arb,0,5069933611352518423030,1577484715309561507
4061,11305636,poincare,noise,0,7570131299908045219952,2346635222687236205
4062,11305636,control,noise,0,7570131299908045219952,2346625982931948905
4063,11305637,poincare,arb,0,2299943093351017093434,710879499080150883
4064,11305637,control,arb,0,2282540580671504821400,705497853560075719
4065,11305637,poincare,noise,0,5317319319778168510884,1639828966324852410
4066,11305637,control,noise,0,5317319319778168510884,1639824441203905816
4067,11305638,poincare,arb,0,12714193302367601604330,3900283803432828730
4068,11305638,control,arb,0,12682400874617311483100,3890520227637790127
4069,11305638,poincare,noise,1,2119297091015916262,6920271689562656201253
4070,11305638,control,noise,1,2119297091015916262,6920246928717527637333
4071,11305639,poincare,arb,1,5893420094735194099,19097582731543222160498
4072,11305639,control,arb,1,5879292398542993815,19051733872452291207714
4073,11305639,poincare,noise,1,1580383446459985972,5084894456929921175334
4074,11305639,control,noise,1,1580383446459985972,5084880985808037252015
4075,11305640,poincare,arb,0,43639779507476659889800,13410712811004322827
4076,11305640,control,arb,0,43571787635259084537506,13389854056696463026
4077,11305640,poincare,noise,1,1243991489171389674,4095360639039924714451
4078,11305640,control,noise,1,1243991489171389674,4095351999050652888668
4079,11305641,poincare,arb,1,3634614806714933370,11909707842210901075936
4080,11305641,control,arb,1,3626013047038178141,11881496998122965185960
4081,11305641,poincare,noise,0,7696857451737636645001,2351826686825131872
4082,11305641,control,noise,0,7696857451737636645001,2351817339217327659
4083,11305642,poincare,arb,1,4237291790967971207,13842473839158496520993
4084,11305642,control,arb,1,4233958068175717211,13831638138955613282029
4085,11305642,poincare,noise,0,3805995848457654170440,1168474397527239604
4086,11305642,control,noise,0,3805995848457654170440,1168472094249359408
4087,11305643,poincare,arb,1,6862160195008834668,22230776813067514567654
4088,11305643,control,arb,1,6852119017115024137,22198290990612838404825
4089,11305643,poincare,noise,0,4404128384642591441287,1366602763694853322
4090,11305643,control,noise,0,4404128384642591441287,1366599630141731947
4091,11305644,poincare,arb,1,10620864240225171253,33929412760517066056471
4092,11305644,control,arb,1,10604544370215146279,33877354983113860328489
4093,11305644,poincare,noise,1,1934420467863619716,6106770998434146558317
4094,11305644,control,noise,1,1934420467863619716,6106751386382918582237
4095,11305645,poincare,arb,1,1380068855247710356,4343183061415436530454
4096,11305645,control,arb,1,1374224882834397360,4324777740605869208924
4097,11305645,poincare,noise,0,5342633921786228224926,1697143572426998287
4098,11305645,control,noise,0,5342633921786228224926,1697138796751085878
4099,11305646,poincare,arb,0,7081973889007218490505,2241345703927586722
4100,11305646,control,arb,0,7060067327176947896375,2234406295918653343
4101,11305646,poincare,noise,0,5035923662815604682660,1588060916275707370
4102,11305646,control,noise,0,5035923662815604682660,1588056719258889962
4103,11305647,poincare,arb,1,6053983432983572036,19117433786363366061466
4104,11305647,control,arb,1,6046105103500660248,19092605841941884908389
4105,11305647,poincare,noise,1,3004634985454280850,9407701651396620542432
4106,11305647,control,noise,1,3004634985454280850,9407654938756877284385
4107,11305648,poincare,arb,0,1062773739385938158167,340277572528749432
4108,11305648,control,arb,0,1077440463343751259024,344975258869680751
4109,11305648,poincare,noise,0,5921044238582592880619,1891833348548145128
4110,11305648,control,noise,0,5921044238582592880619,1891827432060038771
4111,11305649,poincare,arb,1,3032481801481404334,9480914781898939777286
4112,11305649,control,arb,1,3030464740155464322,9474638163324535184072
4113,11305649,poincare,noise,0,6223346569147887970096,1992485710247003462
4114,11305649,control,noise,0,6223346569147887970096,1992479154454294615
4115,11305650,poincare,arb,1,4718395015457128326,14700011129824311937383
4116,11305650,control,arb,1,4713582247537029836,14685065420539902502759
4117,11305650,poincare,noise,1,187220711509429262,580612343296570973817
4118,11305650,control,noise,1,187220711509429262,580612164279267793766
4119,11305651,poincare,arb,0,4535147127592863317492,1460639242157556443
4120,11305651,control,arb,0,4528174474105429539627,1458394002532912384
4121,11305651,poincare,noise,1,1060166366573148726,3292946182626272215340
4122,11305651,control,noise,1,1060166366573148726,3292940431206321285227
4123,11305652,poincare,arb,0,882203619354338040390,284231848311307634
4124,11305652,control,arb,0,886448390914541368110,285599944412158219
4125,11305652,poincare,noise,1,1960659879740329476,6076028422042344505892
4126,11305652,control,noise,1,1960659879740329476,6076008826410130601950
4127,11305653,poincare,arb,0,12682656551742618310200,4084428648854159416
4128,11305653,control,arb,0,12670988418803081422668,4080684106365391821
4129,11305653,poincare,noise,1,1718666912178084142,5348457170181881866322
4130,11305653,control,noise,1,1718666912178084142,5348442016592405855650
4131,11305654,poincare,arb,0,600933457201726232781,193378592687412833
4132,11305654,control,arb,0,609288943824227581747,196067918852773548
4133,11305654,poincare,noise,1,1489810595070514042,4624064306721591492020
4134,11305654,control,noise,1,1489810595070514042,4624052963793316726154
4135,11305655,poincare,arb,1,2070935114162943482,6406459838465302928918
4136,11305655,control,arb,1,2064656952531682136,6387022611033319541858
4137,11305655,poincare,noise,1,1003779780664749912,3096328508446080151746
4138,11305655,control,noise,1,1003779780664749912,3096323405593068044543
4139,11305656,poincare,arb,0,15101529987851657578653,4878025363160412524
4140,11305656,control,arb,0,15080357803308953141661,4871194451336792235
4141,11305656,poincare,noise,0,9052623776007478718841,2902986368884079254
4142,11305656,control,noise,0,9052623776007478718841,2902972469679990993
4143,11305657,poincare,arb,1,8488766443784373561,26333871821767092991446
4144,11305657,control,arb,1,8478903924934134678,26303402229922929996453
4145,11305657,poincare,noise,0,8079046152350108874519,2618607733911877391
4146,11305657,control,noise,0,8079046152350108874519,2618596483155978958
4147,11305658,poincare,arb,1,1380809034817441401,4265038111993571482612
4148,11305658,control,arb,1,1382980220251728766,4271762815439312192001
4149,11305658,poincare,noise,0,4233102095437058521798,1370482905396313026
4150,11305658,control,noise,0,4233102095437058521798,1370479820158844843
4151,11305659,poincare,arb,1,1661653306840391959,5131070124724904540843
4152,11305659,control,arb,1,1661136841824703471,5129486864113804080388
4153,11305659,poincare,noise,1,1593471225314945006,4905658852591200166224
4154,11305659,control,noise,1,1593471225314945006,4905646034533219415728
4155,11305660,poincare,arb,0,8286560310441968297263,2688924595351888453
4156,11305660,control,arb,0,8280586424802915140099,2686993136641212251
4157,11305660,poincare,noise,1,3025394231152736280,9320560007417710808998
4158,11305660,control,noise,1,3025394231152736280,9320513783368630482224
4159,11305661,poincare,arb,0,11662059089763786477173,3782761595440226849
4160,11305661,control,arb,0,11657884430016448043327,3781426236188115900
4161,11305661,poincare,noise,0,4334239300693136855818,1399113543819801238
4162,11305661,control,noise,0,4334239300693136855818,1399110323652375562
4163,11305662,poincare,arb,1,1659494963236384503,5139614630157474907599
4164,11305662,control,arb,1,1659032649168308876,5138194625218875691835
4165,11305662,poincare,noise,0,4521532609628837381198,1460198033111795501
4166,11305662,control,noise,0,4521532609628837381198,1460194526475699880
4167,11305663,poincare,arb,1,2061534347124019527,6380010303823389803593
4168,11305663,control,arb,1,2060470588820885206,6376733511739644205983
4169,11305663,poincare,noise,1,1363120065956263214,4205139063916351032609
4170,11305663,control,noise,1,1363120065956263214,4205129653950334869010
4171,11305664,poincare,arb,0,1248767832997875166912,405156161784059690
4172,11305664,control,arb,0,1253970976228675995120,406845204675191045
4173,11305664,poincare,noise,0,3472362033647240766212,1124987424394172105
4174,11305664,control,noise,0,3472362033647240766212,1124985345977310284
4175,11305665,poincare,arb,0,2121019522533999920193,686017883598607353
4176,11305665,control,arb,0,2111157500266034706266,682826871307203307
4177,11305665,poincare,noise,1,778969672125209386,2408198084373715241101
4178,11305665,control,noise,1,778969672125209386,2408195000708241309248
4179,11305666,poincare,arb,0,1452456668857616481370,469955243750852863
4180,11305666,control,arb,0,1454138709481906084191,470500085389697017
4181,11305666,poincare,noise,1,2005329882550210036,6188884481501186390950
4182,11305666,control,noise,1,2005329882550210036,6188864109593642569686
4183,11305667,poincare,arb,0,11495679565262918069303,3718901198892724714
4184,11305667,control,arb,0,11486302468668900757105,3715879899825286526
4185,11305667,poincare,noise,1,1523834921993194906,4720030289405749912614
4186,11305667,control,noise,1,1523834921993194906,4720018458897639272631
4187,11305668,poincare,arb,0,11452670359910726795509,3689960432160215816
4188,11305668,control,arb,0,11440787812979893443506,3686141207992884137
4189,11305668,poincare,noise,1,2346198920784911750,7291110596338907627304
4190,11305668,control,noise,1,2346198920784911750,7291082424031363900243
4191,11305669,poincare,arb,0,10761912851522951821306,3459462170669267222
4192,11305669,control,arb,0,10755765102214532416481,3457499310304711200
4193,11305669,poincare,noise,0,9278234601550993572017,2964662428938350198
4194,11305669,control,noise,0,9278234601550993572017,2964647907250503594
4195,11305670,poincare,arb,1,3187379878703719453,9973175390626405655157
4196,11305670,control,arb,1,3186972670690617028,9971950099366022173726
4197,11305670,poincare,noise,0,5522892929641947963613,1767441569896743312
4198,11305670,control,noise,0,5522892929641947963613,1767436409689810622
4199,11305671,poincare,arb,0,10009240545809570502871,3188320868838782340
4200,11305671,control,arb,0,9981854921448823351277,3179588230804229982
4201,11305671,poincare,noise,1,3004360650119712936,9433351530320607389338
4202,11305671,control,noise,1,3004360650119712936,9433304628737851427948
4203,11305672,poincare,arb,0,513328616914366276396,163922678824234173
4204,11305672,control,arb,0,529009135983891280224,168930823225313588
4205,11305672,poincare,noise,1,2223048024749054704,6948134349831932449162
4206,11305672,control,noise,1,2223048024749054704,6948108837511476154822
4207,11305673,poincare,arb,1,1157549978926304763,3606496204058940914774
4208,11305673,control,arb,1,1151589446383259911,3587912222192899588981
4209,11305673,poincare,noise,0,3105977768050476061754,997051961762522729
4210,11305673,control,noise,0,3105977768050476061754,997050321552290146
4211,11305674,poincare,arb,0,5148183607409297432395,1648537639374196662
4212,11305674,control,arb,0,5133630206667628989119,1643874683883913420
4213,11305674,poincare,noise,0,289831036387650428102,92657827830557142
4214,11305674,control,noise,0,289831036387650428102,92657813630064230
4215,11305675,poincare,arb,1,1478115169539267799,4617511224248859675846
4216,11305675,control,arb,1,1475672373451287206,4609880835019618942062
4217,11305675,poincare,noise,0,1096120336119301245029,351250243945631682
4218,11305675,control,noise,0,1096120336119301245029,351250040143283247
4219,11305676,poincare,arb,1,4998269647122904062,15530230989208729253757
4220,11305676,control,arb,1,4990076008209168476,15504781353912218588376
4221,11305676,poincare,noise,0,3825440537469189674735,1235518742021248944
4222,11305676,control,noise,0,3825440537469189674735,1235516231345701423
4223,11305677,poincare,arb,0,7185293612646011909639,2312996519283806660
4224,11305677,control,arb,0,7165879935198050122821,2306742432555136097
4225,11305677,poincare,noise,1,2657015843825798930,8251338853063853070157
4226,11305677,control,noise,1,2657015843825798930,8251302764454625576461
4227,11305678,poincare,arb,0,11631944834347088602378,3741809551632151645
4228,11305678,control,arb,0,11625948199129023367790,3739896887603231221
4229,11305678,poincare,noise,1,2476147699634264538,7706545939578347703018
4230,11305678,control,noise,1,2476147699634264538,7706514491030604380374
4231,11305679,poincare,arb,0,14051973583305542250492,4506389361190711138
4232,11305679,control,arb,0,14040754135495877682802,4502809721884057051
4233,11305679,poincare,noise,0,1421810692056216128570,453856438028038397
4234,11305679,control,noise,0,1421810692056216128570,453856097123597028
4235,11305680,poincare,arb,0,26032222673584400227487,8242042243372900393
4236,11305680,control,arb,0,25983816841499120862657,8226710330331395048
4237,11305680,poincare,noise,0,4118573125144721564261,1292324040911215780
4238,11305680,control,noise,0,4118573125144721564261,1292321254205975508
4239,11305681,poincare,arb,0,13018014279829815593047,4064116893526703541
4240,11305681,control,arb,0,12987799747728384429434,4054675422006060773
4241,11305681,poincare,noise,1,2543135882972381148,8157805606590151910647
4242,11305681,control,noise,1,2543135882972381148,8157770897281746313700
4243,11305682,poincare,arb,0,65047087989280942943171,19942937309518367763
4244,11305682,control,arb,0,64946748417157189227776,19912258689187677560
4245,11305682,poincare,noise,0,3877746292887773191928,1165116851397046360
4246,11305682,control,noise,0,3877746292887773191928,1165114536533629766
4247,11305683,poincare,arb,0,9762454047979191782162,2878884116245328632
4248,11305683,control,arb,0,9738404202970410139757,2914473348274047042
4249,11305683,poincare,noise,0,5208279914034233820045,1529310154166192887
4250,11305683,control,noise,0,5208279914034233820045,1551973776505694989
4251,11305684,poincare,arb,1,3935552010794122421,13176035035105891546901
4252,11305684,control,arb,1,3963892389428399457,13271374134543872822971
4253,11305684,poincare,noise,1,2081563031888330244,6928503969897369881626
4254,11305684,control,noise,1,2081563031888330244,6928478944273373482639
4255,11305685,poincare,arb,1,5796520662874854602,19147911162729375854672
4256,11305685,control,arb,1,5782380495585203936,19101132309824533622018
4257,11305685,poincare,noise,1,2358017484637288702,7728527717042234002069
4258,11305685,control,noise,1,2358017484637288702,7728496341213464155344
4259,11305686,poincare,arb,0,39333213652307362608114,11890996733546970828
4260,11305686,control,arb,0,39276455848634397066500,11873886237318306011
4261,11305686,poincare,noise,1,1835000665909173612,6128854576169812979307
4262,11305686,control,noise,1,1835000665909173612,6128835025157191786431
4263,11305687,poincare,arb,0,17426524894148883761301,5200555642518432927
4264,11305687,control,arb,0,17406227448857767346288,5194514895525175476
4265,11305687,poincare,noise,0,583900227233658295866,173346598565322170
4266,11305687,control,noise,0,583900227233658295866,173346546063456887
4267,11305688,poincare,arb,1,2043978401176280573,6872439554126910173794
4268,11305688,control,arb,1,2040620800360496945,6861152418633677673830
4269,11305688,poincare,noise,1,2873565717465752716,9615793800311447673138
4270,11305688,control,noise,1,2873565717465752716,9615745743952625534412
4271,11305689,poincare,arb,1,7880057725806986177,26096787686218074749528
4272,11305689,control,arb,1,7860756327097695541,26032736159971486595977
4273,11305689,poincare,noise,1,633301572387510432,2080207680613011860054
4274,11305689,control,noise,1,633301572387510432,2080205408122807259433
4275,11305690,poincare,arb,0,24813929854443181968064,7504562629366943575
4276,11305690,control,arb,0,24773123415976918587463,7492229581813623353
4277,11305690,poincare,noise,1,971851840574688328,3233706082278106441733
4278,11305690,control,noise,1,971851840574688328,3233700627018496908241
4279,11305691,poincare,arb,0,13159458410753828492004,3943561737757660191
4280,11305691,control,arb,0,13141637481092292676469,3938227893042300012
4281,11305691,poincare,noise,1,511950744912303142,1714031046373761940573
4282,11305691,control,noise,1,511950744912303142,1714029518092951874145
4283,11305692,poincare,arb,1,2430241089722220384,8113408865789029359135
4284,11305692,control,arb,1,2424960226208720105,8095771378064037915112
4285,11305692,poincare,noise,0,4004700215237405513766,1200971772559419026
4286,11305692,control,noise,0,4004700215237405513766,1200969266448528030
4287,11305693,poincare,arb,1,6741490284316076044,22360120966419228018001
4288,11305693,control,arb,1,6731543245795644496,22327175299661947103420
4289,11305693,poincare,noise,1,2097636615390768114,6898433346265520199551
4290,11305693,control,noise,1,2097636615390768114,6898408387619018384477
4291,11305694,poincare,arb,0,19049501860138202175149,5772007514268447819
4292,11305694,control,arb,0,19027667265012669340899,5765412481617437593
4293,11305694,poincare,noise,0,9130461865358029310888,2743934620792089795
4294,11305694,control,noise,0,9130461865358029310888,2743921562132977592
4295,11305695,poincare,arb,1,6435670574175186603,21338752488256444000646
4296,11305695,control,arb,1,6429031314780893689,21316840145303904918094
4297,11305695,poincare,noise,1,1364703931866842994,4491067827394846004602
4298,11305695,control,noise,1,1364703931866842994,4491057248821283324979
4299,11305696,poincare,arb,0,11792178424800141754245,3575682659367948747
4300,11305696,control,arb,0,11779063272925818327438,3571714231220694292
4301,11305696,poincare,noise,0,7277633292791974769970,2194537083295129345
4302,11305696,control,noise,0,7277633292791974769970,2194528742307723543
4303,11305697,poincare,arb,1,3415519075266808362,11313409437182764779096
4304,11305697,control,arb,1,3413319225494644793,11306165727667060966005
4305,11305697,poincare,noise,0,7490919659593442236839,2264022768847268510
4306,11305697,control,noise,0,7490919659593442236839,2264013901725088788
4307,11305698,poincare,arb,1,8294836881638724038,27286615086867872694576
4308,11305698,control,arb,1,8284003463299305596,27251084308597174541628
4309,11305698,poincare,noise,0,7498075108408422761829,2292525151033974874
4310,11305698,control,noise,0,7498075108408422761829,2292516111692678156
4311,11305699,poincare,arb,1,296085418007760748,970248181156060889407
4312,11305699,control,arb,1,299659736358825380,981964807732469629078
4313,11305699,poincare,noise,0,4135305450165806339348,1260781888537792295
4314,11305699,control,noise,0,4135305450165806339348,1260779149365192990
4315,11305700,poincare,arb,0,5997277463356806310803,1823060531177335423
4316,11305700,control,arb,0,5979090754123353241390,1817528161889652776
4317,11305700,poincare,noise,0,2639652125993981097951,800385190299331747
4318,11305700,control,noise,0,2639652125993981097951,800384083106341207
4319,11305701,poincare,arb,1,1883347114047133871,6204777093910053818802
4320,11305701,control,arb,1,1881402226695994587,6198378143935918122407
4321,11305701,poincare,noise,1,495368823559565724,1628290461311657510966
4322,11305701,control,noise,1,495368823559565724,1628289069348771121226
4323,11305702,poincare,arb,0,2872602148490893007005,873603805259305517
4324,11305702,control,arb,0,2870367373880792844866,872924921139352911
4325,11305702,poincare,noise,1,2697351205516950160,8853988836046455695678
4326,11305702,control,noise,1,2697351205516950160,8853947694327212036497
4327,11305703,poincare,arb,0,14845347602738833831146,4514712572031637692
4328,11305703,control,arb,0,14834552727175703664962,4511450637436382253
4329,11305703,poincare,noise,1,1765866300805086488,5821881152418906730177
4330,11305703,control,noise,1,1765866300805086488,5821863395276855778301
4331,11305704,poincare,arb,0,19761209703446624798944,5969634478220605028
4332,11305704,control,arb,0,19736172608448597857546,5962089244179098423
4333,11305704,poincare,noise,0,8314550398358335767899,2491316030160257769
4334,11305704,control,noise,0,8314550398358335767899,2491305247980099658
4335,11305705,poincare,arb,1,4585246788107421435,15271966632039687397228
4336,11305705,control,arb,1,4581477664132798809,15259478946803063002838
4337,11305705,poincare,noise,1,1551636481214335608,5137463038144371512798
4338,11305705,control,noise,1,1551636481214335608,5137449238706259637640
4339,11305706,poincare,arb,0,2029798525416273586481,613602073073972181
4340,11305706,control,arb,0,2035362592092899269743,615285726608063241
4341,11305706,poincare,noise,1,2158179245279131690,7128666498577288548317
4342,11305706,control,noise,1,2158179245279131690,7128639905246370071296
4343,11305707,poincare,arb,0,10023708949404793681669,3032088679301471917
4344,11305707,control,arb,0,10018486119761667337085,3030520122013702295
4345,11305707,poincare,noise,1,1251625814567904780,4144813822216934863386
4346,11305707,control,noise,1,1251625814567904780,4144804839636522947271
4347,11305708,poincare,arb,1,96181936343855077,318097351823999639591
4348,11305708,control,arb,1,93762791306737902,310095971345976564454
4349,11305708,poincare,noise,0,3721553104323825717597,1124158533833788355
4350,11305708,control,noise,0,3721553104323825717597,1124156345887928013
4351,11305709,poincare,arb,0,3820501740725589805047,1151518924925640784
4352,11305709,control,arb,0,3806964702868577697519,1147436558656173929
4353,11305709,poincare,noise,1,2522870250009673024,8359312054848349042405
4354,11305709,control,noise,1,2522870250009673024,8359275550677034274971
4355,11305710,poincare,arb,0,14478317285619788030537,4361853622207673418
4356,11305710,control,arb,0,14467297938289943385004,4358552878837423236
4357,11305710,poincare,noise,0,181612546263013305050,54481439182593700
4358,11305710,control,noise,0,181612546263013305050,54481434023143339
4359,11305711,poincare,arb,0,6530581163352594864633,1955284550145220169
4360,11305711,control,arb,0,6518533621639170783318,1951677278661870174
4361,11305711,poincare,noise,0,529375531169623719332,158173508167312053
4362,11305711,control,noise,0,529375531169623719332,158173464594228201
4363,11305712,poincare,arb,1,10006814546399723828,33174376556822775179315
4364,11305712,control,arb,1,9989137433471703234,33115782894511165401208
4365,11305712,poincare,noise,0,8618524475278041070555,2618323931091468295
4366,11305712,control,noise,0,8618524475278041070555,2618312104148179314
4367,11305713,poincare,arb,1,14262432968341096639,46427815280991182129196
4368,11305713,control,arb,1,14241521433282864577,46359952369424093783094
4369,11305713,poincare,noise,1,887737176721959610,2848302462151089841034
4370,11305713,control,noise,1,887737176721959610,2848298151855923349268
4371,11305714,poincare,arb,0,317926965069244259039,99163191165937587
4372,11305714,control,arb,0,322464359866415680921,100578582079268561
4373,11305714,poincare,noise,0,1140261333342432537081,355500561253200220
4374,11305714,control,noise,0,1140261333342432537081,355500345797343600
4375,11305715,poincare,arb,0,7602593249979397713118,2364157174794066857
4376,11305715,control,arb,0,7586900927939275501758,2359275947395506461
4377,11305715,poincare,noise,1,1803085747203391350,5801401973418768713332
4378,11305715,control,noise,1,1803085747203391350,5801384124843155684667
4379,11305716,poincare,arb,0,1585529365267493777338,493398757571075610
4380,11305716,control,arb,0,1593078476660932825139,495749480646382645
4381,11305716,poincare,noise,0,2013516985704764979907,625918112405326150
4382,11305716,control,noise,0,2013516985704764979907,625917443609547984
4383,11305717,poincare,arb,1,3983960706969500,12823581415705509165
4384,11305717,control,arb,1,5099585325795137,16414573911856999399
4385,11305717,poincare,noise,1,2903304862443372312,9319425701305981355258
4386,11305717,control,noise,1,2903304862443372312,9319379612127542075395
4387,11305718,poincare,arb,1,2149699636357100477,6867435970215486633819
4388,11305718,control,arb,1,2140630130155244380,6838428682862537307451
4389,11305718,poincare,noise,1,2081508423532138532,6623044427953082722375
4390,11305718,control,noise,1,2081508423532138532,6623021038703411634782
4391,11305719,poincare,arb,0,6030658747937969031238,1895664848009553265
4392,11305719,control,arb,0,6031698616320477616141,1895998413804156718
4393,11305719,poincare,noise,0,1188768012460401794466,372875038969376826
4394,11305719,control,noise,0,1188768012460401794466,372874802657345003
4395,11305720,poincare,arb,1,11567191510907566873,36491391678424018264027
4396,11305720,control,arb,1,11547098887444111646,36428027918436023912203
4397,11305720,poincare,noise,0,1484107310276828117425,475372498073094593
4398,11305720,control,noise,0,1484107310276828117425,475372118009784995
4399,11305721,poincare,arb,1,2807525059096291094,8745981697193878641636
4400,11305721,control,arb,1,2803338759127132295,8732947547945668203533
4401,11305721,poincare,noise,1,1716084721039811394,5323400509865193764721
4402,11305721,control,noise,1,1716084721039811394,5323385203451490486613
4403,11305722,poincare,arb,1,11724799632620689180,35920444386906701616655
4404,11305722,control,arb,1,11700674939275790573,35846432190046172377392
4405,11305722,poincare,noise,0,4128227068780807037978,1360509108603781007
4406,11305722,control,noise,0,4128227068780807037978,1360506040785429572
4407,11305723,poincare,arb,1,8055506777461291273,24086363148306791125288
4408,11305723,control,arb,1,8043487032655312054,24256918059574066707197
4409,11305723,poincare,noise,0,3666463262866762768384,1223374435388409451
4410,11305723,control,noise,0,3666463262866762768384,1223449288115141409
4411,11305724,poincare,arb,1,11681698489934496548,34196801492912059918214
4412,11305724,control,arb,1,11628201999919013483,34518075138004503929459
4413,11305724,poincare,noise,1,465595572875411736,1348159690876716646680
4414,11305724,control,noise,1,465595572875411736,1366922198718652377259
4415,11305725,poincare,arb,0,24031929605074267923043,8127487580982223638
4416,11305725,control,arb,0,24238145618037607023865,8197868415095391148
4417,11305725,poincare,noise,1,2948832914535131278,8532529998998748855064
4418,11305725,control,noise,1,2948832914535131278,8760421837677444529011
4419,11305726,poincare,arb,0,2665774815635214236977,898935753416921091
4420,11305726,control,arb,0,2790987633537792670332,941197043914675397
4421,11305726,poincare,noise,1,1682282992277091902,4907090939302884883197
4422,11305726,control,noise,1,1682282992277091902,4985200749396715056960
4423,11305727,control,arb,1,3323960545887535040,9805216247587685049181
4424,11305727,poincare,noise,0,7484295603904983794930,2523609913873778236
4425,11305727,control,noise,0,7484295603904983794930,2538987464324468739
4426,11305728,poincare,arb,0,15454202408220431728503,5174431749660105749
4427,11305728,control,arb,0,25263311880409743496551,8484436765330571859
4428,11305728,poincare,noise,0,435181758777965316674,145001662587013992
4429,11305728,control,noise,0,435181758777965316674,145001624903227295
4430,11305729,poincare,arb,0,28301977426916060143037,9348062359394991997
4431,11305729,control,arb,0,28245924619597174911973,9329545852522248685
4432,11305729,poincare,noise,0,3154969384587752134223,1032156017095995376
4433,11305729,control,noise,0,3154969384587752134223,1032154090919623442
4434,11305730,poincare,arb,1,14261644871149381095,43066177932288686044055
4435,11305730,control,arb,1,14235838376578762534,42988329761280125824504
4436,11305730,poincare,noise,0,3764343500894890864007,1261593597799409001
4437,11305730,control,noise,0,3764343500894890864007,1261590754902899020
4438,11305731,poincare,arb,0,13238248000886112013779,4413694096312929442
4439,11305731,control,arb,0,13205083867326052561424,4402627097352709053
4440,11305731,poincare,noise,0,3094769413137886912992,1026674359073284395
4441,11305731,control,noise,0,3094769413137886912992,1026672466528261496
4442,11305732,poincare,arb,1,3312724326931883185,9964825947329353249230
4443,11305732,control,arb,1,3308263416098319350,9951425668175365518101
4444,11305732,poincare,noise,1,591121847850107838,1771761044129175714804
4445,11305732,control,noise,1,591121847850107838,1771759168630186591865
4446,11305733,poincare,arb,1,2038965448391341794,6096661451820033315487
4447,11305733,control,arb,1,2033835373581391180,6081315701368278294105
4448,11305733,poincare,noise,1,2901538202416494994,8636721523320242659873
4449,11305733,control,noise,1,2901538202416494994,8636676849971508531859
4450,11305734,poincare,arb,1,5282277042289011232,15606420567458422490006
4451,11305734,control,arb,1,5266314232044594419,15559178166826118833796
4452,11305734,poincare,noise,1,1869588086819098182,5487873279530843685410
4453,11305734,control,noise,1,1869588086819098182,5487855107723444106651
4454,11305735,poincare,arb,0,11909218701376818829885,4049160450108433057
4455,11305735,control,arb,0,11896675476715972228387,4044909120012525601
4456,11305735,poincare,noise,0,1156991837407389932705,391796556314068685
4457,11305735,control,noise,0,1156991837407389932705,391796283436975212
4458,11305736,poincare,arb,1,697313490402997381,2058624212977842805621
4459,11305736,control,arb,1,696717296344951947,2056865548334140697025
4460,11305736,poincare,noise,0,5346928763335061598216,1809321460093144983
4461,11305736,control,noise,0,5346928763335061598216,1809315642336444176
4462,11305737,poincare,arb,0,997661108487648246319,336934864903004302
4463,11305737,control,arb,0,985285769947585790327,332754336630698956
4464,11305737,poincare,noise,0,4271005738508322949594,1440089744955010292
4465,11305737,control,noise,0,4271005738508322949594,1440086052187970154
4466,11305738,poincare,arb,1,4521242959441993463,13371525736482805113838
4467,11305738,control,arb,1,4515229372435387010,13353774862408861541616
4468,11305738,poincare,noise,0,7047174699164977833344,2387462314434434747
4469,11305738,control,noise,0,7047174699164977833344,2387452193336203986
4470,11305739,poincare,arb,1,3797102563011332980,11193733816896890963738
4471,11305739,control,arb,1,3794342890618492648,11185645812172391251966
4472,11305739,poincare,noise,0,7393076485312323131464,2510793030860676591
4473,11305739,control,noise,0,7393076485312323131464,2510781851410085605
4474,11305740,poincare,arb,1,225898656379194231,666544725874383579554
4475,11305740,control,arb,1,230344241192921120,679665055069060411766
4476,11305740,poincare,noise,1,1745586448739762404,5141371814968222067441
4477,11305740,control,noise,1,1745586448739762404,5141355891701247439437
4478,11305741,poincare,arb,0,9054172513573736617603,3070348362487477827
4479,11305741,control,arb,0,9046524539336834580503,3067764369274548663
4480,11305741,poincare,noise,0,4782233753356244534218,1614799203020127485
4481,11305741,control,noise,0,4782233753356244534218,1614794563626779845
4482,11305742,poincare,arb,1,2254254630204325842,6672099186470195289713
4483,11305742,control,arb,1,2253002711230649508,6668412939604371016786
4484,11305742,poincare,noise,1,1331402353845353042,3927818364947164631565
4485,11305742,control,noise,1,1331402353845353042,3927809077281949584269
4486,11305743,poincare,arb,0,6910447127884748099493,2340266106733662770
4487,11305743,control,arb,0,6904620121276878013756,2338298283637919628
4488,11305743,poincare,noise,1,1725015014518911140,5096554488236408046079
4489,11305743,control,noise,1,1725015014518911140,5096538865468929227683
4490,11305744,poincare,arb,0,1993024806719069458316,675217852007226212
4491,11305744,control,arb,0,1999062724251883594703,677265517111975806
4492,11305744,poincare,noise,1,327992953511003792,968434913518060329640
4493,11305744,control,noise,1,327992953511003792,968434348891136139033
4494,11305745,poincare,arb,0,3253799492833441338682,1101233020656985242
4495,11305745,control,arb,0,3249341246791663111107,1099724789581849872
4496,11305745,poincare,noise,1,297115885283429248,878527145988866587005
4497,11305745,control,noise,1,297115885283429248,878526681660234204956
4498,11305746,poincare,arb,1,487288632802952762,1439811192599248801080
4499,11305746,control,arb,1,485758625086175829,1435289659073007772791
4500,11305746,poincare,noise,1,1085022499013837780,3201377714281672169133
4501,11305746,control,noise,1,1085022499013837780,3201371544094054888450
4502,11305747,poincare,arb,0,1513773128715464977585,513320316607372196
4503,11305747,control,arb,0,1517058688724766438528,514435441177172010
4504,11305747,poincare,noise,0,7930124174438464892745,2681296159225679394
4505,11305747,control,noise,0,7930124174438464892745,2681283382672069376
4506,11305748,poincare,arb,1,2830420508134123320,8370035034700313141913
4507,11305748,control,arb,1,2830116859461181464,8369176973591057157437
4508,11305748,poincare,noise,0,4315419716121757241839,1461128702718677503
4509,11305748,control,noise,0,4315419716121757241839,1461124909191956356
4510,11305749,poincare,arb,1,3431524007346819133,10116825614405059215177
4511,11305749,control,arb,1,3427676890698328181,10105509774697528126862
4512,11305749,poincare,noise,0,3490475155765384479867,1186353577857341197
4513,11305749,control,noise,0,3490475155765384479867,1186351081439034207
4514,11305750,poincare,arb,1,1720966931875287930,5060952486684849917790
4515,11305750,control,arb,1,1719921653909604157,5057889217185597223756
4516,11305750,poincare,noise,0,8390465613609552979611,2850233935714655416
4517,11305750,control,noise,0,8390465613609552979611,2850219533206482590
4518,11305751,poincare,arb,1,3295400277367655821,9697022042372470550224
4519,11305751,control,arb,1,3294517562754856080,9694473559577791348438
4520,11305751,poincare,noise,0,2998261110055714787574,1021025693420511381
4521,11305751,control,noise,0,2998261110055714787574,1021023845954227247
4522,11305752,poincare,arb,1,2931769778993290437,8594306250672301205451
4523,11305752,control,arb,1,2928040960138768717,8583390974113895975012
4524,11305752,poincare,noise,0,8325523868602780941348,2840315972014430706
4525,11305752,control,noise,0,8325523868602780941348,2840301700065733624
4526,11305753,poincare,arb,1,24754315008312239743,71148399459456745338416
4527,11305753,control,arb,1,24711556735203562579,71025861301876247157169
4528,11305753,poincare,noise,0,7838220951214782292754,2781496245831580772
4529,11305753,control,noise,0,7838220951214782292754,2781482825096175543
4530,11305754,poincare,arb,1,2048769939719508287,5758635660892736056418
4531,11305754,control,arb,1,2050185726589092236,5781185030037512322771
4532,11305754,poincare,noise,0,7484674305766377525332,2652865866868897655
4533,11305754,control,noise,0,7484674305766377525332,2652869125233088417
4534,11305755,poincare,arb,0,11124374465304136805568,3919902107880972967
4535,11305755,control,arb,0,11097269105585089557644,3910344348079603977
4536,11305755,poincare,noise,0,6828577168349604796984,2392666902519037586
4537,11305755,control,noise,0,6828577168349604796984,2392656891924687005
4538,11305756,poincare,arb,0,23151374427512734174790,8036433567472888189
4539,11305756,control,arb,0,23092810037096976436645,8016070832979349263
4540,11305756,poincare,noise,1,1107836168489718756,3211377733482412995325
4541,11305756,control,noise,1,1107836168489718756,3211371460196878267474
4542,11305757,poincare,arb,1,1071121675528822295,3098861129439373897896
4543,11305757,control,arb,1,1066865186405798110,3086540655258250185807
4544,11305757,poincare,noise,0,7579247163942022191599,2616121147481176368
4545,11305757,control,noise,0,7579247163942022191599,2616109090910609220
4546,11305758,poincare,arb,1,1261626288915888938,3659558678665807543136
4547,11305758,control,arb,1,1264260172765188980,3667215601193712760688
4548,11305758,poincare,noise,0,5224600643865765106525,1800296392476160739
4549,11305758,control,noise,0,5224600643865765106525,1800290676024949716
4550,11305759,poincare,arb,0,8003750687277075624283,2746637449481437900
4551,11305759,control,arb,0,7977909740555174343396,2737760949833548292
4552,11305759,poincare,noise,1,2123697646546527290,6191974467522928361158
4553,11305759,control,noise,1,2123697646546527290,6191951223598451562136
4554,11305760,poincare,arb,0,9787299496995184914020,3353073203308307913
4555,11305760,control,arb,0,9780252958919472095400,3350671677413792354
4556,11305760,poincare,noise,1,2818535311983835144,8231008054583394669068
4557,11305760,control,noise,1,2818535311983835144,8230967027250177889815
4558,11305761,poincare,arb,0,14175778596266739667025,4845284817252946491
4559,11305761,control,arb,0,14164124746216914868047,4841325659783262460
4560,11305761,poincare,noise,1,2615457333250343412,7667452989299604182878
4561,11305761,control,noise,1,2615457333250343412,7667417453052026416473
4562,11305762,poincare,arb,0,861494363914502656666,294484713354889915
4563,11305762,control,arb,0,874753939795977079769,299018621497510172
4564,11305762,poincare,noise,0,6036422095504142447597,2059034092974907654
4565,11305762,control,noise,0,6036422095504142447597,2059026578197630054
4566,11305763,poincare,arb,1,4360558058647131311,12757156705683920883369
4567,11305763,control,arb,1,4356054627735837882,12744028074560794395416
4568,11305763,poincare,noise,0,6481887705606045452159,2219894635900373960
4569,11305763,control,noise,0,6481887705606045452159,2219885919254628353
4570,11305764,poincare,arb,0,4967032053997079844469,1695073544486711965
4571,11305764,control,arb,0,4944667141081989647018,1687434559492635660
4572,11305764,poincare,noise,1,2144834702293433198,6282397374871119840257
4573,11305764,control,noise,1,2144834702293433198,6282373502296554107140
4574,11305765,poincare,arb,0,29678136064850764454986,10059500525374993709
4575,11305765,control,arb,0,29632409744414537809328,10044039607174672962
4576,11305765,poincare,noise,1,1305256990552445064,3881604831441489444687
4577,11305765,control,noise,1,1305256990552445064,3881595783639210797131
4578,11305766,poincare,arb,0,28767795598158421818433,9600368527291499545
4579,11305766,control,arb,0,28719172576202022654984,9584164426726944624
4580,11305766,poincare,noise,0,1683173834564045002571,556502177397265248
4581,11305766,control,noise,0,1683173834564045002571,556501619452804124
4582,11305767,poincare,arb,1,4387906826370265139,13224844834531106872030
4583,11305767,control,arb,1,4380421804116856560,13202298736538554139010
4584,11305767,poincare,noise,1,71484232446402128,214567300365206543751
4585,11305767,control,noise,1,71484232446402128,214567272830907810061
4586,11305768,poincare,arb,0,105541224220091942309,35162789195705505
4587,11305768,control,arb,0,105754173870510941953,35233741384410546
4588,11305768,poincare,noise,1,1490594793309020638,4468060740538827794383
4589,11305768,control,noise,1,1490594793309020638,4468048800700499521773
4590,11305769,poincare,arb,0,23601039783337685770988,7827804694613238075
4591,11305769,control,arb,0,23563652491144431426177,7815425260523097393
4592,11305769,poincare,noise,1,794599999995134962,2411273659063126135569
4593,11305769,control,noise,1,794599999995134962,2411270201881756081194
4594,11305770,poincare,arb,1,4999982553150879928,15092144109541218272903
4595,11305770,control,arb,1,4988663115430853139,15057955483772323282756
4596,11305770,poincare,noise,1,3008219125728737732,9013583089624907839894
4597,11305770,control,noise,1,3008219125728737732,9013534523006833569444
4598,11305771,poincare,arb,0,13685219056299114724947,4560836948654122644
4599,11305771,control,arb,0,13676044673991919609205,4557803984572859236
4600,11305771,poincare,noise,1,1103570497538449292,3321876668359471465318
4601,11305771,control,noise,1,1103570497538449292,3321870081290538511359
4602,11305772,poincare,arb,0,126500577224095883704,42066126630443281
4603,11305772,control,arb,0,132736003332804529299,44139724254745970
4604,11305772,poincare,noise,0,8680011569497571703322,2878685800133715456
4605,11305772,control,noise,0,8680011569497571703322,2878670909521973322
4606,11305773,poincare,arb,1,13581671193435775285,40553904846201545746142
4607,11305773,control,arb,1,13560748536739647495,40491640731999816512705
4608,11305773,poincare,noise,0,1829895660607750832754,620151493778077026
4609,11305773,control,noise,0,1829895660607750832754,620150809433560747
4610,11305774,poincare,arb,0,3165522328631156318402,1071145718804152216
4611,11305774,control,arb,0,3155764020367174217186,1067842535564025071
4612,11305774,poincare,noise,0,8253009453531636746412,2782853236655332567
4613,11305774,control,noise,0,8253009453531636746412,2782839435150993438
4614,11305775,poincare,arb,1,8866077288417778123,26148973276760492453339
4615,11305775,control,arb,1,8854180201938318737,26114014374013147815257
4616,11305775,poincare,noise,1,1692480334258678124,4944028012690469858713
4617,11305775,control,noise,1,1692480334258678124,4944013205003046211276
4618,11305776,poincare,arb,1,18662532218577878671,53529833983910109713418
4619,11305776,control,arb,1,18622769682662827574,53415622920613849598806
4620,11305776,poincare,noise,0,7945340840785320584959,2809750568870544630
4621,11305776,control,noise,0,7945340840785320584959,2809736830016512563
4622,11305777,poincare,arb,1,8292211569533392995,23334755863254661884534
4623,11305777,control,arb,1,8281488107367923090,23304693382774526286535
4624,11305777,poincare,noise,1,2394974363762468412,6675998140736297771076
4625,11305777,control,noise,1,2394974363762468412,6675970509446797095746
4626,11305778,poincare,arb,0,20867386665968383712403,7452549755529837290
4627,11305778,control,arb,0,20839636841216499283193,7442670025775988319
4628,11305778,poincare,noise,1,2800129345327425010,7754703313570138956832
4629,11305778,control,noise,1,2800129345327425010,7872756988058362412875
4630,11305779,poincare,arb,1,13747053234293221911,38092196629357027411703
4631,11305779,control,arb,1,13693461501722502544,37942804813933289879471
4632,11305779,poincare,noise,1,2499256000032233632,6826943192990584536545
4633,11305779,control,noise,1,2499256000032233632,6826913726536821906925
4634,11305780,poincare,arb,0,6044803311842765154594,2213478590442367496
4635,11305780,control,arb,0,6046316288083120099631,2214042166457592358
4636,11305780,poincare,noise,0,1065114469015157019843,389135120822069608
4637,11305780,control,noise,0,1065114469015157019843,389134858802173321
4638,11305781,poincare,arb,0,10299489220028479561721,3749238900445123864
4639,11305781,control,arb,0,10277077308356129870613,3741077956357920782
4640,11305781,poincare,noise,1,3024604970718529670,8314133629816938684925
4641,11305781,control,noise,1,3024604970718529670,8314090074530526340247
4642,11305782,poincare,arb,1,3265011450639877965,8925631723116732017402
4643,11305782,control,arb,1,3252607821657695026,8891677075833662717274
4644,11305782,poincare,noise,0,3568666270926901208222,1307663993182469861
4645,11305782,control,noise,0,3568666270926901208222,1307661039881633517
4646,11305783,poincare,arb,0,4093140963074270730395,1496171256192148237
4647,11305783,control,arb,0,4078031263547788204764,1490644821080312830
4648,11305783,poincare,noise,1,2902061991823837980,7929542489443618406967
4649,11305783,control,noise,1,2902061991823837980,7929502749093143434675
4650,11305784,poincare,arb,1,4534006685425901652,12308444226642381446478
4651,11305784,control,arb,1,4519342160472451913,12268573030974525702004
4652,11305784,poincare,noise,1,571154932806526442,1543624021072604578853
4653,11305784,control,noise,1,571154932806526442,1543622505276880477810
4654,11305785,poincare,arb,1,1866620446531850001,4958601299138056677985
4655,11305785,control,arb,1,1861812957597463926,5021142683899629918792
4656,11305785,poincare,noise,1,1765380841107935714,4675002874679768130859
4657,11305785,control,noise,1,1765380841107935714,4746065828595154344298
4658,11305786,control,arb,1,1637669076640405257,4389722022872648318082
4659,11305786,poincare,noise,0,3265830375071409441372,1215301030144870555
4660,11305786,control,noise,0,3265830375071409441372,1218823468821766065
4661,11305787,poincare,arb,1,11504123754184030068,30274351764637204180638
4662,11305787,control,arb,1,9818712015660312647,26114285647700917737000
4663,11305787,poincare,noise,1,3034800758457669032,7887790449455991787167
4664,11305787,control,noise,1,3034800758457669032,7982357630654197376260
4665,11305788,poincare,arb,1,21138417634822220532,53048484987517222641175
4666,11305788,control,arb,1,21000833303141957372,54117487929547932570981
4667,11305788,poincare,noise,1,660619667718269986,1628229695277114152170
4668,11305788,control,noise,1,660619667718269986,1671261785458047688662
4669,11305789,poincare,arb,1,36710794576710481359,86370310771327839144820
4670,11305789,control,arb,1,36334256931488394762,89136914048773135274633
4671,11305789,poincare,noise,0,6240986650148706301134,2613011484617395243
4672,11305789,control,noise,0,6240986650148706301134,2616318920833113117
4673,11305790,poincare,arb,0,34322637342285528286055,14173438113514523509
4674,11305790,control,arb,0,36054341800612994879929,14897903168032433910
4675,11305790,poincare,noise,1,190283146355689404,442819692851755346363
4676,11305790,control,noise,1,190283146355689404,466125775278227688704
4677,11305791,control,arb,1,1348897604527364893,3300100228516294504793
4678,11305791,poincare,noise,1,550764976838554018,1301168998418319153019
4679,11305791,control,noise,1,550764976838554018,1345334018879664277459
4680,11305792,control,arb,1,8027806724531587838,19470733559192661077098
4681,11305792,poincare,noise,0,5405235627396174486025,2204817491753095017
4682,11305792,control,noise,0,5405235627396174486025,2239277270303172671
4683,11305793,control,arb,1,1889087212345131154,4561251358555331881539
4684,11305793,poincare,noise,1,512857125774968380,1243886402533100387931
4685,11305793,control,noise,1,512857125774968380,1235858563813306222297
4686,11305794,poincare,arb,1,35847185628905434539,85430502449540740057591
4687,11305794,control,arb,1,24494975317888026743,57835620015817524320768
4688,11305794,poincare,noise,0,4436044454379862026296,1913722084821591892
4689,11305794,control,noise,0,4436044454379862026296,1913713324233373085
4690,11305795,poincare,arb,1,717917698852733393,1640763388434730307200
4691,11305795,control,arb,1,721453630875661120,1673961547602596950432
4692,11305795,poincare,noise,1,381660040450673920,871499445338441387806
4693,11305795,control,noise,1,381660040450673920,884762524492878192113
4694,11305796,poincare,arb,1,13239194329653263017,29447699615651245684150
4695,11305796,control,arb,1,13190502710828592640,30246571128635996840150
4696,11305796,poincare,noise,0,355392314596266820126,156567482492051386
4697,11305796,control,noise,0,355392314596266820126,156617483543359874
4698,11305797,control,arb,1,8922168106834365165,20105143187237338393777
4699,11305797,poincare,noise,1,1420297815548212782,3075758732448743100409
4700,11305797,control,noise,1,1420297815548212782,3174254037041901890181
4701,11305798,control,arb,1,1598521783882870771,3564033907757107987668
4702,11305798,poincare,noise,0,5611438063845419485732,2472398065733649572
4703,11305798,control,noise,0,5611438063845419485732,2514984703193004941
4704,11305799,poincare,arb,0,4192999008577388475809,1841092437328998313
4705,11305799,control,arb,0,28319995542512254709003,12541441546475163972
4706,11305799,poincare,noise,1,2695487397957700078,5879320919524107921397
4707,11305799,control,noise,1,2695487397957700078,6134621075372820081629
4708,11305800,poincare,arb,0,62467112652778845516909,26913963903840125151
4709,11305800,control,arb,0,62413781327503337413033,26892373543160888135
4710,11305800,poincare,noise,0,7132370135308854109511,2999733495695617633
4711,11305800,control,noise,0,7132370135308854109511,2999709970530113519
4712,11305801,control,arb,1,13946732650192422458,32867034226513687178500
4713,11305801,poincare,noise,0,6970316751744813344170,2917451547217525623
4714,11305801,control,noise,0,6970316751744813344170,2984323629727988421
4715,11305802,control,arb,0,2560886567279980970483,1092817625030671650
4716,11305802,poincare,noise,1,578255202628402680,1371795993080489933973
4717,11305802,control,noise,1,578255202628402680,1355637633913262123707
4718,11305803,poincare,arb,1,13000287207374079923,30777621113773844461285
4719,11305803,control,arb,1,186091011610849244,435993368828927002691
4720,11305803,poincare,noise,1,1171210132355043046,2741020328326966096152
4721,11305803,control,noise,1,1171210132355043046,2741011989755958918172
4722,11305804,poincare,arb,1,4381026670744845068,10207193239612810844204
4723,11305804,control,arb,1,4363246100858252125,10165736016750497029007
4724,11305804,poincare,noise,1,2639966984834329432,6116045003567732084896
4725,11305804,control,noise,1,2639966984834329432,6116003301862022383714
4726,11305805,poincare,arb,1,10063105424788258150,23077150826462517629942
4727,11305805,control,arb,1,10022424907230426326,22983703781726605482885
4728,11305805,poincare,noise,1,2015025853257727582,4576507264087217718181
4729,11305805,control,noise,1,2015025853257727582,4576483675413680242568
4730,11305806,poincare,arb,0,21554707806918104828555,9434336772867197359
4731,11305806,control,arb,0,21500312963558194822103,9410577055658661536
4732,11305806,poincare,noise,0,417723612582887275798,181434757809669585
4733,11305806,control,noise,0,417723612582887275798,181434672968565891
4734,11305807,poincare,arb,1,27729279940224884333,62461721880842724035554
4735,11305807,control,arb,1,27641060205563098389,62263031211410806669782
4736,11305807,poincare,noise,1,2029669846329924932,4465324949361838105902
4737,11305807,control,noise,1,2029669846329924932,4465302132426645980500
4738,11305808,poincare,arb,0,22030967153482240947531,9951695987058641556
4739,11305808,control,arb,0,21974691849506353277974,9926326366771552912
4740,11305808,poincare,noise,0,2861095898275918698620,1281020992407546778
4741,11305808,control,noise,0,2861095898275918698620,1281016828584798793
4742,11305809,poincare,arb,0,28623857562671235703493,12674726303241359211
4743,11305809,control,arb,0,28523029655785862587334,12630038363879427588
4744,11305809,poincare,noise,1,1405563334221697462,3202776062005458721671
4745,11305809,control,noise,1,1405563334221697462,3202764525274195960631
4746,11305810,poincare,arb,0,3540851974138610664357,1553746704811979052
4747,11305810,control,arb,0,3539757777824222586997,1553272160070778467
4748,11305810,poincare,noise,1,2983588512097034652,6791589262668441459667
4749,11305810,control,noise,1,2983588512097034652,6791537392303252068022
4750,11305811,poincare,arb,1,5150347663861345072,11648145482116983354853
4751,11305811,control,arb,1,5124299419566547005,11589145657832398501728
4752,11305811,poincare,noise,0,4026375369456287081825,1785077102561466685
4753,11305811,control,noise,0,4026375369456287081825,1785068979014650026
4754,11305812,poincare,arb,1,31698505511300996365,69840540372559794132819
4755,11305812,control,arb,1,31602702157249559760,69629776062270993849064
4756,11305812,poincare,noise,1,785819540047953870,1687808141686602838845
4757,11305812,control,noise,1,785819540047953870,1687804840836320490828
4758,11305813,poincare,arb,0,24365442323063397703555,11252171413119779870
4759,11305813,control,arb,0,24292815812194508941813,11218653804354799653
4760,11305813,poincare,noise,0,4452378388323683334425,2034982819563174213
4761,11305813,control,noise,0,4452378388323683334425,2034972422702843425
4762,11305814,poincare,arb,1,14031790673156717447,30415279416248226382085
4763,11305814,control,arb,1,13993361511387484863,30332135416351109061825
4764,11305814,poincare,noise,1,1474383749502011550,3157548184758111074553
4765,11305814,control,noise,1,1474383749502011550,3157536618475427909741
4766,11305815,poincare,arb,1,9894198109764579455,21004592162511519848308
4767,11305815,control,arb,1,9857791185595335636,20927226513035964094657
4768,11305815,poincare,noise,0,3485740485724650152362,1652420735259475859
4769,11305815,control,noise,0,3485740485724650152362,1652414002950617767
4770,11305816,poincare,arb,1,7662035914897458066,16088671532586609684433
4771,11305816,control,arb,1,7642783897042885369,16048311709293494719970
4772,11305816,poincare,noise,0,5890031283814504960341,2815503076740135919
4773,11305816,control,noise,0,5890031283814504960341,2815483621565748229
4774,11305817,poincare,arb,1,6240173132181983350,13020375480934765362395
4775,11305817,control,arb,1,6229186460114881583,12997541155273155364852
4776,11305817,poincare,noise,1,561381645934468336,1165277918732940134483
4777,11305817,control,noise,1,561381645934468336,1165276318096147508412
4778,11305818,poincare,arb,1,38612787530668042984,77826801302901708256038
4779,11305818,control,arb,1,38487335559238274537,77573837434864074663871
4780,11305818,poincare,noise,0,2969087162762011350466,1514696108245532194
4781,11305818,control,noise,0,2969087162762011350466,1514690654842885237
4782,11305819,poincare,arb,1,12997679781376063631,24884299834576129904139
4783,11305819,control,arb,1,12960901041648036951,25191853392228487893867
4784,11305819,poincare,noise,1,2206216627891446622,4177409607725785905035
4785,11305819,control,noise,1,2206216627891446622,4240390618842385443946
4786,11305820,poincare,arb,1,35243521053380895851,63960728201827011553212
4787,11305820,control,arb,1,35005855833807440746,65488371734403459244502
4788,11305820,poincare,noise,0,3024790967360428128136,1655204774886736542
4789,11305820,control,noise,0,3024790967360428128136,1656478607549194028
4790,11305821,poincare,arb,0,41810979829348691394112,22485149467367627531
4791,11305821,control,arb,0,42631976459839328883596,22935431011816066224
4792,11305821,poincare,noise,1,764456669775681092,1378945291902560114570
4793,11305821,control,noise,1,764456669775681092,1443918817488713373877
4794,11305822,poincare,arb,0,6602270357020279543727,3488440461564566975
4795,11305822,control,arb,0,6615611507820839046947,3495540355855781997
4796,11305822,poincare,noise,0,4938149856321292182604,2597638790570682362
4797,11305822,control,noise,0,4938149856321292182604,2597620624276444320
4798,11305823,poincare,arb,0,17963544599857262944390,9367145227083605037
4799,11305823,control,arb,0,17879160123419696779771,9323077483623426230
4800,11305823,poincare,noise,0,4949457753168472516565,2558461279711053688
4801,11305823,control,noise,0,4949457753168472516565,2558443502410380143
4802,11305824,poincare,arb,0,28183435851784976472746,14387215394585991639
4803,11305824,control,arb,0,28061353100001460037229,14324794470821248925
4804,11305824,poincare,noise,1,614050155446561934,1215190740916007973098
4805,11305824,control,noise,1,614050155446561934,1215188689759220080664
4806,11305825,poincare,arb,0,57497435241796073869578,28452669078225717876
4807,11305825,control,arb,0,57290053437843023143927,28350093817384707296
4808,11305825,poincare,noise,1,2738602885450394066,5642030722342608393213
4809,11305825,control,noise,1,2738602885450394066,5641987421794428828325
4810,11305826,poincare,arb,0,4278663142759038116122,2077875626733403360
4811,11305826,control,arb,0,4283643359558679656086,2080310168155722425
4812,11305826,poincare,noise,0,2117057434935248486187,1025702762048191805
4813,11305826,control,noise,0,2117057434935248486187,1025699809082698704
4814,11305827,poincare,arb,0,9387535076131069921240,4529035031080272743
4815,11305827,control,arb,0,9345144805946849326094,4508570780567961630
4816,11305827,poincare,noise,0,2517243998408182144403,1209156278021442380
4817,11305827,control,noise,0,2517243998408182144403,1209152156906384324
4818,11305828,poincare,arb,1,18462142848076675102,37935983178302732934310
4819,11305828,control,arb,1,18398567699870837998,37805477910777963418130
4820,11305828,poincare,noise,0,3729031853555298308761,1837807731780616107
4821,11305828,control,noise,0,3729031853555298308761,1837798335074682117
4822,11305829,poincare,arb,1,4720579864465763147,9557637496729560319703
4823,11305829,control,arb,1,4709948493146950078,9536161189092087181692
4824,11305829,poincare,noise,0,2164791406341881319968,1072143329640204729
4825,11305829,control,noise,0,2164791406341881319968,1072140138533713787
4826,11305830,poincare,arb,0,20149755020646639217671,9897276032750962811
4827,11305830,control,arb,0,20067533972733078316503,9856860873525749256
4828,11305830,poincare,noise,1,1107996235437267710,2270751089123679730262
4829,11305830,control,noise,1,1107996235437267710,2270744052405030924031
4830,11305831,poincare,arb,0,28024189092150162990432,13545471014103145903
4831,11305831,control,arb,0,27929289933518394647060,13499643409538279051
4832,11305831,poincare,noise,1,520247531701012008,1087046506805970531102
4833,11305831,control,noise,1,520247531701012008,1087044909381310122307
4834,11305832,poincare,arb,1,699242423432835981,1459692528807933999243
4835,11305832,control,arb,1,694749043190524774,1450310312272688349326
4836,11305832,poincare,noise,0,4226257360628312741088,2022475095444477418
4837,11305832,control,noise,0,4226257360628312741088,2022463547760872018
4838,11305833,poincare,arb,1,4781208310315535177,9970037553500184324929
4839,11305833,control,arb,1,4771031826652486855,9948873797024636980193
4840,11305833,poincare,noise,0,5409082138816971936945,2598296176661605405
4841,11305833,control,noise,0,5409082138816971936945,2598277157494631738
4842,11305834,poincare,arb,1,807544934894440755,1683427651478747819099
4843,11305834,control,arb,1,814124187582660573,1697155343283512408605
4844,11305834,poincare,noise,1,895812012240390816,1865006587105457372932
4845,11305834,control,noise,1,895812012240390816,1865001877227112796291
4846,11305835,poincare,arb,0,33090443056792401594177,15714550820124879160
4847,11305835,control,arb,0,32975383886071831134844,15659949117261315879
4848,11305835,poincare,noise,1,978035304861892944,2082866060043441149309
4849,11305835,control,noise,1,978035304861892944,2082860251939234380764
4850,11305836,poincare,arb,1,6292396217015552180,13325809095460990471114
4851,11305836,control,arb,1,6265607301521865258,13269039498230812259094
4852,11305836,poincare,noise,0,3013168119764642070765,1428142096431303496
4853,11305836,control,noise,0,3013168119764642070765,1428136309356220148
4854,11305837,poincare,arb,0,8971584293292241758795,4233763027558857643
4855,11305837,control,arb,0,8927424807209463240696,4212906738229887604
4856,11305837,poincare,noise,0,3235916208309200724033,1520306184111150293
4857,11305837,control,noise,0,3235916208309200724033,1520299597395264031
4858,11305838,poincare,arb,1,12969010615097012814,27362672194493673024337
4859,11305838,control,arb,1,12926819685596108408,27273773808571760226998
4860,11305838,poincare,noise,0,2712253925014567256490,1297095065088004515
4861,11305838,control,noise,0,2712253925014567256490,1297090312434338709
4862,11305839,poincare,arb,0,3871612343949991476220,1847094268576350856
4863,11305839,control,arb,0,3847353173559582226597,1835513818604528537
4864,11305839,poincare,noise,1,2166955088630083992,4540947877496763831142
4865,11305839,control,noise,1,2166955088630083992,4540920060373978352288
4866,11305840,poincare,arb,1,8694090206290002020,18068583662673531182246
4867,11305840,control,arb,1,8654071175273313949,17985303518231875020458
4868,11305840,poincare,noise,0,297675911644333428584,144169317842213251
4869,11305840,control,noise,0,297675911644333428584,144169259472537009
4870,11305841,poincare,arb,1,12299198051710336328,25162715702938280045662
4871,11305841,control,arb,1,12254411100486349211,25071097007718917445896
4872,11305841,poincare,noise,0,1726488139677637437719,851220988834960156
4873,11305841,control,noise,0,1726488139677637437719,851218972627307319
4874,11305842,poincare,arb,0,20635268798504449699956,10090176711430094568
4875,11305842,control,arb,0,20552873796900386033396,10049863627015008634
4876,11305842,poincare,noise,0,5349935163037778922958,2591020150191807390
4877,11305842,control,noise,0,5349935163037778922958,2591001314561982906
4878,11305843,poincare,arb,0,40211188360825578296515,19153365980449666417
4879,11305843,control,arb,0,40043312068447952237052,19073264603027070721
4880,11305843,poincare,noise,1,2571550874584758082,5467714584870159541830
4881,11305843,control,noise,1,2571550874584758082,5467674553270742633846
4882,11305844,poincare,arb,1,5526785809938647574,11678277763474069945826
4883,11305844,control,arb,1,5496946362798775426,11615141003064229998038
4884,11305844,poincare,noise,0,6126835097818212550895,2905397661873291560
4885,11305844,control,noise,0,6126835097818212550895,2905373730433131203
4886,11305845,poincare,arb,1,15570700849580723337,32519398343542949858770
4887,11305845,control,arb,1,15524009848135644879,32422151275838097674085
4888,11305845,poincare,noise,1,2779495528347139646,5724271053084602130791
4889,11305845,control,noise,1,2779495528347139646,5724226473885261608594
4890,11305846,poincare,arb,1,16158033006367903339,32805223253379058899808
4891,11305846,control,arb,1,16088255050265957726,32663300555411361250084
4892,11305846,poincare,noise,0,238993422926085760833,119145299763081216
4893,11305846,control,noise,0,238993422926085760833,119145260469739944
4894,11305847,poincare,arb,1,1473456642425727358,2952612124429529994139
4895,11305847,control,arb,1,1468466454748268912,2942613419145267558260
4896,11305847,poincare,noise,1,919830620936378408,1839922740948368025172
4897,11305847,control,noise,1,919830620936378408,1839918064318084515609
4898,11305848,poincare,arb,0,15260882272735226306854,7591299485207404326
4899,11305848,control,arb,0,15211426205268049547286,7566717530878293376
4900,11305848,poincare,noise,0,5671487112777925141653,2799294187730823806
4901,11305848,control,noise,0,5671487112777925141653,2799272411095586197
4902,11305849,poincare,arb,1,4362009837577228311,8827248549921117707965
4903,11305849,control,arb,1,4356230017920964220,8815620708271900944273
4904,11305849,poincare,noise,0,1659628514595509847346,822296142713275101
4905,11305849,control,noise,0,1659628514595509847346,822294265805676416
4906,11305850,poincare,arb,0,1502786734374493184730,743710565196588580
4907,11305850,control,arb,0,1491134375830756068740,737942272722286393
4908,11305850,poincare,noise,0,4995530711093579897099,2466266336290950777
4909,11305850,control,noise,0,4995530711093579897099,2466249432850117023
4910,11305851,poincare,arb,1,6921579858395688570,13973182354206594887368
4911,11305851,control,arb,1,6905146733017766286,13940102948881694815600
4912,11305851,poincare,noise,0,2671654335974434148248,1328969079262824965
4913,11305851,control,noise,0,2671654335974434148248,1328964187394784887
4914,11305852,poincare,arb,1,21221456292193575260,42035676123939681220273
4915,11305852,control,arb,1,21148154766239524406,41890633914272167154363
4916,11305852,poincare,noise,0,2959155635888712318477,1515981301447151730
4917,11305852,control,noise,0,2959155635888712318477,1515975029391053120
4918,11305853,poincare,arb,1,509350738934593138,994978359424032030011
4919,11305853,control,arb,1,513053537102368652,1002215643609365343815
4920,11305853,poincare,noise,1,1487404651305205530,2901253325203340328444
4921,11305853,control,noise,1,1487404651305205530,2901241552315368293553
4922,11305854,poincare,arb,1,6879763917651376619,13336895471821261677541
4923,11305854,control,arb,1,6848933922067107697,13277075528450241255146
4924,11305854,poincare,noise,1,946371519065065408,1824075455047118922668
4925,11305854,control,noise,1,946371519065065408,1824070772595924209583
4926,11305855,poincare,arb,0,17188684238139358176242,8866040126894443786
4927,11305855,control,arb,0,17132066519027922699878,8836859007117063583
4928,11305855,poincare,noise,0,4162820734895746122168,2129893980718565126
4929,11305855,control,noise,0,4162820734895746122168,2129881595127991327
4930,11305856,poincare,arb,1,6138940845989180015,11962988705296797395601
4931,11305856,control,arb,1,6124156569987315808,11934247902227975159829
4932,11305856,poincare,noise,1,866656339636437920,1680154823031956811522
4933,11305856,control,noise,1,866656339636437920,1680150861729230553545
4934,11305857,poincare,arb,0,20402516176022852591792,10449777062315357339
4935,11305857,control,arb,0,20333527072006337698740,10414466722009813509
4936,11305857,poincare,noise,1,1510580637806378128,2968833544147650831129
4937,11305857,control,noise,1,1510580637806378128,2968821263082646853052
4938,11305858,poincare,arb,0,2645059720361478765624,1346004551457723574
4939,11305858,control,arb,0,2646240428953055154196,1346610954923076253
4940,11305858,poincare,noise,1,1843015313408351876,3620412836657444552066
4941,11305858,control,noise,1,1843015313408351876,3620394571092383764814
4942,11305859,poincare,arb,0,17836002477003602314522,9031258145522678598
4943,11305859,control,arb,0,17783604895517300968693,9004772065680214820
4944,11305859,poincare,noise,0,2177121197173332757309,1094122925648104212
4945,11305859,control,noise,0,2177121197173332757309,1094119626573201545
4946,11305860,poincare,arb,1,14880409456230117148,29308425614254309912277
4947,11305860,control,arb,1,14829608668212749852,29208456552022500242352
4948,11305860,poincare,noise,0,3092260546235395408114,1585562524217070712
4949,11305860,control,noise,0,3092260546235395408114,1585555666378851016
4950,11305861,poincare,arb,1,9876949118300540578,19145537592069724799920
4951,11305861,control,arb,1,9846391494097763567,19086387061474183478011
4952,11305861,poincare,noise,0,2637994789767901204849,1369459248300751232
4953,11305861,control,noise,0,2637994789767901204849,1369454163534122455
4954,11305862,poincare,arb,0,12215181507913435826564,6305572790859479657
4955,11305862,control,arb,0,12160452915332088057522,6277298153289172180
4956,11305862,poincare,noise,0,1559902991022909467675,801034700614630998
4957,11305862,control,noise,0,1559902991022909467675,801032951063321355
4958,11305863,poincare,arb,0,2377369937700724968897,1218998648759363204
4959,11305863,control,arb,0,2362862508334837514803,1211557304661007981
4960,11305863,poincare,noise,1,1486446554130116898,2898392278588772945132
4961,11305863,control,noise,1,1486446554130116898,2898380526892509598338
4962,11305864,poincare,arb,1,4657179389691256683,9039932968863319948443
4963,11305864,control,arb,1,4634542345969902228,8995956301821604825717
4964,11305864,poincare,noise,0,825703740482246322401,426712137201474014
4965,11305864,control,noise,0,825703740482246322401,426711642234616700
4966,11305865,poincare,arb,0,15693074920073350050579,8059374972593875771
4967,11305865,control,arb,0,15632209184076118536715,8028107300083698758
4968,11305865,poincare,noise,0,4641326984244117053084,2365341294391393961
4969,11305865,control,noise,0,4641326984244117053084,2365325990253183185
4970,11305866,poincare,arb,0,45628569006629090572495,22820329365367690464
4971,11305866,control,arb,0,45443342587602427226760,22727544565285692705
4972,11305866,poincare,noise,1,1955769868400351412,3971907340575125012620
4973,11305866,control,noise,1,1955769868400351412,3971885720089348211840
4974,11305867,poincare,arb,0,19352198634161976394443,9475032872552491061
4975,11305867,control,arb,0,19295506192626255846694,9447327102876109863
4976,11305867,poincare,noise,1,336576019831295386,692197303012411282342
4977,11305867,control,noise,1,336576019831295386,692196650091225502515
4978,11305868,poincare,arb,1,2636388808989449357,5409767820140642053873
4979,11305868,control,arb,1,2625434506851353400,5387284934424858393715
4980,11305868,poincare,noise,1,105398320415601888,215824854868790401183
4981,11305868,control,noise,1,105398320415601888,215824791250540542387
4982,11305869,poincare,arb,0,3856203622153750338809,1880653207429126142
4983,11305869,control,arb,0,3842790076974143872952,1874112034046933370
4984,11305869,poincare,noise,1,2338363405714922704,4793060918712400887076
4985,11305869,control,noise,1,2338363405714922704,4793029584519192681856
4986,11305870,poincare,arb,0,6647707450030360485051,3240962443998700268
4987,11305870,control,arb,0,6640842412906503331208,3237636692385675889
4988,11305870,poincare,noise,0,5190537595704212756332,2519527430487406110
4989,11305870,control,noise,0,5190537595704212756332,2519509639630813745
4990,11305871,poincare,arb,0,22694098637298139803950,10903834025279682462
4991,11305871,control,arb,0,22591353819281450378976,10854391575076621754
4992,11305871,poincare,noise,0,1884125920075008515814,897154759797699354
4993,11305871,control,noise,0,1884125920075008515814,897152480842290933
4994,11305872,poincare,arb,1,4547063685260926275,9522735076301887764778
4995,11305872,control,arb,1,4533612809551712102,9494589559139706535234
4996,11305872,poincare,noise,0,286011357465772851953,135343344053112199
4997,11305872,control,noise,0,286011357465772851953,137030519867014527
4998,11305873,control,arb,0,203313065347910571593,97391553277906105
4999,11305873,poincare,noise,0,3032470477706302486509,1451123684333552969
5000,11305873,control,noise,0,3032470477706302486509,1450898257155039191
5001,11305874,poincare,arb,1,1869825222041729411,3906198809526653740952
5002,11305874,control,arb,1,1966793676323805133,4109100282273998613146
5003,11305874,poincare,noise,1,2026868580949980294,4221698805847762843898
5004,11305874,control,noise,1,2026868580949980294,4221674683962480674573
5005,11305875,poincare,arb,1,6729872467266177923,13924361655234420701324
5006,11305875,control,arb,1,6697601417937808764,13857512449584861151551
5007,11305875,poincare,noise,0,2672399139135096477700,1296962364649360038
5008,11305875,control,noise,0,2672399139135096477700,1296957646928373705
5009,11305876,poincare,arb,0,18328170890423847121862,8826704954535021608
5010,11305876,control,arb,0,18250777893689539841710,8789401115837298893
5011,11305876,poincare,noise,0,2423015639999167197385,1158062410416430952
5012,11305876,control,noise,0,2423015639999167197385,1158058619989235127
5013,11305877,poincare,arb,1,10491188303943805778,21795295929710137815503
5014,11305877,control,arb,1,10456789324205940891,21723903637830088571865
5015,11305877,poincare,noise,0,2999279934090046368510,1453684966245017951
5016,11305877,control,noise,0,2999279934090046368510,1453679035922502021
5017,11305878,poincare,arb,1,17841949934457643286,36359880784472034834570
5018,11305878,control,arb,1,17781548646514804709,36236937603928170004138
5019,11305878,poincare,noise,1,406444585102144982,816964910079983770022
5020,11305878,control,noise,1,406444585102144982,816963989959038545695
5021,11305879,poincare,arb,1,23213064202683275234,45847411473255050048544
5022,11305879,control,arb,1,23126019681324756153,45675441064790121495059
5023,11305879,poincare,noise,1,555415159522377646,1077792213121060485759
5024,11305879,control,noise,1,555415159522377646,1077790583345732239728
5025,11305880,poincare,arb,0,17520229232535630634354,8972683439084253155
5026,11305880,control,arb,0,17459632605921812724073,8941663442219644138
5027,11305880,poincare,noise,1,58894785278745094,115758538573970869535
5028,11305880,control,noise,1,58894785278745094,115758519890214858570
5029,11305881,poincare,arb,1,2623522003798180838,5146341516274195194880
5030,11305881,control,arb,1,2613636544808025912,5126949218854757534536
5031,11305881,poincare,noise,1,2493231361398300642,4872290470591858415004
5032,11305881,control,noise,1,2493231361398300642,4872257305296110618380
5033,11305882,poincare,arb,0,13283950346568792570166,6776088225052892801
5034,11305882,control,arb,0,13252917852950276436599,6760304695044146329
5035,11305882,poincare,noise,1,996373229105398952,1961674363700312053985
5036,11305882,control,noise,1,996373229105398952,1961669004555003117853
5037,11305883,poincare,arb,0,5363317633409781327591,2720650741947380281
5038,11305883,control,arb,0,5350776263761264522638,2714296295199859228
5039,11305883,poincare,noise,1,1168549273019108556,2306257021396695290835
5040,11305883,control,noise,1,1168549273019108556,2306249623622920264641
5041,11305884,poincare,arb,1,5502180353253464514,10805602332550127913705
5042,11305884,control,arb,1,5477596841689021385,10757288847284424078106
5043,11305884,poincare,noise,1,995474205267500756,1945606551196402386904
5044,11305884,control,noise,1,995474205267500756,1945601260139840194071
5045,11305885,poincare,arb,0,13791620208671799296349,7025067961071303389
5046,11305885,control,arb,0,13747959031369428967496,7002847215196534204
5047,11305885,poincare,noise,0,1917178779273181703339,970790610128653685
5048,11305885,control,noise,0,1917178779273181703339,970788022108236844
5049,11305886,poincare,arb,0,14251107859286807670106,7172622529306914977
5050,11305886,control,arb,0,14191523183572950511765,7142614353542379053
5051,11305886,poincare,noise,1,872483465663753714,1741668161748561735422
5052,11305886,control,noise,1,872483465663753714,1741663966188236429287
5053,11305887,poincare,arb,1,3322760384897287192,6612238079883931300901
5054,11305887,control,arb,1,3307299733440250892,6581455785479110108080
5055,11305887,poincare,noise,1,2162268172935382300,4285332638490454364292
5056,11305887,control,noise,1,2162268172935382300,4285307159311183767303
5057,11305888,poincare,arb,0,4453204457293352867032,2246830477776334214
5058,11305888,control,arb,0,4452560323329659363336,2246518841941059759
5059,11305888,poincare,noise,0,4044602622119043961442,2034179117236245055
5060,11305888,control,noise,0,4044602622119043961442,2034167720096498322
5061,11305889,poincare,arb,1,8006110385186316029,15848247457324156416747
5062,11305889,control,arb,1,7984090744629013155,15804747712083996468677
5063,11305889,poincare,noise,1,1213731787279510340,2386197919772458716999
5064,11305889,control,noise,1,1213731787279510340,2386189985080479197159
5065,11305890,poincare,arb,0,2568293740844435724948,1306264618641011904
5066,11305890,control,arb,0,2567614731926103382214,1305923609177683193
5067,11305890,poincare,noise,0,592932052604984492043,301213207312883944
5068,11305890,control,noise,0,592932052604984492043,301212958501422978
5069,11305891,poincare,arb,0,19167792218210418197821,9665407692121800092
5070,11305891,control,arb,0,19094968401199443353089,9628678144664096306
5071,11305891,poincare,noise,0,6025011564896955124225,3009571215779521145
5072,11305891,control,noise,0,6025011564896955124225,3009546192204542070
5073,11305892,poincare,arb,1,5173096557869986716,10339573083550213171974
5074,11305892,control,arb,1,5165098335972327870,10323672712986314130306
5075,11305892,poincare,noise,0,4744210576541859269789,2378589569770833896
5076,11305892,control,noise,0,4744210576541859269789,2378573964236261554
5077,11305893,poincare,arb,1,610703035154026127,1219684332495840730822
5078,11305893,control,arb,1,617202587855998946,1232673201260426479918
5079,11305893,poincare,noise,0,5766782777937412773932,2882561198020468593
5080,11305893,control,noise,0,5766782777937412773932,2882538248743166221
5081,11305894,poincare,arb,0,8398338670850860395085,4175835178313068728
5082,11305894,control,arb,0,8346136221275249465507,4149845955209614983
5083,11305894,poincare,noise,1,2602036952307666058,5239323990156352244861
5084,11305894,control,noise,1,2602036952307666058,5239286211325080017436
5085,11305895,poincare,arb,1,9699663508566802170,19352028034392182193329
5086,11305895,control,arb,1,9654328288510640700,19261439776680195091635
5087,11305895,poincare,noise,0,2589120813498760124433,1305885215917513534
5088,11305895,control,noise,0,2589120813498760124433,1305880524254092516
5089,11305896,poincare,arb,0,98490973483766070161,49626202329592774
5090,11305896,control,arb,0,88586369467767705715,44635453839815351
5091,11305896,poincare,noise,1,1108244861528386794,2197753409325795182331
5092,11305896,control,noise,1,1108244861528386794,2197746707214400785777
5093,11305897,poincare,arb,1,14126539050242188594,27700055593653075304540
5094,11305897,control,arb,1,14070394594169235982,27589880475400849650014
5095,11305897,poincare,noise,0,3239392312029861652223,1667344891263736979
5096,11305897,control,noise,0,3239392312029861652223,1667337321069540945
5097,11305898,poincare,arb,0,6867827645107151024227,3521430789041703143
5098,11305898,control,arb,0,6830579701835391241040,3502316264039640074
5099,11305898,poincare,noise,0,5346356901821503681741,2728678441871748990
5100,11305898,control,noise,0,5346356901821503681741,2728658089186678076
5101,11305899,poincare,arb,0,5726504913109136394396,2910518718901854506
5102,11305899,control,arb,0,5685698308475254424465,2889757046773619320
5103,11305899,poincare,noise,0,497394354553436067174,252210582398864093
5104,11305899,control,noise,0,497394354553436067174,252210407792449232
5105,11305900,poincare,arb,0,5774717212490456298547,2921253188614434396
5106,11305900,control,arb,0,5751602720391327612429,2909558258234614133
5107,11305900,poincare,noise,0,4483434353519825854534,2259311576026771213
5108,11305900,control,noise,0,4483434353519825854534,2259297531490088847
5109,11305901,poincare,arb,1,13333647535807572818,26243440017926400540708
5110,11305901,control,arb,1,13292821453999350843,26163248287656529619108
5111,11305901,poincare,noise,0,5164943691725238345238,2645080179565026302
5112,11305901,control,noise,0,5164943691725238345238,2645061086769881929
5113,11305902,poincare,arb,1,10686575425475703374,20744183605777270004403
5114,11305902,control,arb,1,10656921164947981823,20686769732625535308865
5115,11305902,poincare,noise,0,3766022847557081042754,1952630439618036186
5116,11305902,control,noise,0,3766022847557081042754,1952620096206186095
5117,11305903,poincare,arb,0,6399479153169007140625,3305245776482959544
5118,11305903,control,arb,0,6362016424203201470726,3285879369823295384
5119,11305903,poincare,noise,0,946487513604200610154,487486438736932697
5120,11305903,control,noise,0,946487513604200610154,487485791551873139
5121,11305904,poincare,arb,0,4108035392297924016350,2111785995596723858
5122,11305904,control,arb,0,4089408056268503857177,2102207594082685579
5123,11305904,poincare,noise,0,1343530908821733870094,689233709959329974
5124,11305904,control,noise,0,1343530908821733870094,689232413771000596
5125,11305905,poincare,arb,0,2611919126567332223234,1337915418001812132
5126,11305905,control,arb,0,2597342182644348107170,1330446100505873556
5127,11305905,poincare,noise,0,4330594016911023735216,2212467556154788840
5128,11305905,control,noise,0,4330594016911023735216,2212454179823562224
5129,11305906,poincare,arb,1,28916683924931644,56691793559294164602
5130,11305906,control,arb,1,36950305617369072,72442323204396181227
5131,11305906,poincare,noise,1,2178144746632341570,4263337746760554543865
5132,11305906,control,noise,1,2178144746632341570,4263312370861141110543
5133,11305907,poincare,arb,1,3698558200091689175,7207937180526505477182
5134,11305907,control,arb,1,3676900899774405406,7165687687613488198883
5135,11305907,poincare,noise,0,3791245826144791305867,1947891409949426330
5136,11305907,control,noise,0,3791245826144791305867,1947881069731793754
5137,11305908,poincare,arb,0,9848154710977189516880,5033822958410672490
5138,11305908,control,arb,0,9797889690563857422946,5008103720976373702
5139,11305908,poincare,noise,1,2092803360851960278,4103257496334472628581
5140,11305908,control,noise,1,2092803360851960278,4103234009507325157376
5141,11305909,poincare,arb,0,3826430562266049256820,1951815812906740083
5142,11305909,control,arb,0,3827427260413603434797,1952335391604953714
5143,11305909,poincare,noise,1,544952398387730044,1069462578920322902026
5144,11305909,control,noise,1,544952398387730044,1069460983242624472497
5145,11305910,poincare,arb,0,4335529691166679589596,2206482432137172364
5146,11305910,control,arb,0,4323491721190744103102,2200359227467254900
5147,11305910,poincare,noise,0,3352782651400989564385,1701396942632283103
5148,11305910,control,noise,0,3352782651400989564385,1701389004089026023
5149,11305911,poincare,arb,1,4975383674829584450,9780778350641825468906
5150,11305911,control,arb,1,4963310175965037715,9757089381749111301272
5151,11305911,poincare,noise,0,1653582813483170607014,843740890763414065
5152,11305911,control,noise,0,1653582813483170607014,843738943181085201
5153,11305912,poincare,arb,0,941097862046748519425,479725291575203826
5154,11305912,control,arb,0,931535735268036757158,474849894695761908
5155,11305912,poincare,noise,0,2556203783233394775942,1301309143311172796
5156,11305912,control,noise,0,2556203783233394775942,1301304506030664136
5157,11305913,poincare,arb,0,7016727171719096139455,3559213190444332120
5158,11305913,control,arb,0,6981448233428774540204,3541305438271892784
5159,11305913,poincare,noise,1,1428145098243130470,2819936412995933037175
5160,11305913,control,noise,1,1428145098243130470,2819925356464705172168
5161,11305914,poincare,arb,0,10071045966075600136823,5086575153719137131
5162,11305914,control,arb,0,10044312535000647323786,5073092811814244911
5163,11305914,poincare,noise,1,2517937893485143240,4994855178862829365007
5164,11305914,control,noise,1,2517937893485143240,4994820584715423768161
5165,11305915,poincare,arb,0,5243153550356891352523,2642860664026517029
5166,11305915,control,arb,0,5242203906997625036733,2642400288543425811
5167,11305915,poincare,noise,0,4870092121911766899055,2445526689711265206
5168,11305915,control,noise,0,4870092121911766899055,2445510206797428970
5169,11305916,poincare,arb,1,7473227216693387545,14826855502238411215904
5170,11305916,control,arb,1,7454682245747173147,14790162033694782631045
5171,11305916,poincare,noise,0,3269734800707612484942,1655212271223148580
5172,11305916,control,noise,0,3269734800707612484942,1655204748525249087
5173,11305917,poincare,arb,1,1266196102855281001,2501988083484682345909
5174,11305917,control,arb,1,1267622213959021673,2504817445692240349880
5175,11305917,poincare,noise,1,1949010924878143950,3842040667780132865158
5176,11305917,control,noise,1,1949010924878143950,3842020130663101314681
5177,11305918,poincare,arb,0,4838433847567900893614,2453547046110268666
5178,11305918,control,arb,0,4834741321833376546806,2451687688848637326
5179,11305918,poincare,noise,0,5108231331189475764721,2580690995093098546
5180,11305918,control,noise,0,5108231331189475764721,2580672696179784583
5181,11305919,poincare,arb,1,951645875242572228,1885974300937790829469
5182,11305919,control,arb,1,957631064970908192,1897849222783643449690
5183,11305919,poincare,noise,1,271747122102884900,538059257128113949320
5184,11305919,control,noise,1,271747122102884900,538058854977079212357
5185,11305920,poincare,arb,1,8936923808869783844,17574744354861046555572
5186,11305920,control,arb,1,8902987271038432127,17507993990303427953009
5187,11305920,poincare,noise,0,3599533741347815803267,1840055974532938614
5188,11305920,control,noise,0,3599533741347815803267,1840046723762377368
5189,11305921,poincare,arb,1,5447615277831602143,10628351134089699533122
5190,11305921,control,arb,1,5434311158160528624,10602447968568152041484
5191,11305921,poincare,noise,1,1106316876759744072,2148022149535770951331
5192,11305921,control,noise,1,1106316876759744072,2148015679220462261511
5193,11305922,poincare,arb,0,11734293846396276911645,6021743206759272901
5194,11305922,control,arb,0,11698959273411133734390,6003628480665175009
5195,11305922,poincare,noise,1,1019764652096599032,1994512110814244201128
5196,11305922,control,noise,1,1019764652096599032,1994506552464406991837
5197,11305923,poincare,arb,1,32947038935387913562,62860942146227212652544
5198,11305923,control,arb,1,32821861727558747987,62621937146651606641733
5199,11305923,poincare,noise,1,2737119346617067762,5088113677195100106633
5200,11305923,control,noise,1,2737119346617067762,5088076595770942359662
5201,11305924,poincare,arb,0,20639007021005674035523,11036168689492523692
5202,11305924,control,arb,0,20581660531499779124937,11005584362601064329
5203,11305924,poincare,noise,1,1025339853505866444,1907916035930493943728
5204,11305924,control,noise,1,1025339853505866444,1931425882231166241236
5205,11305925,poincare,arb,0,22585847472468547489743,11895481264512069317
5206,11305925,control,arb,0,22521337146152125337255,11861591398952865580
5207,11305925,poincare,noise,1,1324362939322164856,2533978730323722675703
5208,11305925,control,noise,1,1324362939322164856,2533969649330253650193
5209,11305926,poincare,arb,1,5813162025596887749,11064891885680422567142
5210,11305926,control,arb,1,5786826035419398452,11014723948067541303881
5211,11305926,poincare,noise,1,429788210728623708,814353030796264132225
5212,11305926,control,noise,1,429788210728623708,814352088005933266292
5213,11305927,poincare,arb,1,13712069116585597562,25716714623680498961778
5214,11305927,control,arb,1,13659888589372852988,25618821416806790322191
5215,11305927,poincare,noise,1,2311939868115268000,4286043704347065343989
5216,11305927,control,noise,1,2311939868115268000,4286017319995079497758
5217,11305928,poincare,arb,0,3508325089341747946248,1893000711472934632
5218,11305928,control,arb,0,3511168325748540477395,1894546510271331308
5219,11305928,poincare,noise,1,2446756646819645950,4532804170995376719581
5220,11305928,control,noise,1,2446756646819645950,4532774652242210709523
5221,11305929,poincare,arb,1,6851651149108605824,12608800996223858318259
5222,11305929,control,arb,1,6817341948428614424,12545581538962352635771
5223,11305929,poincare,noise,0,5297415664913343415699,2886830197076449216
5224,11305929,control,noise,0,5297415664913343415699,2886808124705762040
5225,11305930,poincare,arb,1,5194713428167926792,9516739747490714397646
5226,11305930,control,arb,1,5186175744236712244,9501171314715970064560
5227,11305930,poincare,noise,0,1329045874795233990719,727782158347080225
5228,11305930,control,noise,0,1329045874795233990719,727780757806867588
5229,11305931,poincare,arb,1,167942846106207273,306812962696599040811
5230,11305931,control,arb,1,170007136782573828,310584790615163979953
5231,11305931,poincare,noise,1,2726651948234062724,4971011999919894815136
5232,11305931,control,noise,1,2726651948234062724,4970976215528258962050
5233,11305932,poincare,arb,0,19587652326179973430534,10682974113320019699
5234,11305932,control,arb,0,19533684163554667177011,10653616930904753634
5235,11305932,poincare,noise,1,405069153684582174,748192109626334480196
5236,11305932,control,noise,1,405069153684582174,748191303584064465112
5237,11305933,poincare,arb,0,4253851847650556934372,2299888971709565716
5238,11305933,control,arb,0,4240915882588878474317,2292897478669487225
5239,11305933,poincare,noise,0,5416895668829897815953,2917726870952295483
5240,11305933,control,noise,0,5416895668829897815953,2917704192167782095
5241,11305934,poincare,arb,1,3180433665870751382,5903507456370428628123
5242,11305934,control,arb,1,3179441653373986577,5901711959567278283682
5243,11305934,poincare,noise,0,854161080751329946044,461069598701963377
5244,11305934,control,noise,0,854161080751329946044,461069032483196561
5245,11305935,poincare,arb,0,36541612252032553628504,19442530249114661104
5246,11305935,control,arb,0,36403629586611083973068,19369090650477245047
5247,11305935,poincare,noise,0,3230183023866265869932,1692536164349633650
5248,11305935,control,noise,0,3230183023866265869932,1692528423522379557
5249,11305936,poincare,arb,1,6310312783789755076,12002708352603628903677
5250,11305936,control,arb,1,6293266402777122100,11970339549408553362575
5251,11305936,poincare,noise,1,330385010037581802,625384209455115754486
5252,11305936,control,noise,1,330385010037581802,625383653147283847616
5253,11305937,poincare,arb,0,23224405285619332265604,12163673412203515839
5254,11305937,control,arb,0,23141019017876796566504,12120011026620479994
5255,11305937,poincare,noise,0,5509827478889743210389,2854239204059973901
5256,11305937,control,noise,0,5509827478889743210389,2854217073964765483
5257,11305938,poincare,arb,0,53420241312308177118031,27065803602309502623
5258,11305938,control,arb,0,53202801552661555940862,26955426965698955309
5259,11305938,poincare,noise,1,222903282146011268,448803146153491637234
5260,11305938,control,noise,1,222903282146011268,448802868346805080694
5261,11305939,poincare,arb,0,38488278099312670515526,18565903225174820574
5262,11305939,control,arb,0,38347920030304253023941,18779907628459929123
5263,11305939,poincare,noise,0,5332112375038870435381,2531331129809605739
5264,11305939,control,noise,0,5332112375038870435381,2569308220950419362
5265,11305940,poincare,arb,1,6670757191934305635,13797386194701004454531
5266,11305940,control,arb,1,6814554230850953019,14096631599773374727390
5267,11305940,poincare,noise,1,1439963011073920540,2960040091010480855350
5268,11305940,control,noise,1,1439963011073920540,2960027742415145561876
5269,11305941,control,arb,0,836793840286537242669,407394467137044044
5270,11305941,poincare,noise,1,2842821728250261972,5824896831329772651225
5271,11305941,control,noise,1,2842821728250261972,5828405608999836883610
5272,11305942,control,arb,0,5065474718286836090449,2471397715861441353
5273,11305942,poincare,noise,0,347076634588880003962,169732466352769463
5274,11305942,control,noise,0,347076634588880003962,168996221113567394
5275,11305943,poincare,arb,0,8325725289266223795703,4058559479189324508
5276,11305943,control,arb,0,2427380565370053368016,1180711242198503824
5277,11305943,poincare,noise,1,2260281587237903886,4643049127145909455691
5278,11305943,control,noise,1,2260281587237903886,4643018743083519401126
5279,11305944,poincare,arb,1,5582828266292873358,11400416899051384442075
5280,11305944,control,arb,1,5552934039356563539,11339297175160586618502
5281,11305944,poincare,noise,0,4540068458852906058346,2228931582907097927
5282,11305944,control,noise,0,4540068458852906058346,2228917259619584862
5283,11305945,poincare,arb,1,3277651334630783902,6670914265197757412455
5284,11305945,control,arb,1,3273639787431316441,6662792488340012534471
5285,11305945,poincare,noise,0,4203325777784719574741,2067126591400457866
5286,11305945,control,noise,0,4203325777784719574741,2067114281897176475
5287,11305946,poincare,arb,1,2882333942579685168,5857385257981973961140
5288,11305946,control,arb,1,2879214448042481417,5851080765199061885975
5289,11305946,poincare,noise,1,1187284088559316056,2405378249830829056545
5290,11305946,control,noise,1,1187284088559316056,2405370035140286087150
5291,11305947,poincare,arb,0,14121356274750849081568,6940066683922552710
5292,11305947,control,arb,0,14076692290550701654801,6918139796293454538
5293,11305947,poincare,noise,1,3000729686096602668,6123895036470146682251
5294,11305947,control,noise,1,3000729686096602668,6123842022099059073557
5295,11305948,poincare,arb,1,1129666403842060601,2298251467102825571050
5296,11305948,control,arb,1,1113923286589420348,2266203240566861955791
5297,11305948,poincare,noise,1,322980144736600094,656368487268647239179
5298,11305948,control,noise,1,322980144736600094,656367876340032191876
5299,11305949,poincare,arb,1,23301201150359427580,46525237097562413411902
5300,11305949,control,arb,1,23211156939579669065,46345403733076614399301
5301,11305949,poincare,noise,0,689106208610100296190,351090393023516162
5302,11305949,control,noise,0,689106208610100296190,351090043924329966
5303,11305950,poincare,arb,1,5036366225929028136,9851014486997168593876
5304,11305950,control,arb,1,5018507820316068572,9816093623926449161177
5305,11305950,poincare,noise,1,1732682432487523360,3372185548652777823665
5306,11305950,control,noise,1,1732682432487523360,3372169079115203299170
5307,11305951,poincare,arb,1,8009833438663308810,15477686703304794205945
5308,11305951,control,arb,1,7972699573930855557,15405856371083396296523
5309,11305951,poincare,noise,1,439408642701177158,843832443012606014960
5310,11305951,control,noise,1,439408642701177158,843831404331030357078
5311,11305952,poincare,arb,0,6783420674271974634549,3524348004859954597
5312,11305952,control,arb,0,6760780733189513989738,3512589674414587532
5313,11305952,poincare,noise,0,173611474398401194203,89961709168855108
5314,11305952,control,noise,0,173611474398401194203,89961686439060184
5315,11305953,poincare,arb,1,1954007216136857764,3765763611671898178751
5316,11305953,control,arb,1,1946902333160865411,3752072025912320639730
5317,11305953,poincare,noise,0,1135616684135695414794,589847261007794696
5318,11305953,control,noise,0,1135616684135695414794,589846285198813777
5319,11305954,poincare,arb,1,21579218670588856433,40916332860882434394723
5320,11305954,control,arb,1,21499216133678950519,40764707577125731305111
5321,11305954,poincare,noise,1,2214858134823422986,4127565696773844622970
5322,11305954,control,noise,1,2214858134823422986,4127540485280759682524
5323,11305955,poincare,arb,0,1965800464450157686958,1055734280355747962
5324,11305955,control,arb,0,1974014880049509368448,1060152312513890914
5325,11305955,poincare,noise,1,2999720513124378738,5494064201688247304915
5326,11305955,control,noise,1,2999720513124378738,5577684076603845631705
5327,11305956,poincare,arb,0,30068790263162453086017,16018705821969032174
5328,11305956,control,arb,0,30016582935791703216608,15991284744355457967
5329,11305956,poincare,noise,0,3218272675333082059149,1692630903685728380
5330,11305956,control,noise,0,3218272675333082059149,1692622887693592025
5331,11305957,poincare,arb,0,29671054724813442514299,15410957205964667623
5332,11305957,control,arb,0,29545164462406209921234,15345497930119771183
5333,11305957,poincare,noise,0,1343622586761251086843,689677130139405044
5334,11305957,control,noise,0,1343622586761251086843,689675782516428988
5335,11305958,poincare,arb,0,10503371344044372279881,5367268255251142179
5336,11305958,control,arb,0,10458024683209971407643,5344085472816484539
5337,11305958,poincare,noise,0,2779695482512109929528,1413331078653761852
5338,11305958,control,noise,0,2779695482512109929528,1413325393952797051
5339,11305959,poincare,arb,0,36342606522554490488590,18209766876512543412
5340,11305959,control,arb,0,36192858344202539930237,18134661358093929980
5341,11305959,poincare,noise,0,2934885871471098152083,1449114669731418927
5342,11305959,control,noise,0,2934885871471098152083,1449108605390399354
5343,11305960,poincare,arb,1,6701952648751324909,13520060157535367247897
5344,11305960,control,arb,1,6681840330989064887,13479543355465009766961
5345,11305960,poincare,noise,0,3263860627375566823735,1624091298127219787
5346,11305960,control,noise,0,3263860627375566823735,1624083710821546567
5347,11305961,poincare,arb,1,9628094640367188540,19233883467423255854182
5348,11305961,control,arb,1,9597450182054585962,19172755115921177259443
5349,11305961,poincare,noise,0,1600177112432161733980,806312968992419249
5350,11305961,control,noise,0,1600177112432161733980,806311109987734714
5351,11305962,poincare,arb,0,5157193784772862095660,2592085526901500719
5352,11305962,control,arb,0,5131328640585439542854,2579079358310871032
5353,11305962,poincare,noise,0,839390797848911581619,420944291755536836
5354,11305962,control,noise,0,839390797848911581619,420943783803583746
5355,11305963,poincare,arb,1,13880665129990571358,27403785005649570603550
5356,11305963,control,arb,1,13829144937016237535,27302104648467979352753
5357,11305963,poincare,noise,0,4865187924908993102770,2485290045762802712
5358,11305963,control,noise,0,4865187924908993102770,2485272515609978053
5359,11305964,poincare,arb,1,7435051393441616680,14501789372523130782087
5360,11305964,control,arb,1,7416087694298127681,14464903416474401840902
5361,11305964,poincare,noise,1,875591153500570834,1697369196985944812763
5362,11305964,control,noise,1,875591153500570834,1697364997012683205975
5363,11305965,poincare,arb,0,23638856396398387922162,12093477184763603007
5364,11305965,control,arb,0,23554866910027124101746,12050538556103053368
5365,11305965,poincare,noise,0,5273338568957053500184,2668513714829397923
5366,11305965,control,noise,0,5273338568957053500184,2668493410643623960
5367,11305966,poincare,arb,1,13312366744915123138,26100851685402864920507
5368,11305966,control,arb,1,13271605034416019092,26021130350283443756300
5369,11305966,poincare,noise,0,3879244057151313723395,1995202250314561869
5370,11305966,control,noise,0,3879244057151313723395,1995190988597969948
5371,11305967,poincare,arb,0,443137723545026666930,227544966106763043
5372,11305967,control,arb,0,426592971201028310448,219048232906469562
5373,11305967,poincare,noise,0,4845279831020849328589,2483010303889825052
5374,11305967,control,noise,0,4845279831020849328589,2482992833665008496
5375,11305968,poincare,arb,0,61861252324619007959494,30920464885567222244
5376,11305968,control,arb,0,61605920169747619860179,30792624093269604341
5377,11305968,poincare,noise,0,4689790080175216371225,2286613928399448618
5378,11305968,control,noise,0,4689790080175216371225,2286598738333461666
5379,11305969,poincare,arb,1,3402333727053883049,6972222839434110696949
5380,11305969,control,arb,1,3398047903644846165,6963486386557038905379
5381,11305969,poincare,noise,0,4319366885102610817656,2109845636779898669
5382,11305969,control,noise,0,4319366885102610817656,2109832715386456990
5383,11305970,poincare,arb,1,7498328196130602130,15288664198324160333449
5384,11305970,control,arb,1,7477689815446970339,15246677091066434528708
5385,11305970,poincare,noise,1,611368450588353374,1238942952348030618581
5386,11305970,control,noise,1,611368450588353374,1238940763577807730237
5387,11305971,poincare,arb,1,5570760090414238070,11236921768204451136841
5388,11305971,control,arb,1,5547096797614319306,11189170171550029242968
5389,11305971,poincare,noise,1,2931427160323977908,5875488191229341703419
5390,11305971,control,noise,1,2931427160323977908,5875438737623353922166
5391,11305972,poincare,arb,1,1249425109511492065,2496418527125006810632
5392,11305972,control,arb,1,1233422088746369440,2464422888388430995187
5393,11305972,poincare,noise,0,486720958498002773676,243780589837160633
5394,11305972,control,noise,0,486720958498002773676,243780419358036185
5395,11305973,poincare,arb,1,12167241453498385856,24078209962960150974633
5396,11305973,control,arb,1,12121601930208355566,23987908975493443129580
5397,11305973,poincare,noise,1,2933821631675407348,5741112449174172843052
5398,11305973,control,noise,1,2933821631675407348,5741064662288002844831
5399,11305974,poincare,arb,0,11100681404694103331326,5661218286791007956
5400,11305974,control,arb,0,11080118830929164396712,5650778648533170498
5401,11305974,poincare,noise,0,5016311641836740082013,2542763477732228173
5402,11305974,control,noise,0,5016311641836740082013,2542745056843308106
5403,11305975,poincare,arb,0,6543475270169537394825,3302505381234254151
5404,11305975,control,arb,0,6499227949754049667823,3280149904915022823
5405,11305975,poincare,noise,1,237662213089195450,471970660632982116489
5406,11305975,control,noise,1,237662213089195450,471970339720823096608
5407,11305976,poincare,arb,1,838559533006724594,1663952142296221314456
5408,11305976,control,arb,1,834440086099951371,1655776805528583841909
5409,11305976,poincare,noise,0,5224938571257694880839,2629630341487668677
5410,11305976,control,noise,0,5224938571257694880839,2629610570589857820
5411,11305977,poincare,arb,1,10091621073309297561,19940803374941859747721
5412,11305977,control,arb,1,10063039089512442214,19884475555915773356324
5413,11305977,poincare,noise,1,1586859468801365670,3108530245843731549346
5414,11305977,control,noise,1,1586859468801365670,3108516236512428028266
5415,11305978,poincare,arb,0,33635348245902005308997,16974834887879166736
5416,11305978,control,arb,0,33518486935872541377046,16915934435466293162
5417,11305978,poincare,noise,0,137868367185685562871,68701861447762562
5418,11305978,control,noise,0,137868367185685562871,68701847872565438
5419,11305979,poincare,arb,0,31966727945579364353774,15740987866009074557
5420,11305979,control,arb,0,31843841393199632253714,15680473234083871333
5421,11305979,poincare,noise,0,1089863453430179013257,530131628509282403
5422,11305979,control,noise,0,1089863453430179013257,530130810522932974
5423,11305980,poincare,arb,0,61425059324623168873846,29205399883034885811
5424,11305980,control,arb,0,61185771365427568044039,29091582202416421821
5425,11305980,poincare,noise,0,1670796400439953546975,776354580919657233
5426,11305980,control,noise,0,1670796400439953546975,776352786216674778
5427,11305981,poincare,arb,0,16413518334909852367715,7463695077913431186
5428,11305981,control,arb,0,16344297122210986792733,7545381762907276653
5429,11305981,poincare,noise,1,269822188978909414,587747858572706882248
5430,11305981,control,noise,1,269822188978909414,587799478794829940237
5431,11305982,poincare,arb,1,15068561737503895383,32435504206872011116187
5432,11305982,control,arb,1,15065785228600930260,32430938345771253007499
5433,11305982,poincare,noise,0,6179312885211761693559,2811027896497216897
5434,11305982,control,noise,0,6179312885211761693559,2897941745704703158
5435,11305983,poincare,arb,1,5009809744361280217,10664307515894272249698
5436,11305983,control,arb,1,5044740765802062116,10739118458403269811259
5437,11305983,poincare,noise,0,5101514329216149858707,2365364113834402126
5438,11305983,control,noise,0,5101514329216149858707,2401367492064905240
5439,11305984,poincare,arb,1,6930668022666919711,14672010394779874989801
5440,11305984,control,arb,1,6930806534172530514,14672613596576609604848
5441,11305984,poincare,noise,1,1513533879336059576,3183384437596593357853
5442,11305984,control,noise,1,1513533879336059576,3183369919829312174350
5443,11305985,poincare,arb,0,24270847807185886963322,11451600384395987770
5444,11305985,control,arb,0,24188188951052792097329,11412651890850264138
5445,11305985,poincare,noise,0,1112950255745723336921,520303654289094139
5446,11305985,control,noise,0,1112950255745723336921,520302831366206831
5447,11305986,poincare,arb,1,16188168319205428797,34212991951972935845420
5448,11305986,control,arb,1,16126763225596079086,34083268855461929490933
5449,11305986,poincare,noise,1,2605615654221764892,5428009420448826700223
5450,11305986,control,noise,1,2605615654221764892,5427967026376148100791
5451,11305987,poincare,arb,1,1410567085498236672,2929507219497300091973
5452,11305987,control,arb,1,1394827175985980106,2896795487529114903685
5453,11305987,poincare,noise,0,352859102276778936443,170063354182933293
5454,11305987,control,noise,0,352859102276778936443,170063267584030223
5455,11305988,poincare,arb,1,581958030665905571,1207108024613552386166
5456,11305988,control,arb,1,580343678642199104,1203760119000208479077
5457,11305988,poincare,noise,1,1309482152930251676,2712247320400181963703
5458,11305988,control,noise,1,1309482152930251676,2712236699783184771581
5459,11305989,poincare,arb,0,9781311904769279275021,4710232293094236224
5460,11305989,control,arb,0,9753596758709790789873,4696904338927562334
5461,11305989,poincare,noise,0,5602034772946522772286,2682526195920334999
5462,11305989,control,noise,0,5602034772946522772286,2682504600356745981
5463,11305990,poincare,arb,1,3041245573525227500,6349426568217051126376
5464,11305990,control,arb,1,3039818113012329019,6346497448704779818585
5465,11305990,poincare,noise,1,541266906812712438,1126955936235661139600
5466,11305990,control,noise,1,541266906812712438,1126954106873158320192
5467,11305991,poincare,arb,1,9501573713131695332,19632598361115733773442
5468,11305991,control,arb,1,9462214597063445881,19551240967720890557247
5469,11305991,poincare,noise,1,2292239581177243334,4694134635435460278964
5470,11305991,control,noise,1,2292239581177243334,4694102653263666763066
5471,11305992,poincare,arb,1,21951575616825127063,44143384499182777897787
5472,11305992,control,arb,1,21856561151055317065,43952016293215826152643
5473,11305992,poincare,noise,1,1617286517125840740,3195378829225493128358
5474,11305992,control,noise,1,1617286517125840740,3195363737528127695221
5475,11305993,poincare,arb,0,6893429327030968276844,3484151442184177585
5476,11305993,control,arb,0,6878921124840510195482,3476834971073086544
5477,11305993,poincare,noise,1,2172209604967805382,4301927998650500666135
5478,11305993,control,noise,1,2172209604967805382,4301900682717882427936
5479,11305994,poincare,arb,0,967186231502994852655,488981405381575635
5480,11305994,control,arb,0,980228174880351058114,495578181790164274
5481,11305994,poincare,noise,1,1027487956252105274,2031518500362320183403
5482,11305994,control,noise,1,1027487956252105274,2031512401112504343380
5483,11305995,poincare,arb,0,2919397858729175901390,1476061424037524517
5484,11305995,control,arb,0,2915912052089484409796,1474303409960447467
5485,11305995,poincare,noise,0,5501116029322706809500,2772614293570635939
5486,11305995,control,noise,0,5501116029322706809500,2772591806549256580
5487,11305996,poincare,arb,1,1785296332384043305,3544790445974639229363
5488,11305996,control,arb,1,1789143264753173562,3552457524305979772923
5489,11305996,poincare,noise,1,2926604125900933718,5790583965237527210662
5490,11305996,control,noise,1,2926604125900933718,5790534464296271763960
5491,11305997,poincare,arb,0,9792878173837439739109,4941971902923350497
5492,11305997,control,arb,0,9777143194229647560212,4934073431040952519
5493,11305997,poincare,noise,1,617139770741548270,1226846610000387445623
5494,11305997,control,noise,1,617139770741548270,1226844391290621862055
5495,11305998,poincare,arb,1,1995108805823526348,3958483133113245485118
5496,11305998,control,arb,1,1984871085360258324,3938163412748717032571
5497,11305998,poincare,noise,0,3492735340669905084278,1760675365988051644
5498,11305998,control,noise,0,3492735340669905084278,1760666295326508383
5499,11305999,poincare,arb,1,10644223462998596254,20976866813047071841940
5500,11305999,control,arb,1,10609398684921191400,20908344371437554854349
5501,11305999,poincare,noise,1,2316693775803506966,4521929524699371463813
5502,11305999,control,noise,1,2316693775803506966,4521899124972787340095
5503,11306000,poincare,arb,0,14222572375256088066664,7259956284854951732
5504,11306000,control,arb,0,14184523974214870958811,7240583036765840982
5505,11306000,poincare,noise,0,3896011932228520137951,1975185570000126769
5506,11306000,control,noise,0,3896011932228520137951,1975174187827572194
5507,11306001,poincare,arb,1,9556755375744914597,18745117029418704089441
5508,11306001,control,arb,1,9527030897720651050,18686921577240635152134
5509,11306001,poincare,noise,1,1936190113008353358,3765605867983525277335
5510,11306001,control,noise,1,1936190113008353358,3765584745839254193822
5511,11306002,poincare,arb,0,8968209185482817844282,4602187227924834155
5512,11306002,control,arb,0,8947798427021521567927,4591738860390729369
5513,11306002,poincare,noise,1,1535100607869205384,2998197133455221840946
5514,11306002,control,noise,1,1535100607869205384,2998183769513684720710
5515,11306003,poincare,arb,0,337206470691220908341,172826145761885706
5516,11306003,control,arb,0,347621853387787470425,178165065366406014
5517,11306003,poincare,noise,1,2921385905259823002,5688468535172549226998
5518,11306003,control,noise,1,2921385905259823002,5688420380319318693141
5519,11306004,poincare,arb,0,127632186440977256906,65685299933288036
5520,11306004,control,arb,0,149377626803387810881,76877138560897312
5521,11306004,poincare,noise,1,2012685025689092934,3905220233645925319178
5522,11306004,control,noise,1,2012685025689092934,3905197490216014672499
5523,11306005,poincare,arb,0,18609203366625529382864,9537715336279023490
5524,11306005,control,arb,0,18551553921677803546733,9508223825597930575
5525,11306005,poincare,noise,0,1458809370682736889008,742026392980473590
5526,11306005,control,noise,0,1458809370682736889008,742024788509231500
5527,11306006,poincare,arb,1,10490931850485887037,20477115630216834979043
5528,11306006,control,arb,1,10452723097662780522,20402580570683583001598
5529,11306006,poincare,noise,1,519345157148808220,1005499296488885364422
5530,11306006,control,noise,1,519345157148808220,1005497786265876896654
5531,11306007,poincare,arb,0,28482861704242610779175,14559649912132840771
5532,11306007,control,arb,0,28375173062740392621235,14504624247044861888
5533,11306007,poincare,noise,0,2242701326993658535407,1133183190695133022
5534,11306007,control,noise,0,2242701326993658535407,1133179436857285957
5535,11306008,poincare,arb,0,1818861295538693164827,917626639647420462
5536,11306008,control,arb,0,1802943536736343539823,909593019877439989
5537,11306008,poincare,noise,1,2245686994998816898,4446866682974810061543
5538,11306008,control,noise,1,2245686994998816898,4446837494304909617025
5539,11306009,poincare,arb,0,10152181428667518008204,5115945573414527062
5540,11306009,control,arb,0,10129792416340189311026,5104696680316552363
5541,11306009,poincare,noise,0,3351758618483083158862,1680509567310078134
5542,11306009,control,noise,0,3351758618483083158862,1680501281263723921
5543,11306010,poincare,arb,0,17313474369448779243631,8614015171372549080
5544,11306010,control,arb,0,17232484803395710687483,8573677960622647477
5545,11306010,poincare,noise,1,1906124739693164116,3850441455701729929502
5546,11306010,control,noise,1,1906124739693164116,3850419786040507275565
5547,11306011,poincare,arb,0,11564096730992912431686,5708339840947168837
5548,11306011,control,arb,0,11533844306430759076955,5693438496681134312
5549,11306011,poincare,noise,1,2802925348373923444,5690642872160052807404
5550,11306011,control,noise,1,2802925348373923444,5690595675649669648337
5551,11306012,poincare,arb,1,10863178599721717660,21830147438164093862324
5552,11306012,control,arb,1,10809619473190758546,21722337304153583129089
5553,11306012,poincare,noise,1,253889339185953290,505974176610790460815
5554,11306012,control,noise,1,253889339185953290,505973799649061877735
5555,11306013,poincare,arb,0,22953251801812114961451,11421607659714716686
5556,11306013,control,arb,0,22865277808729073435688,11377840010876171186
5557,11306013,poincare,noise,0,249905492676903623205,123283002318425416
5558,11306013,control,noise,0,249905492676903623205,123282957335639225
5559,11306014,poincare,arb,0,15801260972612663239380,7748894948674593144
5560,11306014,control,arb,0,15738354495466795476986,7718042969075039255
5561,11306014,poincare,noise,1,1363630193779694120,2794086049815570914416
5562,11306014,control,noise,1,1363630193779694120,2794074717825056405660
5563,11306015,poincare,arb,0,10072512781613247452800,4902640713758621569
5564,11306015,control,arb,0,10043976408414555328480,4888770900316996175
5565,11306015,poincare,noise,0,5720011251272326535444,2767984036972085597
5566,11306015,control,noise,0,5720011251272326535444,2767961164787651328
5567,11306016,poincare,arb,0,5912661771241138388729,2849016060592115535
5568,11306016,control,arb,0,5867071908272703064167,2827025224985912610
5569,11306016,poincare,noise,0,369379050086705401724,177575712357546067
5570,11306016,control,noise,0,369379050086705401724,177575617819677304
5571,11306017,poincare,arb,1,13883133154977343532,28580129801742411433970
5572,11306017,control,arb,1,13829419310856229985,28469568432183106535156
5573,11306017,poincare,noise,0,5565306077772907118023,2726398129108156302
5574,11306017,control,noise,0,5565306077772907118023,2726376074367369673
5575,11306018,poincare,arb,1,2791499970093133510,5697916574644275449115
5576,11306018,control,arb,1,2791222773305136078,5697396857948994738053
5577,11306018,poincare,noise,0,6019402512464460251098,2948650843352858799
5578,11306018,control,noise,0,6019402512464460251098,2948625047582599636
5579,11306019,poincare,arb,1,8072791982466451157,16416438154016903138228
5580,11306019,control,arb,1,8052684053216553017,16375690904501770012828
5581,11306019,poincare,noise,0,1151373380592067459354,569399136252665260
5582,11306019,control,noise,0,1151373380592067459354,569398178036231286
5583,11306020,poincare,arb,1,3430518963431022921,6921924050407170111719
5584,11306020,control,arb,1,3419304927996232559,6899308559214378040283
5585,11306020,poincare,noise,1,1889947768756067376,3798252593058193613428
5586,11306020,control,noise,1,1889947768756067376,3798231452580583052941
5587,11306021,poincare,arb,0,7471248586016254240140,3712491353737527783
5588,11306021,control,arb,0,7456832526702836077342,3705348583358570416
5589,11306021,poincare,noise,0,4175037817181388372037,2065619513711957050
5590,11306021,control,noise,0,4175037817181388372037,2065606913145661917
5591,11306022,poincare,arb,0,17143845292908958928417,8415271877778106127
5592,11306022,control,arb,0,17060293992382581201271,8374208587927785509
5593,11306022,poincare,noise,1,916704155662013298,1878124348819720874532
5594,11306022,control,noise,1,916704155662013298,1878119227600913390820
5595,11306023,poincare,arb,0,19224360807776137250436,9323645992435864102
5596,11306023,control,arb,0,19156373672307347054003,9290698163026376185
5597,11306023,poincare,noise,1,2209632954794038176,4580662794149463291666
5598,11306023,control,noise,1,2209632954794038176,4580632524414789357881
5599,11306024,poincare,arb,1,5514427787559438893,11364807178094007226710
5600,11306024,control,arb,1,5484156252365227837,11302345208117742564889
5601,11306024,poincare,noise,0,1356621635014932400284,660688002460951923
5602,11306024,control,noise,0,1356621635014932400284,660686702475568024
5603,11306025,poincare,arb,1,10006078436072222149,20401633656304256377357
5604,11306025,control,arb,1,9969451412280255511,20326993933636698802231
5605,11306025,poincare,noise,1,973634708768320514,1968796712511086744418
5606,11306025,control,noise,1,973634708768320514,1968791047990186278659
5607,11306026,poincare,arb,0,13519212710265764833387,6657135506164457933
5608,11306026,control,arb,0,13473939558079137757224,6634861174028343523
5609,11306026,poincare,noise,1,2192745209195815602,4467975856699585830896
5610,11306026,control,noise,1,2192745209195815602,4467946808292797103653
5611,11306027,poincare,arb,0,19153230749716487188551,9349040969130083587
5612,11306027,control,arb,0,19095648398046255861503,9320994574081793612
5613,11306027,poincare,noise,1,1105882384964529072,2279765272565871040478
5614,11306027,control,noise,1,1105882384964529072,2279757750623365614240
5615,11306028,poincare,arb,0,8485364952139121717428,4106758045936049176
5616,11306028,control,arb,0,8461036928925655445979,4094997248576385745
5617,11306028,poincare,noise,0,2390749056910694526619,1152463386155477975
5618,11306028,control,noise,0,2390749056910694526619,1152459411131935043
5619,11306029,poincare,arb,1,2038178783618442453,4225291086400688804225
5620,11306029,control,arb,1,2034703582031475925,4218101292655741541230
5621,11306029,poincare,noise,0,2047387061090388791183,988399597239713903
5622,11306029,control,noise,0,2047387061090388791183,988396675387363637
5623,11306030,poincare,arb,0,431253020974604876498,208003004447791967
5624,11306030,control,arb,0,421538928480926383026,203317078727408889
5625,11306030,poincare,noise,0,4168441513880981557559,2007144856749829039
5626,11306030,control,noise,0,4168441513880981557559,2007132796830510988
5627,11306031,poincare,arb,0,25336293132228395547929,12069014404795515337
5628,11306031,control,arb,0,25220660482120128855776,12013860281446917054
5629,11306031,poincare,noise,1,392758497434045066,831913631427205286218
5630,11306031,control,noise,1,392758497434045066,831912643015222300394
5631,11306032,poincare,arb,1,5492292029173841922,11580973198148990122017
5632,11306032,control,arb,1,5469227799090943866,11532326570616826138550
5633,11306032,poincare,noise,1,1840654941955437114,3859421170415067622714
5634,11306032,control,noise,1,1840654941955437114,3859399801365973369120
5635,11306033,poincare,arb,0,17923136399389738016047,8504383557468624200
5636,11306033,control,arb,0,17867997616752625919116,8478267593076594389
5637,11306033,poincare,noise,0,6336010973745358110000,2979989289061219048
5638,11306033,control,noise,0,6336010973745358110000,2979962401494462875
5639,11306034,poincare,arb,1,859532325066649476,1830512433993892305817
5640,11306034,control,arb,1,867815766710718925,1848170031747583230851
5641,11306034,poincare,noise,1,2008678015030221440,4268360339251241264549
5642,11306034,control,noise,1,2008678015030221440,4268334377610637089620
5643,11306035,poincare,arb,1,5868254762979151033,12394552448216388638378
5644,11306035,control,arb,1,5837384103650377811,12329274424335744260455
5645,11306035,poincare,noise,0,5500709218740936077980,2610863541847009726
5646,11306035,control,noise,0,5500709218740936077980,2610842993762891175
5647,11306036,poincare,arb,1,5700764481242332110,11982314502080681942975
5648,11306036,control,arb,1,5688634234885044438,11956912301218416333489
5649,11306036,poincare,noise,1,67290206587105728,140812318806539874865
5650,11306036,control,noise,1,67290206587105728,140812290312790861473
5651,11306037,poincare,arb,0,5871806477385334249847,2800108395048000653
5652,11306037,control,arb,0,5849345984486125918155,2789398147584803236
5653,11306037,poincare,noise,0,1255452153673803059633,597137244343145237
5654,11306037,control,noise,0,1255452153673803059633,597136169772070804
5655,11306038,poincare,arb,1,8063105608968562667,16855899375500179456559
5656,11306038,control,arb,1,8033844494679084640,16794759321987723838931
5657,11306038,poincare,noise,0,3443586338567367187076,1655345470442946796
5658,11306038,control,noise,0,3443586338567367187076,1655337259626963139
5659,11306039,poincare,arb,1,2743715705582605169,5702976868990637007195
5660,11306039,control,arb,1,2739442039201687247,5694122042204495553883
5661,11306039,poincare,noise,0,6070990228163620510557,2920374349457259023
5662,11306039,control,noise,0,6070990228163620510557,2920348815119056791
5663,11306040,poincare,arb,1,2638530688433088921,5486259062615779015677
5664,11306040,control,arb,1,2639609733743927468,5488550695300640610865
5665,11306040,poincare,noise,1,1386265213838224322,2873620829289533175072
5666,11306040,control,noise,1,1386265213838224322,2873608912466017626920
5667,11306041,poincare,arb,0,4738666552817739968262,2284420385977283893
5668,11306041,control,arb,0,4731345294555592160099,2280900406421169471
5669,11306041,poincare,noise,1,1113671962935432880,2312193424260583717480
5670,11306041,control,noise,1,1113671962935432880,2312185714280200584283
5671,11306042,poincare,arb,0,14521693945830045525498,6963237298483887232
5672,11306042,control,arb,0,14473835715628376158773,6940312139188475191
5673,11306042,poincare,noise,0,5193700900353836123775,2472527548352107109
5674,11306042,control,noise,0,5193700900353836123775,2472509146575874120
5675,11306043,poincare,arb,1,2475644797475409043,5200236478106995522049
5676,11306043,control,arb,1,2475614178820037891,5200210864381447710368
5677,11306043,poincare,noise,1,2145271525415768228,4490363683638822927491
5678,11306043,control,noise,1,2145271525415768228,4490334734979268413406
5679,11306044,poincare,arb,0,10816045474595531097363,5155466323569592104
5680,11306044,control,arb,0,10791225408238994219641,5143669003375812815
5681,11306044,poincare,noise,1,1620004516466039230,3407933465818824754271
5682,11306044,control,noise,1,1620004516466039230,3407916829891367337632
5683,11306045,poincare,arb,0,12398079555966917621516,5874358313582912393
5684,11306045,control,arb,0,12362829442099966976744,5857684982676556966
5685,11306045,poincare,noise,1,1998688048320306570,4230873053964291326455
5686,11306045,control,noise,1,1998688048320306570,4230847497240119404925
5687,11306046,poincare,arb,1,5995910616543285011,12614708805000744659320
5688,11306046,control,arb,1,5964578810266827345,12548714473854997124429
5689,11306046,poincare,noise,0,1440347401515423428017,687404669330296641
5690,11306046,control,noise,0,1440347401515423428017,687403247783283725
5691,11306047,poincare,arb,0,11314161480642197967443,5374646472079541635
5692,11306047,control,arb,0,11264175006248746999821,5350889976567453135
5693,11306047,poincare,noise,0,1161583913105458650542,549294762933290190
5694,11306047,control,noise,0,1161583913105458650542,549293850995822007
5695,11306048,poincare,arb,0,40672220474649483907319,18945231053200122885
5696,11306048,control,arb,0,40508268697977436673309,18868830543136638544
5697,11306048,poincare,noise,0,1217993620454520441429,558840880918272766
5698,11306048,control,noise,0,1217993620454520441429,558839922658399221
5699,11306049,poincare,arb,0,35401433763678275664691,16032748802120089255
5700,11306049,control,arb,0,35257917765833744157254,15967725298795398505
5701,11306049,poincare,noise,0,5075133654845846523298,2265634350309797581
5702,11306049,control,noise,0,5075133654845846523298,2265618393711535235
5703,11306050,poincare,arb,0,3341905258251290572797,1465153075158513951
5704,11306050,control,arb,0,3308917857169404614049,1472772153667508041
5705,11306050,poincare,noise,0,4776251081308411418216,2088055074006752326
5706,11306050,control,noise,0,4776251081308411418216,2119801377104143044
5707,11306051,control,arb,0,8354052993281085894331,3690567102557495888
5708,11306051,poincare,noise,1,2318595845994899142,5223085708194710413815
5709,11306051,control,noise,1,2318595845994899142,5254171576547705092454
5710,11306052,control,arb,0,7630438280457943910610,3364396186932207848
5711,11306052,poincare,noise,0,2210794280127748585573,971882953229736393
5712,11306052,control,noise,0,2210794280127748585573,971406892129566694
5713,11306053,poincare,arb,0,49369861744312527865265,21369281640284125702
5714,11306053,control,arb,0,33142240160234152981916,14383594102427160633
5715,11306053,poincare,noise,1,2000614894578058814,4655270426603406384876
5716,11306053,control,noise,1,2000614894578058814,4655909783612737617648
5717,11306054,poincare,arb,0,18431661772086643122019,7699929663809656597
5718,11306054,control,arb,0,18169820623307758369113,7770971214120303589
5719,11306054,poincare,noise,0,1443429123132481473210,598964009559585960
5720,11306054,control,noise,0,1443429123132481473210,613149028317166762
5721,11306055,poincare,arb,1,9131794676725942547,21346553393371193857899
5722,11306055,control,arb,1,9195313958411726623,21496802568071906134912
5723,11306055,poincare,noise,0,2322867068319346275602,967192589985178631
5724,11306055,control,noise,0,2322867068319346275602,1000241207103437653
5725,11306056,control,arb,0,2444127571403138269728,1050712611566114626
5726,11306056,poincare,noise,1,87211633888459006,202675028943412530710
5727,11306056,control,noise,1,87211633888459006,203026562634113557794
5728,11306057,control,arb,1,146363710520400633,340666756832897791900
5729,11306057,poincare,noise,1,345600415267351474,802876462667169138511
5730,11306057,control,noise,1,345600415267351474,804077153424462566098
5731,11306058,poincare,arb,1,1577770402655367398,3659705525509489380035
5732,11306058,control,arb,1,2494408979694461479,5790208487185989549422
5733,11306058,poincare,noise,1,857731073104072104,1985650416772308752630
5734,11306058,control,noise,1,857731073104072104,1985644770056437959425
5735,11306059,poincare,arb,0,4683291381252048518021,2021124659261934455
5736,11306059,control,arb,0,4672199958928477368597,2016343770919340955
5737,11306059,poincare,noise,0,3288279302275713350808,1415174134074223580
5738,11306059,control,noise,0,3288279302275713350808,1415167483382860912
5739,11306060,poincare,arb,1,2200240536968662305,5109220833915782520366
5740,11306060,control,arb,1,2197007708259458526,5101737796150452199197
5741,11306060,poincare,noise,1,3005187014330619110,6949257223343631513176
5742,11306060,control,noise,1,3005187014330619110,6949188082939307894174
5743,11306061,poincare,arb,0,21583705374605769034127,9286658832664242024
5744,11306061,control,arb,0,21523496945658759211201,9260845543208367489
5745,11306061,poincare,noise,1,1031615168060266424,2413627633336243647833
5746,11306061,control,noise,1,1031615168060266424,2413619334850014590389
5747,11306062,poincare,arb,1,5212311087943990715,12133786900841119899581
5748,11306062,control,arb,1,5186652089472175486,12074013569628827878921
5749,11306062,poincare,noise,1,1628310672294073310,3769731361004466053553
5750,11306062,control,noise,1,1628310672294073310,3769711015671200380929
5751,11306063,poincare,arb,1,11544146999760307298,26445879222598078328962
5752,11306063,control,arb,1,11490015663575438734,26321730531654837865071
5753,11306063,poincare,noise,1,2873231717779553042,6506782223763847201098
5754,11306063,control,noise,1,2873231717779553042,6506720967321145125900
5755,11306064,poincare,arb,1,20398679198237160683,45355246389840693385463
5756,11306064,control,arb,1,20303044832591653632,45142184098954170042261
5757,11306064,poincare,noise,0,518764840779310778860,237051530872441558
5758,11306064,control,noise,0,518764840779310778860,237051349685885697
5759,11306065,poincare,arb,1,763787283500864341,1670788507813732109293
5760,11306065,control,arb,1,761622516872776973,1666054343395389395110
5761,11306065,poincare,noise,0,5423739726968765637431,2476100141957633988
5762,11306065,control,noise,0,5423739726968765637431,2476080381590767453
5763,11306066,poincare,arb,0,5692705672687875580834,2588610198817801851
5764,11306066,control,arb,0,5647023381797985751404,2567816869861395781
5765,11306066,poincare,noise,0,5902057112008531315752,2672756821386536340
5766,11306066,control,noise,0,5902057112008531315752,2672733706134494686
5767,11306067,poincare,arb,1,102436878861688314,226660862943954864291
5768,11306067,control,arb,1,112976321970085489,249983525273872452425
5769,11306067,poincare,noise,1,2316302664325613346,5115532253228597900872
5770,11306067,control,noise,1,2316302664325613346,5115493904330316974762
5771,11306068,poincare,arb,1,11037361872398501749,24122793239301217494976
5772,11306068,control,arb,1,10982485878689984178,24002678639818689216644
5773,11306068,poincare,noise,0,2349195161308282432171,1083263949713138736
5774,11306068,control,noise,0,2349195161308282432171,1083260184465032520
5775,11306069,poincare,arb,1,1056557020982120386,2291325386334598298432
5776,11306069,control,arb,1,1056663006076250693,2291563198314870513849
5777,11306069,poincare,noise,0,3584777036010183719564,1652216471536912589
5778,11306069,control,noise,0,3584777036010183719564,1652207712282525665
5779,11306070,poincare,arb,1,16173381834726011205,34699204309497901615989
5780,11306070,control,arb,1,16113699314990428862,34571341645986444043044
5781,11306070,poincare,noise,0,798715492127842228192,376862065680804613
5782,11306070,control,noise,0,798715492127842228192,376861615047432296
5783,11306071,poincare,arb,0,13806240423126490327934,6479923983273607336
5784,11306071,control,arb,0,13746222330960511327299,6451746928994505670
5785,11306071,poincare,noise,1,913087912178517214,1924499864812729194805
5786,11306071,control,noise,1,913087912178517214,1953801282900540082407
5787,11306072,control,arb,1,29544496848418488,63172309014925811144
5788,11306072,poincare,noise,0,625982446947862732928,292682479123047262
5789,11306072,control,noise,0,625982446947862732928,292700420766431831
5790,11306073,poincare,arb,0,7793270965827347181941,3632749522676878935
5791,11306073,control,arb,0,7844417177930631347098,3656701133150684670
5792,11306073,poincare,noise,0,2318601408579010396267,1076858324635450024
5793,11306073,control,noise,0,2318601408579010396267,1076854612344107271
5794,11306074,poincare,arb,1,1289884930001400718,2776814174549370079556
5795,11306074,control,arb,1,1289004676031010577,2774928764102376196816
5796,11306074,poincare,noise,0,3833485563854987540039,1780052757621481118
5797,11306074,control,noise,0,3833485563854987540039,1780042615752227618
5798,11306075,poincare,arb,1,4495605928231880810,9661321354683536015018
5799,11306075,control,arb,1,4484422085633461227,9637341528499243748185
5800,11306075,poincare,noise,1,2904753300388019610,6206852848243233750298
5801,11306075,control,noise,1,2904753300388019610,6206795391022344556758
5802,11306076,poincare,arb,0,1008322755573393812002,472773480780773859
5803,11306076,control,arb,0,1029655717113482186569,482780360770368937
5804,11306076,poincare,noise,0,3694201517440921426797,1729162797859520188
5805,11306076,control,noise,0,3694201517440921426797,1729153265603334743
5806,11306077,poincare,arb,1,1996515918994442515,4264497795063885669056
5807,11306077,control,arb,1,1995406307462733762,4262151194009602480199
5808,11306077,poincare,noise,0,4534524390082964157119,2122727628682104735
5809,11306077,control,noise,0,4534524390082964157119,2122713266436216409
5810,11306078,poincare,arb,0,4123906599296755184958,1924479410643721544
5811,11306078,control,arb,0,4088279708353677193263,1907840709073431283
5812,11306078,poincare,noise,1,2309583429741217660,4947661626463681849680
5813,11306078,control,noise,1,2309583429741217660,4947625155288936910637
5814,11306079,poincare,arb,0,9498982530839537033709,4426888409025834471
5815,11306079,control,arb,0,9480218715910936535637,4418176323235379612
5816,11306079,poincare,noise,1,1748220881176931084,3759017986112453043286
5817,11306079,control,noise,1,1748220881176931084,3758996968316419620165
5818,11306080,poincare,arb,0,5074605464719168408892,2358948936629108838
5819,11306080,control,arb,0,5069171192294913004819,2356435970728686322
5820,11306080,poincare,noise,0,5068560758058848063760,2347555049884231374
5821,11306080,control,noise,0,5068560758058848063760,2347537391906774414
5822,11306081,poincare,arb,1,1809397030357274675,3908265261147248899666
5823,11306081,control,arb,1,1811593733976664402,3913039535052176725447
5824,11306081,poincare,noise,0,1804946333738007807164,836261988085568558
5825,11306081,control,noise,0,1804946333738007807164,836259746385573477
5826,11306082,poincare,arb,1,1437249027781396638,3100641196258718831024
5827,11306082,control,arb,1,1434773901589083114,3095309793881180363070
5828,11306082,poincare,noise,1,802715592670939136,1728727844760087371042
5829,11306082,control,noise,1,802715592670939136,1728723401431304507105
5830,11306083,poincare,arb,1,71859728929663959,154652185955642085217
5831,11306083,control,arb,1,68261109313432057,146907075694290360546
5832,11306083,poincare,noise,0,2334014509899171219886,1083658365614691186
5833,11306083,control,noise,0,2334014509899171219886,1083654605679807457
5834,11306084,poincare,arb,1,21740986358271906160,46088567009127440990447
5835,11306084,control,arb,1,21655983783601130667,45908529924802898760370
5836,11306084,poincare,noise,1,64750891565097370,134982107265528018559
5837,11306084,control,noise,1,64750891565097370,134982079723223714436
5838,11306085,poincare,arb,0,18969324219807733329138,9037307090493114355
5839,11306085,control,arb,0,18891826426994653024475,9000387666919496745
5840,11306085,poincare,noise,1,1782236500148964658,3761732798776581480079
5841,11306085,control,noise,1,1782236500148964658,3761711554643182255177
5842,11306086,poincare,arb,1,4475661999133871120,9401511534880399805153
5843,11306086,control,arb,1,4449912591690390084,9347369909215851633481
5844,11306086,poincare,noise,1,1870739403600806122,3910614360244225510220
5845,11306086,control,noise,1,1870739403600806122,3910591290901956902464
5846,11306087,poincare,arb,1,5570338805899030034,11578447751672000273432
5847,11306087,control,arb,1,5539720962759327841,11514737896729411474863
5848,11306087,poincare,noise,0,5679625703001340435094,2738348210401764223
5849,11306087,control,noise,0,5679625703001340435094,2738324664753291563
5850,11306088,poincare,arb,0,3010576234718430064916,1446888310284436643
5851,11306088,control,arb,0,2974818615689275330448,1429690841493183854
5852,11306088,poincare,noise,0,3806236338225190158157,1824726171691024629
5853,11306088,control,noise,0,3806236338225190158157,1824715683187494030
5854,11306089,poincare,arb,1,8160780802486507393,16940915153003866811535
5855,11306089,control,arb,1,8134699317099405595,16886869821894748612148
5856,11306089,poincare,noise,0,6152382741869503176636,2975459975885191439
5857,11306089,control,noise,0,6152382741869503176636,2975432221481444307
5858,11306090,poincare,arb,1,5997969652350227241,12373673649140239214407
5859,11306090,control,arb,1,5985505161689079732,12348074871145662200054
5860,11306090,poincare,noise,0,5832183133215133720395,2833873747916013152
5861,11306090,control,noise,0,5832183133215133720395,2833848629628057174
5862,11306091,poincare,arb,1,3368093605266959956,6928818882347601981945
5863,11306091,control,arb,1,3365870329758508267,6924306549537356650294
5864,11306091,poincare,noise,1,1081445209471196396,2217257033192317971182
5865,11306091,control,noise,1,1081445209471196396,2217249542514275216466
5866,11306092,poincare,arb,1,1447166814816581254,2961419432061085484765
5867,11306092,control,arb,1,1436762321792711805,2940118195801953096987
5868,11306092,poincare,noise,0,2575449390647631600363,1258732843427292670
5869,11306092,control,noise,0,2575449390647631600363,1258727899267264959
5870,11306093,poincare,arb,0,56481360039487593212741,27015384390553434686
5871,11306093,control,arb,0,56238358679126309486816,26899049677743002837
5872,11306093,poincare,noise,1,2222446799734018180,4735246518622941775079
5873,11306093,control,noise,1,2222446799734018180,4735213019897346951520
5874,11306094,poincare,arb,0,682997890943320623069,321029513923039250
5875,11306094,control,arb,0,699638200683677637018,328853285500356404
5876,11306094,poincare,noise,1,539630518277802616,1147883382382505624988
5877,11306094,control,noise,1,539630518277802616,1147881410968758326312
5878,11306095,poincare,arb,0,17959941707065243655688,8392042774002783036
5879,11306095,control,arb,0,17890763071981506497528,8359732412527597978
5880,11306095,poincare,noise,0,4432959156117748680924,2054696013275143253
5881,11306095,control,noise,0,4432959156117748680924,2054682489651285170
5882,11306096,poincare,arb,1,2779843511309370001,5994078197731030124910
5883,11306096,control,arb,1,2776846219510677504,5987654653105804301434
5884,11306096,poincare,noise,0,1698278948129056324424,788820009014183560
5885,11306096,control,noise,0,1698278948129056324424,788818016912837132
5886,11306097,poincare,arb,1,3949347301548838501,8481919620101946216313
5887,11306097,control,arb,1,3936340671388718305,8454006938611056356099
5888,11306097,poincare,noise,1,2757940385663373088,5892519546497683887525
5889,11306097,control,noise,1,2757940385663373088,5892467755813851421777
5890,11306098,poincare,arb,0,21470195568566277173622,9992733787754280749
5891,11306098,control,arb,0,21406046233481435717367,9962964745782571492
5892,11306098,poincare,noise,0,3923164279492141279544,1809310930873704804
5893,11306098,control,noise,0,3923164279492141279544,1809300417216263078
5894,11306099,poincare,arb,1,1726139661141175405,3743064380677033154698
5895,11306099,control,arb,1,1726471372739093764,3743805438665693626992
5896,11306099,poincare,noise,1,1878419566012834194,4061880212621937087196
5897,11306099,control,noise,1,1878419566012834194,4061855742203140797559
5898,11306100,poincare,arb,1,7395598070083050258,15877717007279694225020
5899,11306100,control,arb,1,7357438221568851977,15795695913499424487977
5900,11306100,poincare,noise,1,2069958027425316916,4411608578956237803614
5901,11306100,control,noise,1,2069958027425316916,4411579505234474204972
5902,11306101,poincare,arb,1,3633484039896735272,7709942506415735774048
5903,11306101,control,arb,1,3610016057212357167,7660094970956320987005
5904,11306101,poincare,noise,0,3314303193131770467062,1564430320530836574
5905,11306101,control,noise,0,3314303193131770467062,1564422550173337006
5906,11306102,poincare,arb,0,22397725514255313056584,10474457988583119858
5907,11306102,control,arb,0,22291928096246557372800,10424929282714061657
5908,11306102,poincare,noise,1,574795393889818830,1238528532818935240150
5909,11306102,control,noise,1,574795393889818830,1238526252518961972601
5910,11306103,poincare,arb,0,2637094105775136993008,1223247712711879691
5911,11306103,control,arb,0,2631337140451333154019,1220579522589119975
5912,11306103,poincare,noise,1,113590322972220956,245090410845384596720
5913,11306103,control,noise,1,113590322972220956,245090321594043177335
5914,11306104,poincare,arb,0,4455874108260780770276,2062010139291197734
5915,11306104,control,arb,0,4438547885468995656424,2053992966157581162
5916,11306104,poincare,noise,1,198468656852657192,429499313670791194400
5917,11306104,control,noise,1,198468656852657192,429499039999140352741
5918,11306105,poincare,arb,0,14464504819928141297918,6650432530813115764
5919,11306105,control,arb,0,14406754636235812347393,6623884601564939656
5920,11306105,poincare,noise,1,2285250453685368318,4987272392569690790170
5921,11306105,control,noise,1,2285250453685368318,4987235677446817794201
5922,11306106,poincare,arb,1,4791389222255405109,10399125350726163388469
5923,11306106,control,arb,1,4762270936241756091,10335851575174733166217
5924,11306106,poincare,noise,1,2392781630307488046,5164312893960291329717
5925,11306106,control,noise,1,2392781630307488046,5164273308318135788901
5926,11306107,poincare,arb,0,11670713319691508386143,5394783216327750319
5927,11306107,control,arb,0,11643901814438993002520,5382430864816572776
5928,11306107,poincare,noise,0,6126125953286552938539,2813776679895738339
5929,11306107,control,noise,0,6126125953286552938539,2813751210354647622
5930,11306108,poincare,arb,1,3920763928169430420,8528896233311913787219
5931,11306108,control,arb,1,3916183532450837172,8519009541966480426226
5932,11306108,poincare,noise,1,775453607375876300,1680696847177646849223
5933,11306108,control,noise,1,775453607375876300,1680692660651048768636
5934,11306109,poincare,arb,1,4061777650652129219,8770381987050559997083
5935,11306109,control,arb,1,4041873870081770057,8727383065240178307742
5936,11306109,poincare,noise,1,333946618257062630,718617410084423094685
5937,11306109,control,noise,1,333946618257062630,718616641834771103628
5938,11306110,poincare,arb,1,8609117366664878262,18398380303657536074673
5939,11306110,control,arb,1,8572319294857343119,18319720262166721698666
5940,11306110,poincare,noise,0,5686037622422492288522,2672893873097957484
5941,11306110,control,noise,0,5686037622422492288522,2672871153509688642
5942,11306111,poincare,arb,1,19846830715120026011,41669288123316901087705
5943,11306111,control,arb,1,19776142308447744037,41521227655670364972681
5944,11306111,poincare,noise,0,2294432332351829163901,1108617998591639595
5945,11306111,control,noise,0,2294432332351829163901,1108614141144720167
5946,11306112,poincare,arb,1,567844244041616924,1175712129795663065392
5947,11306112,control,arb,1,570065511170023433,1180315333621064453001
5948,11306112,poincare,noise,1,358623672968172754,742001744343673622916
5949,11306112,control,noise,1,358623672968172754,742000909046315315037
5950,11306113,poincare,arb,1,6446126915202092460,13268589200699183439826
5951,11306113,control,arb,1,6418127372629431101,13210940584697643454722
5952,11306113,poincare,noise,0,2300171119992217829607,1121985966409153934
5953,11306113,control,noise,0,2300171119992217829607,1121982034084974638
5954,11306114,poincare,arb,0,4925231030515146782487,2396057375611428018
5955,11306114,control,arb,0,4895500630775083916001,2381585596731934845
5956,11306114,poincare,noise,0,1732398447744346380957,840723918355719920
5957,11306114,control,noise,0,1732398447744346380957,840721704556036861
5958,11306115,control,arb,1,451743314936254607,931141898099054060641
5959,11306115,poincare,noise,0,4166701060358145871110,2017696716107256036
5960,11306115,control,noise,0,4166701060358145871110,2019061006171652747
5961,11306116,poincare,arb,1,972735124643919745,2010367401061843719854
5962,11306116,control,arb,1,530112925929348953,1095226489152356574021
5963,11306116,poincare,noise,1,2001438747848622146,4127080678011859555897
5964,11306116,control,noise,1,2001438747848622146,4127054809163709987381
5965,11306117,poincare,arb,1,22249262154528860067,45049886747364130524273
5966,11306117,control,arb,1,22149477669626001242,44847563893040129212274
5967,11306117,poincare,noise,0,3474278069109160496032,1742549824517069205
5968,11306117,control,noise,0,3474278069109160496032,1742540472626348515
5969,11306118,poincare,arb,1,2018862745756875069,3998801031089094615731
5970,11306118,control,arb,1,2017716447654623843,4022095636817930448409
5971,11306118,poincare,noise,1,2808077799794823408,5542100993165119591882
5972,11306118,control,noise,1,2808077799794823408,5577421401044217894015
5973,11306119,poincare,arb,0,5560487935559790197971,2799482046758206254
5974,11306119,control,arb,0,5590784147587899825703,2814791432069830106
5975,11306119,poincare,noise,0,127205365775413978016,63906404417849124
5976,11306119,control,noise,0,127205365775413978016,63906391807341627
5977,11306120,poincare,arb,0,912493239363539889843,458246939156190520
5978,11306120,control,arb,0,908203351056283768336,456092500936311847
5979,11306120,poincare,noise,0,5539342577675693654814,2775110678312013421
5980,11306120,control,noise,0,5539342577675693654814,2775086889661130880
5981,11306121,poincare,arb,1,4049562021230630557,8075576073362454635161
5982,11306121,control,arb,1,4044279733734861377,8065111349870627074418
5983,11306121,poincare,noise,1,1278454617289973954,2539367000740979321247
5984,11306121,control,noise,1,1278454617289973954,2539356991614545377593
5985,11306122,poincare,arb,0,14548402882517065389553,7291646954122417186
5986,11306122,control,arb,0,14498842530285414685756,7266835991245716937
5987,11306122,poincare,noise,1,1865309873229120906,3736783012051808430110
5988,11306122,control,noise,1,1865309873229120906,3736761435071502631052
5989,11306123,poincare,arb,1,1297201125419450101,2592553948761639167836
5990,11306123,control,arb,1,1284152325615724093,2566460122213776560048
5991,11306123,poincare,noise,0,4364457474572304089256,2182340293632576913
5992,11306123,control,noise,0,4364457474572304089256,2182325564892528030
5993,11306124,poincare,arb,0,15064452178884362397444,7478293537829951299
5994,11306124,control,arb,0,14984286781015082718923,7438447637817175011
5995,11306124,poincare,noise,0,5204959401229359470343,2564444677747656753
5996,11306124,control,noise,0,5204959401229359470343,2564424192094018303
5997,11306125,poincare,arb,1,4601200827769109888,9324609588945093432618
5998,11306125,control,arb,1,4592776506283123387,9307611548279351389966
5999,11306125,poincare,noise,1,988332494718142092,1994516953618233389288
6000,11306125,control,noise,1,988332494718142092,1994510827019282199657
6001,11306126,poincare,arb,1,7609530083498135502,15258026925134526400688
6002,11306126,control,arb,1,7574054542837238376,15186847531343178382563
6003,11306126,poincare,noise,1,596164092016385444,1188067896501414310664
6004,11306126,control,noise,1,596164092016385444,1188065708633181040233
6005,11306127,poincare,arb,0,12185859876880980266785,6089722748363032257
6006,11306127,control,arb,0,12140479827593032943321,6067055839964191539
6007,11306127,poincare,noise,1,1472925939731415938,2957583582040357058686
6008,11306127,control,noise,1,1472925939731415938,2957570079101570968250
6009,11306128,poincare,arb,1,264056333782273363,529526973826319966728
6010,11306128,control,arb,1,256889391450883338,515152350508340936026
6011,11306128,poincare,noise,0,4221208816966391972409,2102072728785405710
6012,11306128,control,noise,0,4221208816966391972409,2102059035135984997
6013,11306129,poincare,arb,1,2796094842779701792,5611973424345350637729
6014,11306129,control,arb,1,2793217552567695137,5606235006694455288533
6015,11306129,poincare,noise,0,4290342677154390359539,2138661847269794155
6016,11306129,control,noise,0,4290342677154390359539,2138647680118436050
6017,11306130,poincare,arb,1,5837130133622670488,11677505626335471140142
6018,11306130,control,arb,1,5821855759544072805,11647025539315202182766
6019,11306130,poincare,noise,0,4895493959247671183877,2453267124419261498
6020,11306130,control,noise,0,4895493959247671183877,2453248534033403042
6021,11306131,poincare,arb,1,1464458121371951674,2924481733262962176335
6022,11306131,control,arb,1,1468519444298774173,2932614303855937639647
6023,11306131,poincare,noise,1,1325150986657565862,2640787056910721318102
6024,11306131,control,noise,1,1325150986657565862,2640776250285278840976
6025,11306132,poincare,arb,1,2477212457953405830,4922672851801161733331
6026,11306132,control,arb,1,2461523570423548380,4891476154574613220265
6027,11306132,poincare,noise,1,2688465427984945072,5321980194006080263668
6028,11306132,control,noise,1,2688465427984945072,5321936179247284833661
6029,11306133,poincare,arb,0,39499276357297053040711,19701007700246892431
6030,11306133,control,arb,0,39358213798837377688577,19630812447690289142
6031,11306133,poincare,noise,0,517292340919447185766,254186495644264102
6032,11306133,control,noise,0,517292340919447185766,254186293933768056
6033,11306134,poincare,arb,0,15163552468877468484943,7408029272652063514
6034,11306134,control,arb,0,15098851917712974765583,7376414495108360335
6035,11306134,poincare,noise,1,2714106115810265960,5575247824482526760556
6036,11306134,control,noise,1,2714106115810265960,5575200407547795702612
6037,11306135,poincare,arb,0,13316032737437202085268,6464001969321856634
6038,11306135,control,arb,0,13284046158015443557937,6448529567708643314
6039,11306135,poincare,noise,0,4657684016283674174165,2246084942511629331
6040,11306135,control,noise,0,4657684016283674174165,2246069056170259849
6041,11306136,poincare,arb,1,1078208171262691610,2237855979170175426589
6042,11306136,control,arb,1,1083011047667115430,2247840403454938566295
6043,11306136,poincare,noise,0,5897464218918936390051,2837616260652137348
6044,11306136,control,noise,0,5897464218918936390051,2837590882282273339
6045,11306137,poincare,arb,1,19358333535150824827,39733384409437351444788
6046,11306137,control,arb,1,19290142217620270853,39593774413162366603050
6047,11306137,poincare,noise,1,2551920476757486732,5151815889115713573577
6048,11306137,control,noise,1,2551920476757486732,5151775045102244310159
6049,11306138,poincare,arb,0,7081162995707436495233,3505098945245514065
6050,11306138,control,arb,0,7073161495064924146482,3501166046666556565
6051,11306138,poincare,noise,0,1738912945847979256844,857927070965001482
6052,11306138,control,noise,0,1738912945847979256844,857924778266680188
6053,11306139,poincare,arb,0,24805635325401438313949,12118949939270303308
6054,11306139,control,arb,0,24696110173893699549985,12065408490853891542
6055,11306139,poincare,noise,1,573016772093331862,1183154555316271719306
6056,11306139,control,noise,1,573016772093331862,1183152423624751861031
6057,11306140,poincare,arb,1,2944780134264747197,6064132084933290207021
6058,11306140,control,arb,1,2930265393414565520,6034231271613948026187
6059,11306140,poincare,noise,1,2856971293441144874,5857518723738585180636
6060,11306140,control,noise,1,2856971293441144874,5857466336677496314678
6061,11306141,poincare,arb,1,1889481997781934850,3860046153336694415936
6062,11306141,control,arb,1,1869897712130004102,3820003009120623794713
6063,11306141,poincare,noise,0,3988909737398270032200,1952467446429029034
6064,11306141,control,noise,0,3988909737398270032200,1952455529791260320
6065,11306142,poincare,arb,0,5101274474270854367565,2488574443271518696
6066,11306142,control,arb,0,5063767571051308490543,2470262228684628507
6067,11306142,poincare,noise,0,3676115687007337899336,1787539367098215788
6068,11306142,control,noise,0,3676115687007337899336,1787529345079068582
6069,11306143,poincare,arb,0,23668524706179422015827,11394153770196589500
6070,11306143,control,arb,0,23555698303884520731790,11339774961664250380
6071,11306143,poincare,noise,0,2163228725769016461500,1031580573621659337
6072,11306143,control,noise,0,2163228725769016461500,1031577202248064893
6073,11306144,poincare,arb,0,3721966281583695397963,1771093206825200320
6074,11306144,control,arb,0,3697683446997618106904,1759532498550745778
6075,11306144,poincare,noise,0,5789487302343061788262,2745398773916475199
6076,11306144,control,noise,0,5789487302343061788262,2745374844020740878
6077,11306145,poincare,arb,1,3527460844614815114,7434241748044998743023
6078,11306145,control,arb,1,3524210057516373539,7427455345879939315477
6079,11306145,poincare,noise,1,2071213484623216810,4346464888224161290095
6080,11306145,control,noise,1,2071213484623216810,4346436368627630324670
6081,11306146,poincare,arb,0,22735133898504568332507,10761827730406515691
6082,11306146,control,arb,0,22659232105842847442730,10725969488170173926
6083,11306146,poincare,noise,0,590356483136385483656,277090449094386890
6084,11306146,control,noise,0,590356483136385483656,277090203840201895
6085,11306147,poincare,arb,0,2540272657352327709919,1190956034973893768
6086,11306147,control,arb,0,2527355404912287249805,1184898990725731788
6087,11306147,poincare,noise,0,541193096056037419781,253444950156675374
6088,11306147,control,noise,0,541193096056037419781,253444744741533028
6089,11306148,poincare,arb,1,292892333185797419,625407933387469927268
6090,11306148,control,arb,1,292729364382907844,625060455527847997365
6091,11306148,poincare,noise,1,2915432713521795886,6209892256200387286323
6092,11306148,control,noise,1,2915432713521795886,6209834491942889569095
6093,11306149,poincare,arb,0,10268722421161666293999,4813916310398855859
6094,11306149,control,arb,0,10251917565026057654797,4806082999337837386
6095,11306149,poincare,noise,1,1238845424533163460,2649917282716589702588
6096,11306149,control,noise,1,1238845424533163460,2649906779527535285764
6097,11306150,poincare,arb,0,2100025698837974104033,981964159906717337
6098,11306150,control,arb,0,2102284096909611625284,983024074701281169
6099,11306150,poincare,noise,0,5527110780954696297138,2577352777162381670
6100,11306150,control,noise,0,5527110780954696297138,2577331508162874820
6101,11306151,poincare,arb,1,28843159891130881457,60623356797943895271619
6102,11306151,control,arb,1,28734763581266720371,60396024818855205438399
6103,11306151,poincare,noise,1,784907068470715852,1612739499923603595215
6104,11306151,control,noise,1,784907068470715852,1612735529845694757679
6105,11306152,poincare,arb,0,1493913786023659387382,727107400205103816
6106,11306152,control,arb,0,1494400101340134248192,727345886743250892
6107,11306152,poincare,noise,0,6086220508832671214793,2953988890446133804
6108,11306152,control,noise,0,6086220508832671214793,2953961508114346479
6109,11306153,poincare,arb,1,10379686728485554946,21266075961675848538311
6110,11306153,control,arb,1,10349020260777323399,21203442536863003979132
6111,11306153,poincare,noise,1,2074479305813195690,4210423111189629670881
6112,11306153,control,noise,1,2074479305813195690,4210395898275528959193
6113,11306154,poincare,arb,0,21864740513300759236867,10702770924799082844
6114,11306154,control,arb,0,21791870026940328416463,10667169831227415850
6115,11306154,poincare,noise,0,5987394951524112413631,2900843001618332961
6116,11306154,control,noise,0,5987394951524112413631,2900816571629241255
6117,11306155,poincare,arb,1,1034529871048233653,2138314608905872695709
6118,11306155,control,arb,1,1042204013933759984,2154196254484574380403
6119,11306155,poincare,noise,0,2238130215268563048600,1082781584785257859
6120,11306155,control,noise,0,2238130215268563048600,1082777897152873854
6121,11306156,poincare,arb,1,3676672042242364289,7584815483119158280315
6122,11306156,control,arb,1,3665965733399613936,7562754587298233919559
6123,11306156,poincare,noise,1,1983964814986427358,4075306312362303161901
6124,11306156,control,noise,1,1983964814986427358,4075280969701997720551
6125,11306157,poincare,arb,0,2088220607838754981805,1017344489090283810
6126,11306157,control,arb,0,2096394156364046634929,1021332849960560990
6127,11306157,poincare,noise,0,519358449160289212827,252779209928997529
6128,11306157,control,noise,0,519358449160289212827,252779009492214262
6129,11306158,poincare,arb,0,7222728049983119832538,3505402759148427245
6130,11306158,control,arb,0,7190783517036476148122,3489896368727053755
6131,11306158,poincare,noise,0,4044658940086008749509,1954875509848254882
6132,11306158,control,noise,0,4044658940086008749509,1954863488087099641
6133,11306159,poincare,arb,1,2912176417150946484,6020948703484466618043
6134,11306159,control,arb,1,2908214487264046822,6012794357305825803350
6135,11306159,poincare,noise,0,1843926834153226198529,893228684254449359
6136,11306159,control,noise,0,1843926834153226198529,893226176176076835
6137,11306160,poincare,arb,1,4669300968588215304,9611483419368031940602
6138,11306160,control,arb,1,4653718052630241577,9579433794595851095976
6139,11306160,poincare,noise,0,1584455964309170340967,772013304888158885
6140,11306160,control,noise,0,1584455964309170340967,772011436689529501
6141,11306161,poincare,arb,1,369445019534532493,758468407582921069788
6142,11306161,control,arb,1,371104183650147544,761876505222010834038
6143,11306161,poincare,noise,1,1428940658661372462,2929618293914792548737
6144,11306161,control,noise,1,1428940658661372462,2929605182163069473099
6145,11306162,poincare,arb,0,3709119784102865611305,1808627811854574663
6146,11306162,control,arb,0,3705890380329860443488,1807061189113283985
6147,11306162,poincare,noise,1,2860314360053920134,5861250404412677326695
6148,11306162,control,noise,1,2860314360053920134,5861197936662991106678
6149,11306163,poincare,arb,0,3363412057211104639210,1642871638125717515
6150,11306163,control,arb,0,3373665891178197084650,1647894914363407435
6151,11306163,poincare,noise,1,493104176262892032,1010397987268209235829
6152,11306163,control,noise,1,493104176262892032,1010396426637627627953
6153,11306164,poincare,arb,0,3541261112206618723860,1726628109580361861
6154,11306164,control,arb,0,3530816986708415756503,1721538480843626209
6155,11306164,poincare,noise,0,5942552084264418955903,2887328997097081651
6156,11306164,control,noise,0,5942552084264418955903,2887302849876616913
6157,11306165,poincare,arb,1,3492386958100482145,7184560481170484428458
6158,11306165,control,arb,1,3489864288273089588,7179435844787338409540
6159,11306165,poincare,noise,0,2905095508442232382951,1414381940929902352
6160,11306165,control,noise,0,2905095508442232382951,1414375669457446978
6161,11306166,poincare,arb,1,31694756417838624,65168202349907871825
6162,11306166,control,arb,1,37393574435850004,76885993336301092635
6163,11306166,poincare,noise,1,796633839254999312,1636947176824898254716
6164,11306166,control,noise,1,796633839254999312,1636943086827806304920
6165,11306167,poincare,arb,0,7176158228324583878475,3485224442111568986
6166,11306167,control,arb,0,7153298864112637554258,3474131079734063803
6167,11306167,poincare,noise,0,4007857109690557682273,1938492812894241718
6168,11306167,control,noise,0,4007857109690557682273,1938480995989542686
6169,11306168,poincare,arb,1,1699238068728930844,3513833155621685127790
6170,11306168,control,arb,1,1700213438037983775,3515871542105603944890
6171,11306168,poincare,noise,1,1017048279632939780,2098807993067721449012
6172,11306168,control,noise,1,1017048279632939780,2098801284426418002262
6173,11306169,poincare,arb,1,1801653364360297991,3710001365352215650218
6174,11306169,control,arb,1,1790023152331116576,3686040413343983815812
6175,11306169,poincare,noise,1,783330584326388764,1609893553833311402122
6176,11306169,control,noise,1,783330584326388764,1609889598235715889477
6177,11306170,poincare,arb,1,5507449779326635137,11265175304291340182622
6178,11306170,control,arb,1,5481493463725014424,11212055588205058970356
6179,11306170,poincare,noise,1,953408184289747944,1940649860181352617923
6180,11306170,control,noise,1,953408184289747944,1940644084854130252007
6181,11306171,poincare,arb,0,5188346240459336287490,2545885738385386687
6182,11306171,control,arb,0,5174940182917240186111,2539315035294013698
6183,11306171,poincare,noise,0,5637913759981438845263,2755436236934034560
6184,11306171,control,noise,0,5637913759981438845263,2755412492457052627
6185,11306172,poincare,arb,0,2200138537243895821809,1072174270194530004
6186,11306172,control,arb,0,2167798040935318863270,1056404955531005542
6187,11306172,poincare,noise,0,2202051985116862530868,1071366809481798860
6188,11306172,control,noise,0,2202051985116862530868,1071363209360612315
6189,11306173,poincare,arb,0,3083272260403145456184,1497191004499049249
6190,11306173,control,arb,0,3061464545581903293127,1486596508135115341
6191,11306173,poincare,noise,0,4203887777896227392048,2035880944566377633
6192,11306173,control,noise,0,4203887777896227392048,2035867919214422780
6193,11306174,poincare,arb,0,27223037763002605873149,13033030254537804488
6194,11306174,control,arb,0,27093367491498401538652,12970867620870308880
6195,11306174,poincare,noise,0,6226260432260797576901,2944641933249133869
6196,11306174,control,noise,0,6226260432260797576901,2944614369337070710
6197,11306175,poincare,arb,0,6147079433535134954761,2894170146478150580
6198,11306175,control,arb,0,6096025940003814958928,2870106255861677292
6199,11306175,poincare,noise,0,6349025159392312781986,2975756853531163104
6200,11306175,control,noise,0,6349025159392312781986,2975728577355550480
6201,11306176,poincare,arb,1,1205666670237994959,2575904440660309588628
6202,11306176,control,arb,1,1212941942554768118,2591472670119452672753
6203,11306176,poincare,noise,1,1670052860655034720,3560155850684586621956
6204,11306176,control,noise,1,1670052860655034720,3560136863511503029155
6205,11306177,poincare,arb,0,14674542357817151682022,6856208411750108550
6206,11306177,control,arb,0,14628664429905274922473,6834809875724102458
6207,11306177,poincare,noise,0,2365628764197632550139,1098487321472103769
6208,11306177,control,noise,0,2365628764197632550139,1098483447529982602
6209,11306178,poincare,arb,0,6164607274716920793272,2853788598793140518
6210,11306178,control,arb,0,6129410767132317821427,2837485033085354856
6211,11306178,poincare,noise,0,293562645468995880080,135584223526163121
6212,11306178,control,noise,0,293562645468995880080,135584164327109862
6213,11306179,poincare,arb,1,6264537854519031520,13499469901808210213449
6214,11306179,control,arb,1,6239249191115496031,13444981161662110902589
6215,11306179,poincare,noise,1,853774787931882596,1829677465986348346983
6216,11306179,control,noise,1,853774787931882596,1829672462616370669107
6217,11306180,poincare,arb,1,10497305360327081414,22300377891373231060021
6218,11306180,control,arb,1,10450469800711960804,22200820154330428078375
6219,11306180,poincare,noise,1,878063916750203560,1849090263603019131405
6220,11306180,control,noise,1,878063916750203560,1849085108628038705222
6221,11306181,poincare,arb,0,2611860801096815516947,1239930994669598010
6222,11306181,control,arb,0,2608708387489631019996,1238437899133377801
6223,11306181,poincare,noise,1,1859615998732625184,3915341052703384506498
6224,11306181,control,noise,1,1859615998732625184,3915317946550002546860
6225,11306182,poincare,arb,0,980448468407406888079,466167929002228463
6226,11306182,control,arb,0,992534988368932851158,471917418855882858
6227,11306182,poincare,noise,0,3745110982313909518257,1777605062839429885
6228,11306182,control,noise,0,3745110982313909518257,1777595031462539447
6229,11306183,poincare,arb,1,6251179809754337543,13125180489875830027990
6230,11306183,control,arb,1,6232711413709484830,13086477494312647905844
6231,11306183,poincare,noise,0,378471803061120563897,181095738175094384
6232,11306183,control,noise,0,378471803061120563897,181095634416869763
6233,11306184,poincare,arb,1,3139735365839066526,6546938648890229934297
6234,11306184,control,arb,1,3127527653566830302,6521487009670147741146
6235,11306184,poincare,noise,0,5741295747416480768807,2754181479428765432
6236,11306184,control,noise,0,5741295747416480768807,2754157534829155756
6237,11306185,poincare,arb,0,15895279556837445350702,7565241121167308767
6238,11306185,control,arb,0,15806005135434927010983,7522686216345440989
6239,11306185,poincare,noise,1,1858752275504486446,3922502256557126600330
6240,11306185,control,noise,1,1858752275504486446,3922479092375314941607
6241,11306186,poincare,arb,0,85222880842537113997576,39225647377361140427
6242,11306186,control,arb,0,84887405133023783759578,39071468266623084628
6243,11306186,poincare,noise,1,823330401621157816,1843068612192685452196
6244,11306186,control,noise,1,823330401621157816,1843063644776374071307
6245,11306187,poincare,arb,1,681340747833277571,1523405004783614889909
6246,11306187,control,arb,1,675132341725579148,1509519604611885948806
6247,11306187,poincare,noise,0,4905327257106545565438,2158414137292549141
6248,11306187,control,noise,0,4905327257106545565438,2191267678109236469
6249,11306188,control,arb,0,7119015955564349356622,3166637628803031147
6250,11306188,poincare,noise,0,575975589098482114199,252059875868867317
6251,11306188,control,noise,0,575975589098482114199,255505544984248161
6252,11306189,control,arb,1,2028283666635256533,4565830378970920031906
6253,11306189,poincare,noise,0,5728351510785830620948,2509670887270716277
6254,11306189,control,noise,0,5728351510785830620948,2543667060158919960
6255,11306190,poincare,arb,1,10425376168836851396,23288525914316574254774
6256,11306190,control,arb,1,11573021070754158560,25876703870072536777569
6257,11306190,poincare,noise,1,1158315631398446190,2563936385735458487384
6258,11306190,control,noise,1,1158315631398446190,2563926649166263587213
6259,11306191,poincare,arb,1,5759554695040241,12737140048672958080
6260,11306191,control,arb,1,921432830588859,2037722542962530318
6261,11306191,poincare,noise,0,6188600621340017037708,2792272258056566830
6262,11306191,control,noise,0,6188600621340017037708,2792246696751502169
6263,11306192,poincare,arb,1,8926614886561478449,19689457972961954670848
6264,11306192,control,arb,1,8901093809546123330,19633345795740031186468
6265,11306192,poincare,noise,0,5974074031200496312699,2721698178469988255
6266,11306192,control,noise,0,5974074031200496312699,2721674009407104569
6267,11306193,poincare,arb,1,4873326549347311991,10678893289244854127563
6268,11306193,control,arb,1,4864359796171584345,10659339149449962657065
6269,11306193,poincare,noise,1,1635668371849408580,3566046322140400181119
6270,11306193,control,noise,1,1635668371849408580,3566027347231009564875
6271,11306194,poincare,arb,0,2745894305291615227438,1259851785777098281
6272,11306194,control,arb,0,2749284040964060977002,1261413752275329175
6273,11306194,poincare,noise,1,2148306748247676386,4679074938597385336822
6274,11306194,control,noise,1,2148306748247676386,4679042260828766838266
6275,11306195,poincare,arb,0,3794578977791050005845,1742758806684004074
6276,11306195,control,arb,0,3798222436493785166051,1744444342452313870
6277,11306195,poincare,noise,0,5072612749532840078872,2322352087421321959
6278,11306195,control,noise,0,5072612749532840078872,2322334530760457229
6279,11306196,poincare,arb,0,19213478211139261391050,8720581387535006295
6280,11306196,control,arb,0,19112540514775165498104,8674702374514522642
6281,11306196,poincare,noise,0,1351445590995779246626,608920210834192715
6282,11306196,control,noise,0,1351445590995779246626,608918993342816086
6283,11306197,poincare,arb,1,1024523970059789450,2273098828294910293863
6284,11306197,control,arb,1,1022795422874868383,2269268258987971028787
6285,11306197,poincare,noise,1,946787591840707290,2097371605231258604217
6286,11306197,control,noise,1,946787591840707290,2097365091837737202481
6287,11306198,poincare,arb,1,6700831530033243925,14755268909807092937826
6288,11306198,control,arb,1,6669046544212265026,14685232586171187111235
6289,11306198,poincare,noise,1,1304650076316813298,2854884944236971058831
6290,11306198,control,noise,1,1304650076316813298,2854872803706343632045
6291,11306199,poincare,arb,0,474745570482361750777,217137804470284086
6292,11306199,control,arb,0,484625750037388136997,221657716038828885
6293,11306199,poincare,noise,0,6537871405924232222445,2982800214191361291
6294,11306199,control,noise,0,6537871405924232222445,2982771209074092753
6295,11306200,poincare,arb,1,4945567918313784300,10823383195764502809960
6296,11306200,control,arb,1,4937381270582363255,10805571778994791458383
6297,11306200,poincare,noise,0,6559898220349555084104,3001999499652853428
6298,11306200,control,noise,0,6559898220349555084104,3001970164918449085
6299,11306201,poincare,arb,0,16691375537914847166187,7575441653431398085
6300,11306201,control,arb,0,16594738742207761776991,7531509094703901153
6301,11306201,poincare,noise,1,2952942034611160914,6529972583160565451381
6302,11306201,control,noise,1,2952942034611160914,6529909441273399433509
6303,11306202,poincare,arb,0,12119356461921301283251,5469689832038546065
6304,11306202,control,arb,0,12096062758404009901945,5459229740893655521
6305,11306202,poincare,noise,1,1071001785627808380,2381269217391217473919
6306,11306202,control,noise,1,1071001785627808380,2381260837196976257700
6307,11306203,poincare,arb,0,20653688430180137736132,9229503052203344340
6308,11306203,control,arb,0,20577736337787640046351,9195594741270751860
6309,11306203,poincare,noise,0,5630022808406620709087,2492665965238116296
6310,11306203,control,noise,0,5630022808406620709087,2492645399283769663
6311,11306204,poincare,arb,1,4719220137886696481,10640207210054698435602
6312,11306204,control,arb,1,4709945581680029986,10619383913597453847998
6313,11306204,poincare,noise,1,2887711838521483932,6471669665232086432837
6314,11306204,control,noise,1,2887711838521483932,6471608057902150963207
6315,11306205,poincare,arb,0,1515889866631781437044,677585954264490829
6316,11306205,control,arb,0,1536425439694873469669,686771665369370409
6317,11306205,poincare,noise,1,1670586874029266534,3734494405295115772679
6318,11306205,control,noise,1,1670586874029266534,3734473854704494415338
6319,11306206,poincare,arb,0,955719707110511761681,427951040904662295
6320,11306206,control,arb,0,967248282198608836518,433115676029277075
6321,11306206,poincare,noise,0,4253457489119462233154,1901107045463195629
6322,11306206,control,noise,0,4253457489119462233154,1901095136253111391
6323,11306207,poincare,arb,0,4213615205156824912968,1877680558352158158
6324,11306207,control,arb,0,4178424411624363588383,1861987094622810398
6325,11306207,poincare,noise,0,1564558740390220277416,695783416381756550
6326,11306207,control,noise,0,1564558740390220277416,695781816391565716
6327,11306208,poincare,arb,0,480439527162840728431,213505025236369840
6328,11306208,control,arb,0,471940118405390347697,209727446404573243
6329,11306208,poincare,noise,1,1832748769459287542,4118857201571486321204
6330,11306208,control,noise,1,1832748769459287542,4118832271143137713424
6331,11306209,poincare,arb,0,45665552688658838026911,20026622111118054727
6332,11306209,control,arb,0,45492851647414707463153,19951004850768456297
6333,11306209,poincare,noise,0,5460114491694603167378,2352128695436699248
6334,11306209,control,noise,0,5460114491694603167378,2352110129838349261
6335,11306210,poincare,arb,1,10745685300165993423,24777280172296418397462
6336,11306210,control,arb,1,10710781488137702092,24696994291491599094799
6337,11306210,poincare,noise,0,6767355587919080023170,2951815789898790684
6338,11306210,control,noise,0,6767355587919080023170,2953336235315075712
6339,11306211,poincare,arb,1,22855931960018962015,51552675071994895434525
6340,11306211,control,arb,1,22773941387899365187,51368278858412998734154
6341,11306211,poincare,noise,0,982747044265265521801,443519417243282629
6342,11306211,control,noise,0,982747044265265521801,443518771724391952
6343,11306212,poincare,arb,0,1553739089843857843833,700580717877070168
6344,11306212,control,arb,0,1543195395669730914999,695825555048708383
6345,11306212,poincare,noise,0,2054840048283606143038,925342319381895719
6346,11306212,control,noise,0,2054840048283606143038,925339506971820147
6347,11306213,poincare,arb,1,4791526660522292821,10607921544983600846051
6348,11306213,control,arb,1,4775452849431950447,10572367999338352367841
6349,11306213,poincare,noise,1,993036126415814704,2188505787785655826026
6350,11306213,control,noise,1,993036126415814704,2188498676812302162336
6351,11306214,poincare,arb,1,4284482842361615460,9403439301178708244820
6352,11306214,control,arb,1,4262545191981166330,9355260884047749916091
6353,11306214,poincare,noise,1,2558119544034719410,5584520958949288195075
6354,11306214,control,noise,1,2558119544034719410,5584474464872165165941
6355,11306215,poincare,arb,0,13145473701629739382154,6005372351903558738
6356,11306215,control,arb,0,13113997753903405426487,5991042772546392148
6357,11306215,poincare,noise,0,6670661613602921698751,3025963069203922445
6358,11306215,control,noise,0,6670661613602921698751,3025933128932290771
6359,11306216,poincare,arb,1,5164464536988731150,11365895396455454213746
6360,11306216,control,arb,1,5155545249693263335,11346378195704103128472
6361,11306216,poincare,noise,1,3005931741318132990,6573249391390007665640
6362,11306216,control,noise,1,3005931741318132990,6573185042496102470204
6363,11306217,poincare,arb,0,8298942577796098719575,3792751991318660850
6364,11306217,control,arb,0,8291704847998918436397,3789481328028033631
6365,11306217,poincare,noise,0,3620464452363475800374,1647587990575646863
6366,11306217,control,noise,0,3620464452363475800374,1647579123751978523
6367,11306218,poincare,arb,1,3813384715498428519,8365480035797968917020
6368,11306218,control,arb,1,3804373040418159199,8345755901496414169216
6369,11306218,poincare,noise,1,971444910536413576,2123113640978982338952
6370,11306218,control,noise,1,971444910536413576,2123106920529358698364
6371,11306219,poincare,arb,0,2622294005249860612233,1199634350053226000
6372,11306219,control,arb,0,2620212286231222525342,1198685809617038780
6373,11306219,poincare,noise,0,3437999909289051878084,1569399832700980717
6374,11306219,control,noise,0,3437999909289051878084,1569391799656785272
6375,11306220,poincare,arb,0,10815090278816902732566,4911938829890713803
6376,11306220,control,arb,0,10755842872746449053986,4885005161271985154
6377,11306220,poincare,noise,0,3252604859774542720056,1469875115871606787
6378,11306220,control,noise,0,3252604859774542720056,1469868033496930227
6379,11306221,poincare,arb,0,30643705705280511176739,13683311679882914720
6380,11306221,control,arb,0,30502805139169317713612,13620329824455268367
6381,11306221,poincare,noise,0,1658446662619426303437,732151691396632368
6382,11306221,control,noise,0,1658446662619426303437,732149913033709044
6383,11306222,poincare,arb,0,64724489577318699306375,27923051628530747114
6384,11306222,control,arb,0,64448548239149190750405,27803939134499330271
6385,11306222,poincare,noise,1,1539853511291393616,3645810808467562590218
6386,11306222,control,noise,1,1539853511291393616,3645791773491497515488
6387,11306223,poincare,arb,0,1407177710009461985259,585873882182308682
6388,11306223,control,arb,0,1416464250349112370940,598724245948131825
6389,11306223,poincare,noise,1,2532227749134427224,5981329443727612436700
6390,11306223,control,noise,1,2532227749134427224,5981321449471000395154
6391,11306224,control,arb,0,13452618987295236425196,5680612754143181634
6392,11306224,poincare,noise,1,1392801016676460598,3279449397175450871205
6393,11306224,control,noise,1,1392801016676460598,3309938523087648761927
6394,11306225,poincare,arb,0,14483973476975311940348,6127804542768880950
6395,11306225,control,arb,0,1029589944156983912534,433584895630435951
6396,11306225,poincare,noise,0,5187754545074071456390,2180036997060844088
6397,11306225,control,noise,0,5187754545074071456390,2180020832308481127
6398,11306226,poincare,arb,1,4664376244605189328,11077241360037771202277
6399,11306226,control,arb,1,4654024181316172012,11052738612189385072801
6400,11306226,poincare,noise,1,2942467441887989880,6944862722119852869428
6401,11306226,control,noise,1,2942467441887989880,6944793522931866368218
6402,11306227,poincare,arb,1,10504066785555843059,24523951617074353204716
6403,11306227,control,arb,1,10448123534817488089,24393097283012914128128
6404,11306227,poincare,noise,0,5913314113799521176995,2549114125760003987
6405,11306227,control,noise,0,5913314113799521176995,2549092307362236721
6406,11306228,poincare,arb,1,236423323283666188,549464928285454500493
6407,11306228,control,arb,1,246023273533106388,571780802014128867734
6408,11306228,poincare,noise,0,2795363176435051435519,1201851409580199958
6409,11306228,control,noise,0,2795363176435051435519,1201846550480598049
6410,11306229,poincare,arb,0,1182233845017456307508,507595454812300560
6411,11306229,control,arb,0,1165685364662340133127,500488294343066414
6412,11306229,poincare,noise,1,735164235358242072,1711947273676428820207
6413,11306229,control,noise,1,735164235358242072,1711943036558792926096
6414,11306230,poincare,arb,1,2615687752231721814,6074633705079006401956
6415,11306230,control,arb,1,2601746795420243420,6042242482911679097383
6416,11306230,poincare,noise,0,5251473607874137480247,2261886421419220535
6417,11306230,control,noise,0,5251473607874137480247,2261869233604102994
6418,11306231,poincare,arb,0,7671195982967290799498,3289346731402277315
6419,11306231,control,arb,0,7617432229951002512565,3266268449193488353
6420,11306231,poincare,noise,1,2862319780418170476,6677609302721093892688
6421,11306231,control,noise,1,2862319780418170476,6677544951403962146236
6422,11306232,poincare,arb,0,3184326380879911997937,1366592736511827146
6423,11306232,control,arb,0,3198795559102140567483,1372815591534395864
6424,11306232,poincare,noise,0,2687582933085322973843,1151068978570652087
6425,11306232,control,noise,0,2687582933085322973843,1151064512742122533
6426,11306233,poincare,arb,0,24073354241924271717856,10215861117029881187
6427,11306233,control,arb,0,23962017462271458395339,10168574361960338620
6428,11306233,poincare,noise,0,523538413099511311411,220298435063807908
6429,11306233,control,noise,0,523538413099511311411,220298269972339816
6430,11306234,poincare,arb,1,4188381836187679311,9921617286287765919754
6431,11306234,control,arb,1,4171872771412104542,9882517316439137265505
6432,11306234,poincare,noise,1,2868276168141256676,6755670810992118902298
6433,11306234,control,noise,1,2868276168141256676,6755605260405686484571
6434,11306235,poincare,arb,0,5289099381300154481080,2246742172465314105
6435,11306235,control,arb,0,5295135386090684197043,2249328015893395776
6436,11306235,poincare,noise,1,1031024742593990216,2429547040202061257803
6437,11306235,control,noise,1,1031024742593990216,2429538557934458963601
6438,11306236,poincare,arb,1,3171914685195826285,7449026598571392218514
6439,11306236,control,arb,1,3154428685437830578,7407936050214189201749
6440,11306236,poincare,noise,1,1490617387154784356,3487434375251761439842
6441,11306236,control,noise,1,1490617387154784356,3487416838426976442444
6442,11306237,poincare,arb,1,43598568144530669,101876436752853977920
6443,11306237,control,arb,1,37215583025664811,86960927534886731621
6444,11306237,poincare,noise,1,2044277630951838468,4768807876191873820922
6445,11306237,control,noise,1,2044277630951838468,4768775044288412872914
6446,11306238,poincare,arb,0,6817735414617074167292,2920537615020046355
6447,11306238,control,arb,0,6809178180433589332588,2916892004101162501
6448,11306238,poincare,noise,1,2751403918522725616,6423783672112104364634
6449,11306238,control,noise,1,2751403918522725616,6423724140204340626178
6450,11306239,poincare,arb,0,19161455982968504098740,8171200233890645819
6451,11306239,control,arb,0,19108402364714321067465,8148651596517409606
6452,11306239,poincare,noise,1,1809395726252425404,4264906199920423500814
6453,11306239,control,noise,1,1809395726252425404,4264880073361049876867
6454,11306240,poincare,arb,1,1184609465354890937,2785461252215500043911
6455,11306240,control,arb,1,1172153141642556546,2756154878109580999721
6456,11306240,poincare,noise,1,2951086765269776764,6915933142133410185607
6457,11306240,control,noise,1,2951086765269776764,6915864274182387379052
6458,11306241,poincare,arb,1,3089649064288208736,7205417558788249358149
6459,11306241,control,arb,1,3064517056780474255,7146735655004087145653
6460,11306241,poincare,noise,1,591173348429369608,1374597762395777426918
6461,11306241,control,noise,1,591173348429369608,1374595028454871428233
6462,11306242,poincare,arb,0,6886469327011731334093,2956021471952796012
6463,11306242,control,arb,0,6863534883846630954492,2946182706863247074
6464,11306242,poincare,noise,1,1766676433533133478,4119667835347896447149
6465,11306242,control,noise,1,1766676433533133478,4119643325969771267049
6466,11306243,poincare,arb,0,16814646695059236414556,7179280542461486855
6467,11306243,control,arb,0,16761805722088770767840,7156761827698895510
6468,11306243,poincare,noise,0,4324161102670151876342,1832857372788331851
6469,11306243,control,noise,0,4324161102670151876342,1832845994135711276
6470,11306244,poincare,arb,0,49364067704570806789104,20544064230027662267
6471,11306244,control,arb,0,49140702040596840669593,20450978181878371544
6472,11306244,poincare,noise,0,5309747546576074825207,2169028313172588719
6473,11306244,control,noise,0,5309747546576074825207,2169012083312867724
6474,11306245,poincare,arb,1,5745688454568813601,14023938072681473568151
6475,11306245,control,arb,1,5730791810788929182,13987683366648097055058
6476,11306245,poincare,noise,1,313482291099079674,761324095547903863577
6477,11306245,control,noise,1,313482291099079674,761323274862178114372
6478,11306246,poincare,arb,1,1975484899158255744,4788644700335952847603
6479,11306246,control,arb,1,1965961830738507518,4765555311255619121219
6480,11306246,poincare,noise,0,959963585183361805466,396533522829722070
6481,11306246,control,noise,0,959963585183361805466,396532983010435773
6482,11306247,poincare,arb,1,3886075574336983928,9380857045827397263889
6483,11306247,control,arb,1,3871557068575880764,9345822579224969485280
6484,11306247,poincare,noise,1,2392718107598982898,5746283559740223159744
6485,11306247,control,noise,1,2392718107598982898,5746236584393891462304
6486,11306248,poincare,arb,0,4830840537477464061385,2012160364915728571
6487,11306248,control,arb,0,4834602191006415307348,2013743645548436171
6488,11306248,poincare,noise,0,4489128495386287662503,1863902079955533567
6489,11306248,control,noise,0,4489128495386287662503,1863890190728870624
6490,11306249,poincare,arb,1,14937278449153303194,35594613056006946253218
6491,11306249,control,arb,1,14882875803182331766,35465201127797127590702
6492,11306249,poincare,noise,0,5987652123316973535270,2538277789503062995
6493,11306249,control,noise,0,5987652123316973535270,2538255974332478586
6494,11306250,poincare,arb,0,525964841592634749392,222467452916368349
6495,11306250,control,arb,0,498865449220001680331,211003404093376280
6496,11306250,poincare,noise,0,3595821585294267425490,1518774578626548937
6497,11306250,control,noise,0,3595821585294267425490,1518766750798662745
6498,11306251,poincare,arb,1,5460510708227953231,12886938887230916713333
6499,11306251,control,arb,1,5444103596472118898,12848283922608072136118
6500,11306251,poincare,noise,1,1355525787725292040,3181438015533731709107
6501,11306251,control,noise,1,1355525787725292040,3181423443458119535548
6502,11306252,poincare,arb,0,4360657195498916888130,1857204878018129484
6503,11306252,control,arb,0,4355736574537813543891,1855117681520971029
6504,11306252,poincare,noise,0,3692157130832897895017,1568134069742337415
6505,11306252,control,noise,0,3692157130832897895017,1568125748099284328
6506,11306253,poincare,arb,1,4333640501210825869,10180710351794463582048
6507,11306253,control,arb,1,4322126507020685133,10153715235162211671093
6508,11306253,poincare,noise,0,4154924711902903171687,1772308071508361818
6509,11306253,control,noise,0,4154924711902903171687,1772297465571093398
6510,11306254,poincare,arb,1,8153173885518034302,19015892205795353098670
6511,11306254,control,arb,1,8126616187956785433,18954064316417837979486
6512,11306254,poincare,noise,1,2991979049153043552,6915897239997703760433
6513,11306254,control,noise,1,2991979049153043552,6915827897663206044959
6514,11306255,poincare,arb,0,15230340445913126969719,6570045272294720884
6515,11306255,control,arb,0,15195679514909705727099,6555159008481766206
6516,11306255,poincare,noise,0,760963189048309979723,326447424412397062
6517,11306255,control,noise,0,760963189048309979723,326447065394117078
6518,11306256,poincare,arb,0,119375146662175704847,51195435536979590
6519,11306256,control,arb,0,115712568081241249528,49624641063486283
6520,11306256,poincare,noise,0,390355044278065321373,167378837100883860
6521,11306256,control,noise,0,390355044278065321373,167378742689651200
6522,11306257,poincare,arb,1,8553397684199936793,19813904008790273564695
6523,11306257,control,arb,1,8518508216279927824,19733093857150404818535
6524,11306257,poincare,noise,1,1905784722149055050,4377801824059357415370
6525,11306257,control,noise,1,1905784722149055050,4377773939775222915304
6526,11306258,poincare,arb,1,8028297979013610254,18296277758364009438913
6527,11306258,control,arb,1,7986968007289562226,18201971913384877999357
6528,11306258,poincare,noise,0,5730647082899807102752,2525643215715751091
6529,11306258,control,noise,0,5730647082899807102752,2525622032478859823
6530,11306259,poincare,arb,0,8875545806883015946576,3891727030904047584
6531,11306259,control,arb,0,8814777887258181066320,3865049248688949870
6532,11306259,poincare,noise,1,525467554181090958,1201612908152649069666
6533,11306259,control,noise,1,525467554181090958,1201610801463594964644
6534,11306260,poincare,arb,0,8751487069783966141331,3816977237910001413
6535,11306260,control,arb,0,8720074303952339862359,3803283170098181755
6536,11306260,poincare,noise,1,1770727897611242788,4066534050758107489317
6537,11306260,control,noise,1,1770727897611242788,4066509986377873568653
6538,11306261,poincare,arb,0,10183104280080359052843,4424694727017535809
6539,11306261,control,arb,0,10157632705121573608672,4413653106234261499
6540,11306261,poincare,noise,1,2820179398084280750,6498773343312071194075
6541,11306261,control,noise,1,2820179398084280750,6498712014745742284503
6542,11306262,poincare,arb,0,10003232715499623864696,4335678116462056792
6543,11306262,control,arb,0,9988591358649089613519,4329373002938987996
6544,11306262,poincare,noise,0,1565799200077036807803,675936526904493353
6545,11306262,control,noise,0,1565799200077036807803,675934992709955911
6546,11306263,poincare,arb,0,9492274601471457116448,4082029328035863296
6547,11306263,control,arb,0,9446268352954224048830,4062235718565484821
6548,11306263,poincare,noise,1,1278096600141485854,2978778729896814258888
6549,11306263,control,noise,1,1278096600141485854,2978765909955354753815
6550,11306264,poincare,arb,1,3466434888010539987,8048191086774976111289
6551,11306264,control,arb,1,3446695636974686561,8002327063888095083821
6552,11306264,poincare,noise,0,4692386680900819060249,2023407662754828812
6553,11306264,control,noise,0,4692386680900819060249,2023393914799718068
6554,11306265,poincare,arb,1,2679512775274717775,6210653066575655503156
6555,11306265,control,arb,1,2676769353472088461,6204336438389927849819
6556,11306265,poincare,noise,1,2061228425981977620,4759410637517864728015
6557,11306265,control,noise,1,2061228425981977620,4759377767262732903305
6558,11306266,poincare,arb,0,9013513723176249175027,3897856318733077296
6559,11306266,control,arb,0,8995781990778478991434,3890215172473431524
6560,11306266,poincare,noise,0,2341272551117589909336,1008489512345053724
6561,11306266,control,noise,0,2341272551117589909336,1008486093905895455
6562,11306267,poincare,arb,1,601452834260153640,1396768412481706545146
6563,11306267,control,arb,1,603142859987101462,1400697947851741129431
6564,11306267,poincare,noise,1,1968428017350686084,4561888330610815676547
6565,11306267,control,noise,1,1968428017350686084,4561858186487007019674
6566,11306268,poincare,arb,1,692564158201194959,1601607387874485056045
6567,11306268,control,arb,1,681493309016438263,1575994791603503699843
6568,11306268,poincare,noise,0,1853979535136047103683,801624210318961322
6569,11306268,control,noise,0,1853979535136047103683,801622054361350704
6570,11306269,poincare,arb,1,4033240269475586376,9303847487743227687091
6571,11306269,control,arb,1,4019793228432381401,9272852896587558125391
6572,11306269,poincare,noise,0,5051024730651725665632,2192869603195988362
6573,11306269,control,noise,0,5051024730651725665632,2192853511695570595
6574,11306270,poincare,arb,0,12883228984836407219203,5558443866578267011
6575,11306270,control,arb,0,12808614929241090236421,5526211226498011699
6576,11306270,poincare,noise,0,4734788310185562523333,2030375911567163910
6577,11306270,control,noise,0,4734788310185562523333,2030362030308003395
6578,11306271,poincare,arb,0,17795424034288543901485,7571988731220036404
6579,11306271,control,arb,0,17701688853382013899283,7532052727712891804
6580,11306271,poincare,noise,0,6831025757773666767804,2882084199644614684
6581,11306271,control,noise,0,6831025757773666767804,2882056011773563299
6582,11306272,poincare,arb,0,8994887307328739569289,3774521099589240617
6583,11306272,control,arb,0,8929044837604647988957,3746855003340502631
6584,11306272,poincare,noise,1,1624634636801842718,3878380680692240113842
6585,11306272,control,noise,1,1624634636801842718,3878359210511978152220
6586,11306273,poincare,arb,0,9444324339834861361928,3948672175752490183
6587,11306273,control,arb,0,9421146197723220623872,3939003199898361785
6588,11306273,poincare,noise,1,339867083171384606,815284339121386133819
6589,11306273,control,noise,1,339867083171384606,815283392165312645423
6590,11306274,poincare,arb,0,4052124972099201791030,1687344385838298501
6591,11306274,control,arb,0,4038657403628032030194,1681738312233585902
6592,11306274,poincare,noise,1,580055586049407266,1394255188520406280133
6593,11306274,control,noise,1,580055586049407266,1394252422109355785182
6594,11306275,poincare,arb,1,971202351781392440,2331475559483851698158
6595,11306275,control,arb,1,964748464831191362,2315977715410915558096
6596,11306275,poincare,noise,1,1459364671545691258,3496403600588179389035
6597,11306275,control,noise,1,1459364671545691258,3496386181496626536570
6598,11306276,poincare,arb,1,4518247754496817732,10772316237184849710196
6599,11306276,control,arb,1,4493378366957217295,10712969766808832280997
6600,11306276,poincare,noise,0,4132983074495043566220,1737441937932866033
6601,11306276,control,noise,0,4132983074495043566220,1737431670548047913
6602,11306277,poincare,arb,1,10467660015436128450,24724475664989374882985
6603,11306277,control,arb,1,10431328360647745314,24638806375521765512804
6604,11306277,poincare,noise,0,6402414817244014973502,2727710181171332025
6605,11306277,control,noise,0,6402414817244014973502,2727685053143212740
6606,11306278,poincare,arb,1,1833388739914060190,4306398675129831555662
6607,11306278,control,arb,1,1837084366080492449,4315118985851282326171
6608,11306278,poincare,noise,0,1184650263585533558550,504891043010705176
6609,11306278,control,noise,0,1184650263585533558550,504890181472301364
6610,11306279,poincare,arb,1,4559328689480493636,10662800239473429863046
6611,11306279,control,arb,1,4542459658194932379,10623367140083801696828
6612,11306279,poincare,noise,0,3753899020710878025011,1608970031549214185
6613,11306279,control,noise,0,3753899020710878025011,1608961310846381141
6614,11306280,poincare,arb,1,487436602330795404,1138271042913658062902
6615,11306280,control,arb,1,492093933473065965,1149153157912593570547
6616,11306280,poincare,noise,1,438073010345792932,1022232418983619469447
6617,11306280,control,noise,1,438073010345792932,1022230909623610034975
6618,11306281,poincare,arb,1,4950105833290933472,11500935778662275808857
6619,11306281,control,arb,1,4927688737928363547,11448835629210483167611
6620,11306281,poincare,noise,0,3387995601386891618665,1462326868891876505
6621,11306281,control,noise,0,3387995601386891618665,1462319690069972502
6622,11306282,poincare,arb,0,7257366531031830824825,3120888610684909298
6623,11306282,control,arb,0,7213077337035728505627,3101827681068984618
6624,11306282,poincare,noise,1,2065072405075408386,4806236347267363330057
6625,11306282,control,noise,1,2065072405075408386,4806202959801427115684
6626,11306283,poincare,arb,1,3746065897033754541,8677897781875751296212
6627,11306283,control,arb,1,3721889112026458934,8621831487162120920344
6628,11306283,poincare,noise,1,1417394907072217240,3269852188651937959914
6629,11306283,control,noise,1,1417394907072217240,3269836662596566411059
6630,11306284,poincare,arb,0,5343178466179935968886,2314459383649809994
6631,11306284,control,arb,0,5334537028804646690735,2310727217272006374
6632,11306284,poincare,noise,0,5848612931717324633430,2523566106682498504
6633,11306284,control,noise,0,5848612931717324633430,2523544733133707645
6634,11306285,poincare,arb,0,4191804254625649769059,1802398799798692258
6635,11306285,control,arb,0,4150031886618220789250,1784422335737054706
6636,11306285,poincare,noise,0,6207309450344219679305,2659442680170468505
6637,11306285,control,noise,0,6207309450344219679305,2659418860254095504
6638,11306286,poincare,arb,1,3747384424439796394,8738970675266087243497
6639,11306286,control,arb,1,3742834308248197071,8728437897355083595694
6640,11306286,poincare,noise,0,1620785377208631597462,696726783199926126
6641,11306286,control,noise,0,1620785377208631597462,696725149748894851
6642,11306287,poincare,arb,1,1399541753771346264,3253891664291030189288
6643,11306287,control,arb,1,1396616113772880590,3247097253704979707205
6644,11306287,poincare,noise,1,2665701396505579160,6177435771248600070051
6645,11306287,control,noise,1,2665701396505579160,6177380509926469749850
6646,11306288,poincare,arb,0,2348742316573822444641,1014881599409425051
6647,11306288,control,arb,0,2364616033999094364619,1021749705664217700
6648,11306288,poincare,noise,1,2573177265179151764,5947663975088930261382
6649,11306288,control,noise,1,2573177265179151764,5947612680148807910458
6650,11306289,poincare,arb,0,7999382046982004224159,3458362865460441967
6651,11306289,control,arb,0,7990794739966289372282,3454680120215540956
6652,11306289,poincare,noise,1,549551909648742776,1274116860148222102046
6653,11306289,control,noise,1,549551909648742776,1274114507841299196696
6654,11306290,poincare,arb,1,10846104809665405,25134982504542218126
6655,11306290,control,arb,1,8514612835165543,19731899449730986933
6656,11306290,poincare,noise,0,1858585881583627129900,801496510126261901
6657,11306290,control,noise,0,1858585881583627129900,801494352008601432
6658,11306291,poincare,arb,1,1526578976167681326,3537912841775096127316
6659,11306291,control,arb,1,1523560169334625370,3530926133704705115560
6660,11306291,poincare,noise,1,1125883567873164610,2603726773104875427989
6661,11306291,control,noise,1,1125883567873164610,2603716939464155758573
6662,11306292,poincare,arb,1,376648162340924113,869988829814100232927
6663,11306292,control,arb,1,370396996954817026,855546542210729320100
6664,11306292,poincare,noise,0,4862427592399917212738,2102195934453071958
6665,11306292,control,noise,0,4862427592399917212738,2102181114764103143
6666,11306293,poincare,arb,1,1646553582839845632,3809909778076660153634
6667,11306293,control,arb,1,1648434427408458382,3814288695870443552752
6668,11306293,poincare,noise,1,1291933494927017132,2982318977468676085272
6669,11306293,control,noise,1,1291933494927017132,2982306065374049601790
6670,11306294,poincare,arb,0,8873047878672991747823,3835931222168124298
6671,11306294,control,arb,0,8848527051127619885147,3825347119207051542
6672,11306294,poincare,noise,1,883718092455441520,2049016434363421231695
6673,11306294,control,noise,1,883718092455441520,2049010351726254037582
6674,11306295,poincare,arb,1,1609084828247016775,3723406132536666067123
6675,11306295,control,arb,1,1598713717262184848,3699396503945526785712
6676,11306295,poincare,noise,0,905336844133784611197,391627923161007336
6677,11306295,control,noise,0,905336844133784611197,391627408620919158
6678,11306296,poincare,arb,0,12221365594986500491555,5262677843578945749
6679,11306296,control,arb,0,12166752979311845652951,5239154062571229288
6680,11306296,poincare,noise,1,3038157043750065712,7068054666981592563822
6681,11306296,control,noise,1,3038157043750065712,7067982474578028374147
6682,11306297,poincare,arb,0,9936421316836598492500,4266872245970089048
6683,11306297,control,arb,0,9924415510016996175766,4261760272767095881
6684,11306297,poincare,noise,1,1485657832255775978,3467466090111499946789
6685,11306297,control,noise,1,1485657832255775978,3467448732589209103997
6686,11306298,poincare,arb,0,10974944743436940545952,4690117332559471833
6687,11306298,control,arb,0,10943693109958348311639,4676785430206483743
6688,11306298,poincare,noise,0,6320630858826719603451,2685040422717367053
6689,11306298,control,noise,0,6320630858826719603451,2685016038855358793
6690,11306299,poincare,arb,0,5790098101654463214164,2449442836283865477
6691,11306299,control,arb,0,5739712363931974242759,2428105605360113750
6692,11306299,poincare,noise,0,4774946377172820567513,2012680135164845555
6693,11306299,control,noise,0,4774946377172820567513,2012666377005166871
6694,11306300,poincare,arb,1,1548134306757477695,3674230665305330677689
6695,11306300,control,arb,1,1550053255072082127,3678810106670598796814
6696,11306300,poincare,noise,1,2814769743723300398,6656723128985777356753
6697,11306300,control,noise,1,2814769743723300398,6656659612854668828521
6698,11306301,poincare,arb,0,22102829778718286461080,9296827546101775725
6699,11306301,control,arb,0,22038503947657450274502,9269859453148956597
6700,11306301,poincare,noise,1,1259142533039276106,3013211796966270823951
6701,11306301,control,noise,1,1259142533039276106,3013198851158302611671
6702,11306302,poincare,arb,1,19349667680362624585,45537768042612527608082
6703,11306302,control,arb,1,19263926342283519981,45335788445746196574765
6704,11306302,poincare,noise,1,1534192454674628376,3550038011091036668125
6705,11306302,control,noise,1,1534192454674628376,3550019738841645053556
6706,11306303,poincare,arb,0,5949465858505762376928,2568995419482591519
6707,11306303,control,arb,0,5939464954938439657612,2564690202930441349
6708,11306303,poincare,noise,1,2161361651136130998,5007077055797066000480
6709,11306303,control,noise,1,2161361651136130998,5007040736941354237445
6710,11306304,poincare,arb,1,10192315316290258526,23379419060399947520388
6711,11306304,control,arb,1,10140918812444765159,23261355589157282994934
6712,11306304,poincare,noise,1,567266164150337360,1290060892250390822231
6713,11306304,control,noise,1,567266164150337360,1290058457343683233671
6714,11306305,poincare,arb,0,10155870857732908425782,4451921854360419281
6715,11306305,control,arb,0,10118982916010227765649,4435760049122452600
6716,11306305,poincare,noise,0,5469984457373234508810,2384763619626463557
6717,11306305,control,noise,0,5469984457373234508810,2384744630025911025
6718,11306306,poincare,arb,0,3674048286627037409050,1596687432848901293
6719,11306306,control,arb,0,3636005255768328207187,1580141907700625622
6720,11306306,poincare,noise,0,5166251790525057264744,2238282361249144621
6721,11306306,control,noise,0,5166251790525057264744,2238265579419868452
6722,11306307,poincare,arb,1,5763637583724556842,13265740775523904693813
6723,11306307,control,arb,1,5748953838065285473,13232043487027397397432
6724,11306307,poincare,noise,1,2887927479348966908,6601057724014036146927
6725,11306307,control,noise,1,2887927479348966908,6600994193706681065341
6726,11306308,poincare,arb,0,4774420506487432722240,2090115852262812566
6727,11306308,control,arb,0,4781956557019245863031,2093435084946946387
6728,11306308,poincare,noise,0,5106441764734402148570,2227766292456389116
6729,11306308,control,noise,0,5106441764734402148570,2227749725373571447
6730,11306309,poincare,arb,1,5743125709485792201,13127405793472934176967
6731,11306309,control,arb,1,5728483765337341007,13094035201896464713262
6732,11306309,poincare,noise,0,5011224523667694259342,2198587350211087611
6733,11306309,control,noise,0,5011224523667694259342,2198571259467282592
6734,11306310,poincare,arb,1,962094532661288234,2195057857651443742313
6735,11306310,control,arb,1,967222773278882144,2206774298129942672164
6736,11306310,poincare,noise,0,366676199994027364598,160817079075594346
6737,11306310,control,noise,0,366676199994027364598,160816992900048224
6738,11306311,poincare,arb,0,13523018027228797172332,5902253213783632469
6739,11306311,control,arb,0,13465231044078394616381,5877028371669074938
6740,11306311,poincare,noise,0,400859097904898162958,174110843383920627
6741,11306311,control,noise,0,400859097904898162958,174110741881462396
6742,11306312,poincare,arb,1,3556485721427872959,8166036153277684128469
6743,11306312,control,arb,1,3542413514601253717,8133729743336762030873
6744,11306312,poincare,noise,1,444135540201818454,1016518554083786991643
6745,11306312,control,noise,1,444135540201818454,1016517047041187575791
6746,11306313,poincare,arb,0,14783275386395457518634,6428189725344820673
6747,11306313,control,arb,0,14725998367589231040986,6403293537371855076
6748,11306313,poincare,noise,1,2219811590085271562,5122251175229148249074
6749,11306313,control,noise,1,2219811590085271562,5122213092166516532678
6750,11306314,poincare,arb,0,12757250838883202275535,5513937605152304238
6751,11306314,control,arb,0,12725447938705145658707,5500232652299210193
6752,11306314,poincare,noise,1,2097498828306194626,4866179406016518881673
6753,11306314,control,noise,1,2097498828306194626,4866145126393558044710
6754,11306315,poincare,arb,0,9804479094016625584850,4218864917574724802
6755,11306315,control,arb,0,9783899405963953147490,4210039140386906417
6756,11306315,poincare,noise,1,1562926884649224850,3639953386834922003721
6757,11306315,control,noise,1,1562926884649224850,3639934239439442404746
6758,11306316,poincare,arb,1,14562670238064497198,33480006345312391612837
6759,11306316,control,arb,1,14495580956329692838,33325590812397841779927
6760,11306316,poincare,noise,0,973509355874192431765,428265366934869545
6761,11306316,control,noise,0,973509355874192431765,428264756783865092
6762,11306317,poincare,arb,1,11348676486772970270,25574799262177596394346
6763,11306317,control,arb,1,11303242362892000152,25472447525556395624689
6764,11306317,poincare,noise,1,1116159364654981640,2490591193813102884878
6765,11306317,control,noise,1,1116159364654981640,2490582033792558124917
6766,11306318,poincare,arb,0,14480451256821342683548,6462033591634950483
6767,11306318,control,arb,0,14430559224643771673513,6439792501311075862
6768,11306318,poincare,noise,0,3216481669347947681664,1426453658077170697
6769,11306318,control,noise,0,3216481669347947681664,1426446918978602996
6770,11306319,poincare,arb,1,1311658920282050217,2957902505719464795581
6771,11306319,control,arb,1,1312129775684138984,2958978304043545829900
6772,11306319,poincare,noise,0,5258570975624563118966,2329987881240596036
6773,11306319,control,noise,0,5258570975624563118966,2329969899487783436
6774,11306320,poincare,arb,1,319174268274330651,721497563018837505672
6775,11306320,control,arb,1,327522118804804754,740373701006995997911
6776,11306320,poincare,noise,1,2611298437014688128,5889165887693277281848
6777,11306320,control,noise,1,2611298437014688128,5889114974787793268570
6778,11306321,poincare,arb,0,4516204722509182414762,2003484139902506706
6779,11306321,control,arb,0,4521865906819139683195,2006012903601059213
6780,11306321,poincare,noise,1,1307599473825255772,2949184951078610003064
6781,11306321,control,noise,1,1307599473825255772,2949172176818198057476
6782,11306322,poincare,arb,0,7839697794093916660194,3469972462682586136
6783,11306322,control,arb,0,7819338424823352436162,3460976079506124468
6784,11306322,poincare,noise,0,1940664727485764918580,856022168480037274
6785,11306322,control,noise,0,1940664727485764918580,856019734448433811
6786,11306323,poincare,arb,1,1934424251606695675,4381724002317636173809
6787,11306323,control,arb,1,1929935210311639205,4371568166712027757533
6788,11306323,poincare,noise,0,1949244365380251849607,861278579369534421
6789,11306323,control,noise,0,1949244365380251849607,861276117464679984
6790,11306324,poincare,arb,1,2040125569475179683,4612889232280516453382
6791,11306324,control,arb,1,2035218607151545447,4601807346781515211978
6792,11306324,poincare,noise,0,926747665009092194730,410400283930115926
6793,11306324,control,noise,0,926747665009092194730,410399725468390527
6794,11306325,poincare,arb,0,14948999619630953275565,6583259871262394789
6795,11306325,control,arb,0,14882949818546097042731,6554163855318928429
6796,11306325,poincare,noise,1,1981318721776431082,4515596116498028229006
6797,11306325,control,noise,1,1981318721776431082,4515566332954679866438
6798,11306326,poincare,arb,0,2735778670115315469870,1201131461529280444
6799,11306326,control,arb,0,2743153677426421701058,1204377369417857145
6800,11306326,poincare,noise,0,2968053771253087231197,1300513232653499879
6801,11306326,control,noise,0,2968053771253087231197,1300507596882715457
6802,11306327,poincare,arb,0,1172699163309491278609,513098752905145520
6803,11306327,control,arb,0,1155471885577878403569,505558998292501722
6804,11306327,poincare,noise,1,2780115809016867856,6342539384844319394798
6805,11306327,control,noise,1,2780115809016867856,6342480674715042612293
6806,11306328,poincare,arb,0,19688718069238144190935,8590076897290474737
6807,11306328,control,arb,0,19633133629734223542405,8565905009988986532
6808,11306328,poincare,noise,1,856711820459041002,1975786922990323231580
6809,11306328,control,noise,1,856711820459041002,1975781252121845759480
6810,11306329,poincare,arb,0,149583863780471360345,64901578963978877
6811,11306329,control,arb,0,157175967469546092867,68195843354184973
6812,11306329,poincare,noise,0,5615882230449366452332,2431745585258443890
6813,11306329,control,noise,0,5615882230449366452332,2431725773122777145
6814,11306330,poincare,arb,1,4944148602916589138,11395075812950681693456
6815,11306330,control,arb,1,4933676135130383955,11371031931443169763839
6816,11306330,poincare,noise,1,217509362631579734,499236285072296214022
6817,11306330,control,noise,1,217509362631579734,499235922050590060083
6818,11306331,poincare,arb,0,5810785189786619405418,2526987836629601140
6819,11306331,control,arb,0,5788686544251415720755,2517379432623012343
6820,11306331,poincare,noise,1,1406841582953880564,3237921523053127328421
6821,11306331,control,noise,1,1406841582953880564,3237906280850381765175
6822,11306332,poincare,arb,0,1248022009517057637215,542627702738936625
6823,11306332,control,arb,0,1256285588127683920630,546223196787786561
6824,11306332,poincare,noise,0,3736462746104739565310,1621761059793871525
6825,11306332,control,noise,0,3736462746104739565310,1621752255420962743
6826,11306333,poincare,arb,1,1250389600346852361,2881697521180638743419
6827,11306333,control,arb,1,1251925857795934185,2885253704840422245871
6828,11306333,poincare,noise,0,3592131017792791961679,1558266874308076075
6829,11306333,control,noise,0,3592131017792791961679,1558258743425061358
6830,11306334,poincare,arb,0,646740457643714354815,280142689674240070
6831,11306334,control,arb,0,629104965420445429100,272502261794228193
6832,11306334,poincare,noise,0,5195298542980185519418,2245838431042353320
6833,11306334,control,noise,0,5195298542980185519418,2245821516881558684
6834,11306335,poincare,arb,1,1668959197647299742,3862592280937229467335
6835,11306335,control,arb,1,1671342344279397196,3868136900786251920570
6836,11306335,poincare,noise,1,1498971408305461382,3460362169240994175044
6837,11306335,control,noise,1,1498971408305461382,3460344787706941434189
6838,11306336,poincare,arb,0,7075489198616233781239,3061139298689379933
6839,11306336,control,arb,0,7060431364692406452586,3054640021737495223
6840,11306336,poincare,noise,0,1326646791469809136583,572287672775895305
6841,11306336,control,noise,0,1326646791469809136583,572286572577576009
6842,11306337,poincare,arb,1,4628328176185240783,10694266039593395286570
6843,11306337,control,arb,1,4611452237679215232,10655292794625212866575
6844,11306337,poincare,noise,1,127166580927983056,292712723051465026244
6845,11306337,control,noise,1,127166580927983056,292712598428207965080
6846,11306338,poincare,arb,0,4942963997894239508000,2143958090686515049
6847,11306338,control,arb,0,4923616867666078828264,2135567387832605379
6848,11306338,poincare,noise,1,2895180816644578978,6670916062005497331416
6849,11306338,control,noise,1,2895180816644578978,6670851440023016938906
6850,11306339,poincare,arb,0,13079178238630200676626,5663754051709130530
6851,11306339,control,arb,0,13052452544606394560688,5652235619966280029
6852,11306339,poincare,noise,1,2786007839089362522,6448526831086672027584
6853,11306339,control,noise,1,2786007839089362522,6448466580093810361607
6854,11306340,poincare,arb,0,11800630980149692245775,5088873603713533580
6855,11306340,control,arb,0,11778303719730882709069,5079292711365510761
6856,11306340,poincare,noise,0,6804231939254459741196,2915385800500669475
6857,11306340,control,noise,0,6804231939254459741196,2915357179093588645
6858,11306341,poincare,arb,1,1033480865003729930,2415709962412038509153
6859,11306341,control,arb,1,1041281761440539389,2433968063805943004589
6860,11306341,poincare,noise,1,575890649359700018,1344367622299333550143
6861,11306341,control,noise,1,575890649359700018,1344365012435643558011
6862,11306342,poincare,arb,1,2784574647503872291,6482765819884638491682
6863,11306342,control,arb,1,2770593695273349695,6450204255120715103122
6864,11306342,poincare,noise,1,2336398749440136094,5416984670010589943310
6865,11306342,control,noise,1,2336398749440136094,5416942181556031546792
6866,11306343,poincare,arb,0,43797718864164342227518,18642401268110116507
6867,11306343,control,arb,0,43637996342161550593831,18574561423878699832
6868,11306343,poincare,noise,1,1440716675760454724,3432205002546232700018
6869,11306343,control,noise,1,1440716675760454724,3432188169433203337055
6870,11306344,poincare,arb,1,4314654560727560015,10230723759179326247721
6871,11306344,control,arb,1,4290709790221712582,10173897049070824962820
6872,11306344,poincare,noise,1,2439276313640141612,5752250949459390883757
6873,11306344,control,noise,1,2439276313640141612,5752203445861767477465
6874,11306345,poincare,arb,1,4257909706998384146,9986607953153548725867
6875,11306345,control,arb,1,4230046589970851799,9921175169040496773546
6876,11306345,poincare,noise,1,2567940733280370000,5989780189128630651418
6877,11306345,control,noise,1,2567940733280370000,5989728401297060573417
6878,11306346,poincare,arb,0,13928536156087823410097,5955112630586128548
6879,11306346,control,arb,0,13895455796871384570877,5941020567639667195
6880,11306346,poincare,noise,0,2340132510101440375874,994914097631610528
6881,11306346,control,noise,0,2340132510101440375874,994910748789793997
6882,11306347,poincare,arb,0,1374464292525980265559,583610488516455673
6883,11306347,control,arb,0,1359010003948247533097,577046509656885283
6884,11306347,poincare,noise,0,1947309214966932593836,825901299983465912
6885,11306347,control,noise,0,1947309214966932593836,825898989326272649
6886,11306348,poincare,arb,1,3161747008203088113,7440671241971079303929
6887,11306348,control,arb,1,3152026594729903896,7417816540225998384516
6888,11306348,poincare,noise,0,3236867455486852043087,1377425807083253831
6889,11306348,control,noise,0,3236867455486852043087,1377419392136241149
6890,11306349,poincare,arb,0,18343485247271258409307,7748288564771611378
6891,11306349,control,arb,0,18253701882885174917870,7710328161010102780
6892,11306349,poincare,noise,0,4364684727421860762313,1829336543160002409
6893,11306349,control,noise,0,4364684727421860762313,1829325144270427357
6894,11306350,poincare,arb,1,2233673334358864083,5327651155347118566938
6895,11306350,control,arb,1,2231979723970759285,5323644809070909247820
6896,11306350,poincare,noise,0,4749793217433359204979,1991793675787700993
6897,11306350,control,noise,0,4749793217433359204979,1991780166867474532
6898,11306351,poincare,arb,1,2239228562280978925,5338769888824883508576
6899,11306351,control,arb,1,2238185619927395470,5336319497590281985971
6900,11306351,poincare,noise,1,2583518056118455612,6135468537206674309188
6901,11306351,control,noise,1,2583518056118455612,6135414686751564400103
6902,11306352,poincare,arb,0,7221301917975744562669,3039609748722894950
6903,11306352,control,arb,0,7216730542926344656396,3037712215017371390
6904,11306352,poincare,noise,1,1449072884202108268,3447069025892580242208
6905,11306352,control,noise,1,1449072884202108268,3447052034299444004822
6906,11306353,poincare,arb,1,1030765302409548965,2447047953487687477954
6907,11306353,control,arb,1,1020448130183785340,2422542933796630664633
6908,11306353,poincare,noise,1,1189277049075575380,2818262178099202653441
6909,11306353,control,noise,1,1189277049075575380,2818250797257755279696
6910,11306354,poincare,arb,1,1736011025728807086,4104105338909996662544
6911,11306354,control,arb,1,1723840594189898126,4075316752774324545427
6912,11306354,poincare,noise,1,50838173904353208,120012283963166514874
6913,11306354,control,noise,1,50838173904353208,120012263276190850612
6914,11306355,poincare,arb,0,9997065887277036941934,4220506510010208186
6915,11306355,control,arb,0,9955973159953534898399,4203158932018961550
6916,11306355,poincare,noise,0,4632362546231564984630,1945878238128472374
6917,11306355,control,noise,0,4632362546231564984630,1945865355632283204
6918,11306356,poincare,arb,1,3255038696246650600,7740700457251424578977
6919,11306356,control,arb,1,3249579154371439608,7727768461229667911340
6920,11306356,poincare,noise,0,1889122602018685316545,795987519088652445
6921,11306356,control,noise,0,1889122602018685316545,795985365711293233
6922,11306357,poincare,arb,0,21952975387686255148492,9174922507433191854
6923,11306357,control,arb,0,21853782209473519006219,9133441471888543831
6924,11306357,poincare,noise,1,1211906790702226974,2918666911952621225513
6925,11306357,control,noise,1,1211906790702226974,2918654804120306327901
6926,11306358,poincare,arb,1,12065986013177437353,28745789513041709868877
6927,11306358,control,arb,1,12010744381851471064,28614064134075248672929
6928,11306358,poincare,noise,0,1206732238477577244170,511318759053769606
6929,11306358,control,noise,0,1206732238477577244170,511317872868129071
6930,11306359,poincare,arb,1,3250362997932297052,7653974550268493074612
6931,11306359,control,arb,1,3238966533075812861,7627151304432899402117
6932,11306359,poincare,noise,1,2001384770936989016,4692869040910711180513
6933,11306359,control,noise,1,2001384770936989016,4692837327642714364454
6934,11306360,poincare,arb,0,6187188753477502701155,2637314293487988946
6935,11306360,control,arb,0,6180940040278566636359,2634668558599709419
6936,11306360,poincare,noise,0,5530095810932618620855,2347728530886207024
6937,11306360,control,noise,0,5530095810932618620855,2347709880239034866
6938,11306361,poincare,arb,1,9929349452620363543,23245926985128639181569
6939,11306361,control,arb,1,9897788062925825695,23172221659380562264294
6940,11306361,poincare,noise,1,1654912668767705220,3838288904727795305754
6941,11306361,control,noise,1,1654912668767705220,3838267570592680898520
6942,11306362,poincare,arb,0,17575798013481992849851,7542049877154698656
6943,11306362,control,arb,0,17518622850442553695091,7517556904660142279
6944,11306362,poincare,noise,0,5869493174280523170973,2498361068969756208
6945,11306362,control,noise,0,5869493174280523170973,2498339977215104914
6946,11306363,poincare,arb,1,6347246851311328085,14865546678645374758875
6947,11306363,control,arb,1,6331212772214156490,14828119303803819735655
6948,11306363,poincare,noise,0,6261255887387143515593,2681355347205491919
6949,11306363,control,noise,0,6261255887387143515593,2681331127944326963
6950,11306364,poincare,arb,1,12167536041661161815,28196842763703678973099
6951,11306364,control,arb,1,12128045311835797835,28105581475407533115167
6952,11306364,poincare,noise,0,4717992507484808107637,2052554629542628146
6953,11306364,control,noise,0,4717992507484808107637,2052540545306480829
6954,11306365,poincare,arb,1,1690573927412941550,3887071270324421693070
6955,11306365,control,arb,1,1692065835489694953,3890528252943735949923
6956,11306365,poincare,noise,0,4373046347126262145921,1901613603365806398
6957,11306365,control,noise,0,4373046347126262145921,1901601510912125655
6958,11306366,poincare,arb,1,3247701642370195215,7460539770216981584078
6959,11306366,control,arb,1,3242089256234278529,7447694496051950833804
6960,11306366,poincare,noise,0,4116011512564135450096,1793859072179367154
6961,11306366,control,noise,0,4116011512564135450096,1793848322908573304
6962,11306367,poincare,arb,1,5158947698737888576,11805446821408721825293
6963,11306367,control,arb,1,5144936762236088306,11773455529062096994967
6964,11306367,poincare,noise,1,2796551816782301786,6358965076470344083182
6965,11306367,control,noise,1,2796551816782301786,6358905964441542397131
6966,11306368,poincare,arb,0,7756873139591290606140,3409657360871541882
6967,11306368,control,arb,0,7750998140735329171309,3407106583355053149
6968,11306368,poincare,noise,1,2526904994628000320,5752677178427454770032
6969,11306368,control,noise,1,2526904994628000320,5752628824584221788061
6970,11306369,poincare,arb,0,14688153304370940203138,6431777442799575863
6971,11306369,control,arb,0,14650929603116624366858,6415531527326166642
6972,11306369,poincare,noise,1,191085393125608612,438557987306876957806
6973,11306369,control,noise,1,191085393125608612,438557707155142585701
6974,11306370,poincare,arb,1,427208047799559770,979995572092720206565
6975,11306370,control,arb,1,424635686445288905,974094071449719375413
6976,11306370,poincare,noise,1,869879132374565326,1993393671817106178204
6977,11306370,control,noise,1,869879132374565326,1993387881007602965461
6978,11306371,poincare,arb,0,16334090562469340232815,7092407922597120302
6979,11306371,control,arb,0,16274421427310546290592,7066519579738662571
6980,11306371,poincare,noise,1,2078607186521321070,4806376046460947547116
6981,11306371,control,noise,1,2078607186521321070,4806342548392495933271
6982,11306372,poincare,arb,1,285794086875583371,659589673955654743502
6983,11306372,control,arb,1,275957180870929294,636882450463272749418
6984,11306372,poincare,noise,1,2539189912959929454,5846988650333026287886
6985,11306372,control,noise,1,2539189912959929454,5846938982773055636437
6986,11306373,poincare,arb,0,10914874511595572852564,4731697556391867133
6987,11306373,control,arb,0,10893740302498398209188,4722575800349188364
6988,11306373,poincare,noise,1,2256046081239622358,5214486343208475110885
6989,11306373,control,noise,1,2256046081239622358,5214446909547910836699
6990,11306374,poincare,arb,0,4754137920921464943895,2057205211422444465
6991,11306374,control,arb,0,4756013730756317259084,2058032473261745164
6992,11306374,poincare,noise,0,2230129609619680648195,962680933276931039
6993,11306374,control,noise,0,2230129609619680648195,962677821620413549
6994,11306375,poincare,arb,1,962680933276931038,2230129609619680645245
6995,11306375,control,arb,1,962677821620413549,2230129609619680646668
6996,11306375,poincare,noise,1,1971116655055578546,4555504579432207108769
6997,11306375,control,noise,1,1971116655055578546,4555474478023392721981
6998,11306376,poincare,arb,0,6328064351227554266689,2736399716972151487
6999,11306376,control,arb,0,6320659653950022930250,2733215816831456762
7000,11306376,poincare,noise,1,614640905030742364,1423812591575363007228
7001,11306376,control,noise,1,614640905030742364,1423809652881886965448
7002,11306377,poincare,arb,0,10536834809455066957173,4534273603736975242
7003,11306377,control,arb,0,10498917856763951424663,4517966279399195901
7004,11306377,poincare,noise,0,755214413916972121347,323719382802346773
7005,11306377,control,noise,0,755214413916972121347,323719029616316664
7006,11306378,poincare,arb,1,1843908694404819515,4296439549022769493321
7007,11306378,control,arb,1,1837583712850598268,4281706559666310719431
7008,11306378,poincare,noise,0,3101544909367325681624,1331644385624251296
7009,11306378,control,noise,0,3101544909367325681624,1331638416523784308
7010,11306379,poincare,arb,1,1043684065777919818,2431418069078151097420
7011,11306379,control,arb,1,1044876132996951538,2434206079224013453880
7012,11306379,poincare,noise,0,5640912010470679530573,2418671109011292762
7013,11306379,control,noise,0,5640912010470679530573,2418651412687136725
7014,11306380,poincare,arb,1,2471981972295471307,5764997842627781211861
7015,11306380,control,arb,1,2471740480306994717,5764481593257941786570
7016,11306380,poincare,noise,0,4691859795252806155680,2012575833409213881
7017,11306380,control,noise,0,4691859795252806155680,2012562196435874112
7018,11306381,poincare,arb,1,3280731828318642392,7640466783111377599401
7019,11306381,control,arb,1,3275442127818556024,7628199335064134925009
7020,11306381,poincare,noise,0,2946237661355225689485,1267138019129918008
7021,11306381,control,noise,0,2946237661355225689485,1267132618818469401
7022,11306382,poincare,arb,0,12489698923068979575095,5343069380622938652
7023,11306382,control,arb,0,12425478919898099537951,5315573531635354964
7024,11306382,poincare,noise,1,2681818769785240398,6282362415039382993342
7025,11306382,control,noise,1,2681818769785240398,6282305569425878039459
7026,11306383,poincare,arb,0,17264083927996699742444,7341906617912118886
7027,11306383,control,arb,0,17218338491572613425894,7322518688015771030
7028,11306383,poincare,noise,1,474561608819677074,1122128616930334428428
7029,11306383,control,noise,1,474561608819677074,1122126810179058960185
7030,11306384,poincare,arb,0,4738678084478232893350,2001557464251351657
7031,11306384,control,arb,0,4723629907394759394581,1995204517791549859
7032,11306384,poincare,noise,0,3910207427890424459545,1646728523740046186
7033,11306384,control,noise,0,3910207427890424459545,1646719308388004739
7034,11306385,poincare,arb,1,12395545811868203126,29178483275392494802329
7035,11306385,control,arb,1,12350816985461051238,29073356596089686188032
7036,11306385,poincare,noise,0,3062677045623555492911,1312825486609700741
7037,11306385,control,noise,0,3062677045623555492911,1312819680280000877
7038,11306386,poincare,arb,1,1272917075332182166,2969670692731517308029
7039,11306386,control,arb,1,1273077304816685709,2970057638366138900330
7040,11306386,poincare,noise,1,1684353050268932508,3920177995636599173129
7041,11306386,control,noise,1,1684353050268932508,3920155780420018295500
7042,11306387,poincare,arb,0,7241642894494602446850,3107889786530383794
7043,11306387,control,arb,0,7227801985143720393437,3101967273619257788
7044,11306387,poincare,noise,1,1537505659286911132,3587053042749732045556
7045,11306387,control,noise,1,1537505659286911132,3587034464022807750248
7046,11306388,poincare,arb,0,1895813502692804477025,813070987669734556
7047,11306388,control,arb,0,1902831193390229144116,816084941287249106
7048,11306388,poincare,noise,1,1385556811195416820,3229171079271816673844
7049,11306388,control,noise,1,1385556811195416820,3229156014012418940373
7050,11306389,poincare,arb,0,7656514015268189426782,3280197124113297802
7051,11306389,control,arb,0,7638079337059930494799,3272314621730770544
7052,11306389,poincare,noise,1,741457092797697582,1734230006310238838347
7053,11306389,control,noise,1,741457092797697582,1734225667762146574776
7054,11306390,poincare,arb,0,1375341176820903672478,588089729462873193
7055,11306390,control,arb,0,1376829967092157246206,588727802345966690
7056,11306390,poincare,noise,0,933812099333774489353,398975567841000741
7057,11306390,control,noise,0,933812099333774489353,398975030498592208
7058,11306391,poincare,arb,1,8558699293871493479,19900639573525572026637
7059,11306391,control,arb,1,8524750866118084638,19821729575815214900346
7060,11306391,poincare,noise,0,303410912262905401603,131377224915445581
7061,11306391,control,noise,0,303410912262905401603,131377167033229896
7062,11306392,poincare,arb,1,4047527963033164965,9318325928731013500462
7063,11306392,control,arb,1,4031235067237029757,9280820082048086640616
7064,11306392,poincare,noise,1,1201637778268811064,2754833439689859593975
7065,11306392,control,noise,1,1201637778268811064,2754822383846352110578
7066,11306393,poincare,arb,1,979682293812287246,2242072449704354591416
7067,11306393,control,arb,1,970607082782520122,2221294270615056348846
7068,11306393,poincare,noise,1,2466678216273351582,5629657865002737946877
7069,11306393,control,noise,1,2466678216273351582,5629611614041970259854
7070,11306394,poincare,arb,1,4483074781684798436,10175158709172817718688
7071,11306394,control,arb,1,4454160879562651702,10109450260704921436613
7072,11306394,poincare,noise,1,1573786677602457788,3554831711443323575463
7073,11306394,control,noise,1,1573786677602457788,3554813167570355767664
7074,11306395,poincare,arb,0,18332921281166198320694,8074394865279951427
7075,11306395,control,arb,0,18271419655017238262666,8047349594904420800
7076,11306395,poincare,noise,1,2338077750059562278,5332878606319720087745
7077,11306395,control,noise,1,2338077750059562278,5332837088348478841453
7078,11306396,poincare,arb,1,411110494821162418,935640406965958526177
7079,11306396,control,arb,1,399672712809169779,909602243363738278477
7080,11306396,poincare,noise,1,793641610178571324,1804504706173011845297
7081,11306396,control,noise,1,793641610178571324,1804499942045861558242
7082,11306397,poincare,arb,0,18361212142878974461450,8028915689513528989
7083,11306397,control,arb,0,18292324496377359403439,7998813899332171517
7084,11306397,poincare,noise,1,595278701508010628,1369440174078608122413
7085,11306397,control,noise,1,595278701508010628,1369437446088103690304
7086,11306398,poincare,arb,0,913940763559983053977,397341760583598443
7087,11306398,control,arb,0,915833105131850192521,398165261697656318
7088,11306398,poincare,noise,1,1571785967268571654,3611926315154671847422
7089,11306398,control,noise,1,1571785967268571654,3611907334903454977848
7090,11306399,poincare,arb,0,4092382509838240109880,1780566046576333571
7091,11306399,control,arb,0,4090364629282056830577,1779697433435703647
7092,11306399,poincare,noise,0,1000077695412383841897,434355320938741986
7093,11306399,control,noise,0,1000077695412383841897,434354689282380635
7094,11306400,poincare,arb,1,18577941872354121648,42161591093280348110733
7095,11306400,control,arb,1,18502456272261263191,41990341846014286853655
7096,11306400,poincare,noise,1,647144524275904456,1446366400412151169367
7097,11306400,control,noise,1,647144524275904456,1446363313112796782722
7098,11306401,poincare,arb,0,14059053449126927146891,6262509508760996410
7099,11306401,control,arb,0,14006576266858880921760,6239147223282759379
7100,11306401,poincare,noise,0,3715521468777385489596,1644721606242993035
7101,11306401,control,noise,0,3715521468777385489596,1644712639492645981
7102,11306402,poincare,arb,1,1030662409787901411,2329461074533285287514
7103,11306402,control,arb,1,1033208188149894752,2335227670063562773048
7104,11306402,poincare,noise,0,5769506715535108615912,2549618848745934963
7105,11306402,control,noise,0,5769506715535108615912,2549597290613065796
7106,11306403,poincare,arb,1,7205271299786283670,16244700014108625593726
7107,11306403,control,arb,1,7185880264878676934,16201118794195556975848
7108,11306403,poincare,noise,1,1570028098302052274,3515182835269429923105
7109,11306403,control,noise,1,1570028098302052274,3515164622483270173146
7110,11306404,poincare,arb,0,18113063471971641310331,8048601934458027988
7111,11306404,control,arb,0,18052311922037471099052,8021648336273351529
7112,11306404,poincare,noise,1,909747132720907292,2058960824761926704455
7113,11306404,control,noise,1,909747132720907292,2058954608251157943759
7114,11306405,poincare,arb,1,2315660488598835874,5227453006531993173345
7115,11306405,control,arb,1,2302241433231794072,5197144669935423249674
7116,11306405,poincare,noise,0,6515072872420869672640,2884746455841888086
7117,11306405,control,noise,0,6515072872420869672640,2884718888670471780
7118,11306406,poincare,arb,0,21851651901781733741713,9579854982522768020
7119,11306406,control,arb,0,21733634368800612961993,9528024553289660121
7120,11306406,poincare,noise,0,2670576067993956218414,1160797676375958530
7121,11306406,control,noise,0,2670576067993956218414,1160793168145146478
7122,11306407,poincare,arb,1,1109191063225661582,2551953365141061229479
7123,11306407,control,arb,1,1109401260260190841,2552446885590026940557
7124,11306407,poincare,noise,0,6489132596480361170125,2816601960264588192
7125,11306407,control,noise,0,6489132596480361170125,2816575416679491641
7126,11306408,poincare,arb,1,6973691563961247736,16013284051142296137340
7127,11306408,control,arb,1,6956369775214259350,15973659566209161986163
7128,11306408,poincare,noise,0,2091610856511952262374,915313902851157872
7129,11306408,control,noise,0,2091610856511952262374,915311108969465190
7130,11306409,poincare,arb,1,3731058197674250917,8506831624673067405485
7131,11306409,control,arb,1,3719340720556272339,8480141601957573704693
7132,11306409,poincare,noise,0,5321408672388020144139,2336545848633834730
7133,11306409,control,noise,0,5321408672388020144139,2336527683464816464
7134,11306410,poincare,arb,1,4557326960901032163,10360841719534171146434
7135,11306410,control,arb,1,4548069410140371813,10339875553697902541097
7136,11306410,poincare,noise,1,2554280402027162206,5774255685291101641540
7137,11306410,control,noise,1,2554280402027162206,5774206796800996079398
7138,11306411,poincare,arb,0,990494016949902267415,438888490717733835
7139,11306411,control,arb,0,1010347593582619437568,447689412806842884
7140,11306411,poincare,noise,0,3942958389259861622006,1744101182941497374
7141,11306411,control,noise,0,3942958389259861622006,1744091096503640701
7142,11306412,poincare,arb,1,11705665673717143926,26255872076302255793202
7143,11306412,control,arb,1,11664211279725570944,26163040949412336218946
7144,11306412,poincare,noise,0,2325682094840309687168,1045644489913141027
7145,11306412,control,noise,0,2325682094840309687168,1045640892888586832
7146,11306413,poincare,arb,1,965651926454094732,2147901022682210937757
7147,11306413,control,arb,1,965981132214191159,2148640666885545908688
7148,11306413,poincare,noise,1,1028539710989351106,2284192484195764583117
7149,11306413,control,noise,1,1028539710989351106,2284184760861856496709
7150,11306414,poincare,arb,0,3020594800534935621477,1359776510992756586
7151,11306414,control,arb,0,3017523333136539397093,1358398426272714680
7152,11306414,poincare,noise,1,2563064066601695126,5688180737162822714962
7153,11306414,control,noise,1,2563064066601695126,5688132855337205837568
7154,11306415,poincare,arb,0,7839152893269544034167,3529591412567274357
7155,11306415,control,arb,0,7830156060537699973580,3525570251370921390
7156,11306415,poincare,noise,0,1918258993101689741371,860718322891207048
7157,11306415,control,noise,0,1918258993101689741371,860715883007708050
7158,11306416,poincare,arb,1,10367305652651365106,22933458058611973179490
7159,11306416,control,arb,1,10327751801998435376,22846025971595914183945
7160,11306416,poincare,noise,1,1006435114337358688,2206531990441541304883
7161,11306416,control,noise,1,1006435114337358688,2206524736761631497992
7162,11306417,poincare,arb,1,4374462069293872041,9550463160147879086644
7163,11306417,control,arb,1,4352075268706490171,9501556357870034500892
7164,11306417,poincare,noise,0,2037391333585138211850,935708830872933121
7165,11306417,control,noise,0,2037391333585138211850,935705980766114382
7166,11306418,poincare,arb,0,246152828807900854368,112957767815835195
7167,11306418,control,arb,0,236652322470131658159,108597722809380131
7168,11306418,poincare,noise,1,2844525390412544400,6185495832264484250167
7169,11306418,control,noise,1,2844525390412544400,6185438637793751299697
7170,11306419,poincare,arb,0,6070080521690087395478,2791564609838945698
7171,11306419,control,arb,0,6070503503564373574394,2791784949011613766
7172,11306419,poincare,noise,1,194798300993315884,424434142399346293978
7173,11306419,control,noise,1,194798300993315884,424433873092553082999
7174,11306420,poincare,arb,0,1059159377667097676102,486001422406659086
7175,11306420,control,arb,0,1056518383814787482808,484789894665646884
7176,11306420,poincare,noise,0,913366450778538191419,418807839341917753
7177,11306420,control,noise,0,913366450778538191419,418807267803127848
7178,11306421,poincare,arb,1,139556931481778889,304422161763650616696
7179,11306421,control,arb,1,140718161437194735,306955626704863585704
7180,11306421,poincare,noise,0,3749565641822228916696,1716806474549743683
7181,11306421,control,noise,0,3749565641822228916696,1716796868351283518
7182,11306422,poincare,arb,1,326212711563911007,713233760837101517848
7183,11306422,control,arb,1,331988561620723959,725866181419955491655
7184,11306422,poincare,noise,1,1507078225087838448,3290374220718083470259
7185,11306422,control,noise,1,1507078225087838448,3290358060366974787721
7186,11306423,poincare,arb,0,6943696864733666051489,3176250522005595847
7187,11306423,control,arb,0,6928481342134615076405,3169306061615095863
7188,11306423,poincare,noise,0,6154978391330371309181,2802337317612978974
7189,11306423,control,noise,0,6154978391330371309181,2802311661784571676
7190,11306424,poincare,arb,1,4468580654676560155,9801898753803920280284
7191,11306424,control,arb,1,4461622724165341798,9786726027746058293648
7192,11306424,poincare,noise,0,3443270658382634664585,1573312044473089310
7193,11306424,control,noise,0,3443270658382634664585,1573303968196343985
7194,11306425,poincare,arb,0,401854928307381139817,183365142206944195
7195,11306425,control,arb,0,385857584963872193424,176064700864315497
7196,11306425,poincare,noise,1,1773245648181223274,3881341455331320278796
7197,11306425,control,noise,1,1773245648181223274,3881318999646287736761
7198,11306426,poincare,arb,1,16588842864720821579,35796200523136717101361
7199,11306426,control,arb,1,16512448836015595688,35631147678224756898975
7200,11306426,poincare,noise,0,1254418471039806520567,588592526189024058
7201,11306426,control,noise,0,1254418471039806520567,588591410311666098
7202,11306427,poincare,arb,1,4386333344729478310,9320937403261042404125
7203,11306427,control,arb,1,4370532026119041669,9287377284082531579468
7204,11306427,poincare,noise,1,2194678332445139592,4640127251237064561498
7205,11306427,control,noise,1,2194678332445139592,4640094601198904742286
7206,11306428,poincare,arb,0,6051196812134138444633,2860618092127906355
7207,11306428,control,arb,0,6045293517889874387561,2857847502002419800
7208,11306428,poincare,noise,0,4435163758759319995880,2088697583070461012
7209,11306428,control,noise,0,4435163758759319995880,2088683564986413808
7210,11306429,poincare,arb,0,4178152939327571768586,1961531356004254848
7211,11306429,control,arb,0,4142317910941857018777,1944694714338077970
7212,11306429,poincare,noise,1,393760969262088382,839743353348942877999
7213,11306429,control,noise,1,393760969262088382,839742287876549645535
7214,11306430,poincare,arb,1,7766573750411767374,16459539931868047901526
7215,11306430,control,arb,1,7732623318009647866,16387568686405216568945
7216,11306430,poincare,noise,1,985445305595965826,2074430903333723761128
7217,11306430,control,noise,1,985445305595965826,2074424360409837234783
7218,11306431,poincare,arb,0,13359556162564572149044,6320414340928037697
7219,11306431,control,arb,0,13312598741346531401790,6298218620798474037
7220,11306431,poincare,noise,1,2347852205735915714,4977840756595690784350
7221,11306431,control,noise,1,2347852205735915714,4977803235632019182589
7222,11306432,poincare,arb,0,8301195201447880784744,3910637574094699344
7223,11306432,control,arb,0,8287331125042038897397,3904135728174142931
7224,11306432,poincare,noise,1,73168227495225220,155775151452182943345
7225,11306432,control,noise,1,73168227495225220,155775114751959562640
7226,11306433,poincare,arb,0,817372170835480945793,383831130607283649
7227,11306433,control,arb,0,814619611640087890380,382538641971183477
7228,11306433,poincare,noise,1,1724238283016749630,3667993040323874368761
7229,11306433,control,noise,1,1724238283016749630,3667972696947278990653
7230,11306434,poincare,arb,0,9990576495967336620051,4685615680668817930
7231,11306434,control,arb,0,9964251540146343662809,4673295102333500648
7232,11306434,poincare,noise,0,2620842411636241218295,1223591955599905173
7233,11306434,control,noise,0,2620842411636241218295,1223587122333146700
7234,11306435,poincare,arb,1,10508927306892474158,22348983101911779077286
7235,11306435,control,arb,1,10470291564354917022,22266905720292870188613
7236,11306435,poincare,noise,0,4433867835590916890882,2098453427940908944
7237,11306435,control,noise,0,4433867835590916890882,2098439313616728542
7238,11306436,poincare,arb,1,2280764520910091348,4818402946897832937550
7239,11306436,control,arb,1,2279991915586383155,4816803118735001308958
7240,11306436,poincare,noise,1,2827850196886869648,5950829207032002546677
7241,11306436,control,noise,1,2827850196886869648,5950775393378579799199
7242,11306437,poincare,arb,0,7827372783462825923116,3717051622838287368
7243,11306437,control,arb,0,7819511757479295160442,3713352170065737562
7244,11306437,poincare,noise,0,4369569227949315833156,2065829783612904537
7245,11306437,control,noise,0,4369569227949315833156,2065816097310612331
7246,11306438,poincare,arb,1,2429935279693675112,5138276003367926140092
7247,11306438,control,arb,1,2428406761039944209,5135077859135805248371
7248,11306438,poincare,noise,0,1956366114271334463490,926252109329986721
7249,11306438,control,noise,0,1956366114271334463490,926249358677668859
7250,11306439,poincare,arb,1,1123860798815851189,2373381702985898994811
7251,11306439,control,arb,1,1123035912713833366,2371646742344989188294
7252,11306439,poincare,noise,0,669402803195884782569,317176806979244168
7253,11306439,control,noise,0,669402803195884782569,317176484490086542
7254,11306440,poincare,arb,0,11184377616686277558422,5276642318609168211
7255,11306440,control,arb,0,11135060893208682079426,5253369995475700826
7256,11306440,poincare,noise,1,985131443372253878,2094986033941260597291
7257,11306440,control,noise,1,985131443372253878,2094979394597686180764
7258,11306441,poincare,arb,0,1205933018687226146145,567252037705410408
7259,11306441,control,arb,0,1209625214665138269741,568990592188981527
7260,11306441,poincare,noise,0,1174776598002686270321,552120238631102073
7261,11306441,control,noise,0,1174776598002686270321,552119257544130502
7262,11306442,poincare,arb,0,4407884926045305621101,2067432498820136639
7263,11306442,control,arb,0,4384658700748547213704,2056535036253539566
7264,11306442,poincare,noise,1,1922512097305188156,4099364150401921460301
7265,11306442,control,noise,1,1922512097305188156,4099338772418813348550
7266,11306443,poincare,arb,0,5634078735396173438112,2640794648232271733
7267,11306443,control,arb,0,5627668297784472456570,2637806290030238747
7268,11306443,poincare,noise,1,50133947189190798,107173706480021397448
7269,11306443,control,noise,1,50133947189190798,107173689143483924944
7270,11306444,poincare,arb,1,2863724494650196992,6108172630721120977191
7271,11306444,control,arb,1,2851601615202555018,6082314187231514536528
7272,11306444,poincare,noise,0,3768199525633451940609,1768158254444818385
7273,11306444,control,noise,0,3768199525633451940609,1768148189240168973
7274,11306445,poincare,arb,0,6697166514835989287405,3130658821269677994
7275,11306445,control,arb,0,6653626180459289197701,3110287742355518396
7276,11306445,poincare,noise,1,1881352871280437752,4028510470794211564987
7277,11306445,control,noise,1,1881352871280437752,4028486013637120712829
7278,11306446,poincare,arb,1,1389478964200122904,2967760134875176049936
7279,11306446,control,arb,1,1375870924953710541,2938677157052662598516
7280,11306446,poincare,noise,1,793582746910440728,1692144094059526845279
7281,11306446,control,noise,1,793582746910440728,1692139768018772090474
7282,11306447,poincare,arb,1,5354743598613012548,11363926615650809798766
7283,11306447,control,arb,1,5329163969204354282,11309612183785880385784
7284,11306447,poincare,noise,1,139126424091244912,294010893899531126421
7285,11306447,control,noise,1,139126424091244912,294010762679822850350
7286,11306448,poincare,arb,0,11580414422477018759668,5457489916838584587
7287,11306448,control,arb,0,11533458094823823061806,5435363282766197513
7288,11306448,poincare,noise,0,4930448787105838434359,2309709577025477992
7289,11306448,control,noise,0,4930448787105838434359,2309692391552362908
7290,11306449,poincare,arb,0,1792153361601776183609,837511692299841799
7291,11306449,control,arb,0,1764184502767372498688,824435110589469037
7292,11306449,poincare,noise,1,894808544866621776,1914675560281337743989
7293,11306449,control,noise,1,894808544866621776,1914670031505587875475
7294,11306450,poincare,arb,1,1829631728450107612,3906745690381725641658
7295,11306450,control,arb,1,1818296908432265451,3882531652749444956558
7296,11306450,poincare,noise,0,2720683484168981227631,1274713762130125827
7297,11306450,control,noise,0,2720683484168981227631,1274708525943197883
7298,11306451,poincare,arb,0,65284027779071836340,30556536487519925
7299,11306451,control,arb,0,53693228511872938842,25131297998835072
7300,11306451,poincare,noise,1,2516489021585250420,5366178055134908071461
7301,11306451,control,noise,1,2516489021585250420,5366134579831227877033
7302,11306452,poincare,arb,1,454923851380654664,967862134743521222780
7303,11306452,control,arb,1,442561521237602814,941553332758829297861
7304,11306452,poincare,noise,1,1153512266682382426,2451088772258388189810
7305,11306452,control,noise,1,1153512266682382426,2451079680922532712519
7306,11306453,poincare,arb,0,3962982206610499969003,1864006974455614427
7307,11306453,control,arb,0,3956683001252920741953,1861051016964046872
7308,11306453,poincare,noise,0,5503903564254815674051,2579931940638326543
7309,11306453,control,noise,0,5503903564254815674051,2579910507564697102
7310,11306454,poincare,arb,1,6058115229213020971,12889538444203841962265
7311,11306454,control,arb,1,6043623087439631671,12858811089707718180014
7312,11306454,poincare,noise,1,1895766428471547928,4008898272573709907905
7313,11306454,control,noise,1,1895766428471547928,4008873900996961365479
7314,11306455,poincare,arb,1,14994720320352044651,31302286476712606990668
7315,11306455,control,arb,1,14924448775335353307,31155401434392505959343
7316,11306455,poincare,noise,1,2982048792569704932,6140456810490429820007
7317,11306455,control,noise,1,2982048792569704932,6140398889500356009514
7318,11306456,poincare,arb,0,6476468964949549658259,3144841042303062012
7319,11306456,control,arb,0,6475013091751859685177,3144163757919513810
7320,11306456,poincare,noise,1,570709156973029498,1177610551278634410197
7321,11306456,control,noise,1,570709156973029498,1177608421239178694728
7322,11306457,poincare,arb,0,4180111754343961296073,2023587101018754097
7323,11306457,control,arb,0,4167617953603033917558,2017542516314534250
7324,11306457,poincare,noise,1,2849663282479048702,5882845728005726106560
7325,11306457,control,noise,1,2849663282479048702,5882792630158500526967
7326,11306458,poincare,arb,1,10739857860242888545,21944783133532031018016
7327,11306458,control,arb,1,10683319723661207422,21829061564649327811444
7328,11306458,poincare,noise,1,197583218878648064,400402173568076455399
7329,11306458,control,noise,1,197583218878648064,400401925049045927046
7330,11306459,poincare,arb,0,2400933415142325470798,1183890402602509683
7331,11306459,control,arb,0,2392610113339506446419,1179786948942942131
7332,11306459,poincare,noise,0,4167645950802123287919,2050051973161261438
7333,11306459,control,noise,0,4167645950802123287919,2050038759378793633
7334,11306460,poincare,arb,0,14945336533444230740278,7299834662555874179
7335,11306460,control,arb,0,14865818469280775151756,7260948406512907906
7336,11306460,poincare,noise,0,4762604506248081139815,2309377122070181880
7337,11306460,control,noise,0,4762604506248081139815,2309360235032182091
7338,11306461,poincare,arb,0,6435925117569431674376,3107953405167655979
7339,11306461,control,arb,0,6389334513622766047356,3085431913550487391
7340,11306461,poincare,noise,0,295434806950964909342,142315475427207289
7341,11306461,control,noise,0,295434806950964909342,142315411031366001
7342,11306462,poincare,arb,0,25865599043647320893362,12341479088500148883
7343,11306462,control,arb,0,25756758114711774094676,12289541304998312032
7344,11306462,poincare,noise,0,921322230321230256536,435323567132559566
7345,11306462,control,noise,0,921322230321230256536,435322958824864946
7346,11306463,poincare,arb,1,1846209274908999,3908633664287427901
7347,11306463,control,arb,1,3649049507176195,7725460959740781930
7348,11306463,poincare,noise,1,2996796319630377032,6329967541567099249837
7349,11306463,control,noise,1,2996796319630377032,6329906770116876129228
7350,11306464,poincare,arb,0,7604730164708262160690,3598641736769292565
7351,11306464,control,arb,0,7599365843372841153283,3596137806127594963
7352,11306464,poincare,noise,0,4915581252711827748411,2315557693617586634
7353,11306464,control,noise,0,4915581252711827748411,2315540468858802325
7354,11306465,poincare,arb,1,704520229971521369,1497445692146031417275
7355,11306465,control,arb,1,711205600190236196,1511666576984307757391
7356,11306465,poincare,noise,0,4202712552993240668845,1975362075673169250
7357,11306465,control,noise,0,4202712552993240668845,1975349524793366975
7358,11306466,poincare,arb,1,11338719663997204219,23951209640875262035408
7359,11306466,control,arb,1,11299751598450477470,23869047568061122710216
7360,11306466,poincare,noise,0,1910732076520794841495,911830443918584093
7361,11306466,control,noise,0,1910732076520794841495,911827788757483532
7362,11306467,poincare,arb,0,1142282943330969287806,544507986495235528
7363,11306467,control,arb,0,1129581113857695487527,538451659870065769
7364,11306467,poincare,noise,0,4427068145045558243727,2106033903459996994
7365,11306467,control,noise,0,4427068145045558243727,2106019723484215279
7366,11306468,poincare,arb,1,2370744161031310830,4982503049357530980532
7367,11306468,control,arb,1,2369628674796098899,4980192206013426706766
7368,11306468,poincare,noise,1,2906135995471983180,6083111892272833914924
7369,11306468,control,noise,1,2906135995471983180,6083055511258625448531
7370,11306469,poincare,arb,0,3363123707305119368361,1608288653171655268
7371,11306469,control,arb,0,3374383623744454679142,1613688245219859730
7372,11306469,poincare,noise,0,5745462013234078765013,2738436143695976479
7373,11306469,control,noise,0,5745462013234078765013,2738412197852263023
7374,11306470,poincare,arb,0,7742979765433565187470,3672421381935580747
7375,11306470,control,arb,0,7686862161616097892253,3645773457992037217
7376,11306470,poincare,noise,0,372639202345681969647,176218224363130448
7377,11306470,control,noise,0,372639202345681969647,176218124716325413
7378,11306471,poincare,arb,1,422589624561598195,893458478185637337377
7379,11306471,control,arb,1,421564516032732510,891291650448106500320
7380,11306471,poincare,noise,1,2871494921592879420,6055722974611190046260
7381,11306471,control,noise,1,2871494921592879420,6055667308198881869513
7382,11306472,poincare,arb,0,13857692806877342296353,6552448087435133842
7383,11306472,control,arb,0,13825177657062334413671,6537133770568816631
7384,11306472,poincare,noise,1,660852362072115578,1403966813325748220801
7385,11306472,control,noise,1,660852362072115578,1403963829670829413708
7386,11306473,poincare,arb,1,1016238906347415089,2156193107485132964663
7387,11306473,control,arb,1,1009261499697245501,2141384325093149256914
7388,11306473,poincare,noise,0,2972331335640490403135,1400480018912668308
7389,11306473,control,noise,0,2972331335640490403135,1400473716591669021
7390,11306474,poincare,arb,1,4042477655150248174,8562218786941790855596
7391,11306474,control,arb,1,4031479528935139259,8538962498741587492179
7392,11306474,poincare,noise,0,1402607255403898602616,663935164987458325
7393,11306474,control,noise,0,1402607255403898602616,663933751417040126
7394,11306475,poincare,arb,1,6806241582064648965,14311166340321642826581
7395,11306475,control,arb,1,6780685584525594426,14257461292958244829046
7396,11306475,poincare,noise,0,843857613135576795201,403303315342966619
7397,11306475,control,noise,0,843857613135576795201,403302796199592924
7398,11306476,poincare,arb,0,438614821623777098285,209528230211742977
7399,11306476,control,arb,0,433279195672196126150,206979111788034971
7400,11306476,poincare,noise,0,279908737053598564021,133678564817162719
7401,11306476,control,noise,0,279908737053598564021,133678507754631719
7402,11306477,poincare,arb,0,16331421149266440982600,7752532596099432162
7403,11306477,control,arb,0,16262311014475627409755,7719722690320360502
7404,11306477,poincare,noise,1,2432640883821869644,5145505691001123428211
7405,11306477,control,noise,1,2432640883821869644,5145465554047725283582
7406,11306478,poincare,arb,1,8070354304311843611,16933596589508248328861
7407,11306478,control,arb,1,8026657416818388981,16841778353585506021752
7408,11306478,poincare,noise,1,1097354798056113748,2286432988703994215352
7409,11306478,control,noise,1,1097354798056113748,2286424999554324806028
7410,11306479,poincare,arb,1,3135050750802829274,6511126455782018882644
7411,11306479,control,arb,1,3117442159559817859,6474532889053893632202
7412,11306479,poincare,noise,0,2477310563205445559610,1194567603924407436
7413,11306479,control,noise,0,2477310563205445559610,1194563070985434198
7414,11306480,poincare,arb,1,1318364212675004277,2733784329299270583937
7415,11306480,control,arb,1,1317844633657484061,2732717290316458684440
7416,11306480,poincare,noise,0,1884471351056602673192,909067125948020273
7417,11306480,control,noise,0,1884471351056602673192,909064501065752427
7418,11306481,poincare,arb,1,2203085356314942042,4562447254181058948588
7419,11306481,control,arb,1,2197699070104265067,4551305745530153323229
7420,11306481,poincare,noise,1,183568305188246746,379469056306408913095
7421,11306481,control,noise,1,183568305188246746,379468835299734929655
7422,11306482,poincare,arb,0,9462063662761073127081,4562054888465599905
7423,11306482,control,arb,0,9424276019446969765001,4543838538539320637
7424,11306482,poincare,noise,1,2918956468832432570,6061711065308764451686
7425,11306482,control,noise,1,2918956468832432570,6061654858017945079240
7426,11306483,poincare,arb,0,4027000478662375401119,1940607659973123732
7427,11306483,control,arb,0,4035409525139060317763,1944678003438422130
7428,11306483,poincare,noise,0,5253645872661160712285,2523133956319458402
7429,11306483,control,noise,0,5253645872661160712285,2523113703183813297
7430,11306484,poincare,arb,1,5509533912029289570,11445870477104233300062
7431,11306484,control,arb,1,5497088976168611397,11420108212433270395695
7432,11306484,poincare,noise,1,1831662316657298672,3784022064387145044394
7433,11306484,control,noise,1,1831662316657298672,3784000094834725433242
7434,11306485,poincare,arb,1,2689601387493367808,5537412506394482801523
7435,11306485,control,arb,1,2670791024556924614,5498653378705495413022
7436,11306485,poincare,noise,1,3016781991036775250,6184244692352007549620
7437,11306485,control,noise,1,3016781991036775250,6184185811389873664443
7438,11306486,poincare,arb,1,7432493532646558705,15116621211315873448691
7439,11306486,control,arb,1,7389020141602605111,15028059510793086115178
7440,11306486,poincare,noise,0,3145957545343157393737,1553664151760688860
7441,11306486,control,noise,0,3145957545343157393737,1553656575952795705
7442,11306487,poincare,arb,1,16032757575928016615,32114828808012779108659
7443,11306487,control,arb,1,15972510867850704419,31994306091806319969695
7444,11306487,poincare,noise,1,3001086974228530650,5926563767363350999344
7445,11306487,control,noise,1,3001086974228530650,5926508670298600204705
7446,11306488,poincare,arb,0,15114904576904178893934,7627554234772557318
7447,11306488,control,arb,0,15076622108750118228884,7608306180693227023
7448,11306488,poincare,noise,0,3335064657797490105083,1671395785630433404
7449,11306488,control,noise,0,3335064657797490105083,1671387082599572680
7450,11306489,poincare,arb,1,3505439094385601092,6985119220579422905746
7451,11306489,control,arb,1,3497799998054042461,6969933454927063900235
7452,11306489,poincare,noise,0,1281616002331655417509,644544943728879148
7453,11306489,control,noise,0,1281616002331655417509,644543651241943531
7454,11306490,poincare,arb,1,465529646081768149,925784613131289696624
7455,11306490,control,arb,1,466273132696486399,927265021710177271991
7456,11306490,poincare,noise,1,686248986940339690,1363552339183690037997
7457,11306490,control,noise,1,686248986940339690,1363549429075008307668
7458,11306491,poincare,arb,0,17740882479504595248356,8874187050627285497
7459,11306491,control,arb,0,17672742972190452116247,8840121776677952308
7460,11306491,poincare,noise,0,268316095480717263025,133314760968655164
7461,11306491,control,noise,0,268316095480717263025,133314705328112082
7462,11306492,poincare,arb,1,1617846673092936415,3252542568738970345622
7463,11306492,control,arb,1,1611670338897317226,3240126928617161822194
7464,11306492,poincare,noise,0,4475354471843174683852,2225072313811302470
7465,11306492,control,noise,0,4475354471843174683852,2225056831441207694
7466,11306493,poincare,arb,1,4609994052749342416,9255695926522230561968
7467,11306493,control,arb,1,4600056290587592558,9235807690930024685745
7468,11306493,poincare,noise,0,4253572606072474095288,2122532517882484449
7469,11306493,control,noise,0,4253572606072474095288,2122518454705637036
7470,11306494,poincare,arb,1,500064544785738635,1003349805517645474333
7471,11306494,control,arb,1,506800632324207278,1016872102491080712425
7472,11306494,poincare,noise,0,2590463741265370609478,1290310682659402508
7473,11306494,control,noise,0,2590463741265370609478,1290305479210977151
7474,11306495,poincare,arb,1,1310305190739097552,2630565926336005701020
7475,11306495,control,arb,1,1310216801708426809,2630399084341138084567
7476,11306495,poincare,noise,0,2699366983988350090496,1344541058474969519
7477,11306495,control,noise,0,2699366983988350090496,1344535408529753420
7478,11306496,poincare,arb,0,13094593351484223549013,6484152553254480492
7479,11306496,control,arb,0,13028883818584983707194,6451587537609088531
7480,11306496,poincare,noise,1,934142615390394232,1894352030668917313544
7481,11306496,control,noise,1,934142615390394232,1894346471417969851536
7482,11306497,poincare,arb,1,3690253837056201820,7457531611991165346439
7483,11306497,control,arb,1,3671014398411500705,7418629393025962891061
7484,11306497,poincare,noise,0,2001200818346597342497,992274894289967562
7485,11306497,control,noise,0,2001200818346597342497,992271809661449223
7486,11306498,poincare,arb,1,1893122126747584374,3815434663064994830562
7487,11306498,control,arb,1,1889371137882190428,3807886685485318899341
7488,11306498,poincare,noise,1,2987306223720666380,5998704245524203094568
7489,11306498,control,noise,1,2987306223720666380,5998648268611101907127
7490,11306499,poincare,arb,0,7592894123464338907314,3778956726703336522
7491,11306499,control,arb,0,7586205644632332010949,3775663126892679339
7492,11306499,poincare,noise,1,831778790290357248,1674948035355851230137
7493,11306499,control,noise,1,831778790290357248,1674943673795129556459
7494,11306500,poincare,arb,0,1334844641459530977779,662967433424656163
7495,11306500,control,arb,0,1336255253387135764445,663669759831214167
7496,11306500,poincare,noise,1,2867967281716246280,5764952294344809648738
7497,11306500,control,noise,1,2867967281716246280,5764900619058697906432
7498,11306501,poincare,arb,0,6485120315243302777626,3225374326331957708
7499,11306501,control,arb,0,6482072437405261930848,3223887362362328777
7500,11306501,poincare,noise,1,2726531181588994012,5484164681694857085496
7501,11306501,control,noise,1,2726531181588994012,5484117930121370865235
7502,11306502,poincare,arb,0,11444814354398773760541,5677362396294963484
7503,11306502,control,arb,0,11419968787490181030756,5665085694526418481
7504,11306502,poincare,noise,1,880279576640832706,1780921322424188196267
7505,11306502,control,noise,1,880279576640832706,1780916403103779373919
7506,11306503,poincare,arb,0,3170950805253499502124,1566539450214964547
7507,11306503,control,arb,0,3165162777321139551558,1563684319849797758
7508,11306503,poincare,noise,1,968290400722471472,1960870822342357126914
7509,11306503,control,noise,1,968290400722471472,1960864861749875760218
7510,11306504,poincare,arb,1,1057424906685688820,2138118839449416170137
7511,11306504,control,arb,1,1048997077071752570,2121071275130212269603
7512,11306504,poincare,noise,0,1792658349298220897230,886688219533547048
7513,11306504,control,noise,0,1792658349298220897230,886685753313268758
7514,11306505,poincare,arb,0,5502673876135823181808,2714384380434970092
7515,11306505,control,arb,0,5472322218749335287839,2699404866616414611
7516,11306505,poincare,noise,0,3723653687385387646839,1830548786292192858
7517,11306505,control,noise,0,3723653687385387646839,1830538246618928628
7518,11306506,poincare,arb,1,4884819538431001660,9913773707114396483050
7519,11306506,control,arb,1,4872101944908798783,9888020198403026398877
7520,11306506,poincare,noise,1,1784214746208079900,3602960592037712502865
7521,11306506,control,noise,1,1784214746208079900,3602940445886381203745
7522,11306507,poincare,arb,0,3017121490430792869989,1494427785511899382
7523,11306507,control,arb,0,3019538681901124602133,1495633421427349251
7524,11306507,poincare,noise,1,2615587307836306090,5276208972909683752903
7525,11306507,control,noise,1,2615587307836306090,5276165760305589399234
7526,11306508,poincare,arb,1,1564472838076349690,3146006545952969592923
7527,11306508,control,arb,1,1547082025775665860,3111009791635136451427
7528,11306508,poincare,noise,1,1698018262750480074,3406224645133967057257
7529,11306508,control,noise,1,1698018262750480074,3406206578574205038673
7530,11306509,poincare,arb,1,1954709850748867575,3910454703188363830788
7531,11306509,control,arb,1,1939512961998495642,3880032299331597506238
7532,11306509,poincare,noise,1,1588545708176863588,3169535766493861329853
7533,11306509,control,noise,1,1588545708176863588,3169520080706324399940
7534,11306510,poincare,arb,0,8140900575110528639906,4072586717833933537
7535,11306510,control,arb,0,8120201916052998003270,4062252060092611667
7536,11306510,poincare,noise,1,1514576260623987090,3033349617363538001400
7537,11306510,control,noise,1,1514576260623987090,3033335277207407282469
7538,11306511,poincare,arb,0,4536992329324854098676,2264087366830388216
7539,11306511,control,arb,0,4530722201630216306629,2260969084674075484
7540,11306511,poincare,noise,0,604655557103507404339,301161902541882304
7541,11306511,control,noise,0,604655557103507404339,301161618960816062
7542,11306512,poincare,arb,1,11326529564605429287,22554649689349440286535
7543,11306512,control,arb,1,11280659103834576992,22463328460795286161244
7544,11306512,poincare,noise,1,955215152474437064,1884802809823334336600
7545,11306512,control,noise,1,955215152474437064,1884797230689189287150
7546,11306513,poincare,arb,0,5513091789681365027457,2790220753693100464
7547,11306513,control,arb,0,5497990998895050342972,2782586356850102483
7548,11306513,poincare,noise,1,2317399261975369278,4580468088135326111286
7549,11306513,control,noise,1,2317399261975369278,4580435183209904499332
7550,11306514,poincare,arb,1,2443886836186827637,4813443151960558303728
7551,11306514,control,arb,1,2424077878910468806,4774393426147870613996
7552,11306514,poincare,noise,1,2818445112540553464,5529576426191670692889
7553,11306514,control,noise,1,2818445112540553464,5529528302548276924285
7554,11306515,poincare,arb,0,30384206106890009337074,15343273162749476712
7555,11306515,control,arb,0,30280752246369196483877,15291164598251305826
7556,11306515,poincare,noise,0,5627861849326868053206,2803812862969269538
7557,11306515,control,noise,0,5627861849326868053206,2803788309756990517
7558,11306516,poincare,arb,1,2206526175831828128,4430956189916027443202
7559,11306516,control,arb,1,2208986587022719577,4435935822011702815596
7560,11306516,poincare,noise,0,3727626868241218203912,1856768854564330022
7561,11306516,control,noise,0,3727626868241218203912,1856758081947621987
7562,11306517,poincare,arb,1,2884999020667672274,5787438622143736480834
7563,11306517,control,arb,1,2880710377112171812,5778868936939113694628
7564,11306517,poincare,noise,0,5651822169680194439343,2817537489415188986
7565,11306517,control,noise,0,5651822169680194439343,2817512703225685730
7566,11306518,poincare,arb,1,10177316870849817070,20303450539847849197674
7567,11306518,control,arb,1,10146672299937329345,20242493589471402609220
7568,11306518,poincare,noise,1,927933799864778854,1835931327613122342794
7569,11306518,control,noise,1,927933799864778854,1835926041156224205408
7570,11306519,poincare,arb,1,187903834109362854,371462554877589591424
7571,11306519,control,arb,1,183261479173523390,362284152262068372815
7572,11306519,poincare,noise,0,685178794352793995893,346555929446066653
7573,11306519,control,noise,0,685178794352793995893,346555556815813389
7574,11306520,poincare,arb,1,22679438837844795398,44108162953805512142799
7575,11306520,control,arb,1,22586524257945805907,43927505034854029934878
7576,11306520,poincare,noise,1,245990139312342250,470403586747336590108
7577,11306520,control,noise,1,245990139312342250,470403233647142193548
7578,11306521,poincare,arb,1,681779407130208032,1298125655518200385441
7579,11306521,control,arb,1,677919494718122346,1295497181388518591666
7580,11306521,poincare,noise,1,319069212424161822,607073365996307985284
7581,11306521,control,noise,1,319069212424161822,609292441358009818637
7582,11306522,poincare,arb,1,18680953335781920157,35145863196600317123082
7583,11306522,control,arb,1,18600063042549245854,35032674295353992018101
7584,11306522,poincare,noise,0,2827680152383861218355,1520091154405893030
7585,11306522,control,noise,0,2827680152383861218355,1520107294032765105
7586,11306523,poincare,arb,1,13615313265319345785,24724048611302575847255
7587,11306523,control,arb,1,13554383869578899480,24996151757987508247959
7588,11306523,poincare,noise,0,2432132236605836547769,1330320249111487526
7589,11306523,control,noise,0,2432132236605836547769,1330514728373353496
7590,11306524,poincare,arb,0,32219148752489456668673,17387659399894368630
7591,11306524,control,arb,0,32263545065885095671357,17412855481839129771
7592,11306524,poincare,noise,1,2122737939242611924,3880422630080508209630
7593,11306524,control,noise,1,2122737939242611924,3976759643527066461475
7594,11306525,poincare,arb,0,4032340134200736698491,2152265871213468422
7595,11306525,control,arb,0,4079980216641204165197,2177748570484550869
7596,11306525,poincare,noise,1,2013602653504759238,3738098681856417187928
7597,11306525,control,noise,1,2013602653504759238,3772904518826613699801
7598,11306526,poincare,arb,1,13503646595436163598,25021480194626187479193
7599,11306526,control,arb,1,13428143151188553304,24881254389433222111774
7600,11306526,poincare,noise,1,2004722781686354994,3673477453080336781855
7601,11306526,control,noise,1,2004722781686354994,3673454893603484966245
7602,11306527,poincare,arb,1,10871545963219785019,19739294454027431873957
7603,11306527,control,arb,1,10816572315402515256,19639359059632236584731
7604,11306527,poincare,noise,1,1947479318064849188,3503916260033594301108
7605,11306527,control,noise,1,1947479318064849188,3503895546006629202796
7606,11306528,poincare,arb,0,10321745508660254147157,5721484575532837887
7607,11306528,control,arb,0,10292616910088664706370,5705371923646269793
7608,11306528,poincare,noise,0,5336726980161416687818,2940080373733596899
7609,11306528,control,noise,0,5336726980161416687818,2940054027544692755
7610,11306529,control,arb,1,4314701565987540832,7824281095813313657596
7611,11306529,poincare,noise,0,2838768786623450595712,1558917319379278542
7612,11306529,control,noise,0,2838768786623450595712,1568515197706926611
7613,11306530,poincare,arb,1,18314136118637712747,32956460323141986257553
7614,11306530,control,arb,1,13950024048191389918,25026379942995441542256
7615,11306530,poincare,noise,1,2556348844756853340,4532711314339926216375
7616,11306530,control,noise,1,2556348844756853340,4532676404078859840694
7617,11306531,poincare,arb,1,8041574282969226049,14153083593498021009697
7618,11306531,control,arb,1,7996327751915842200,14073341797571933018622
7619,11306531,poincare,noise,1,2685693341906871602,4691428121808760900852
7620,11306531,control,noise,1,2685693341906871602,4691390444930210023808
7621,11306532,poincare,arb,0,22823138699189509922946,12971617987821906393
7622,11306532,control,arb,0,22745689911114641736806,12927703495963913556
7623,11306532,poincare,noise,1,339467221412871478,593551415240902325012
7624,11306532,control,noise,1,339467221412871478,602589652146097370421
7625,11306533,poincare,arb,0,377824723684343418246,212864501874657066
7626,11306533,control,arb,0,383283169177947451610,215940370013052085
7627,11306533,poincare,noise,1,915070927921584628,1623406807898867687321
7628,11306533,control,noise,1,915070927921584628,1623402326551665544530
7629,11306534,poincare,arb,1,1416020097359547346,2508015232726819099135
7630,11306534,control,arb,1,1406063631447540007,2490373743895467359107
7631,11306534,poincare,noise,0,977902947370702684353,552457250405593634
7632,11306534,control,noise,0,977902947370702684353,552456330608510328
7633,11306535,poincare,arb,1,17297736626681505702,30262639962172255369793
7634,11306535,control,arb,1,17226213916663114517,30137560125019689755399
7635,11306535,poincare,noise,0,3937867366177210065847,2274600841478948833
7636,11306535,control,noise,0,3937867366177210065847,2274585430745890877
7637,11306536,poincare,arb,1,23609769683510685130,40277330883164634593668
7638,11306536,control,arb,1,23518628324027088081,40122119170776061254582
7639,11306536,poincare,noise,1,2488558556567087806,4169696387910544460972
7640,11306536,control,noise,1,2488558556567087806,4169665983322611433653
7641,11306537,poincare,arb,1,4465606903098672836,7335194029484231109439
7642,11306537,control,arb,1,4435904540301719978,7397311549545049714880
7643,11306537,poincare,noise,1,1535230760184212514,2511585911884949957256
7644,11306537,control,noise,1,1535230760184212514,2549705322961581154863
7645,11306538,poincare,arb,1,35101324796979917921,55174367336305473633526
7646,11306538,control,arb,1,34898809291604466027,56550629332874256415060
7647,11306538,poincare,noise,0,84873727909473586545,53586289359854379
7648,11306538,control,noise,0,84873727909473586545,53624668749042199
7649,11306539,control,arb,1,4370849131582484097,6898030148658254913994
7650,11306539,poincare,noise,1,833361652025997406,1259886780892380050273
7651,11306539,control,noise,1,833361652025997406,1310651115631689818206
7652,11306540,poincare,arb,0,945962813735162576387,597635829439970892
7653,11306540,control,arb,0,8715656886837775785990,5524446714566222709
7654,11306540,poincare,noise,1,373768996645388230,563775626554110203318
7655,11306540,control,noise,1,373768996645388230,591704372115233455008
7656,11306541,control,arb,1,9356528699893139017,14716506253427196243485
7657,11306541,poincare,noise,1,2497564371973008922,3775045724626031641371
7658,11306541,control,noise,1,2497564371973008922,3897487368621714236898
7659,11306542,control,arb,0,12762325166484752580726,8147632417468694075
7660,11306542,poincare,noise,0,2234360746769460614119,1414994532317996492
7661,11306542,control,noise,0,2234360746769460614119,1417411209062311355
7662,11306543,control,arb,1,9228181344872139865,14471759355389255464330
7663,11306543,poincare,noise,0,4198300140689630310169,2651565008568676070
7664,11306543,control,noise,0,4198300140689630310169,2688787398375460647
7665,11306544,control,arb,1,1875622450749037786,2930193983777546612786
7666,11306544,poincare,noise,1,3024773347434358036,4638858815007179764269
7667,11306544,control,noise,1,3024773347434358036,4710144195843613861548
7668,11306545,control,arb,0,162930354669818468695,104833493178706169
7669,11306545,poincare,noise,1,496518774404185158,760326021487679402305
7670,11306545,control,noise,1,496518774404185158,771480850213796818761
7671,11306546,control,arb,0,12130623924251828816565,7769620090501090079
7672,11306546,poincare,noise,1,2147877175978263482,3293870103278089983543
7673,11306546,control,noise,1,2147877175978263482,3365966920325164909718
7674,11306547,poincare,arb,0,15344534515657868675241,9683720135886701217
7675,11306547,control,arb,0,22438685061259352671727,14203775355552554121
7676,11306547,poincare,noise,0,2807903880835729689668,1758597860704140851
7677,11306547,control,noise,0,2807903880835729689668,1758587983425713090
7678,11306548,poincare,arb,0,12376266748196392626903,7702399228501913767
7679,11306548,control,arb,0,12303871603934708179408,7657300929254528333
7680,11306548,poincare,noise,0,1419208273046401554197,878189165144126631
7681,11306548,control,noise,0,1419208273046401554197,878186686412447307
7682,11306549,poincare,arb,0,9652293548617109515159,5945381297559268464
7683,11306549,control,arb,0,9599506801737413581203,5912850332081445409
7684,11306549,poincare,noise,1,2721267093632765278,4427544773637344046755
7685,11306549,control,noise,1,2721267093632765278,4427505942344233239735
7686,11306550,poincare,arb,0,4427544773637344046817,2721267093632765278
7687,11306550,control,arb,0,4427505942344233240550,2721267093632765278
7688,11306550,poincare,noise,1,2554816638191038964,4157192764194736732581
7689,11306550,control,noise,1,2554816638191038964,4157158530286067109463
7690,11306551,poincare,arb,1,5187851945154137726,8397838838601886887040
7691,11306551,control,arb,1,5150936421563408969,8338013146914316949999
7692,11306551,poincare,noise,0,1460217940481517694456,904664387710018414
7693,11306551,control,noise,0,1460217940481517694456,904661758891497288
7694,11306552,poincare,arb,0,55495032240404700592934,33586327503208406546
7695,11306552,control,arb,0,55223480790276639462643,33421883854737511327
7696,11306552,poincare,noise,1,1884288652972637614,3181087415015050674163
7697,11306552,control,noise,1,1884288652972637614,3181067731288706418446
7698,11306553,poincare,arb,1,2844601616387672620,4786767121264251182291
7699,11306553,control,arb,1,2822055196065350566,4748797638989842602236
7700,11306553,poincare,noise,0,3408683141413095430478,2026791987394253812
7701,11306553,control,noise,0,3408683141413095430478,2026778523942090860
7702,11306554,poincare,arb,1,4894203400280881576,8215014584531675749971
7703,11306554,control,arb,1,4880518682206709682,8192098939897865471012
7704,11306554,poincare,noise,0,1222794560085052117301,730574019450761842
7705,11306554,control,noise,0,1222794560085052117301,730572273559307179
7706,11306555,poincare,arb,0,6118247087096842547337,3644503904742508223
7707,11306555,control,arb,0,6083246441881316329199,3623646138105008108
7708,11306555,poincare,noise,1,2362892620412450364,3970205445644184396476
7709,11306555,control,noise,1,2362892620412450364,3970174717202669750207
7710,11306556,poincare,arb,0,10058891565410189666126,5971815944226478060
7711,11306556,control,arb,0,10029831177017292293381,5954609306403446154
7712,11306556,poincare,noise,1,150092421643112988,253825157205601674761
7713,11306556,control,noise,1,150092421643112988,253825031916778567273
7714,11306557,poincare,arb,1,2652605035827545652,4477273557795129436595
7715,11306557,control,arb,1,2639242324638862308,4454716733326428631049
7716,11306557,poincare,noise,1,1221409796118752792,2056122578905315668504
7717,11306557,control,noise,1,1221409796118752792,2056114341805291577392
7718,11306558,poincare,arb,0,6073400680682129676973,3601930519835123497
7719,11306558,control,arb,0,6054238850355132171413,3590580664421758625
7720,11306558,poincare,noise,0,364423458317189224122,215562462486399428
7721,11306558,control,noise,0,364423458317189224122,215562309700255423
7722,11306559,poincare,arb,1,9395269899857735689,15783916491115885283756
7723,11306559,control,arb,1,9351502704376621872,15710399375836823420753
7724,11306559,poincare,noise,1,315188183323775484,526005341797693606209
7725,11306559,control,noise,1,315188183323775484,526004800200240840242
7726,11306560,poincare,arb,0,8072464449363917743895,4822239992737251198
7727,11306560,control,arb,0,8036483872431997485734,4800751254635644858
7728,11306560,poincare,noise,0,1638391251358248306475,974855183022371182
7729,11306560,control,noise,0,1638391251358248306475,974852068250484522
7730,11306561,poincare,arb,1,4521053731694523242,7579923089580566547761
7731,11306561,control,arb,1,4504143038511943964,7551595032350949260003
7732,11306561,poincare,noise,0,1139323375380201297523,681337061297956113
7733,11306561,control,noise,0,1139323375380201297523,681335543485552684
7734,11306562,poincare,arb,1,16588910665008442873,27441837731930217996107
7735,11306562,control,arb,1,16513064959585814194,27316432507778779330614
7736,11306562,poincare,noise,1,2385978465051551298,3896468019663063782807
7737,11306562,control,noise,1,2385978465051551298,3896437997595359246426
7738,11306563,poincare,arb,0,19244037742954911397252,11709787693403079688
7739,11306563,control,arb,0,19170833521826273531187,11665333601662017649
7740,11306563,poincare,noise,0,1413323218437013247343,852709272783823017
7741,11306563,control,noise,0,1413323218437013247343,852706906053820999
7742,11306564,poincare,arb,1,8720824235046938067,14377471315207851029322
7743,11306564,control,arb,1,8683308241021978241,14315660802495284675963
7744,11306564,poincare,noise,1,2338685108536037494,3826869212311109921499
7745,11306564,control,noise,1,2338685108536037494,3826840281632547007447
7746,11306565,poincare,arb,1,1654366495342462653,2699809828349623150356
7747,11306565,control,arb,1,1635328409300778003,2668720834826588471493
7748,11306565,poincare,noise,1,70488945639837076,114899276261614085761
7749,11306565,control,noise,1,70488945639837076,114899250111139651067
7750,11306566,poincare,arb,0,6974478655474710908878,4266634444011284248
7751,11306566,control,arb,0,6941773501670895387979,4246628046156613773
7752,11306566,poincare,noise,0,750848123619660988032,457868417643188450
7753,11306566,control,noise,0,750848123619660988032,457867738794840905
7754,11306567,poincare,arb,1,9620983659754456140,15680118835365680203586
7755,11306567,control,arb,1,9577295046540386218,15608939003861936962936
7756,11306567,poincare,noise,1,2704369557743455036,4371109423389381967760
7757,11306567,control,noise,1,2704369557743455036,4371071450278968590615
7758,11306568,poincare,arb,0,32321621183190468375241,19767901743795757688
7759,11306568,control,arb,0,32188320657881793175618,19686546172628687996
7760,11306568,poincare,noise,0,3751006526387752373362,2260229316818950829
7761,11306568,control,noise,0,3751006526387752373362,2260212685785850941
7762,11306569,poincare,arb,1,14948746152789078194,24596392883201859904182
7763,11306569,control,arb,1,14888233164776787647,24497006173887180642885
7764,11306569,poincare,noise,1,2694308827888356362,4380565235849947170144
7765,11306569,control,noise,1,2694308827888356362,4380527210356190697041
7766,11306570,poincare,arb,1,1065140127750732498,1727391938741346718441
7767,11306570,control,arb,1,1047215813269732800,1698308423678039961636
7768,11306570,poincare,noise,1,916715508352668102,1484705301831610678086
7769,11306570,control,noise,1,916715508352668102,1484700922617279639458
7770,11306571,poincare,arb,0,24881649756051521384613,15215284395363977192
7771,11306571,control,arb,0,24770093339493295124715,15147111626327016005
7772,11306571,poincare,noise,0,3810219230611938414406,2302559651732560837
7773,11306571,control,noise,0,3810219230611938414406,2302542417098558244
7774,11306572,poincare,arb,1,1941444432507085992,3213442042816898235514
7775,11306572,control,arb,1,1943148924336096972,3216287359275598898156
7776,11306572,poincare,noise,0,3363937071054302147427,2032242622777074714
7777,11306572,control,noise,0,3363937071054302147427,2032229193946045162
7778,11306573,poincare,arb,0,5841794101450431816845,3515891297952265953
7779,11306573,control,arb,0,5797902982695910355700,3489452313583566580
7780,11306573,poincare,noise,1,2139708065548303328,3558539045425578129776
7781,11306573,control,noise,1,2139708065548303328,3558514230152595370625
7782,11306574,poincare,arb,1,7404344159982117786,12234579147724693833843
7783,11306574,control,arb,1,7358839992873560484,12159305476312544625831
7784,11306574,poincare,noise,0,1909116167997181815568,1160301416172377680
7785,11306574,control,noise,0,1909116167997181815568,1160297050474237371
7786,11306575,poincare,arb,0,24473227518342788589088,14714239170748109652
7787,11306575,control,arb,0,24347441683620799081641,14638556843774295376
7788,11306575,poincare,noise,1,1100397610177314688,1847255101941968940211
7789,11306575,control,noise,1,1100397610177314688,1847248443790525859140
7790,11306576,poincare,arb,1,2251630236270005582,3771198108092037756619
7791,11306576,control,arb,1,2235648425643566011,3744417084479010097637
7792,11306576,poincare,noise,0,905821721233427027662,541461991803864287
7793,11306576,control,noise,0,905821721233427027662,541461032964578557
7794,11306577,poincare,arb,1,970856148053743590,1623687134759430034189
7795,11306577,control,arb,1,968807922185766956,1620264493415205265627
7796,11306577,poincare,noise,0,3506112322643700501274,2094811141300600205
7797,11306577,control,noise,0,3506112322643700501274,2094796794002511206
7798,11306578,poincare,arb,1,6945021103981362920,11585620713241615671279
7799,11306578,control,arb,1,6921881907883407993,11547099203585865042379
7800,11306578,poincare,noise,0,1257731854386670259332,757138178721375031
7801,11306578,control,noise,0,1257731854386670259332,757136310633277877
7802,11306579,poincare,arb,0,7568938110364675715173,4539984214600246515
7803,11306579,control,arb,0,7526854281022909232174,4514730443167071881
7804,11306579,poincare,noise,0,5014475537139691286983,2992353084445406461
7805,11306579,control,noise,0,5014475537139691286983,2992323799983152896
7806,11306580,poincare,arb,1,8586185968129734172,14333677488101100371956
7807,11306580,control,arb,1,8559486386785029491,14289245362954030208857
7808,11306580,poincare,noise,1,705337635728206742,1170045290940987413529
7809,11306580,control,noise,1,705337635728206742,1170042603425703995993
7810,11306581,poincare,arb,0,5430466283032529006963,3267939121159049350
7811,11306581,control,arb,0,5410150744728526794128,3255721140424016066
7812,11306581,poincare,noise,0,4017656654393647206532,2408411288935626147
7813,11306581,control,noise,0,4017656654393647206532,2408392357832070742
7814,11306582,poincare,arb,1,2166100885545377587,3614036586311017450636
7815,11306582,control,arb,1,2167237242869364186,3615960967547874998087
7816,11306582,poincare,noise,1,2075434810082814778,3452770797634316520384
7817,11306582,control,noise,1,2075434810082814778,3452747438867705368823
7818,11306583,poincare,arb,0,2520674624592801565023,1515736583098094578
7819,11306583,control,arb,0,2525095317369189029259,1518405114351826323
7820,11306583,poincare,noise,1,1526032807297653412,2537779498004090075687
7821,11306583,control,noise,1,1526032807297653412,2537766874249271368000
7822,11306584,poincare,arb,0,10628564018536317548677,6370144256264524513
7823,11306584,control,arb,0,10589976122752204595476,6347048483980649184
7824,11306584,poincare,noise,1,1609546924623622854,2694250839099434862641
7825,11306584,control,noise,1,1609546924623622854,2694236657624600274401
7826,11306585,poincare,arb,0,4157118270513232765503,2481984060271812926
7827,11306585,control,arb,0,4150129424348419499171,2477824451305503024
7828,11306585,poincare,noise,1,2447284700100918830,4099096803842608184814
7829,11306585,control,noise,1,2447284700100918830,4099063997221989062177
7830,11306586,poincare,arb,0,6905360179953615871761,4117998889394687500
7831,11306586,control,arb,0,6891947660544377489022,4110033252172282596
7832,11306586,poincare,noise,0,5037406865329028107755,2989472955153395647
7833,11306586,control,noise,0,5037406865329028107755,2989443646228363860
7834,11306587,poincare,arb,1,4568671744460403911,7690119755141917051375
7835,11306587,control,arb,1,4561113125771744571,7677472140923485729486
7836,11306587,poincare,noise,0,2965681602093617976867,1765288728897836246
7837,11306587,control,noise,0,2965681602093617976867,1765278520099570202
7838,11306588,poincare,arb,1,498912701641548761,838898840693761177892
7839,11306588,control,arb,1,504940325097845681,849038923322338738504
7840,11306588,poincare,noise,0,4819281934034309581997,2861503141661190891
7841,11306588,control,noise,0,4819281934034309581997,2861476294011336427
7842,11306589,poincare,arb,1,2609491291361989417,4395607177970207807836
7843,11306589,control,arb,1,2610665986733732812,4397627176021774073612
7844,11306589,poincare,noise,0,598642366433397786889,355938591075211484
7845,11306589,control,noise,0,598642366433397786889,355938175598717467
7846,11306590,poincare,arb,1,3008586239755370902,5050878642710143277478
7847,11306590,control,arb,1,2995938521117356814,5029651254307915789044
7848,11306590,poincare,noise,0,3246540774422997805858,1935242765317222022
7849,11306590,control,noise,0,3246540774422997805858,1935230505695724312
7850,11306591,poincare,arb,1,2888312949205626619,4842246783745540578500
7851,11306591,control,arb,1,2883756638075501383,4834638770797947278160
7852,11306591,poincare,noise,1,1758123451719516110,2938147174701928855474
7853,11306591,control,noise,1,1758123451719516110,2938130296526040116308
7854,11306592,poincare,arb,1,2942520647595904023,4901758323635174568675
7855,11306592,control,arb,1,2920108899466433258,4864396071701388945709
7856,11306592,poincare,noise,0,113392886154529017297,68203080890621127
7857,11306592,control,noise,0,113392886154529017297,68203065722134338
7858,11306593,poincare,arb,0,1568179578112684568168,942573173980581817
7859,11306593,control,arb,0,1560162170767146787889,937754006424147511
7860,11306593,poincare,noise,1,152589926106757396,254003782995394482179
7861,11306593,control,noise,1,152589926106757396,254003656535165158479
7862,11306594,poincare,arb,0,44232178929945944997236,26102312303191293950
7863,11306594,control,arb,0,44022499499168516057441,25978589121929898643
7864,11306594,poincare,noise,1,1920596363058580394,3309082821169686453863
7865,11306594,control,noise,1,1920596363058580394,3309061737738614790105
7866,11306595,poincare,arb,1,64632134630367121,111204564521611335488
7867,11306595,control,arb,1,55166954938049637,94918389245374565734
7868,11306595,poincare,noise,1,74757336158610582,128613339121891799610
7869,11306595,control,noise,1,74757336158610582,128613307228689899660
7870,11306596,poincare,arb,1,1863909344294075520,3202391060511959038508
7871,11306596,control,arb,1,1854666162204278405,3186509517445332550868
7872,11306596,poincare,noise,0,2034805196458779081976,1184888268921273915
7873,11306596,control,noise,0,2034805196458779081976,1184883617867537486
7874,11306597,poincare,arb,0,32510448164978780580705,18671230880922134404
7875,11306597,control,arb,0,32345743179651760058764,18576565454468862621
7876,11306597,poincare,noise,1,974804425817668624,1718380526884841685108
7877,11306597,control,noise,1,974804425817668624,1718374904228832220042
7878,11306598,poincare,arb,0,58741962692840494915508,32428092405108149439
7879,11306598,control,arb,0,58470079826568083868267,32433936614300304305
7880,11306598,poincare,noise,1,2612246144780871718,4809705662689829045832
7881,11306598,control,noise,1,2612246144780871718,4810201484517666451651
7882,11306599,poincare,arb,1,6197219425318168635,11338794680049894692212
7883,11306599,control,arb,1,6232627037712837222,11404114018803089262612
7884,11306599,poincare,noise,0,1732324374415549603299,931535702345765957
7885,11306599,control,noise,0,1732324374415549603299,950353953243033949
7886,11306600,poincare,arb,1,11105867974355567645,20098246063021464570632
7887,11306600,control,arb,1,11066169242669835863,20026603509373673743908
7888,11306600,poincare,noise,0,2136400130449949694155,1162080404915129112
7889,11306600,control,noise,0,2136400130449949694155,1188871420009960742
7890,11306601,poincare,arb,1,7872453172000550477,14079899026101885127649
7891,11306601,control,arb,1,7853423246847988804,14046054517189035075900
7892,11306601,poincare,noise,0,730342177394050199284,407416428251255092
7893,11306601,control,noise,0,730342177394050199284,410510621105647736
7894,11306602,poincare,arb,1,2405808008588623363,4274169918913332894557
7895,11306602,control,arb,1,2397687931250767690,4259754379631450334471
7896,11306602,poincare,noise,1,110750818738288958,196412359866873922465
7897,11306602,control,noise,1,110750818738288958,196412285484981361370
7898,11306603,poincare,arb,0,17886869966725835067404,10015620408094159857
7899,11306603,control,arb,0,17801232883401406340760,9967672332106037920
7900,11306603,poincare,noise,1,1851194452454701038,3325126663787550125648
7901,11306603,control,noise,1,1851194452454701038,3325105494377351219821
7902,11306604,poincare,arb,1,4856381021718404569,8681835313203187100934
7903,11306604,control,arb,1,4823910595365963290,8623732474006758604084
7904,11306604,poincare,noise,1,1349397342171305786,2401802757539698500123
7905,11306604,control,noise,1,1349397342171305786,2401791660039255576721
7906,11306605,poincare,arb,0,11384065512615341168536,6373234398776860094
7907,11306605,control,arb,0,11340572548620818300500,6348914712508509035
7908,11306605,poincare,noise,0,3084282949295425632741,1716866214256900834
7909,11306605,control,noise,0,3084282949295425632741,1716856075772116706
7910,11306606,poincare,arb,1,2659708375235324627,4774878710070449765866
7911,11306606,control,arb,1,2655134070895395862,4766694774555544195406
7912,11306606,poincare,noise,0,2004701730470547077710,1117880111424284449
7913,11306606,control,noise,0,2004701730470547077710,1117875816039595717
7914,11306607,poincare,arb,1,948108304290914952,1700452828237320568165
7915,11306607,control,arb,1,948925850267754024,1701925654239922193910
7916,11306607,poincare,noise,1,483577431378029990,866429404336999768417
7917,11306607,control,noise,1,483577431378029990,866427964492904758420
7918,11306608,poincare,arb,1,2895682156549113310,5175855409203037640372
7919,11306608,control,arb,1,2879323637737352025,5146607000902455202272
7920,11306608,poincare,noise,0,4060432005612884313684,2272647653238010703
7921,11306608,control,noise,0,4060432005612884313684,2272629940312484591
7922,11306609,poincare,arb,1,10643710671666634434,18905041458459662801035
7923,11306609,control,arb,1,10603169823924643245,18833180798847951740917
7924,11306609,poincare,noise,1,1011415202434855592,1781781017506376400931
7925,11306609,control,noise,1,1011415202434855592,1781774877787896880376
7926,11306610,poincare,arb,0,8606781519086080034728,4872357075418107102
7927,11306610,control,arb,0,8573736515027540559592,4853666800635442172
7928,11306610,poincare,noise,0,3311152324116336944205,1865619740961325955
7929,11306610,control,noise,0,3311152324116336944205,1865607842406647486
7930,11306611,poincare,arb,1,17645921007125497984,30974941658586158156550
7931,11306611,control,arb,1,17569518896927992456,30841025158105023030681
7932,11306611,poincare,noise,0,1726542731710590903920,995108244417936905
7933,11306611,control,noise,0,1726542731710590903920,995104896305411732
7934,11306612,poincare,arb,0,9477318233125008496253,5437912147835006476
7935,11306612,control,arb,0,9423081923191196874200,5406774152003704807
7936,11306612,poincare,noise,1,1496636064433587832,2615541899038057736228
7937,11306612,control,noise,1,1496636064433587832,2615528618085260577626
7938,11306613,poincare,arb,1,1278608478877078230,2230192509090025950436
7939,11306613,control,arb,1,1265173911662656765,2206748273563366652943
7940,11306613,poincare,noise,1,413881966217116544,721055863859451211900
7941,11306613,control,noise,1,413881966217116544,721054852545508214666
7942,11306614,poincare,arb,0,4814739360467404589719,2759116505951607032
7943,11306614,control,arb,0,4794921405013418296883,2747763556485013369
7944,11306614,poincare,noise,0,4216271113230646556198,2407464117717767201
7945,11306614,control,noise,0,4216271113230646556198,2407444439178659329
7946,11306615,poincare,arb,1,5028639427521167468,8790738621977597720926
7947,11306615,control,arb,1,5015931009186060356,8768594270279085606674
7948,11306615,poincare,noise,0,1185472371431071789924,680197343554130512
7949,11306615,control,noise,0,1185472371431071789924,680195775533453808
7950,11306616,poincare,arb,1,26642399679008752120,45608359839610671662675
7951,11306616,control,arb,1,26516718753055173167,45393314909970706369112
7952,11306616,poincare,noise,1,2034358982777818674,3414312432182987863272
7953,11306616,control,noise,1,2034358982777818674,3414289342325556741585
7954,11306617,poincare,arb,0,20473913793377211010070,12114873112330918900
7955,11306617,control,arb,0,20391307580641248053712,12066074765909218930
7956,11306617,poincare,noise,1,1782664240071742606,3021838069346543407959
7957,11306617,control,noise,1,1782664240071742606,3034075084990349178278
7958,11306618,poincare,arb,0,6979334813851567959695,4094116745034273904
7959,11306618,control,arb,0,6966299008689651543214,4086504395692628575
7960,11306618,poincare,noise,1,1496399598315870934,2555515647179599197051
7961,11306618,control,noise,1,1496399598315870934,2555502815180801971675
7962,11306619,poincare,arb,1,4147042644818063825,7054742400638576580959
7963,11306619,control,arb,1,4119709604510185447,7008209603343530656156
7964,11306619,poincare,noise,1,2747651430765688618,4652053238692123402869
7965,11306619,control,noise,1,2747651430765688618,4652010549978142424334
7966,11306620,poincare,arb,0,3349907233154246396419,1979607106857147043
7967,11306620,control,arb,0,3356171264297177564658,1983326997228873691
7968,11306620,poincare,noise,1,1985720016297608904,3360237452821523552039
7969,11306620,control,noise,1,1985720016297608904,3360215168776689318173
7970,11306621,poincare,arb,0,593623387272141307975,351193569798057387
7971,11306621,control,arb,0,607000721848726863906,359110117061533146
7972,11306621,poincare,noise,0,2438775328476448923811,1441029608670844249
7973,11306621,control,noise,0,2438775328476448923811,1441022671900536868
7974,11306622,poincare,arb,0,9152969831639679091985,5382997747987637411
7975,11306622,control,arb,0,9096827210868537662035,5349953683832305596
7976,11306622,poincare,noise,1,451377260159140856,770107801958606085138
7977,11306622,control,noise,1,451377260159140856,770106635664933683526
7978,11306623,poincare,arb,1,2335070949038341783,3976291467240841363267
7979,11306623,control,arb,1,2321575267158993669,3953304266337143648469
7980,11306623,poincare,noise,0,3037072553167579005735,1784193434716742787
7981,11306623,control,noise,0,3037072553167579005735,1784182771208671183
7982,11306624,poincare,arb,0,4129820666947465525207,2419132723977478275
7983,11306624,control,arb,0,4095109054277734213761,2398785301343616083
7984,11306624,poincare,noise,0,902924918407023569190,527833880293944834
7985,11306624,control,noise,0,902924918407023569190,527832944304725372
7986,11306625,poincare,arb,1,1825771962764021030,3120412304964435209195
7987,11306625,control,arb,1,1819484687268368703,3109672286814568029188
7988,11306625,poincare,noise,1,1758086456132743306,2997313900473607623696
7989,11306625,control,noise,1,1758086456132743306,2997296234734855880192
7990,11306626,poincare,arb,0,15789395142936138047434,9213712434519145813
7991,11306626,control,arb,0,15727421235393498107682,9177602394474767828
7992,11306626,poincare,noise,1,2621962283132080474,4513710640291662214618
7993,11306626,control,noise,1,2621962283132080474,4513670784204379809810
7994,11306627,poincare,arb,0,5422339742144529199111,3148624445607756655
7995,11306627,control,arb,0,5417899097532110058137,3146073648151984694
7996,11306627,poincare,noise,0,4000340769064451725918,2314122593151008093
7997,11306627,control,noise,0,4000340769064451725918,2314104519124094818
7998,11306628,poincare,arb,0,5549042641500631270706,3197747907281795558
7999,11306628,control,arb,0,5502791848025439514936,3171070186070717222
8000,11306628,poincare,noise,1,794593651927280742,1381161508693344344480
8001,11306628,control,noise,1,794593651927280742,1381157792510868298010
8002,11306629,poincare,arb,1,3936705579997662875,6820312118717254947090
8003,11306629,control,arb,1,3913790347229545867,6780593410254603782243
8004,11306629,poincare,noise,1,282515446039995084,488023222500568195996
8005,11306629,control,noise,1,282515446039995084,488022757002492198525
8006,11306630,poincare,arb,0,8718226549961889326415,5030333784700654085
8007,11306630,control,arb,0,8678364512465760688393,5007338544484811925
8008,11306630,poincare,noise,0,3560126425437463900312,2044077987559757682
8009,11306630,control,noise,0,3560126425437463900312,2044063831391564094
8010,11306631,poincare,arb,1,3243192358449898064,5643886698048725531835
8011,11306631,control,arb,1,3237370498397931677,5633794364138064201603
8012,11306631,poincare,noise,1,2480766193285123674,4299934635198465010918
8013,11306631,control,noise,1,2480766193285123674,4299898586738194931297
8014,11306632,poincare,arb,0,242391021059754709534,140070608015257635
8015,11306632,control,arb,0,262006986100847187271,151407363850491552
8016,11306632,poincare,noise,1,2134907613115619118,3689329565799138834750
8017,11306632,control,noise,1,2134907613115619118,3689302985189774782140
8018,11306633,poincare,arb,1,752689549964207794,1298118246979356034421
8019,11306633,control,arb,1,738703970551677779,1273988983295997846241
8020,11306633,poincare,noise,1,2873492562261169130,4943309643021921009730
8021,11306633,control,noise,1,2873492562261169130,4943261826874171467742
8022,11306634,poincare,arb,0,8792884615381517791675,5103310262678907875
8023,11306634,control,arb,0,8774192046022070061785,5092510524778003434
8024,11306634,poincare,noise,0,846055278740824427874,489143372631827715
8025,11306634,control,noise,0,846055278740824427874,489142564358572141
8026,11306635,poincare,arb,0,1645065715987284145589,950137795794512602
8027,11306635,control,arb,0,1633000400595149724072,943167693673703246
8028,11306635,poincare,noise,0,4649819728958006452653,2678821329557442398
8029,11306635,control,noise,0,4649819728958006452653,2678797063219971467
8030,11306636,poincare,arb,1,14132508725294008471,24337116297278951294283
8031,11306636,control,arb,1,14077010497183934315,24241764267884167408959
8032,11306636,poincare,noise,1,2225782064362837422,3789789248149019544916
8033,11306636,control,noise,1,2225782064362837422,3789760992402002644398
8034,11306637,poincare,arb,0,20661792003749598819057,12052681056689454576
8035,11306637,control,arb,0,20580047109198572277859,12005086164301656600
8036,11306637,poincare,noise,0,411777372184506474580,238170867341313109
8037,11306637,control,noise,0,411777372184506474580,238170675736248010
8038,11306638,poincare,arb,0,11239157795559632538848,6470430066574544280
8039,11306638,control,arb,0,11182728498183217369786,6437938305247994897
8040,11306638,poincare,noise,0,2741927609687749910437,1569729302992697695
8041,11306638,control,noise,0,2741927609687749910437,1569720941110256371
8042,11306639,poincare,arb,0,12628017373977728287379,7185295012519373825
8043,11306639,control,arb,0,12553575693232342253296,7142899922359138247
8044,11306639,poincare,noise,0,1100048030306341394210,622511865270960386
8045,11306639,control,noise,0,1100048030306341394210,622510542116541050
8046,11306640,poincare,arb,1,10014964154081476364,17581708722463131125982
8047,11306640,control,arb,1,9969472106305532878,17501882638199118804978
8048,11306640,poincare,noise,0,555003584789164104322,318294983851483294
8049,11306640,control,noise,0,555003584789164104322,318294640196239628
8050,11306641,poincare,arb,1,4546744035620771466,7904756191710393333696
8051,11306641,control,arb,1,4526263927418909916,7869158931101883471482
8052,11306641,poincare,noise,1,1228140452101853992,2126626108698112232464
8053,11306641,control,noise,1,1228140452101853992,2126617282925852848779
8054,11306642,poincare,arb,1,1369519377038638239,2367162227582581147320
8055,11306642,control,arb,1,1356938059155490293,2345406163693734659765
8056,11306642,poincare,noise,0,1959989590506761122975,1134135373508582264
8057,11306642,control,noise,0,1959989590506761122975,1134131031099841591
8058,11306643,poincare,arb,1,500076250347632160,864601836512201444932
8059,11306643,control,arb,1,503142864072450159,869907158396042171725
8060,11306643,poincare,noise,0,3689231542227919553494,2131394693591595425
8061,11306643,control,noise,0,3689231542227919553494,2131379350309842871
8062,11306644,poincare,arb,1,22063605354257423463,37668849756295121760630
8063,11306644,control,arb,1,21967051782366006307,37504275329149810597691
8064,11306644,poincare,noise,1,1788640636449372468,3003921441798468394915
8065,11306644,control,noise,1,1788640636449372468,3003903564365563624240
8066,11306645,poincare,arb,1,7916326458389612564,13207288448744631718149
8067,11306645,control,arb,1,7869322122142067523,13128790123780535162260
8068,11306645,poincare,noise,0,1923363287171812881030,1158172667360527776
8069,11306645,control,noise,0,1923363287171812881030,1158168228240176821
8070,11306646,poincare,arb,1,1699081378620037624,2820606369478658431303
8071,11306646,control,arb,1,1696457141339135557,2816260727177721355646
8072,11306646,poincare,noise,0,1980874228350177626069,1193652609304190203
8073,11306646,control,noise,0,1980874228350177626069,1193647895772391924
8074,11306647,poincare,arb,1,23912366349622324,39714304066624150576
8075,11306647,control,arb,1,29573088173226840,49115977755946126227
8076,11306647,poincare,noise,1,961261606005925766,1595419992731790465916
8077,11306647,control,noise,1,961261606005925766,1595414918514670499575
8078,11306648,poincare,arb,0,5062137542113757865661,3045679845706111513
8079,11306648,control,arb,0,5045342018658219452589,3035584325045203080
8080,11306648,poincare,noise,1,2986290794696144096,4963629099839985020105
8081,11306648,control,noise,1,2986290794696144096,4963580054419509671200
8082,11306649,poincare,arb,0,4625987256676182113792,2783538213233367999
8083,11306649,control,arb,0,4627573521357453747380,2784520210433461773
8084,11306649,poincare,noise,1,1599631415569453384,2660583350491769471329
8085,11306649,control,noise,1,1599631415569453384,2660569257099854719000
8086,11306650,poincare,arb,0,7236801205678790239373,4342876064875108384
8087,11306650,control,arb,0,7214622989451093852244,4329589631995411836
8088,11306650,poincare,noise,1,2559857272126949872,4270828721571939396533
8089,11306650,control,noise,1,2559857272126949872,4270792474539836223306
8090,11306651,poincare,arb,0,8816571919060212108132,5274702852123484598
8091,11306651,control,arb,0,8794519147947016797683,5261553965243674345
8092,11306651,poincare,noise,0,634488380383146030441,378134466068211447
8093,11306651,control,noise,0,634488380383146030441,378133990291066181
8094,11306652,poincare,arb,1,27668917054813252661,45576501503879280250922
8095,11306652,control,arb,1,27536738374955210170,45358832605483757953201
8096,11306652,poincare,noise,0,1011051953159530510231,625148604410104078
8097,11306652,control,noise,0,1011051953159530510231,625147327828286829
8098,11306653,poincare,arb,1,16506527066164719910,26383283789992569329009
8099,11306653,control,arb,1,16429607068891122855,26291393049389364127222
8100,11306653,poincare,noise,0,1481630722638447369228,935547390659382245
8101,11306653,control,noise,0,1481630722638447369228,935556780514672198
8102,11306654,poincare,arb,0,26490020851315732655924,16532582000437651388
8103,11306654,control,arb,0,26369860682461362638185,16457646954569185587
8104,11306654,poincare,noise,1,1926498570535735002,3078238004199210869626
8105,11306654,control,noise,1,1926498570535735002,3117046760958893714066
8106,11306655,poincare,arb,0,1117335486713381976932,691129693451514616
8107,11306655,control,arb,0,1146325204678221094267,709071514361566839
8108,11306655,poincare,noise,0,3690704124386380372078,2278342283427294559
8109,11306655,control,noise,0,3690704124386380372078,2278325272538935919
8110,11306656,poincare,arb,0,24395675945884976531626,14886380471539796666
8111,11306656,control,arb,0,24259236439512074857940,14803013782077453755
8112,11306656,poincare,noise,1,2266647282300660988,3746350127273310974285
8113,11306656,control,noise,1,2266647282300660988,3746322018183109778933
8114,11306657,poincare,arb,1,8497442028971845688,13942777359828977564709
8115,11306657,control,arb,1,8445151665154602842,13856874287454388277513
8116,11306657,poincare,noise,0,1879530748947973787768,1151188497029905841
8117,11306657,control,noise,0,1879530748947973787768,1151184135351132501
8118,11306658,poincare,arb,1,30670279674996219111,49097807878200276580038
8119,11306658,control,arb,1,30526875906956728244,48868428427834111494812
8120,11306658,poincare,noise,0,1731959747695459092920,1103500007956506737
8121,11306658,control,noise,0,1731959747695459092920,1103496078369154069
8122,11306659,poincare,arb,1,6329164987805987649,9899521031382496601215
8123,11306659,control,arb,1,6303775545791011771,9859844219097376940319
8124,11306659,poincare,noise,1,254503037576740818,396344933519029261455
8125,11306659,control,noise,1,254503037576740818,396344609179978883171
8126,11306660,poincare,arb,0,6816083316826665033070,4364926410479875064
8127,11306660,control,arb,0,6784896846965472929166,4344958577865655129
8128,11306660,poincare,noise,1,1116852813780089740,1747769067601441817518
8129,11306660,control,noise,1,1116852813780089740,1747762777728311351237
8130,11306661,poincare,arb,1,3617661275792739689,5643647274932661701721
8131,11306661,control,arb,1,3594661702202955117,5607747150570537963407
8132,11306661,poincare,noise,0,3988811610292384600814,2558674504595595249
8133,11306661,control,noise,0,3988811610292384600814,2558653459344357704
8134,11306662,poincare,arb,0,13418104655314275986356,8544284048230425407
8135,11306662,control,arb,0,13333544414485388711964,8490368552694413932
8136,11306662,poincare,noise,0,866673190737352141313,548563817353346228
8137,11306662,control,noise,0,866673190737352141313,548562842884043364
8138,11306663,poincare,arb,1,17905428940293031257,27966687542710943503676
8139,11306663,control,arb,1,17821110866089627845,27835039656025982606180
8140,11306663,poincare,noise,0,636348687380325282171,412146314550529571
8141,11306663,control,noise,0,636348687380325282171,412145770743293191
8142,11306664,poincare,arb,0,25770134906775777255536,16505458337383177633
8143,11306664,control,arb,0,25641856090580295367631,16423275644263953128
8144,11306664,poincare,noise,0,143662116722928556351,91012066463039772
8145,11306664,control,noise,0,143662116722928556351,91012039647539218
8146,11306665,poincare,arb,1,2835511479697640724,4467709850598672837522
8147,11306665,control,arb,1,2822179078106695162,4446704262236385512766
8148,11306665,poincare,noise,0,3893812695156919567284,2471873447200243237
8149,11306665,control,noise,0,3893812695156919567284,2471853702645418295
8150,11306666,poincare,arb,1,468301680002015418,738670797818283386827
8151,11306666,control,arb,1,478014992616368324,753998013427140052581
8152,11306666,poincare,noise,1,287614976267210722,453439229093322154730
8153,11306666,control,noise,1,287614976267210722,453438807181072713139
8154,11306667,poincare,arb,0,1893750731111488590105,1200472880665829233
8155,11306667,control,arb,0,1886753487612872551151,1196038351133966153
8156,11306667,poincare,noise,0,1125267175007767915497,712417006397165657
8157,11306667,control,noise,0,1125267175007767915497,712415363141413654
8158,11306668,poincare,arb,0,2896955693971323429129,1830995349309189302
8159,11306668,control,arb,0,2877416326441857342307,1818641469160106837
8160,11306668,poincare,noise,1,918444820959574586,1454021212538202988658
8161,11306668,control,noise,1,918444820959574586,1454016884127677406644
8162,11306669,poincare,arb,1,80237062722376199,126941795663257799514
8163,11306669,control,arb,1,75385612913173055,119266038142697391361
8164,11306669,poincare,noise,1,1722113157355716866,2721271605867778057767
8165,11306669,control,noise,1,1722113157355716866,2721256434746888071387
8166,11306670,poincare,arb,0,18858049884366824522796,11853738229953009988
8167,11306670,control,arb,0,18779644616079308098963,11804520284450532383
8168,11306670,poincare,noise,1,1176509664534022334,1885050819989847820123
8169,11306670,control,noise,1,1176509664534022334,1885043589136933514106
8170,11306671,poincare,arb,1,11580161237449909090,18397324799330075284104
8171,11306671,control,arb,1,11518191205125575099,18298803230435708745661
8172,11306671,poincare,noise,0,3540838844494020267404,2242674131774794225
8173,11306671,control,noise,0,3540838844494020267404,2242657859220354991
8174,11306672,poincare,arb,1,4352621728304984960,6862526102317180225160
8175,11306672,control,arb,1,4342355640437109068,6846389833825169798083
8176,11306672,poincare,noise,0,1375357025740222850487,874347130277909906
8177,11306672,control,noise,0,1375357025740222850487,874344660339156113
8178,11306673,poincare,arb,1,206839277523345002,325504114967113783248
8179,11306673,control,arb,1,210079462626002832,330604146105040809819
8180,11306673,poincare,noise,0,3582229470639287749321,2273187361745114703
8181,11306673,control,noise,0,3582229470639287749321,2273170659347522521
8182,11306674,poincare,arb,1,1894206464509407115,2985757139978350477251
8183,11306674,control,arb,1,1896030795609696375,2988654714893909404037
8184,11306674,poincare,noise,0,3138911619474999598198,1991241686703662878
8185,11306674,control,noise,0,3138911619474999598198,1991228867362847781
8186,11306675,poincare,arb,0,1996637912286882342880,1263883064014993109
8187,11306675,control,arb,0,1971690167461309746742,1248082965740256722
8188,11306675,poincare,noise,0,2513711842777118265555,1588184120798758749
8189,11306675,control,noise,0,2513711842777118265555,1588175948253967621
8190,11306676,poincare,arb,1,2556304368165394947,4043414127022790383060
8191,11306676,control,arb,1,2551593209748810085,4035983058154613410896
8192,11306676,poincare,noise,1,343219148558152846,541840272118152821857
8193,11306676,control,noise,1,343219148558152846,541839670082360032954
8194,11306677,poincare,arb,1,7396805974769886754,11617695860787867280279
8195,11306677,control,arb,1,7359206070314469614,11558627223443352476792
8196,11306677,poincare,noise,1,678082166377160602,1059348041813266358355
8197,11306677,control,noise,1,678082166377160602,1059345728786724286360
8198,11306678,poincare,arb,0,6523350709527064428732,4165945649372352183
8199,11306678,control,arb,0,6496805074615044296381,4149002121202282250
8200,11306678,poincare,noise,1,2723179611456737936,4268221283624613020009
8201,11306678,control,noise,1,2723179611456737936,4268183821406490773932
8202,11306679,poincare,arb,0,13743616892522092913776,8733741684966233826
8203,11306679,control,arb,0,13697549351086523060226,8704543257818217354
8204,11306679,poincare,noise,0,1102167439850213199291,696040424398730201
8205,11306679,control,noise,0,1102167439850213199291,696038853841896409
8206,11306680,poincare,arb,1,2779154821069299362,4394662000114186584838
8207,11306680,control,arb,1,2769033786940125207,4378667545456308692849
8208,11306680,poincare,noise,0,195508738504966910174,123856536306400282
8209,11306680,control,noise,0,195508738504966910174,123856486644535722
8210,11306681,poincare,arb,1,2628321538781144362,4141951598909700873302
8211,11306681,control,arb,1,2616155166232139557,4122780359524087811455
8212,11306681,poincare,noise,0,2286017005000605247515,1451749527992547889
8213,11306681,control,noise,0,2286017005000605247515,1451742716442279318
8214,11306682,poincare,arb,0,1434229390282696563364,909392596230565047
8215,11306682,control,arb,0,1416156980079315146715,897929326371294623
8216,11306682,poincare,noise,0,1821983491318520969032,1153673865282291357
8217,11306682,control,noise,0,1821983491318520969032,1153669556956424803
8218,11306683,poincare,arb,0,32383554519401270185084,20214610825275868701
8219,11306683,control,arb,0,32217389043119689578631,20110811147188358366
8220,11306683,poincare,noise,1,1964099882924516696,3185038611308726938503
8221,11306683,control,noise,1,1964099882924516696,3185018097613511200172
8222,11306684,poincare,arb,1,3694236083423631107,5967961063341441430403
8223,11306684,control,arb,1,3666748718935612271,5923517649883494029890
8224,11306684,poincare,noise,0,3417883812375884427939,2117949399788226729
8225,11306684,control,noise,0,3417883812375884427939,2117934726746222997
8226,11306685,poincare,arb,1,14366168055673934773,22994966232629604030180
8227,11306685,control,arb,1,14306653336589142249,22899863643582598303167
8228,11306685,poincare,noise,0,2570161971867392193253,1619450340402580264
8229,11306685,control,noise,0,2570161971867392193253,1619441831469339834
8230,11306686,poincare,arb,0,1285985078074281827973,808987000909773074
8231,11306686,control,arb,0,1267252482464630526448,797198518159600099
8232,11306686,poincare,noise,1,3006381838275708110,4772039543884906318202
8233,11306686,control,noise,1,3006381838275708110,4771993015360846667684
8234,11306687,poincare,arb,1,3500539965553750948,5532453308346294030685
8235,11306687,control,arb,1,3468930295788537063,5482442125101735038034
8236,11306687,poincare,noise,1,2161172456694436180,3402840526259733142897
8237,11306687,control,noise,1,2161172456694436180,3402816764818380262476
8238,11306688,poincare,arb,1,4455282390305327316,6984364810592512282958
8239,11306688,control,arb,1,4423140625115060898,6933929055171662506748
8240,11306688,poincare,noise,0,4568607941552616491345,2917253035193425476
8241,11306688,control,noise,0,4568607941552616491345,2917225618813862893
8242,11306689,poincare,arb,0,7319245597543961174722,4650312705017281884
8243,11306689,control,arb,0,7261496152273707146449,4613577999277315109
8244,11306689,poincare,noise,1,2550201686072246856,4019408844094927236387
8245,11306689,control,noise,1,2550201686072246856,4019375712714667183194
8246,11306690,poincare,arb,1,1568279611533191087,2465054055187856207749
8247,11306690,control,arb,1,1548272634705084506,2433586618860282421576
8248,11306690,poincare,noise,1,2580644313114246342,4045196885520609852409
8249,11306690,control,noise,1,2580644313114246342,4045163235978292350964
8250,11306691,poincare,arb,0,21150424659484193822795,13396440677106315782
8251,11306691,control,arb,0,21067296327464587932514,13343899128026628874
8252,11306691,poincare,noise,1,1591382501070634702,2532228509049554954193
8253,11306691,control,noise,1,1591382501070634702,2532215417566861655604
8254,11306692,poincare,arb,1,6047475599131604591,9574097967181315292338
8255,11306692,control,arb,1,6010367149205463384,9515300303975315403871
8256,11306692,poincare,noise,0,4701279881654702165876,2975632574054184114
8257,11306692,control,noise,0,4701279881654702165876,2975603924117983271
8258,11306693,poincare,arb,1,6981288927012113058,11000713142980817409047
8259,11306693,control,arb,1,6961801387246405713,10970111422059361926533
8260,11306693,poincare,noise,0,4680104856651793334812,2977991981692183726
8261,11306693,control,noise,0,4680104856651793334812,2977963362291696238
8262,11306694,poincare,arb,0,33405544291401765511526,20920416682610948233
8263,11306694,control,arb,0,33220529805496115449390,20804350345199726785
8264,11306694,poincare,noise,0,4278257436644383428034,2637474679133610150
8265,11306694,control,noise,0,4278257436644383428034,2637451870111710323
8266,11306695,poincare,arb,1,3613024526163802499,5856862593919543110771
8267,11306695,control,arb,1,3608262639366912169,5849193962081710878176
8268,11306695,poincare,noise,0,4224104957426672964333,2607559970599659935
8269,11306695,control,noise,0,4224104957426672964333,2607537690648685519
8270,11306696,poincare,arb,1,6645105025582604378,10735611706982910414481
8271,11306696,control,arb,1,6625468945174542408,10703979764225230322086
8272,11306696,poincare,noise,1,1923325004283132744,3089459607314529206519
8273,11306696,control,noise,1,1923325004283132744,3089440214201255423327
8274,11306697,poincare,arb,0,25237164586641088894797,15567739797704039061
8275,11306697,control,arb,0,25129554897907252538116,15501457236031666184
8276,11306697,poincare,noise,0,2595677878917504463133,1582804071375770330
8277,11306697,control,noise,0,2595677878917504463133,1582795808883162930
8278,11306698,poincare,arb,1,12388725186458034326,20169314686530413547424
8279,11306698,control,arb,1,12336223347393524656,20083944541812287357406
8280,11306698,poincare,noise,1,169861076183691644,274211165487178665731
8281,11306698,control,noise,1,169861076183691644,274211013001447134392
8282,11306699,poincare,arb,0,25657763669493787778025,15727939128312750223
8283,11306699,control,arb,0,25534453949702758683151,15652360271791100386
8284,11306699,poincare,noise,1,1583292921558206810,2607640000497081105370
8285,11306699,control,noise,1,1583292921558206810,2607626354776998343949
8286,11306700,poincare,arb,0,36933579686232736459047,22113089392610239974
8287,11306700,control,arb,0,36766815670589936932597,22013358658730036680
8288,11306700,poincare,noise,1,1041819079841876728,1765244338458972494559
8289,11306700,control,noise,1,1041819079841876728,1765238172140046587467
8290,11306701,poincare,arb,0,4106440671957770976417,2421257915865502394
8291,11306701,control,arb,0,4095061317949103136795,2414556804743749524
8292,11306701,poincare,noise,1,127707689790238280,216933316937891486199
8293,11306701,control,noise,1,127707689790238280,216933223900356789142
8294,11306702,poincare,arb,0,376809821355831111052,221811922897576965
8295,11306702,control,arb,0,376033071757755966835,221354778364153947
8296,11306702,poincare,noise,1,2123842042573411694,3603227128443390902533
8297,11306702,control,noise,1,2123842042573411694,3603201462458669648222
8298,11306703,poincare,arb,0,7843443691928366528776,4615218340535809923
8299,11306703,control,arb,0,7822819677085991933120,4603115600651472359
8300,11306703,poincare,noise,1,2100885505574099940,3576578782388910452341
8301,11306703,control,noise,1,2100885505574099940,3576553537982246632936
8302,11306704,poincare,arb,0,11832840757490740408170,6927498591490128224
8303,11306704,control,arb,0,11792707805876888304569,6904051614512400241
8304,11306704,poincare,noise,0,3415327945137822181172,1987224973553961283
8305,11306704,control,noise,0,3415327945137822181172,1987211642491003093
8306,11306705,poincare,arb,0,14329436831905374418038,8254183242984387404
8307,11306705,control,arb,0,14243235372663366979818,8228606098887461355
8308,11306705,poincare,noise,0,5032463051684685763510,2876488037805289915
8309,11306705,control,noise,0,5032463051684685763510,2884871815314476317
8310,11306706,poincare,arb,1,7422136935628289839,12906208386836230577369
8311,11306706,control,arb,1,7416249059276884013,12896243669996324583921
8312,11306706,poincare,noise,0,1119580615862547722428,640147604350600267
8313,11306706,control,noise,0,1119580615862547722428,646894266979326826
8314,11306707,control,arb,0,9079220112622724687630,5224489196633375474
8315,11306707,poincare,noise,1,1846652363080398160,3193321388846807241747
8316,11306707,control,noise,1,1846652363080398160,3216732800080937270008
8317,11306708,poincare,arb,0,21370616022286864303803,12268861003261613629
8318,11306708,control,arb,0,12214990893208543594426,6987093579578241409
8319,11306708,poincare,noise,1,131863444681969722,231637647968044784447
8320,11306708,control,noise,1,131863444681969722,231637543361981854113
8321,11306709,poincare,arb,1,1575634558588311374,2764532575378455291859
8322,11306709,control,arb,1,1567316419394663209,2749936726772316961219
8323,11306709,poincare,noise,0,1539184028982101005041,877680273252313868
8324,11306709,control,noise,0,1539184028982101005041,877677638035155483
8325,11306710,poincare,arb,0,1721392701700320988217,980305641936680773
8326,11306710,control,arb,0,1705508682483056051820,971257030573884329
8327,11306710,poincare,noise,1,900425639125801992,1581213691678244754859
8328,11306710,control,noise,1,900425639125801992,1581208817820765804903
8329,11306711,poincare,arb,0,1352539420400550245554,770276709559924791
8330,11306711,control,arb,0,1353648541648688312563,770910734847192967
8331,11306711,poincare,noise,0,1637265496685209561320,931319884770111347
8332,11306711,control,noise,0,1637265496685209561320,931316914020143856
8333,11306712,poincare,arb,0,21914008249102814654229,12349440675648974858
8334,11306712,control,arb,0,21799277354642045660921,12284745933881856489
8335,11306712,poincare,noise,0,2992529641035786114113,1669860727526154723
8336,11306712,control,noise,0,2992529641035786114113,1669851087415297389
8337,11306713,poincare,arb,1,1041375666693657562,1867060701981510017999
8338,11306713,control,arb,1,1044427714624086698,1872543465226474764601
8339,11306713,poincare,noise,1,1457255348580917234,2608075135891526812631
8340,11306713,control,noise,1,1457255348580917234,2608062004114813342873
8341,11306714,poincare,arb,1,3342729152866406034,5962320073264871778986
8342,11306714,control,arb,1,3319345852192599819,5920582210218867553337
8343,11306714,poincare,noise,0,3187109732774267919096,1788788447595119048
8344,11306714,control,noise,0,3187109732774267919096,1788777417943941056
8345,11306715,poincare,arb,1,9464308278077283541,16772045203389723648106
8346,11306715,control,arb,1,9426905671855429361,16705865691633410022724
8347,11306715,poincare,noise,0,1596200892414929904940,906155961357242616
8348,11306715,control,noise,0,1596200892414929904940,906153146151379169
8349,11306716,poincare,arb,0,4471957080559716790862,2532595523257891413
8350,11306716,control,arb,0,4442395826273284007839,2515846334393115128
8351,11306716,poincare,noise,0,2488382361193559750573,1405352064372143888
8352,11306716,control,noise,0,2488382361193559750573,1405345276698192021
8353,11306717,poincare,arb,1,5448754033058668029,9620510439852958072754
8354,11306717,control,arb,1,5429049664288287995,9585766016145526910385
8355,11306717,poincare,noise,0,956055140279930814968,543346114743931914
8356,11306717,control,noise,0,956055140279930814968,543345102991970460
8357,11306718,poincare,arb,0,9478532417009357513185,5364568625693465272
8358,11306718,control,arb,0,9427699940740802577129,5335789013947745725
8359,11306718,poincare,noise,0,4550623851614829384179,2561222560886126838
8360,11306718,control,noise,0,4550623851614829384179,2561199986681318659
8361,11306719,poincare,arb,0,189102454131536446999,106232749211011927
8362,11306719,control,arb,0,166012703469758746584,93260716968416997
8363,11306719,poincare,noise,0,950533927941097873188,533744116378354188
8364,11306719,control,noise,0,950533927941097873188,533743134173270260
8365,11306720,poincare,arb,0,2235077623146939594047,1253461775393550633
8366,11306720,control,arb,0,2219558799553534028598,1244756318500612601
8367,11306720,poincare,noise,1,1596267943854515032,2845656191261354552458
8368,11306720,control,noise,1,1596267943854515032,2845640528042684152341
8369,11306721,poincare,arb,1,933276901335493679,1660784032440622274913
8370,11306721,control,arb,1,920954130779647189,1638846406708550363287
8371,11306721,poincare,noise,0,5096944685647921313152,2860338097083359400
8372,11306721,control,noise,0,5096944685647921313152,2860309904151773795
8373,11306722,poincare,arb,1,5833341250258916546,10372943472087133587236
8374,11306722,control,arb,1,5818829963347774073,10347241250352720617672
8375,11306722,poincare,noise,1,2550680792837781588,4508998255602633634328
8376,11306722,control,noise,1,2550680792837781588,4508958777452711256413
8377,11306723,poincare,arb,1,2569298733807203876,4525633795123329420315
8378,11306723,control,arb,1,2544356565623291546,4481660731637829587745
8379,11306723,poincare,noise,0,4403324330249273282212,2499982547843985893
8380,11306723,control,noise,0,4403324330249273282212,2499961133097419026
8381,11306724,poincare,arb,0,16568322773660415463477,9328766396219573729
8382,11306724,control,arb,0,16466158625066224581409,9271163626331668306
8383,11306724,poincare,noise,0,1335491948413180072068,746634411418194910
8384,11306724,control,noise,0,1335491948413180072068,746632485365255215
8385,11306725,poincare,arb,0,1631137317087404187482,910854294381110078
8386,11306725,control,arb,0,1616685273735598307872,902781703368534949
8387,11306725,poincare,noise,1,1378228996825203530,2467287095720193002503
8388,11306725,control,noise,1,1378228996825203530,2467275344635850345376
8389,11306726,poincare,arb,0,7260366574009760099599,4047997073313385642
8390,11306726,control,arb,0,7237005160325360991304,4034991200139622533
8391,11306726,poincare,noise,0,1386027798823354962720,770147557890330826
8392,11306726,control,noise,0,1386027798823354962720,770145502338376730
8393,11306727,poincare,arb,1,11987078051486514350,21403079730923886263960
8394,11306727,control,arb,1,11932432307337262069,21305565927745903846238
8395,11306727,poincare,noise,1,2905082313254906028,5132916858866303838035
8396,11306727,control,noise,1,2905082313254906028,5132865693065562228512
8397,11306728,poincare,arb,0,4954939193519171659518,2804550122936706355
8398,11306728,control,arb,0,4955755052447526402331,2805039869191699044
8399,11306728,poincare,noise,1,1529866715730348388,2705309259671080210930
8400,11306728,control,noise,1,1529866715730348388,2705295045620211592611
8401,11306729,poincare,arb,0,9296336692855590254363,5243416708489447603
8402,11306729,control,arb,0,9264214046751870773930,5225326013400387665
8403,11306729,poincare,noise,0,1558685686571465224920,875372254655633245
8404,11306729,control,noise,0,1558685686571465224920,875369613254269503
8405,11306730,poincare,arb,0,10406224988235575312872,5816692737826961534
8406,11306730,control,arb,0,10347937486732208835649,5784094738996947535
8407,11306730,poincare,noise,1,1245544556883295228,2235513854357926450592
8408,11306730,control,noise,1,1245544556883295228,2235504219313919549237
8409,11306731,poincare,arb,1,1405668132702226056,2518181687919688781696
8410,11306731,control,arb,1,1392752652776802166,2495033520653439696578
8411,11306731,poincare,noise,1,1554358451656526174,2778738691203490224595
8412,11306731,control,noise,1,1554358451656526174,2778723776735589577693
8413,11306732,poincare,arb,1,6063325277636264020,10781457325736609283858
8414,11306732,control,arb,1,6026215451755304441,10715413247604794023431
8415,11306732,poincare,noise,0,4970323853638544659363,2801664500213190377
8416,11306732,control,noise,0,4970323853638544659363,2801637511276232265
8417,11306733,poincare,arb,1,10952443835737173141,19319700079007835830202
8418,11306733,control,arb,1,10912710026107161726,19249796566057282833953
8419,11306733,poincare,noise,1,1966900174008934520,3438276781630555865598
8420,11306733,control,noise,1,1966900174008934520,3438253692766114180312
8421,11306734,poincare,arb,0,7108376508081201986830,4060471411941845496
8422,11306734,control,arb,0,7090474393694787747312,4050272502815397936
8423,11306734,poincare,noise,1,1145235914268145480,2008967027198918926170
8424,11306734,control,noise,1,1145235914268145480,2008959156155875613544
8425,11306735,poincare,arb,1,2451730977765248894,4290021511367017417451
8426,11306735,control,arb,1,2434208221530352297,4259343628551119252459
8427,11306735,poincare,noise,0,4765525171030745668936,2722963278821131999
8428,11306735,control,noise,0,4765525171030745668936,2722937956571872456
8429,11306736,poincare,arb,1,13100028028749240280,22761896583601816968284
8430,11306736,control,arb,1,13049450454698759463,22674226599740253828536
8431,11306736,poincare,noise,1,1781428096928868472,3063447355109016772451
8432,11306736,control,noise,1,1781428096928868472,3063428873892678422055
8433,11306737,poincare,arb,0,16203086516289583693427,9372729614455123430
8434,11306737,control,arb,0,16139057800632163174785,9335748310487097301
8435,11306737,poincare,noise,0,988654596629106803385,567957804001668435
8436,11306737,control,noise,0,988654596629106803385,567956704462189549
8437,11306738,poincare,arb,0,734161316229111974595,421467097927575217
8438,11306738,control,arb,0,725768555276689187269,416648177742201532
8439,11306738,poincare,noise,0,589992307881379986211,338523294411164474
8440,11306738,control,noise,0,589992307881379986211,338522903520369749
8441,11306739,poincare,arb,1,5680869871440071219,9864135104184376990466
8442,11306739,control,arb,1,5654844043117826634,9818955777161054762565
8443,11306739,poincare,noise,1,2700510671488982696,4661874756082222318374
8444,11306739,control,noise,1,2700510671488982696,4661832053480785060378
8445,11306740,poincare,arb,0,20929942015123519152987,12045553816113005639
8446,11306740,control,arb,0,20850648825778809265073,12000029095440564702
8447,11306740,poincare,noise,0,3936005232544531655074,2242814475891071565
8448,11306740,control,noise,0,3936005232544531655074,2242797270080966636
8449,11306741,poincare,arb,1,6130211294668106084,10729011812633338534290
8450,11306741,control,arb,1,6111256492575252254,10695919431753053341779
8451,11306741,poincare,noise,1,2575741969965835316,4480729031910004848105
8452,11306741,control,noise,1,2575741969965835316,4480689732851235722769
8453,11306742,poincare,arb,0,1285657138167070343527,740003940321758094
8454,11306742,control,arb,0,1301182749108175384173,748946805510711271
8455,11306742,poincare,noise,1,79381521592144202,137978101155271744727
8456,11306742,control,noise,1,79381521592144202,137978063841942563352
8457,11306743,poincare,arb,0,6782015345101730027667,3891475622573257652
8458,11306743,control,arb,0,6749648636496791099921,3872904866244105657
8459,11306743,poincare,noise,0,3578581552907518143153,2044883760473158919
8460,11306743,control,noise,0,3578581552907518143153,2044869476584603227
8461,11306744,poincare,arb,1,3383475676857838983,5915614775267793336132
8462,11306744,control,arb,1,3376940393317948700,5904229832148363090080
8463,11306744,poincare,noise,0,438832198187978130120,251542341442860653
8464,11306744,control,noise,0,438832198187978130120,251542125505099822
8465,11306745,poincare,arb,0,21625855802730014123846,12287761571074043690
8466,11306745,control,arb,0,21518366865287899813674,12226676107768838902
8467,11306745,poincare,noise,0,3181375566475525016453,1789906706306084480
8468,11306745,control,noise,0,3181375566475525016453,1789895676242317232
8469,11306746,poincare,arb,1,2828330759308936543,5023399158388500297617
8470,11306746,control,arb,1,2823261008357433810,5014425672852253651419
8471,11306746,poincare,noise,0,3788973850122129133138,2134353230804933458
8472,11306746,control,noise,0,3788973850122129133138,2134337558522215808
8473,11306747,poincare,arb,0,15877527889986034135140,8874715026691382854
8474,11306747,control,arb,0,15781721804934672004265,8821099618889181331
8475,11306747,poincare,noise,0,3178312461440465648746,1763210640541702180
8476,11306747,control,noise,0,3178312461440465648746,1763199861460303140
8477,11306748,poincare,arb,1,5673253326580089064,10198200304448691748594
8478,11306748,control,arb,1,5654194631042400638,10164002663168816103371
8479,11306748,poincare,noise,0,3472058989827591567856,1936622630909870050
8480,11306748,control,noise,0,3472058989827591567856,1936609663236102074
8481,11306749,poincare,arb,1,1347847425904767229,2417483204233652785805
8482,11306749,control,arb,1,1350702698252142017,2422620608879526741524
8483,11306749,poincare,noise,1,1682089249043957922,3010523922348979226421
8484,11306749,control,noise,1,1682089249043957922,3010506426769257414774
8485,11306750,poincare,arb,0,5994931916629949812111,3345649279194232836
8486,11306750,control,arb,0,5980375767968631436563,3337545185449304958
8487,11306750,poincare,noise,0,3788101469934494675454,2105928410733734916
8488,11306750,control,noise,0,3788101469934494675454,2105913052175324246
8489,11306751,poincare,arb,1,2267296674335647325,4077901925807794966166
8490,11306751,control,arb,1,2266495204358361078,4076490152250391146234
8491,11306751,poincare,noise,1,1710039047234802548,3066990234391100027510
8492,11306751,control,noise,1,1710039047234802548,3066972095626983436151
8493,11306752,poincare,arb,0,5292657377881848858836,2948402893467567921
8494,11306752,control,arb,0,5281796819939011359237,2942370158538673764
8495,11306752,poincare,noise,0,486724929903831739899,270525289306123055
8496,11306752,control,noise,0,486724929903831739899,270525035669034941
8497,11306753,poincare,arb,1,164531174783068818,296044168266621194454
8498,11306753,control,arb,1,165047275365207682,296973076595539514830
8499,11306753,poincare,noise,1,1623685313216667884,2917834154902720570081
8500,11306753,control,noise,1,1623685313216667884,2917817753119611718248
8501,11306754,poincare,arb,0,13263767037710141722749,7350950550668548105
8502,11306754,control,arb,0,13213350044159130559310,7323049967855083958
8503,11306754,poincare,noise,0,1793069467520375778982,987881851451767974
8504,11306754,control,noise,0,1793069467520375778982,987878455174174686
8505,11306755,poincare,arb,0,5055255003115161222596,2777709433551058792
8506,11306755,control,arb,0,5021893139100731563529,2759368613674342540
8507,11306755,poincare,noise,0,1604590804900815451898,879380217496218269
8508,11306755,control,noise,0,1604590804900815451898,879377519068092623
8509,11306756,poincare,arb,1,15153831836876350422,27372438280630882270773
8510,11306756,control,arb,1,15084290623465724115,27246909265889252672652
8511,11306756,poincare,noise,1,1145182297383580608,2044776986742447140801
8512,11306756,control,noise,1,1145182297383580608,2044768904529720771503
8513,11306757,poincare,arb,0,18754871720538224658884,10434858923139259114
8514,11306757,control,arb,0,18673459798515116649994,10389603922495616206
8515,11306757,poincare,noise,1,2034346185324401666,3678174098482913811553
8516,11306757,control,noise,1,2034346185324401666,3678148118108901629858
8517,11306758,poincare,arb,1,2952861495215498353,5320038847311238164886
8518,11306758,control,arb,1,2928566129953044500,5276229703056202772962
8519,11306758,poincare,noise,1,2926202708768254278,5250117089977370463677
8520,11306758,control,noise,1,2926202708768254278,5250063970574610852825
8521,11306759,poincare,arb,0,8786909821848711684320,4890658372825724256
8522,11306759,control,arb,0,8769627086840871841436,4881088454956371405
8523,11306759,poincare,noise,1,2204715385745811620,3968679840457810156252
8524,11306759,control,noise,1,2204715385745811620,3968649529186541956594
8525,11306760,poincare,arb,0,16115844978585519976799,8910264275656153706
8526,11306760,control,arb,0,16056639306503488500912,8877597948123553907
8527,11306760,poincare,noise,0,2208885321888823659471,1212518663465938159
8528,11306760,control,noise,0,2208885321888823659471,1212513538028122204
8529,11306761,poincare,arb,1,1069817719310457990,1949120373041603532409
8530,11306761,control,arb,1,1070507766759683125,1950385827524129240505
8531,11306761,poincare,noise,1,1239531070997369868,2254613090024989295153
8532,11306761,control,noise,1,1239531070997369868,2254603354835472337137
8533,11306762,poincare,arb,1,4397283272340766004,7966343032177674853039
8534,11306762,control,arb,1,4369823324377818260,7916561004475628196003
8535,11306762,poincare,noise,0,3349389031160577977922,1852153041516010169
8536,11306762,control,noise,0,3349389031160577977922,1852141128794879717
8537,11306763,poincare,arb,1,12174215822375798677,21855529342856115430304
8538,11306763,control,arb,1,12123919601964513998,21765376001092294821435
8539,11306763,poincare,noise,0,4592275078033095896937,2575482127091572601
8540,11306763,control,noise,0,4592275078033095896937,2575459260319462786
8541,11306764,poincare,arb,0,167418243788455443927,93716556278944879
8542,11306764,control,arb,0,144231223075013201530,80736323696762863
8543,11306764,poincare,noise,0,4094641938640396040373,2288226693530754459
8544,11306764,control,noise,0,4094641938640396040373,2288208609159759022
8545,11306765,poincare,arb,1,5081106284460247560,9074448315596222750669
8546,11306765,control,arb,1,5067482584654296132,9050189006055830567541
8547,11306765,poincare,noise,1,1403210322080877284,2494590023303879902946
8548,11306765,control,noise,1,1403210322080877284,2494577968927041222540
8549,11306766,poincare,arb,1,71477603161385149,126939169166625565941
8550,11306766,control,arb,1,64293606807735731,114180347863716810170
8551,11306766,poincare,noise,1,1431116470505598940,2538878036515820874036
8552,11306766,control,noise,1,1431116470505598940,2538865537357201912144
8553,11306767,poincare,arb,0,796791542722822828158,449446131391939647
8554,11306767,control,arb,0,805265681858943276830,454228374479418482
8555,11306767,poincare,noise,1,2724977308040068664,4823208711834545888578
8556,11306767,control,noise,1,2724977308040068664,4823163571260692454564
8557,11306768,poincare,arb,0,5882824995428214727579,3322235339146804940
8558,11306768,control,arb,0,5877617895237479020003,3319325774726960826
8559,11306768,poincare,noise,0,2894278294241067108601,1628821707325175347
8560,11306768,control,noise,0,2894278294241067108601,1628812573970623578
8561,11306769,poincare,arb,0,2113322186528536568109,1186965651381402623
8562,11306769,control,arb,0,2088927476991281777445,1173257573269482926
8563,11306769,poincare,noise,1,2036125911781003604,3623035838413165890891
8564,11306769,control,noise,1,2036125911781003604,3623010428800096729358
8565,11306770,poincare,arb,0,1550169804277670761660,871901447989226431
8566,11306770,control,arb,0,1560242437630801888124,877573010195403422
8567,11306770,poincare,noise,0,805245993513203641346,452492937152676769
8568,11306770,control,noise,0,805245993513203641346,452492231463780027
8569,11306771,poincare,arb,0,11479357879618969096200,6419401557227119499
8570,11306771,control,arb,0,11419512980966184059528,6385925576665820075
8571,11306771,poincare,noise,1,2119877247291436490,3802338913734611815629
8572,11306771,control,noise,1,2119877247291436490,3802311039423506726651
8573,11306772,poincare,arb,0,58307771731001836394332,31824549223402590172
8574,11306772,control,arb,0,58042218640195177366043,31679841823613121242
8575,11306772,poincare,noise,0,5307383466987931621852,2825878994177274789
8576,11306772,control,noise,0,5307383466987931621852,2825850743849529913
8577,11306773,poincare,arb,1,2254058841908737358,4235177886555872172324
8578,11306773,control,arb,1,2256816234440423620,4240401175394370708156
8579,11306773,poincare,noise,0,3936008607754806270874,2071686071229836652
8580,11306773,control,noise,0,3936008607754806270874,2095059723388740584
8581,11306774,control,arb,0,6332662355226610707314,3357399011413518881
8582,11306774,poincare,noise,1,144870255296142560,272546766791250452842
8583,11306774,control,noise,1,144870255296142560,273891737540778942246
8584,11306775,poincare,arb,1,2222507374649677794,4174084532858068829169
8585,11306775,control,arb,1,5590181946063356833,10524773370030203602038
8586,11306775,poincare,noise,0,3299903193027515357285,1751143652140100568
8587,11306775,control,noise,0,3299903193027515357285,1757626540334751808
8588,11306776,poincare,arb,1,3991768522428176251,7482288609878472855204
8589,11306776,control,arb,1,3984076832006351443,7467935152342738842450
8590,11306776,poincare,noise,0,2092927038783734637553,1118889021101700995
8591,11306776,control,noise,0,2092927038783734637553,1118884588688965458
8592,11306777,poincare,arb,0,7741026000950087975091,4122736687588497703
8593,11306777,control,arb,0,7693013679500160206587,4097149924128220299
8594,11306777,poincare,noise,0,714094923923806967753,379078102837110225
8595,11306777,control,noise,0,714094923923806967753,379077592131588656
8596,11306778,poincare,arb,0,31677719579956596406512,16609215579833266353
8597,11306778,control,arb,0,31519572982751691152573,16526274122656437266
8598,11306778,poincare,noise,0,2115474828746520416440,1094954088007885428
8599,11306778,control,noise,0,2115474828746520416440,1094949773995480460
8600,11306779,poincare,arb,1,3726496999607105596,7185803866587853298834
8601,11306779,control,arb,1,3713644700285997094,7161048992669080726578
8602,11306779,poincare,noise,1,2645222438561168466,5077038040239137494211
8603,11306779,control,noise,1,2645222438561168466,5076989902874362920880
8604,11306780,control,arb,0,1083886424682857038243,565592343775803199
8605,11306780,poincare,noise,0,2323440737019988978515,1211821955815505537
8606,11306780,control,noise,0,2323440737019988978515,1210833933712000071
8607,11306781,poincare,arb,1,527989706858750501,1012826980775682233721
8608,11306781,control,arb,1,1083017930710413247,2078372724744834538474
8609,11306781,poincare,noise,0,2758573760174463381170,1437096720388762967
8610,11306781,control,noise,0,2758573760174463381170,1437089314100771932
8611,11306782,poincare,arb,1,4350207005111839458,8332681156110105554895
8612,11306782,control,arb,1,4335976916770752031,8305466684472021984396
8613,11306782,poincare,noise,0,5661073679959632062532,2958462065997895962
8614,11306782,control,noise,0,5661073679959632062532,2958430745079534622
8615,11306783,poincare,arb,1,12184219430671848349,23158897387562230171079
8616,11306783,control,arb,1,12139145182822471921,23073467740590240736520
8617,11306783,poincare,noise,0,4270438989709176054010,2263030986927444865
8618,11306783,control,noise,0,4270438989709176054010,2263012782712808266
8619,11306784,poincare,arb,1,3444083856045555219,6493581234172948371958
8620,11306784,control,arb,1,3438299395903892856,6482727183961519088992
8621,11306784,poincare,noise,1,1786160623596935666,3354947973417346662176
8622,11306784,control,noise,1,1786160623596935666,3354926718209533358143
8623,11306785,poincare,arb,1,555538011482788183,1041701992730211848764
8624,11306785,control,arb,1,544105133254467095,1020257478208947381655
8625,11306785,poincare,noise,0,3290531374158206967806,1753315552211619744
8626,11306785,control,noise,0,3290531374158206967806,1753304652754023060
8627,11306786,poincare,arb,1,5787000899389352870,10829174994266004085491
8628,11306786,control,arb,1,5767296332824128547,10792369064918708807225
8629,11306786,poincare,noise,1,766639478266376406,1427836245231014232067
8630,11306786,control,noise,1,766639478266376406,1427832377539316775397
8631,11306787,poincare,arb,1,3813694017570533275,7079491597935397071751
8632,11306787,control,arb,1,3791331449510522944,7037960128063891951669
8633,11306787,poincare,noise,1,1318603971518443982,2438756065367202781154
8634,11306787,control,noise,1,1318603971518443982,2438744744963185472761
8635,11306788,poincare,arb,1,7949093357752069691,14604627672208409711093
8636,11306788,control,arb,1,7903845667278492152,14521428058484852567174
8637,11306788,poincare,noise,1,2671674865996862540,4871463753328430394671
8638,11306788,control,noise,1,2671674865996862540,4871418283511468123877
8639,11306789,poincare,arb,0,12464146637379225562316,6815548555415150782
8640,11306789,control,arb,0,12427031402247797386469,6795316915623871670
8641,11306789,poincare,noise,0,4129076209616940874343,2243265081994637864
8642,11306789,control,noise,0,4129076209616940874343,2243247415319080365
8643,11306790,poincare,arb,1,5329534087721827902,9788215033637203089512
8644,11306790,control,arb,1,5314448325949089260,9760585412949490163003
8645,11306790,poincare,noise,0,2444265524710752537110,1334675854932141194
8646,11306790,control,noise,0,2444265524710752537110,1334669614874614663
8647,11306791,poincare,arb,0,6783017332995219105203,3690535021752175265
8648,11306791,control,arb,0,6737966958147630997137,3666006668346606381
8649,11306791,poincare,noise,1,659006059283865826,1213849758654365865315
8650,11306791,control,noise,1,659006059283865826,1213846947735306623761
8651,11306792,poincare,arb,1,57195988013085862,105297551565572241369
8652,11306792,control,arb,1,53699273845448515,98859887891944028287
8653,11306792,poincare,noise,1,798387715839196622,1468927987043260854975
8654,11306792,control,noise,1,798387715839196622,1468923868514637970641
8655,11306793,poincare,arb,0,4197209967697994079942,2278837293722728854
8656,11306793,control,arb,0,4183885554580615845568,2271609292863200857
8657,11306793,poincare,noise,0,4636900769079377740670,2508935792521296131
8658,11306793,control,noise,0,4636900769079377740670,2508913650707648499
8659,11306794,poincare,arb,1,3110391721763316678,5746006450487607231476
8660,11306794,control,arb,1,3107433090900346259,5740591462406765791704
8661,11306794,poincare,noise,1,2199212784672084038,4047298260633251567179
8662,11306794,control,noise,1,2199212784672084038,4047267014528952763179
8663,11306795,poincare,arb,0,4828604869311764090657,2622960829316185099
8664,11306795,control,arb,0,4824759048956880801235,2620891963698154691
8665,11306795,poincare,noise,0,2085185318415783344502,1129658379178897649
8666,11306795,control,noise,0,2085185318415783344502,1129653890948617599
8667,11306796,poincare,arb,1,1693479497602527330,3124654304788466672097
8668,11306796,control,arb,1,1690722264807712954,3119579304032483124410
8669,11306796,poincare,noise,0,4670414702202039143247,2529721883240870030
8670,11306796,control,noise,0,4670414702202039143247,2529699384987864611
8671,11306797,poincare,arb,0,5545597838398624606628,2991878600162942051
8672,11306797,control,arb,0,5495720187361042610860,2964942981343788255
8673,11306797,poincare,noise,0,2081980123218866298235,1119923498890354424
8674,11306797,control,noise,0,2081980123218866298235,1119919071948286415
8675,11306798,poincare,arb,0,793761393827610998707,426499298725908452
8676,11306798,control,arb,0,779721157356533077506,418953623673727130
8677,11306798,poincare,noise,1,166761195064854136,310418699129000201310
8678,11306798,control,noise,1,166761195064854136,310418516233622318494
8679,11306799,poincare,arb,0,3467270114731644767155,1860393158791925846
8680,11306799,control,arb,0,3451857232149460549557,1852124337298495413
8681,11306799,poincare,noise,1,351236115177380926,655321399062000236806
8682,11306799,control,noise,1,351236115177380926,655320584947799644461
8683,11306800,poincare,arb,0,2783155041726914690172,1490477058900650760
8684,11306800,control,arb,0,2772765502709227691415,1484914941390229822
8685,11306800,poincare,noise,1,627274839441901572,1172034281718855949421
8686,11306800,control,noise,1,627274839441901572,1172031679763048537254
8687,11306801,poincare,arb,0,104870523064323937935,56150025140902410
8688,11306801,control,arb,0,110078136086482433554,58938428549120443
8689,11306801,poincare,noise,1,2586610614111462164,4822169887492818804061
8690,11306801,control,noise,1,2586610614111462164,4822125823863688246422
