1308009999999999934464
1341640000000000000000
1362680000000000000000
1376299999999999868928
1355320000000000000000
1358940000000000131072
1356249999999999934464
1377259999999999868928
1352180000000000131072
1322929999999999934464
1337539999999999868928
1332230000000000065536
1350829999999999803392
1343410000000000196608
1323710000000000065536
1245929999999999934464
1263230000000000065536
1278720000000000000000
1308539999999999868928
1272049999999999934464
1323670000000000065536
1326080000000000000000
1340750000000000065536
1331880000000000000000
1287890000000000196608
1294349999999999803392
1293099999999999868928
1326980000000000131072
1321460000000000131072
1322470000000000065536
1327080000000000000000
1339740000000000131072
1342410000000000196608
1316800000000000000000
1329150000000000065536
1332710000000000065536
1329339999999999868928
1310929999999999934464
1299920000000000000000
1294940000000000131072
1303600000000000000000
1295160000000000000000
1296249999999999934464
1326130000000000196608
1330670000000000065536
1336380000000000131072
1385349999999999803392
1382190000000000065536
1388310000000000065536
1365339999999999868928
1324430000000000065536
1328030000000000065536
1287089999999999934464
1285510000000000065536
1294849999999999934464
1332099999999999868928
1334130000000000196608
1337680000000000000000
1338120000000000000000
1552299999999999868928
1539109999999999803392
1535660000000000131072
1588280000000000000000
1601600000000000000000
1606650000000000196608
1629070000000000065536
1601080000000000000000
1675740000000000131072
1683000000000000000000
1683080000000000000000
1687890000000000196608
1678190000000000065536
1692660000000000131072
1778769999999999934464
1729809999999999934464
1707009999999999934464
1710940000000000131072
1715460000000000131072
1688440000000000000000
1639030000000000065536
1648270000000000065536
1655190000000000065536
1651589999999999803392
1660940000000000131072
1665520000000000000000
1669049999999999934464
1684740000000000131072
1677920000000000000000
1713000000000000000000
1720019999999999868928
1765240000000000000000
1719510000000000065536
1746710000000000065536
1793779999999999868928
1815480000000000000000
1818710000000000065536
1818349999999999803392
1792040000000000000000
1796329999999999934464
1764130000000000196608
1787840000000000000000
1779990000000000065536
1790049999999999934464
1799960000000000000000
1825890000000000196608
1784779999999999868928
1757929999999999934464
1797320000000000000000
1784800000000000000000
1770000000000000000000
1759289999999999934464
1740140000000000131072
1751660000000000131072
1736680000000000000000
1767019999999999868928
1818460000000000131072
1795990000000000065536
1806740000000000131072
1805000000000000000000
1797329999999999934464
1790059999999999868928
1809829999999999803392
1721299999999999868928
1739040000000000000000
1741339999999999868928
1756080000000000000000
1759800000000000000000
1841560000000000000000
1825009999999999934464
1816790000000000065536
1815619999999999868928
1817500000000000131072
1791760000000000000000
1769579999999999868928
1765070000000000065536
1751849999999999934464
1757920000000000000000
1749539999999999868928
1747560000000000000000
1757009999999999934464
1719220000000000131072
1743400000000000000000
1750099999999999868928
1754650000000000196608
1779670000000000065536
1764769999999999934464
1766740000000000131072
1775400000000000000000
1766800000000000000000
1753460000000000131072
1767969999999999934464
1712740000000000131072
1704700000000000131072
1715969999999999934464
1712640000000000000000
1725089999999999934464
1746099999999999868928
1744880000000000000000
1786280000000000000000
1773410000000000196608
1778510000000000065536
1804740000000000131072
1811520000000000000000
1808660000000000131072
1808630000000000065536
1792869999999999803392
1787579999999999868928
1807720000000000000000
1806349999999999803392
1789819999999999868928
1781289999999999934464
1793560000000000000000
1803760000000000000000
1795180000000000131072
1794190000000000065536
1829920000000000000000
1829349999999999803392
1822470000000000065536
1826400000000000000000
1824019999999999868928
1824790000000000065536
1820619999999999868928
1815449999999999934464
1821240000000000000000
1818550000000000065536
1821329999999999934464
1818550000000000065536
1799249999999999934464
1782209999999999934464
1794729999999999934464
1779470000000000065536
1795270000000000065536
1808990000000000065536
1796779999999999868928
1819710000000000065536
1811310000000000065536
1808819999999999868928
1812790000000000065536
1865099999999999868928
1863420000000000131072
1869529999999999934464
1871349999999999803392
1912660000000000131072
1910030000000000065536
1914680000000000000000
1897240000000000000000
1910760000000000000000
1909180000000000131072
1900220000000000131072
1880000000000000000000
1869369999999999934464
1875109999999999803392
1872510000000000065536
1872940000000000131072
1877790000000000065536
1852030000000000065536
1850070000000000065536
1861440000000000000000
1855609999999999934464
1865360000000000000000
1869600000000000000000
1871800000000000000000
1868600000000000000000
1868240000000000000000
1855109999999999803392
1849980000000000131072
1853040000000000000000
1836740000000000131072
1840320000000000000000
1838380000000000131072
1857329999999999934464
1859849999999999934464
1858829999999999803392
1860420000000000131072
1859109999999999803392
1862579999999999868928
1890130000000000196608
1911489999999999934464
1924539999999999868928
1923579999999999868928
1917560000000000000000
1915460000000000131072
1896950000000000065536
1891929999999999934464
1865320000000000000000
1871510000000000065536
1874310000000000065536
1913760000000000000000
1902619999999999868928
1918859999999999868928
1914200000000000000000
1923700000000000131072
1987460000000000131072
1998619999999999868928
2012200000000000000000
2013929999999999934464
2110260000000000131072
2108030000000000327680
2117440000000000000000
2060610000000000196608
2092590000000000065536
2102409999999999934464
2090949999999999803392
2099270000000000065536
2102429999999999803392
2100040000000000000000
2102849999999999934464
2092270000000000065536
2088369999999999934464
2099679999999999737856
2087949999999999803392
2095670000000000065536
2116070000000000065536
2120790000000000065536
2098560000000000000000
2091630000000000065536
2078409999999999934464
2072280000000000262144
2079260000000000131072
2076099999999999868928
2080920000000000000000
2101340000000000131072
2118699999999999868928
2096539999999999868928
2081610000000000196608
2104349999999999803392
2092570000000000196608
2074980000000000131072
1982230000000000065536
1984499999999999868928
1981089999999999934464
1935130000000000196608
1949809999999999934464
1949440000000000000000
1940680000000000000000
1946489999999999934464
1928550000000000065536
1942869999999999803392
1946109999999999803392
1927829999999999803392
1908299999999999868928
1903000000000000000000
1843130000000000196608
1848550000000000065536
1859190000000000065536
1850869999999999803392
1852380000000000131072
1865520000000000000000
1872400000000000000000
1873630000000000065536
1862579999999999868928
1874609999999999934464
1874320000000000000000
1860000000000000000000
1847080000000000000000
1862070000000000065536
1868049999999999934464
1844080000000000000000
1855369999999999934464
1833819999999999868928
1831349999999999803392
1842070000000000065536
1830349999999999803392
1815969999999999934464
1826030000000000065536
1814760000000000000000
1837280000000000000000
1866339999999999868928
1863240000000000000000
1862440000000000000000
1914650000000000196608
1953929999999999934464
1829869999999999803392
1866410000000000196608
1899240000000000000000
1886099999999999868928
1881579999999999868928
1900640000000000000000
1922680000000000000000
1909990000000000065536
1905819999999999868928
1919560000000000000000
1903819999999999868928
1887710000000000065536
1893310000000000065536
1892400000000000000000
1897619999999999868928
1903360000000000000000
1899259999999999868928
1907339999999999868928
1904520000000000000000
1908829999999999803392
1897560000000000000000
1904339999999999868928
1902019999999999868928
1921000000000000000000
1905650000000000196608
1870390000000000065536
1847160000000000000000
1850240000000000000000
1845760000000000000000
1834550000000000065536
1813049999999999934464
1831190000000000065536
1830960000000000000000
1835910000000000065536
1833440000000000000000
1859240000000000000000
1869230000000000065536
1870700000000000131072
1863569999999999934464
1866369999999999934464
1859960000000000000000
1853209999999999934464
1868550000000000065536
1905809999999999934464
1903769999999999934464
1899019999999999868928
1905230000000000065536
1887869999999999803392
1876840000000000000000
1877740000000000131072
1897410000000000196608
1895790000000000065536
1911289999999999934464
1954640000000000000000
1992550000000000065536
1995259999999999868928
1973190000000000065536
1960980000000000131072
1937220000000000131072
1880740000000000131072
1901920000000000000000
1899600000000000000000
1896420000000000131072
1908529999999999934464
1905059999999999868928
1918640000000000000000
1915259999999999868928
1873220000000000131072
1867040000000000000000
1853950000000000065536
1864410000000000196608
1867140000000000131072
1830000000000000000000
1849630000000000065536
1844619999999999868928
1849640000000000000000
1847430000000000065536
1840099999999999868928
1853049999999999934464
1847470000000000065536
1844529999999999934464
1839240000000000000000
1851430000000000065536
1873349999999999803392
1850650000000000196608
1842180000000000131072
1828529999999999934464
1830489999999999934464
1821369999999999934464
1808510000000000065536
1784689999999999934464
1795449999999999934464
1764099999999999868928
1759960000000000000000
1765339999999999868928
1766009999999999934464
1790440000000000000000
1808400000000000000000
1806230000000000065536
1804009999999999934464
1804310000000000065536
1796670000000000065536
1794160000000000000000
1796109999999999803392
1804680000000000000000
1806209999999999934464
1802900000000000131072
1819849999999999934464
1797420000000000131072
1800130000000000196608
1826760000000000000000
1829520000000000000000
1825220000000000131072
1828640000000000000000
1828560000000000000000
1817390000000000065536
1813680000000000000000
1822950000000000065536
1817270000000000065536
1820710000000000065536
1817710000000000065536
1824420000000000131072
1824000000000000000000
1808829999999999803392
1790460000000000131072
1797380000000000131072
1827779999999999868928
1822249999999999934464
1826680000000000000000
1827460000000000131072
1825240000000000000000
1808070000000000065536
1796480000000000000000
1800480000000000000000
1801289999999999934464
1805950000000000065536
1808289999999999934464
1815670000000000065536
1812030000000000065536
1811900000000000131072
1813769999999999934464
1811569999999999934464
1813500000000000131072
1818140000000000131072
1821310000000000065536
1819569999999999934464
1818539999999999868928
1817670000000000065536
1810019999999999868928
1808000000000000000000
1810630000000000065536
1805339999999999868928
1801529999999999934464
1811819999999999868928
1814099999999999868928
1817299999999999868928
1815779999999999868928
1817720000000000000000
1866270000000000065536
1853790000000000065536
1855270000000000065536
1857360000000000000000
1851410000000000196608
1854270000000000065536
1822170000000000196608
1814630000000000065536
1816070000000000065536
1792920000000000000000
1791980000000000131072
1800009999999999934464
1781320000000000000000
1778710000000000065536
1789449999999999934464
1791360000000000000000
1809550000000000065536
1806410000000000196608
1807710000000000065536
1816689999999999934464
1812270000000000065536
1831460000000000131072
1835929999999999934464
1828560000000000000000
1834869999999999803392
1830249999999999934464
1827449999999999934464
1824030000000000065536
1826320000000000000000
1830710000000000065536
1851430000000000065536
1848410000000000196608
1844729999999999934464
1843990000000000065536
1849080000000000000000
1908630000000000065536
1904109999999999803392
1900470000000000065536
1903800000000000000000
1889760000000000000000
1891900000000000131072
1893160000000000000000
1901829999999999803392
1898990000000000065536
1916550000000000065536
1901209999999999934464
1907790000000000065536
1900880000000000000000
1898430000000000065536
1870089999999999934464
1865900000000000131072
1858400000000000000000
1863740000000000131072
1874160000000000000000
1856099999999999868928
1854869999999999803392
1862360000000000000000
1863070000000000065536
1869800000000000000000
1862190000000000065536
1879449999999999934464
1886130000000000196608
1895489999999999934464
1892609999999999934464
1907829999999999803392
1907920000000000000000
1900560000000000000000
1902929999999999934464
1904140000000000131072
1903840000000000000000
1887230000000000065536
1892460000000000131072
1894460000000000131072
1900720000000000000000
1903259999999999868928
1902569999999999934464
1905240000000000000000
1890829999999999803392
1870120000000000000000
1873840000000000000000
1870209999999999934464
1822070000000000065536
1806910000000000065536
1810849999999999934464
1812869999999999803392
1813640000000000000000
1813929999999999934464
1842220000000000131072
1892650000000000196608
1884380000000000131072
1877809999999999934464
1876120000000000000000
1870420000000000131072
1838619999999999868928
1850430000000000065536
1832410000000000196608
1835059999999999868928
1841900000000000131072
1843630000000000065536
1856209999999999934464
1847890000000000196608
1845750000000000065536
1838499999999999868928
1836630000000000065536
1844019999999999868928
1841460000000000131072
1830170000000000196608
1840009999999999934464
1827240000000000000000
1732609999999999934464
1748689999999999934464
1737180000000000131072
1744499999999999868928
1752310000000000065536
1751310000000000065536
1754760000000000000000
1753040000000000000000
1742170000000000196608
1762940000000000131072
1753059999999999868928
1736420000000000131072
1737049999999999934464
1745929999999999934464
1732170000000000196608
1732990000000000065536
1742809999999999934464
1746940000000000131072
1748510000000000065536
1753109999999999803392
1730550000000000065536
1739720000000000000000
1739259999999999868928
1745550000000000065536
1741630000000000065536
1745880000000000000000
1740740000000000131072
1729140000000000131072
1650779999999999868928
1651349999999999803392
1635360000000000000000
1639550000000000065536
1640619999999999868928
1667579999999999868928
1665529999999999934464
1665769999999999934464
1669520000000000000000
1662289999999999934464
1678539999999999868928
1720539999999999868928
1716660000000000131072
1717600000000000000000
1743000000000000000000
1737270000000000065536
1726680000000000000000
1727640000000000000000
1727120000000000000000
1727880000000000000000
1729640000000000000000
1733960000000000000000
1737840000000000000000
1740859999999999868928
1720390000000000065536
1722449999999999934464
1724480000000000000000
1725240000000000000000
1720740000000000131072
1723729999999999934464
1736779999999999868928
1730640000000000000000
1729670000000000065536
1733310000000000065536
1732689999999999934464
1781589999999999803392
1792049999999999934464
1811200000000000000000
1812819999999999868928
1829950000000000065536
1850180000000000131072
1882560000000000000000
1889109999999999803392
1918600000000000000000
1910410000000000196608
1887140000000000131072
1877449999999999934464
1889619999999999868928
1872670000000000065536
1881900000000000131072
1881130000000000196608
1880609999999999934464
1918080000000000000000
1901750000000000065536
1893550000000000065536
1895609999999999934464
1883940000000000131072
1891640000000000000000
1875209999999999934464
1888390000000000065536
1875800000000000000000
1896030000000000065536
1912320000000000000000
1918499999999999868928
1887240000000000000000
1895689999999999934464
1899270000000000065536
1880969999999999934464
1892609999999999934464
1881369999999999934464
1889910000000000065536
1854440000000000000000
1859449999999999934464
1872150000000000065536
1875769999999999934464
1881400000000000000000
1871800000000000000000
1894640000000000000000
1889550000000000065536
1866960000000000000000
1851040000000000000000
1860990000000000065536
1859380000000000131072
1832489999999999934464
1827880000000000000000
1836910000000000065536
1848200000000000000000
1869390000000000065536
1851890000000000196608
1857390000000000065536
1851760000000000000000
1873030000000000065536
1887560000000000000000
1890720000000000000000
1852160000000000000000
1926080000000000000000
1933200000000000000000
1919720000000000000000
1919720000000000000000
1922160000000000000000
1922449999999999934464
1922800000000000000000
1924550000000000065536
1913630000000000065536
1915000000000000000000
1919760000000000000000
1917539999999999868928
1914240000000000000000
1936869999999999803392
1950000000000000000000
1966720000000000000000
1962220000000000131072
1968040000000000000000
1967200000000000000000
1955589999999999803392
1963700000000000131072
1949230000000000065536
1960650000000000196608
1953920000000000000000
1934750000000000065536
1936320000000000000000
1941430000000000065536
1936630000000000065536
1909769999999999934464
1902910000000000065536
1908320000000000000000
1910410000000000196608
1913720000000000000000
1924910000000000065536
1917560000000000000000
1888910000000000065536
1885500000000000131072
1846750000000000065536
1858099999999999868928
1856449999999999934464
1860460000000000131072
1872480000000000000000
1863120000000000000000
1871089999999999934464
1864019999999999868928
1862099999999999868928
1859120000000000000000
1859460000000000131072
1846400000000000000000
1865480000000000000000
1867929999999999934464
1867380000000000131072
1868900000000000131072
1865880000000000000000
1868420000000000131072
1862700000000000131072
1862059999999999868928
1856369999999999934464
1864320000000000000000
1871819999999999868928
1899360000000000000000
1880640000000000000000
1880000000000000000000
1882910000000000065536
1868180000000000131072
1871800000000000000000
1874800000000000000000
1878170000000000196608
1880470000000000065536
1890779999999999868928
1890089999999999934464
1884270000000000065536
1870400000000000000000
1871539999999999868928
1867200000000000000000
1870320000000000000000
1883650000000000196608
1932900000000000131072
1996710000000000065536
2004740000000000131072
2010109999999999803392
1992220000000000131072
1992910000000000065536
1999680000000000000000
1914089999999999934464
1939120000000000000000
1930960000000000000000
1942460000000000131072
1940619999999999868928
1935510000000000065536
1934449999999999934464
1931700000000000131072
1923720000000000000000
1926109999999999803392
1933619999999999868928
1937740000000000131072
1928619999999999868928
1923070000000000065536
1933040000000000000000
1929369999999999934464
1911349999999999803392
1909109999999999803392
1887009999999999934464
1912220000000000131072
1909130000000000196608
1898700000000000131072
1894499999999999868928
1897259999999999868928
1892019999999999868928
1897720000000000000000
1912829999999999803392
1908840000000000000000
1910130000000000196608
1906109999999999803392
1909390000000000065536
1888650000000000196608
1895049999999999934464
1912109999999999803392
1920990000000000065536
1888680000000000000000
1887869999999999803392
1890499999999999868928
1896380000000000131072
1889380000000000131072
1889160000000000000000
1891059999999999868928
1894689999999999934464
1891600000000000000000
1893209999999999934464
1891790000000000065536
1888529999999999934464
1888840000000000000000
1887230000000000065536
1866109999999999803392
1869569999999999934464
1874940000000000131072
1874779999999999868928
1873249999999999934464
1888880000000000000000
1888920000000000000000
1868619999999999868928
1874230000000000065536
1852890000000000196608
1842640000000000000000
1848900000000000131072
1850140000000000131072
1850729999999999934464
1850630000000000065536
1852960000000000000000
1857779999999999868928
1856809999999999934464
1858009999999999934464
1858990000000000065536
1852869999999999803392
1850600000000000000000
1860619999999999868928
1873130000000000196608
1871259999999999868928
1875819999999999868928
1871449999999999934464
1876619999999999868928
1868589999999999803392
1860630000000000065536
1860310000000000065536
1862220000000000131072
1858539999999999868928
1865849999999999934464
1874779999999999868928
1873589999999999803392
1874180000000000131072
1873849999999999934464
1871910000000000065536
1871059999999999868928
1872819999999999868928
1877809999999999934464
1880449999999999934464
1878670000000000065536
1875109999999999803392
1876180000000000131072
1876640000000000000000
1862760000000000000000
1861460000000000131072
1868650000000000196608
1864929999999999934464
1867579999999999868928
1856769999999999934464
1855380000000000131072
1856160000000000000000
1826220000000000131072
1833609999999999934464
1829869999999999803392
1831940000000000131072
1850660000000000131072
1872969999999999934464
1862259999999999868928
1855920000000000000000
1859310000000000065536
1841430000000000065536
1841440000000000000000
1839880000000000000000
1839390000000000065536
1830360000000000000000
1835720000000000000000
1838819999999999868928
1844650000000000196608
1834190000000000065536
1833109999999999803392
1836249999999999934464
1832969999999999934464
1845449999999999934464
1828800000000000000000
1827689999999999934464
1829030000000000065536
1828440000000000000000
1830560000000000000000
1831280000000000000000
1834259999999999868928
1834779999999999868928
1832400000000000000000
1832950000000000065536
1830099999999999868928
1826890000000000196608
1829400000000000000000
1827560000000000000000
1835700000000000131072
1833480000000000000000
1830800000000000000000
1816329999999999934464
1823019999999999868928
1827109999999999803392
1827510000000000065536
1827729999999999934464
1836920000000000000000
1842160000000000000000
1858440000000000000000
1855470000000000065536
1854299999999999868928
1860499999999999868928
1862200000000000000000
1851929999999999934464
1847779999999999868928
1853769999999999934464
1851390000000000065536
1849190000000000065536
1848940000000000131072
1852180000000000131072
1847740000000000131072
1850480000000000000000
1844000000000000000000
1847120000000000000000
1849289999999999934464
1843670000000000065536
1842120000000000000000
1847070000000000065536
1846410000000000196608
1848950000000000065536
1849579999999999868928
1849740000000000131072
1846150000000000065536
1848729999999999934464
1848729999999999934464
1848750000000000065536
1848240000000000000000
1846769999999999934464
1856819999999999868928
1839230000000000065536
1844320000000000000000
1847470000000000065536
1845920000000000000000
1851009999999999934464
1840130000000000196608
1843729999999999934464
1842609999999999934464
1841030000000000065536
1837710000000000065536
1837520000000000000000
1826430000000000065536
1827109999999999803392
1826550000000000065536
1825160000000000000000
1822890000000000196608
1818410000000000196608
1818489999999999934464
1805569999999999934464
1796579999999999868928
1798080000000000000000
1785310000000000065536
1737980000000000131072
1736180000000000131072
1680589999999999803392
1676440000000000000000
1689910000000000065536
1684920000000000000000
1659480000000000000000
1655560000000000000000
1660740000000000131072
1658829999999999803392
1660579999999999868928
1659790000000000065536
1683059999999999868928
1676640000000000000000
1669360000000000000000
1667840000000000000000
1665710000000000065536
1674689999999999934464
1670910000000000065536
1678040000000000000000
1684769999999999934464
1676650000000000196608
1671280000000000000000
1672329999999999934464
1656990000000000065536
1671140000000000131072
1667040000000000000000
1663360000000000000000
1665900000000000131072
1661829999999999803392
1649000000000000000000
1624170000000000196608
1634220000000000131072
1632049999999999934464
1645040000000000000000
1642130000000000196608
1656779999999999868928
1686790000000000065536
1679819999999999868928
1675240000000000000000
1674249999999999934464
1667420000000000131072
1643289999999999934464
1649420000000000131072
1660740000000000131072
1655070000000000065536
1650579999999999868928
1653249999999999934464
1646809999999999934464
1646650000000000196608
1653170000000000196608
1653689999999999934464
1651720000000000000000
1649390000000000065536
1650910000000000065536
1645589999999999803392
1646349999999999803392
1646589999999999803392
1648049999999999934464
1648670000000000065536
1654720000000000000000
1655240000000000000000
1657720000000000000000
1649329999999999934464
1640390000000000065536
1639150000000000065536
1648009999999999934464
1646040000000000000000
1651950000000000065536
1651829999999999803392
1646760000000000000000
1641420000000000131072
1715009999999999934464
1736769999999999934464
1729700000000000131072
1718569999999999934464
1717390000000000065536
1716339999999999868928
1703579999999999868928
1701769999999999934464
1705550000000000065536
1699240000000000000000
1706270000000000065536
1713720000000000000000
1689109999999999803392
1656950000000000065536
1645249999999999934464
1651420000000000131072
1645539999999999868928
1646449999999999934464
1633920000000000000000
1618099999999999868928
1627750000000000065536
1631430000000000065536
1630940000000000131072
1633900000000000131072
1638160000000000000000
1633130000000000196608
1636769999999999934464
1636040000000000000000
1635360000000000000000
1633440000000000000000
1632760000000000000000
1638390000000000065536
1635329999999999934464
1637390000000000065536
1638310000000000065536
1631369999999999934464
1625689999999999934464
1630729999999999934464
1629700000000000131072
1617259999999999868928
1623750000000000065536
1634200000000000000000
1635080000000000000000
1631520000000000000000
1633440000000000000000
1632209999999999934464
1628040000000000000000
1631489999999999934464
1622440000000000000000
1629990000000000065536
1631980000000000131072
1639009999999999934464
1635109999999999803392
1626660000000000131072
1629410000000000196608
1636200000000000000000
1647209999999999934464
1645760000000000000000
1646120000000000000000
1624990000000000065536
1627809999999999934464
1632869999999999803392
1635819999999999868928
1633809999999999934464
1633829999999999803392
1634700000000000131072
1634619999999999868928
1633449999999999934464
1635109999999999803392
1630480000000000000000
1624440000000000000000
1623689999999999934464
1619329999999999934464
1616140000000000131072
1616550000000000065536
1611470000000000065536
1611640000000000000000
1585880000000000000000
1561819999999999868928
1538460000000000131072
1550990000000000065536
1583710000000000065536
1579589999999999803392
1608489999999999934464
1603619999999999868928
1598109999999999803392
1593009999999999934464
1589579999999999868928
1584449999999999934464
1603689999999999934464
1608009999999999934464
1599529999999999934464
1607729999999999934464
1619880000000000000000
1620809999999999934464
1624510000000000065536
1634769999999999934464
1635849999999999934464
1626539999999999868928
1634470000000000065536
1628019999999999868928
1620600000000000000000
1619280000000000000000
1620829999999999803392
1641059999999999868928
1641420000000000131072
1636900000000000131072
1635720000000000000000
1634550000000000065536
1633680000000000000000
1634579999999999868928
1629140000000000131072
1628230000000000065536
1629560000000000000000
1629430000000000065536
1625929999999999934464
1622539999999999868928
1630230000000000065536
1634000000000000000000
1655040000000000000000
1655670000000000065536
1640859999999999868928
1636890000000000196608
1634969999999999934464
1636360000000000000000
1647960000000000000000
1656220000000000131072
1644380000000000131072
1643270000000000065536
1637940000000000131072
1634529999999999934464
1629880000000000000000
1629360000000000000000
1615760000000000000000
1622360000000000000000
1623380000000000131072
1618180000000000131072
1594990000000000065536
1583539999999999868928
1589529999999999934464
1583790000000000065536
1593689999999999934464
1595299999999999868928
1596869999999999803392
1593249999999999934464
1592109999999999803392
1593000000000000000000
1590960000000000000000
1594489999999999934464
1593270000000000065536
1590329999999999934464
1594600000000000000000
1593880000000000000000
1592240000000000000000
1591969999999999934464
1593929999999999934464
1590750000000000065536
1586249999999999934464
1580449999999999934464
1577520000000000000000
1580769999999999934464
1568529999999999934464
1583609999999999934464
1590880000000000000000
1587760000000000000000
1591410000000000196608
1588430000000000065536
1591000000000000000000
1582089999999999934464
1588800000000000000000
1593120000000000000000
1594619999999999868928
1591390000000000065536
1628140000000000131072
1600040000000000000000
1596099999999999868928
1597209999999999934464
1604849999999999934464
1617460000000000131072
1621950000000000065536
1650489999999999934464
1657420000000000131072
1652769999999999934464
1651680000000000000000
1686109999999999803392
1668430000000000065536
1671829999999999803392
1664740000000000131072
1667130000000000196608
1670140000000000131072
1671829999999999803392
1675890000000000196608
1683400000000000000000
1679360000000000000000
1671059999999999868928
1674390000000000065536
1678470000000000065536
1688819999999999868928
1683869999999999803392
1676329999999999934464
1732499999999999868928
1729040000000000000000
1730480000000000000000
1725430000000000065536
1692170000000000196608
1674569999999999934464
1662520000000000000000
1665800000000000000000
1662360000000000000000
1656369999999999934464
1648150000000000065536
1650000000000000000000
1656960000000000000000
1641849999999999934464
1644840000000000000000
1646380000000000131072
1631960000000000000000
1642560000000000000000
1646420000000000131072
1642339999999999868928
1636059999999999868928
1636700000000000131072
1618600000000000000000
1616579999999999868928
1611410000000000196608
1624230000000000065536
1630339999999999868928
1634499999999999868928
1642829999999999803392
1646560000000000000000
1645520000000000000000
1641880000000000000000
1637609999999999934464
1639099999999999868928
1639539999999999868928
1631240000000000000000
1634550000000000065536
1639890000000000196608
1629809999999999934464
1618520000000000000000
1632030000000000065536
1636240000000000000000
1633320000000000000000
1634109999999999803392
1620510000000000065536
1590829999999999803392
1585720000000000000000
1581650000000000196608
1579950000000000065536
1585080000000000000000
1590390000000000065536
1579480000000000000000
1567760000000000000000
1565480000000000000000
1567400000000000000000
1556619999999999868928
1556750000000000065536
1572689999999999934464
1559070000000000065536
1562520000000000000000
1566369999999999934464
1561209999999999934464
1558589999999999803392
1551360000000000000000
1540750000000000065536
1530750000000000065536
1539070000000000065536
1538460000000000131072
1548990000000000065536
1545880000000000000000
1538950000000000065536
1545470000000000065536
1551910000000000065536
1553470000000000065536
1547560000000000000000
1547130000000000196608
1556460000000000131072
1555320000000000000000
1555299999999999868928
1554760000000000000000
1555000000000000000000
1555510000000000065536
1553920000000000000000
1559890000000000196608
1557869999999999803392
1563220000000000131072
1578840000000000000000
1583120000000000000000
1577900000000000131072
1589829999999999803392
1600120000000000000000
1589740000000000131072
1590859999999999868928
1584700000000000131072
1576360000000000000000
1564750000000000065536
1565289999999999934464
1568689999999999934464
1572950000000000065536
1579310000000000065536
1571339999999999868928
1563630000000000065536
1564049999999999934464
1549310000000000065536
1552449999999999934464
1554040000000000000000
1562180000000000131072
1568710000000000065536
1567380000000000131072
1588099999999999868928
1584420000000000131072
1613750000000000065536
1605990000000000065536
1607790000000000065536
1604529999999999934464
1598440000000000000000
1607190000000000065536
1608680000000000000000
1628960000000000000000
1636000000000000000000
1629000000000000000000
1630480000000000000000
1631640000000000000000
1629449999999999934464
1626470000000000065536
1635740000000000131072
1664299999999999868928
1694349999999999803392
1676080000000000000000
1677380000000000131072
1677299999999999868928
1709640000000000000000
1766270000000000065536
1809400000000000000000
1808660000000000131072
1845280000000000000000
1777220000000000131072
1777800000000000000000
1784689999999999934464
1788209999999999934464
1769660000000000131072
1785259999999999868928
1807539999999999868928
1790449999999999934464
1787299999999999868928
1816640000000000000000
1849579999999999868928
1812420000000000131072
1777510000000000065536
1792750000000000065536
1803420000000000131072
1790670000000000065536
1777529999999999934464
1781750000000000065536
1782609999999999934464
1773869999999999803392
1779700000000000131072
1790230000000000065536
1787480000000000000000
1788600000000000000000
1790849999999999934464
1777280000000000000000
1776420000000000131072
1775299999999999868928
1783400000000000000000
1789190000000000065536
1791550000000000065536
1793819999999999868928
1795280000000000000000
1783390000000000065536
1787779999999999868928
1815449999999999934464
1820080000000000000000
1801969999999999934464
1809660000000000131072
1795859999999999868928
1791089999999999934464
1810400000000000000000
1791969999999999934464
1811500000000000131072
1815790000000000065536
1810339999999999868928
1804849999999999934464
1799950000000000065536
1792160000000000000000
1836339999999999868928
1847360000000000000000
1859230000000000065536
1836430000000000065536
1836550000000000065536
1803440000000000000000
1812220000000000131072
1801080000000000000000
1799670000000000065536
1798849999999999934464
1790230000000000065536
1813170000000000196608
1817829999999999803392
1833230000000000065536
1835339999999999868928
1834180000000000131072
1838390000000000065536
1832529999999999934464
1836670000000000065536
1857539999999999868928
1889410000000000196608
1886040000000000000000
1889180000000000131072
1875990000000000065536
1889740000000000131072
1893220000000000131072
1888049999999999934464
1879800000000000000000
1899819999999999868928
1901209999999999934464
1902299999999999868928
1900700000000000131072
1890880000000000000000
1892680000000000000000
1873769999999999934464
1863259999999999868928
1894950000000000065536
1886130000000000196608
1882430000000000065536
1875819999999999868928
1881710000000000065536
1889380000000000131072
1898880000000000000000
1888420000000000131072
1920609999999999934464
1912299999999999868928
1914130000000000196608
2036230000000000065536
2018950000000000065536
2121880000000000000000
2121360000000000000000
2101679999999999737856
2097500000000000131072
2089500000000000131072
2089010000000000196608
2078829999999999803392
2047859999999999868928
2056300000000000131072
2059150000000000065536
2070010000000000196608
2076440000000000000000
2053820000000000131072
2052040000000000000000
2058369999999999934464
2047880000000000000000
2058579999999999868928
2049960000000000000000
2045990000000000065536
2040729999999999934464
2049670000000000065536
2047650000000000196608
2106249999999999934464
2100449999999999934464
2054019999999999868928
2056610000000000196608
2061829999999999803392
2033869999999999803392
2038249999999999934464
1979460000000000131072
1979609999999999934464
1968750000000000065536
1983489999999999934464
2011790000000000065536
2021910000000000065536
2051790000000000065536
2060260000000000131072
2053980000000000131072
2053650000000000196608
2069449999999999934464
1996019999999999868928
1965120000000000000000
1961940000000000131072
1984000000000000000000
1969539999999999868928
1966529999999999934464
1918220000000000131072
1938750000000000065536
1961529999999999934464
1941500000000000131072
1935670000000000065536
1935259999999999868928
1953130000000000196608
1964489999999999934464
1963299999999999868928
1958150000000000065536
1962510000000000065536
1953009999999999934464
1967449999999999934464
1984420000000000131072
2012140000000000131072
2000680000000000000000
2019950000000000065536
2026170000000000196608
2043619999999999868928
2038209999999999934464
2022539999999999868928
2019619999999999868928
2004819999999999868928
2004710000000000065536
1989779999999999868928
1985769999999999934464
1933609999999999934464
1978400000000000000000
1994410000000000196608
2015819999999999868928
2033630000000000065536
2077120000000000000000
2064099999999999868928
2060080000000000000000
2066190000000000065536
2062969999999999672320
2043099999999999868928
2062429999999999803392
2062239999999999737856
2064360000000000000000
2080360000000000000000
2098110000000000065536
2117170000000000196608
2088769999999999934464
2082199999999999737856
2088239999999999737856
2090010000000000196608
2071329999999999934464
2078809999999999934464
2083869999999999803392
2084510000000000327680
2076809999999999934464
2090469999999999803392
2085429999999999803392
2066019999999999868928
2057640000000000000000
2062640000000000000000
2048980000000000131072
2046160000000000000000
2024929999999999934464
2002940000000000131072
1995270000000000065536
2026430000000000065536
2027000000000000000000
2015070000000000065536
2028089999999999934464
2036489999999999934464
2060369999999999934464
2049150000000000065536
2054420000000000131072
2058600000000000000000
2054360000000000000000
2032160000000000000000
2039800000000000000000
2029680000000000000000
2040280000000000000000
2036130000000000196608
2046230000000000065536
2032589999999999803392
2041619999999999868928
2052139999999999868928
2092480000000000000000
2093380000000000131072
2094460000000000131072
2080600000000000000000
2090920000000000000000
2088199999999999737856
2093869999999999803392
2096469999999999803392
2100130000000000196608
2105380000000000131072
2159469999999999803392
2165500000000000131072
2162030000000000327680
2165209999999999934464
2160280000000000262144
2161090000000000196608
2168550000000000065536
2193800000000000262144
2211249999999999934464
2246849999999999934464
2238380000000000131072
2212170000000000196608
2234349999999999803392
2243469999999999803392
2231099999999999868928
2201090000000000196608
2205090000000000196608
2228739999999999868928
2272230000000000065536
2293640000000000000000
2281960000000000000000
2265829999999999803392
2253420000000000131072
2252600000000000000000
2263739999999999868928
2233320000000000262144
2249239999999999737856
2261800000000000262144
2236530000000000196608
2321750000000000065536
2335969999999999672320
2356670000000000065536
2375590000000000065536
2353219999999999868928
2366310000000000065536
2346280000000000262144
2353670000000000065536
2359170000000000196608
2360659999999999868928
2383840000000000000000
2356940000000000131072
2363229999999999803392
2358320000000000262144
2341590000000000065536
2351409999999999934464
2353909999999999803392
2337670000000000065536
2351769999999999934464
2354739999999999868928
2352280000000000262144
2252050000000000196608
2236989999999999803392
2249380000000000131072
2218000000000000000000
2186209999999999934464
2224010000000000196608
2230900000000000131072
2232860000000000131072
2207909999999999803392
2191500000000000131072
2176960000000000000000
2201880000000000000000
2165579999999999868928
2171199999999999737856
2170239999999999737856
2215139999999999868928
2252209999999999934464
2260469999999999803392
2251820000000000131072
2283150000000000065536
2307260000000000131072
2275769999999999934464
2293360000000000000000
2316040000000000000000
2280420000000000131072
2272209999999999934464
2272790000000000065536
2230699999999999868928
2241679999999999737856
2220469999999999803392
2253659999999999868928
2239949999999999803392
2251590000000000065536
2254689999999999934464
2233760000000000262144
2227560000000000000000
2214260000000000131072
2206499999999999868928
2214230000000000065536
2219239999999999737856
2232139999999999868928
2194340000000000131072
2172969999999999672320
2166949999999999803392
2139750000000000065536
2153010000000000196608
2174600000000000000000
2218369999999999934464
2236249999999999934464
2247400000000000000000
2235989999999999803392
2190000000000000000000
2175449999999999934464
2177159999999999737856
2185050000000000196608
2215520000000000000000
2210719999999999737856
2246369999999999934464
2204739999999999868928
2201650000000000196608
2201369999999999934464
2214630000000000065536
2253659999999999868928
2232510000000000327680
2224689999999999934464
2239880000000000000000
2249480000000000000000
2273760000000000262144
2313560000000000000000
2319940000000000131072
2311349999999999803392
2326070000000000065536
2274949999999999803392
2285130000000000196608
2288659999999999868928
2286460000000000131072
2292969999999999672320
2309699999999999868928
2317489999999999672320
2295880000000000000000
2289340000000000131072
2294300000000000131072
2289530000000000196608
2264989999999999803392
2276909999999999803392
2281199999999999737856
2279120000000000000000
2286570000000000196608
2273219999999999868928
2270949999999999803392
2268369999999999934464
2240889999999999934464
2241900000000000131072
2228099999999999868928
2210579999999999868928
2230679999999999737856
2217460000000000131072
2228460000000000131072
2285260000000000131072
2342310000000000065536
2347889999999999934464
2380210000000000196608
2415760000000000000000
2380899999999999868928
2402940000000000131072
2358869999999999803392
2362670000000000327680
2345320000000000262144
2352679999999999737856
2333590000000000065536
2373110000000000065536
2327760000000000262144
2316849999999999934464
2299310000000000065536
2298059999999999868928
2296300000000000131072
2287289999999999934464
2313270000000000065536
2299949999999999803392
2291170000000000196608
2283860000000000131072
2294159999999999737856
2307539999999999868928
2298219999999999868928
2294170000000000196608
2281570000000000196608
2273010000000000196608
2284289999999999934464
2303840000000000262144
2314710000000000065536
2337320000000000262144
2352280000000000262144
2387309999999999803392
2387889999999999672320
2392550000000000065536
2359280000000000262144
2368950000000000065536
2356170000000000196608
2369129999999999934464
2362800000000000000000
2309139999999999868928
2241329999999999934464
2208130000000000196608
2210560000000000000000
2232750000000000065536
2223139999999999868928
2230320000000000262144
2278750000000000065536
2277630000000000065536
2269030000000000327680
2244090000000000196608
2254219999999999868928
2243500000000000131072
2225989999999999803392
2235409999999999934464
2268840000000000262144
2255550000000000065536
2235159999999999737856
2239869999999999803392
2247440000000000000000
2246510000000000327680
2241739999999999868928
2243380000000000131072
2249840000000000262144
2238270000000000065536
2232070000000000065536
2249480000000000000000
2222869999999999803392
2191929999999999934464
2224670000000000065536
2240869999999999803392
2270489999999999672320
2355920000000000000000
2332800000000000262144
2311329999999999934464
2307300000000000131072
2300110000000000065536
2257860000000000131072
2271510000000000327680
2344900000000000131072
2362039999999999737856
2369309999999999803392
2403369999999999934464
2450019999999999868928
2478610000000000196608
2584820000000000393216
2613630000000000327680
2589960000000000262144
2657469999999999803392
2612999999999999737856
2621750000000000065536
2618349999999999803392
2589810000000000196608
2596080000000000000000
2647889999999999672320
2646169999999999934464
2581270000000000065536
2521719999999999737856
2547469999999999803392
2550840000000000262144
2542249999999999934464
2563030000000000065536
2569630000000000327680
2577619999999999868928
2550249999999999934464
2550240000000000000000
2537129999999999934464
2537159999999999737856
2500089999999999934464
2471020000000000131072
2502249999999999934464
2511750000000000065536
2537760000000000000000
2513090000000000196608
2532119999999999737856
2509920000000000000000
2535480000000000262144
2524540000000000131072
2528290000000000196608
2556569999999999934464
2573150000000000327680
2587760000000000000000
2570560000000000000000
2551430000000000065536
2540800000000000000000
2537670000000000065536
2531300000000000393216
2529400000000000262144
2526969999999999934464
2535789999999999803392
2519949999999999803392
2522540000000000131072
2436210000000000196608
2468199999999999737856
2456690000000000196608
2462219999999999606784
2486460000000000131072
2461719999999999737856
2490099999999999868928
2489739999999999606784
2479670000000000065536
2477100000000000131072
2468889999999999934464
2461580000000000131072
2459300000000000393216
2469969999999999672320
2473869999999999803392
2473300000000000393216
2472219999999999606784
2466599999999999737856
2472940000000000131072
2454889999999999934464
2434829999999999803392
2418409999999999934464
2378809999999999934464
2376480000000000000000
2319420000000000131072
2311429999999999803392
2336560000000000000000
2321260000000000131072
2215099999999999868928
2216960000000000000000
2183809999999999934464
2241510000000000327680
2211920000000000000000
2232139999999999868928
2243050000000000196608
2233650000000000196608
2211219999999999868928
2233949999999999803392
2215600000000000000000
2226590000000000065536
2229969999999999672320
2186630000000000065536
2216729999999999934464
2216099999999999868928
2222150000000000065536
2195769999999999934464
2252260000000000131072
2255829999999999803392
2259099999999999868928
2266889999999999934464
2273750000000000065536
2257769999999999934464
2264889999999999934464
2269650000000000196608
2272480000000000000000
2267689999999999934464
2286889999999999934464
2282719999999999737856
2281050000000000196608
2269489999999999672320
2253610000000000196608
2256880000000000000000
2270960000000000000000
2258689999999999934464
2263400000000000000000
2274729999999999934464
2293340000000000131072
2317679999999999737856
2311310000000000065536
2308689999999999934464
2313440000000000000000
2341090000000000196608
2374880000000000000000
2343030000000000327680
2342199999999999737856
2340110000000000065536
2298440000000000000000
2328310000000000065536
2322820000000000131072
2281560000000000000000
2255699999999999868928
2269739999999999868928
2264280000000000262144
2287550000000000065536
2303659999999999868928
2303500000000000131072
2300600000000000000000
2312239999999999737856
2317010000000000196608
2312909999999999803392
2299389999999999803392
2308219999999999868928
2320550000000000065536
2313510000000000327680
2302600000000000000000
2302630000000000065536
2302050000000000196608
2295719999999999737856
2302139999999999868928
2289699999999999868928
2304780000000000131072
2300869999999999803392
2279510000000000327680
2289010000000000196608
2293699999999999868928
2307989999999999803392
2327510000000000327680
2295170000000000196608
2301539999999999868928
2298989999999999803392
2314190000000000065536
2323689999999999934464
2322809999999999934464
2341640000000000000000
2378240000000000000000
2371379999999999868928
2363170000000000196608
2360630000000000065536
2359869999999999803392
2367889999999999672320
2418829999999999803392
2425100000000000131072
2432340000000000393216
2420670000000000327680
2424400000000000000000
2453719999999999737856
2421530000000000458752
2419900000000000131072
2448099999999999868928
2453260000000000131072
2503530000000000458752
2495600000000000000000
2487200000000000000000
2487289999999999934464
2512419999999999868928
2497030000000000065536
2484169999999999934464
2491800000000000262144
2498230000000000065536
2501209999999999934464
2529590000000000065536
2528720000000000000000
2532780000000000131072
2509780000000000393216
2508360000000000262144
2507520000000000000000
2500480000000000000000
2502080000000000000000
2488089999999999934464
2559070000000000327680
2612369999999999672320
2659840000000000000000
2642000000000000000000
2649530000000000458752
2682540000000000131072
2631619999999999868928
2612300000000000131072
2641639999999999737856
2637920000000000000000
2654000000000000000000
2756899999999999868928
2750720000000000000000
2763229999999999803392
2777539999999999868928
2803780000000000393216
2774679999999999737856
2795219999999999868928
2827989999999999541248
2836000000000000000000
2825550000000000327680
2848560000000000000000
2816269999999999803392
2824620000000000131072
2777200000000000000000
2763600000000000000000
2804039999999999737856
2794380000000000131072
2796210000000000196608
2781520000000000000000
2754960000000000000000
2775000000000000262144
2786380000000000131072
2782800000000000000000
2801699999999999868928
2802219999999999606784
2808080000000000000000
2830429999999999803392
2881559999999999737856
2887139999999999868928
2926640000000000000000
2912599999999999737856
2908849999999999672320
2934469999999999541248
2945260000000000131072
2907010000000000196608
2920999999999999737856
2937329999999999672320
2925260000000000131072
2985949999999999803392
3015139999999999868928
3005820000000000131072
2940400000000000000000
2899760000000000000000
2913910000000000065536
2912899999999999868928
2968640000000000000000
2934560000000000000000
2992699999999999606784
2989219999999999868928
2984999999999999737856
2984800000000000000000
2969400000000000262144
2954019999999999868928
2933190000000000065536
2942749999999999803392
2916290000000000196608
2945209999999999934464
2921010000000000196608
2930610000000000196608
2962380000000000131072
2961010000000000196608
2955630000000000327680
2987159999999999737856
2992160000000000000000
3025129999999999934464
3029910000000000065536
3039889999999999672320
3043250000000000196608
3081639999999999737856
3112599999999999737856
3107609999999999934464
3087600000000000000000
3056860000000000131072
3147100000000000131072
3181600000000000000000
3178429999999999803392
3219340000000000131072
3219000000000000262144
3256809999999999934464
3230969999999999934464
3250790000000000065536
3243820000000000131072
3250290000000000196608
3304400000000000000000
3298260000000000393216
3350599999999999737856
3301789999999999803392
3386960000000000000000
3409010000000000196608
3468409999999999934464
3515320000000000262144
3470489999999999934464
3403699999999999868928
3342010000000000458752
3368860000000000131072
3366849999999999672320
3412310000000000065536
3391859999999999868928
3429630000000000327680
3435900000000000131072
3445730000000000196608
3434130000000000196608
3409190000000000065536
3421539999999999868928
3428679999999999737856
3423760000000000000000
3433350000000000065536
3395500000000000131072
3415670000000000065536
3424880000000000000000
3467110000000000065536
3489650000000000196608
3474699999999999606784
3480950000000000065536
3508969999999999934464
3562989999999999803392
3595190000000000065536
3632800000000000000000
3695200000000000000000
3677139999999999868928
3733820000000000131072
3785409999999999672320
3371609999999999934464
3560590000000000327680
3541219999999999868928
3789459999999999868928
3880889999999999934464
3792189999999999803392
3856899999999999868928
3821699999999999868928
3775590000000000065536
3791590000000000065536
3789859999999999868928
3841350000000000065536
3873920000000000000000
3875609999999999934464
3904199999999999737856
3915590000000000065536
3954599999999999737856
3908189999999999803392
3936400000000000000000
3892550000000000065536
3933469999999999803392
3933600000000000000000
3920620000000000131072
3926800000000000000000
3888140000000000131072
3914050000000000196608
3942840000000000262144
3951459999999999868928
3940489999999999934464
3893800000000000262144
3906010000000000458752
3882790000000000065536
3869219999999999868928
4002599999999999737856
4036809999999999934464
4020989999999999803392
4034550000000000065536
4065609999999999934464
4029760000000000000000
4028590000000000327680
4023139999999999868928
3988019999999999868928
3981600000000000000000
3980489999999999934464
4045159999999999737856
4041910000000000065536
4052160000000000000000
3967539999999999868928
4006019999999999868928
4007600000000000000000
3995040000000000000000
3964950000000000065536
3957530000000000458752
3844899999999999868928
3779200000000000000000
3881100000000000131072
3721159999999999737856
3751289999999999934464
3685200000000000000000
3688889999999999934464
3690000000000000000000
3742640000000000000000
3734360000000000262144
3739000000000000262144
3691300000000000393216
3678329999999999934464
3599070000000000327680
3520499999999999868928
3568640000000000000000
3471000000000000262144
3573100000000000131072
3625459999999999868928
3649760000000000000000
3642039999999999737856
3596130000000000196608
3623869999999999803392
3595859999999999868928
3521719999999999737856
3478329999999999934464
3520480000000000000000
3419239999999999737856
3357989999999999541248
3274110000000000327680
3298800000000000000000
3333520000000000000000
3157209999999999934464
3159800000000000262144
3217600000000000000000
3292150000000000065536
3292349999999999803392
3378710000000000065536
3516219999999999606784
3510000000000000000000
3517010000000000196608
3530039999999999737856
3496999999999999737856
3441200000000000000000
3491630000000000327680
3521350000000000065536
3511750000000000065536
3405719999999999737856
3348729999999999934464
3343789999999999803392
3336510000000000327680
3305070000000000327680
3365449999999999934464
3364400000000000000000
3405350000000000065536
3386300000000000131072
3330010000000000458752
3309129999999999934464
3342409999999999934464
3387820000000000131072
3396560000000000000000
3382219999999999606784
3454960000000000000000
3454790000000000065536
3445699999999999868928
3436790000000000065536
3582019999999999868928
3639360000000000000000
3591219999999999868928
3624640000000000000000
3637200000000000000000
3630849999999999672320
3593800000000000262144
3560400000000000000000
3586469999999999541248
3603360000000000000000
3565010000000000196608
3584310000000000065536
3513170000000000196608
3489530000000000458752
3499409999999999672320
3494119999999999737856
3572510000000000327680
3575969999999999672320
3578119999999999737856
3564199999999999737856
3560550000000000065536
3562599999999999737856
3519750000000000065536
3550820000000000393216
3488199999999999737856
3501400000000000262144
3511590000000000065536
3492080000000000000000
3495030000000000065536
3561830000000000065536
3539600000000000000000
3511030000000000065536
3506940000000000131072
3538000000000000000000
3625400000000000262144
3609300000000000393216
3618199999999999737856
3638080000000000000000
3645300000000000393216
3612050000000000196608
3547309999999999803392
3539090000000000196608
3444599999999999737856
3486790000000000065536
3505200000000000000000
3368749999999999803392
3365500000000000131072
3308889999999999934464
3240999999999999737856
3279000000000000262144
3278920000000000262144
3316400000000000000000
3307800000000000262144
3320179999999999868928
3330300000000000131072
3316999999999999737856
3311910000000000065536
3275209999999999934464
3321800000000000262144
3340409999999999934464
3364480000000000000000
3367980000000000131072
3328569999999999934464
3309590000000000065536
3287910000000000065536
3243889999999999672320
3330000000000000000000
3321110000000000065536
3319389999999999803392
3333400000000000262144
3331420000000000131072
3331459999999999868928
3336349999999999803392
3349400000000000262144
3352199999999999737856
3390219999999999606784
3387000000000000262144
3391229999999999803392
3389559999999999737856
3381400000000000262144
3454269999999999803392
3422710000000000065536
3472760000000000262144
3631550000000000327680
3628050000000000196608
3701980000000000131072
3694419999999999868928
3692729999999999934464
3642510000000000327680
3633010000000000196608
3528999999999999737856
3517300000000000393216
3504800000000000000000
3512599999999999737856
3535810000000000196608
3521040000000000000000
3478499999999999868928
3519590000000000065536
3545079999999999737856
3575389999999999803392
3583200000000000000000
3522849999999999672320
3508000000000000000000
3517600000000000000000
3502419999999999868928
3535000000000000262144
3516390000000000065536
3530800000000000000000
3439989999999999541248
3206409999999999934464
3239760000000000000000
3231739999999999606784
3258699999999999606784
3269820000000000131072
3273079999999999737856
3086800000000000000000
3010800000000000000000
2972349999999999803392
3085980000000000131072
3028800000000000000000
3056599999999999737856
3074610000000000196608
3158790000000000065536
3149400000000000262144
3245580000000000131072
3233600000000000000000
3165400000000000262144
3101340000000000131072
3102369999999999672320
3073179999999999606784
3108199999999999737856
3093800000000000262144
3011000000000000262144
3059639999999999737856
3085400000000000262144
3096369999999999672320
3077400000000000262144
3041590000000000065536
2946550000000000065536
2999989999999999541248
2985570000000000196608
3025360000000000000000
2975600000000000000000
3047200000000000000000
3070499999999999868928
3066199999999999737856
3065659999999999606784
2980409999999999934464
3085800000000000262144
3104849999999999672320
3081489999999999672320
3104800000000000000000
3057760000000000000000
3057680000000000000000
3061409999999999672320
3048199999999999737856
3111000000000000262144
3149250000000000196608
3157409999999999672320
3168800000000000000000
3180599999999999737856
3169630000000000327680
3159209999999999934464
3137480000000000262144
3147869999999999803392
3190699999999999606784
3205600000000000000000
3196199999999999737856
3184390000000000065536
3189600000000000000000
3201209999999999934464
3185730000000000196608
3161400000000000262144
3180780000000000131072
3226429999999999803392
3218000000000000000000
3220060000000000131072
3237709999999999803392
3250369999999999672320
3282010000000000458752
3173869999999999803392
3134800000000000000000
3139190000000000065536
3146219999999999606784
3135400000000000262144
3110809999999999934464
3158610000000000196608
3164050000000000196608
3155190000000000065536
3142130000000000196608
3135929999999999934464
3128019999999999868928
3116409999999999934464
3133170000000000196608
3129609999999999934464
3122000000000000000000
3118429999999999803392
3122929999999999672320
3142950000000000065536
3234599999999999737856
3253010000000000196608
3306860000000000131072
3315200000000000000000
3284800000000000000000
3319590000000000065536
3315810000000000196608
3262599999999999737856
3177200000000000000000
3187550000000000327680
3159200000000000000000
3181400000000000262144
3184599999999999737856
3215609999999999934464
3179789999999999803392
3156800000000000000000
3006599999999999737856
2994400000000000000000
2923789999999999803392
3011830000000000065536
3000699999999999606784
2866400000000000000000
2902189999999999803392
2881960000000000262144
2923600000000000000000
2968099999999999868928
2925469999999999803392
2919409999999999672320
2993989999999999541248
2990000000000000000000
3000000000000000000000
2986400000000000000000
3010199999999999737856
2968749999999999803392
2979379999999999868928
3076590000000000327680
3073849999999999934464
3103309999999999803392
3112019999999999868928
3096599999999999737856
3130840000000000262144
3127260000000000131072
3137800000000000262144
3117910000000000065536
3087400000000000262144
3106189999999999803392
3137600000000000000000
3160670000000000327680
3142809999999999934464
3136870000000000065536
3134729999999999934464
3181030000000000065536
3149769999999999934464
3089480000000000262144
3069329999999999672320
3062620000000000131072
3049379999999999868928
3078329999999999934464
3063409999999999672320
3071570000000000196608
3049800000000000262144
3006000000000000000000
3031680000000000000000
2993769999999999934464
2990460000000000131072
3006560000000000000000
2998530000000000196608
2973209999999999934464
2996369999999999672320
2982380000000000131072
2975980000000000131072
3004510000000000327680
3021580000000000131072
3035960000000000262144
3028710000000000065536
3041769999999999934464
3038480000000000000000
2918240000000000000000
2899600000000000000000
2909340000000000131072
2910699999999999606784
2920999999999999737856
2902400000000000000000
2923600000000000000000
2929800000000000262144
2911590000000000065536
2919750000000000065536
2907110000000000065536
2926400000000000000000
2936780000000000131072
2927989999999999541248
2927800000000000262144
2889200000000000000000
2952010000000000458752
2964760000000000262144
2960409999999999934464
2956400000000000000000
2950560000000000000000
2940010000000000458752
2918409999999999934464
2906199999999999737856
2897190000000000065536
2891200000000000000000
2880620000000000131072
2901229999999999803392
2915680000000000000000
2898530000000000196608
2977229999999999803392
3027530000000000458752
3033609999999999934464
3014210000000000196608
3016640000000000000000
3007400000000000262144
2956809999999999934464
2944499999999999868928
2944840000000000262144
2950280000000000262144
3025590000000000065536
3030860000000000131072
3113070000000000327680
3086199999999999737856
3093209999999999934464
3114929999999999672320
3102199999999999737856
3135280000000000000000
3111609999999999934464
3120390000000000065536
3123630000000000327680
3130199999999999737856
3116249999999999934464
3103329999999999672320
3078119999999999737856
3064219999999999606784
3070449999999999672320
3087000000000000262144
3092199999999999737856
3094189999999999803392
3118599999999999737856
3440800000000000000000
3662419999999999868928
3696530000000000196608
3659810000000000196608
3776480000000000000000
3776620000000000131072
3711600000000000000000
3789580000000000131072
3792199999999999737856
3745469999999999803392
3690089999999999934464
3761200000000000000000
3735200000000000000000
3736519999999999737856
3779699999999999868928
3811800000000000262144
3916849999999999672320
3810790000000000065536
3786419999999999868928
3782219999999999606784
3801699999999999868928
3678599999999999737856
3711040000000000000000
3692000000000000000000
3742929999999999672320
3727580000000000131072
3744290000000000196608
3745209999999999934464
3738800000000000000000
3743360000000000000000
3757639999999999737856
3748870000000000065536
3770599999999999737856
3784800000000000000000
3811239999999999737856
3831600000000000000000
3876800000000000000000
3824929999999999672320
3917650000000000196608
3912569999999999934464
3897159999999999737856
3960780000000000131072
3868999999999999737856
3891530000000000458752
3847010000000000196608
3844329999999999934464
3899510000000000065536
3856569999999999934464
3836280000000000262144
3840659999999999868928
3847190000000000065536
3817800000000000262144
3806219999999999606784
3757040000000000000000
3746630000000000065536
3762550000000000065536
3786940000000000131072
3717889999999999672320
3733750000000000065536
3774000000000000000000
3761090000000000196608
3745949999999999803392
3759070000000000327680
3728550000000000065536
3800800000000000000000
3742800000000000000000
3780199999999999737856
3758579999999999868928
3775619999999999868928
3770210000000000196608
3784840000000000262144
3795430000000000065536
3801219999999999868928
3812940000000000131072
3803880000000000262144
3789969999999999672320
3802400000000000000000
3795989999999999541248
3780000000000000000000
3779030000000000065536
3796950000000000065536
3815989999999999541248
3807400000000000262144
3795859999999999868928
3773209999999999934464
3766409999999999934464
3772929999999999672320
3773800000000000262144
3763680000000000000000
3810369999999999672320
3800999999999999737856
3810809999999999934464
3811000000000000262144
3809789999999999803392
3803559999999999737856
3813400000000000262144
3876599999999999737856
3867179999999999606784
3862620000000000131072
3851820000000000131072
3848550000000000065536
3843400000000000262144
3789800000000000262144
3812179999999999868928
3805219999999999868928
3814699999999999606784
3833289999999999934464
3798010000000000458752
3685200000000000000000
3676809999999999934464
3688440000000000262144
3707289999999999934464
3682390000000000065536
3687000000000000262144
3681680000000000000000
3680790000000000065536
3673730000000000196608
3685789999999999803392
3693139999999999868928
3690400000000000000000
3700999999999999737856
3705750000000000065536
3682829999999999803392
3648000000000000000000
3674429999999999803392
3700210000000000196608
3669329999999999672320
3666440000000000262144
3593989999999999541248
3532950000000000065536
3526679999999999737856
3444870000000000065536
3496150000000000065536
3496940000000000131072
3508809999999999934464
3525939999999999868928
3531580000000000131072
3619090000000000196608
3532300000000000131072
3559800000000000262144
3502210000000000196608
3507420000000000131072
3496400000000000000000
3441800000000000262144
3480030000000000327680
3467650000000000196608
3489229999999999803392
3514610000000000196608
3512080000000000000000
3460599999999999737856
3404610000000000196608
3479340000000000131072
3502000000000000000000
3527200000000000000000
3537360000000000000000
3563459999999999868928
3556199999999999737856
3566160000000000000000
3552400000000000000000
3559139999999999868928
3552800000000000000000
3589600000000000000000
3595880000000000262144
3621810000000000196608
3580219999999999606784
3551190000000000065536
3525440000000000000000
3495020000000000131072
3551590000000000065536
3509880000000000262144
3440800000000000000000
3443800000000000262144
3413369999999999934464
3422860000000000131072
3421789999999999803392
3482390000000000065536
3565179999999999606784
3543609999999999934464
3535229999999999803392
3528019999999999868928
3545010000000000196608
3559200000000000000000
3552290000000000196608
3605769999999999934464
3597179999999999606784
3504690000000000196608
3531830000000000065536
3510610000000000196608
3499800000000000262144
3472809999999999934464
3501800000000000262144
3489800000000000262144
3533400000000000262144
3516800000000000000000
3504989999999999803392
3492089999999999934464
3491580000000000131072
3503580000000000131072
3490599999999999737856
3494230000000000065536
3517350000000000065536
3510620000000000131072
3496119999999999737856
3472579999999999868928
3478089999999999934464
3418530000000000196608
3400780000000000131072
3367789999999999803392
3319409999999999672320
3278400000000000000000
3292219999999999606784
3350780000000000131072
3371020000000000131072
3358670000000000327680
3374000000000000000000
3418210000000000196608
3416809999999999934464
3394599999999999737856
3394400000000000000000
3401190000000000065536
3380979999999999868928
3361369999999999934464
3406130000000000196608
3369689999999999934464
3382199999999999737856
3372199999999999737856
3400739999999999868928
3449800000000000262144
3445949999999999803392
3446390000000000065536
3457600000000000000000
3428010000000000458752
3448510000000000327680
3408999999999999737856
3373179999999999606784
3374260000000000393216
3380590000000000327680
3394640000000000000000
3395209999999999934464
3389789999999999803392
3381820000000000131072
3373800000000000262144
3365949999999999803392
3388579999999999868928
3383600000000000000000
3394579999999999868928
3423570000000000196608
3433190000000000065536
3494620000000000131072
3487000000000000262144
3455719999999999737856
3470400000000000000000
3469440000000000000000
3439600000000000000000
3453030000000000065536
3434840000000000262144
3447789999999999803392
3411639999999999737856
3410599999999999737856
3416340000000000393216
3355619999999999868928
3348070000000000065536
3303590000000000065536
3299789999999999803392
3263190000000000065536
3292000000000000000000
3241190000000000065536
3180599999999999737856
3157200000000000000000
3137329999999999672320
3132380000000000131072
3058290000000000196608
2920169999999999934464
2881389999999999803392
2946659999999999868928
2991010000000000196608
2988119999999999737856
2982000000000000000000
2980400000000000000000
3004749999999999803392
3006010000000000458752
3020979999999999868928
3058460000000000131072
3067170000000000196608
3051389999999999803392
3004780000000000131072
3015209999999999934464
2970400000000000000000
2984999999999999737856
2930400000000000000000
2879800000000000262144
2927000000000000262144
3053190000000000065536
2968800000000000000000
3004000000000000000000
3019000000000000262144
3064000000000000000000
3060960000000000000000
3083239999999999737856
3068390000000000065536
3069110000000000065536
3066189999999999803392
3080590000000000327680
3097840000000000000000
3102400000000000000000
3122199999999999737856
3106530000000000196608
3101260000000000131072
3076329999999999934464
3117880000000000262144
3146940000000000131072
3118199999999999737856
3107600000000000000000
3099590000000000065536
3086089999999999934464
3072599999999999737856
3070000000000000000000
3132010000000000458752
3116809999999999934464
3134400000000000000000
3121430000000000065536
3140999999999999737856
3157329999999999672320
3155600000000000000000
3164199999999999737856
3176790000000000065536
3173780000000000393216
3196800000000000000000
3203800000000000262144
3191389999999999803392
3192199999999999737856
3245800000000000262144
3330790000000000065536
3358210000000000196608
3340390000000000065536
3369989999999999541248
3408800000000000000000
3485139999999999868928
3471659999999999606784
3378599999999999737856
3421190000000000065536
3477600000000000000000
3476000000000000000000
3446000000000000000000
3482320000000000000000
3487980000000000131072
3450199999999999737856
3438499999999999868928
3417500000000000131072
3387639999999999737856
3431170000000000196608
3433010000000000196608
3459079999999999737856
3389800000000000262144
3404999999999999737856
3425800000000000262144
3429100000000000131072
3391209999999999934464
3403600000000000000000
3465400000000000262144
3525200000000000000000
3505800000000000262144
3497200000000000000000
3490000000000000000000
3486809999999999934464
3504989999999999803392
3516400000000000000000
3518800000000000000000
3511920000000000000000
3486240000000000000000
3499889999999999672320
3501200000000000000000
3492400000000000000000
3536110000000000327680
3518000000000000000000
3479619999999999868928
3500499999999999868928
3457910000000000065536
3499600000000000000000
3440710000000000065536
3475609999999999934464
3455300000000000393216
3516699999999999606784
3455500000000000131072
3458400000000000000000
3483379999999999868928
3449200000000000000000
3447110000000000065536
3460099999999999868928
3415309999999999803392
3362610000000000196608
3335580000000000131072
3167800000000000262144
3171600000000000000000
3171800000000000262144
3141309999999999803392
3123300000000000393216
3174409999999999934464
3236310000000000065536
3250400000000000000000
3246409999999999934464
3255100000000000131072
3274210000000000196608
3275300000000000393216
3245800000000000262144
3272510000000000327680
3279209999999999934464
3281609999999999934464
3261920000000000000000
3249900000000000131072
3237820000000000131072
3227810000000000196608
3256510000000000327680
3268550000000000065536
3271709999999999803392
3270199999999999737856
3348449999999999672320
3367010000000000196608
3375000000000000262144
3308099999999999868928
3310310000000000065536
3317699999999999868928
3320599999999999737856
3340489999999999934464
3334699999999999606784
3320000000000000000000
3272010000000000458752
3278419999999999868928
3293699999999999868928
3316400000000000000000
3321400000000000262144
3301110000000000065536
3265200000000000000000
3231609999999999934464
3177320000000000262144
3165500000000000131072
3186950000000000065536
3115000000000000262144
3128899999999999868928
3200800000000000000000
3165600000000000000000
3144999999999999737856
3151179999999999606784
3036599999999999737856
3008699999999999606784
2986000000000000000000
2979400000000000262144
2980999999999999737856
2995200000000000000000
2943110000000000065536
2892380000000000131072
2902160000000000000000
2914599999999999737856
2891539999999999868928
2912800000000000000000
2824710000000000065536
2756899999999999868928
2688199999999999737856
2313270000000000065536
2357640000000000000000
2291400000000000000000
2452840000000000262144
2405400000000000262144
2420199999999999737856
2493190000000000065536
2525329999999999672320
2459229999999999803392
2527800000000000262144
2494400000000000000000
2462390000000000065536
2508199999999999737856
2512460000000000131072
2474809999999999934464
2413030000000000065536
2350199999999999737856
2343750000000000065536
2431190000000000065536
2414499999999999868928
2448400000000000000000
2508240000000000000000
2574400000000000000000
2683420000000000131072
2695010000000000196608
2671049999999999934464
2635389999999999803392
2559200000000000000000
2591000000000000262144
2599900000000000131072
2603379999999999868928
2635750000000000065536
2637200000000000000000
2600199999999999737856
2603789999999999803392
2610649999999999934464
2646739999999999868928
2678000000000000000000
2654409999999999934464
2614000000000000000000
2599869999999999803392
2555689999999999934464
2541449999999999934464
2568590000000000327680
2675049999999999934464
2690199999999999737856
2659800000000000262144
2723400000000000262144
2657600000000000000000
2649709999999999803392
2645209999999999934464
2653209999999999934464
2713190000000000065536
2703409999999999672320
2710440000000000262144
2728599999999999737856
2751550000000000327680
2675250000000000196608
2669590000000000065536
2662089999999999934464
2652540000000000131072
2614800000000000000000
2638119999999999737856
2668929999999999672320
2550060000000000131072
2570659999999999868928
2580599999999999737856
2617049999999999934464
2612390000000000065536
2569789999999999803392
2621600000000000000000
2593480000000000262144
2595889999999999672320
2600829999999999803392
2599880000000000262144
2607280000000000000000
2615360000000000000000
2615190000000000065536
2607750000000000065536
2608390000000000065536
2649920000000000000000
2672780000000000131072
2668599999999999737856
2611010000000000196608
2645239999999999737856
2615059999999999868928
2588999999999999737856
2585340000000000131072
2607260000000000131072
2637200000000000000000
2663320000000000262144
2675880000000000262144
2644440000000000262144
2575440000000000000000
2602199999999999737856
2572960000000000000000
2591929999999999934464
2600840000000000262144
2578599999999999737856
2602499999999999868928
2647590000000000065536
2631699999999999868928
2617200000000000000000
2637630000000000327680
2642989999999999803392
2600230000000000065536
2606000000000000000000
2623780000000000393216
2636469999999999541248
2669600000000000000000
2653559999999999737856
2671340000000000131072
2747600000000000000000
2764499999999999868928
2749200000000000000000
2760499999999999868928
2757600000000000000000
2762519999999999737856
2794419999999999868928
2769200000000000000000
2765730000000000196608
2745520000000000000000
2752409999999999934464
2765590000000000065536
2767849999999999934464
2747789999999999803392
2745449999999999934464
2734659999999999868928
2738230000000000065536
2723000000000000262144
2681250000000000196608
2681270000000000065536
2685800000000000262144
2688499999999999868928
2626829999999999803392
2579159999999999737856
2584979999999999868928
2458409999999999934464
2478940000000000131072
2438249999999999934464
2523719999999999737856
2496739999999999868928
2506000000000000000000
2528249999999999934464
2523889999999999672320
2548230000000000065536
2555800000000000262144
2576979999999999868928
2529150000000000327680
2528000000000000000000
2517010000000000196608
2517880000000000262144
2512530000000000196608
2448590000000000327680
2507379999999999868928
2525889999999999672320
2523190000000000065536
2520999999999999737856
2525789999999999803392
2519170000000000196608
2499789999999999803392
2513129999999999934464
2488530000000000196608
2486449999999999672320
2477400000000000262144
2480909999999999803392
2501609999999999934464
2426260000000000393216
2450269999999999803392
2440790000000000065536
2515719999999999737856
2513400000000000262144
2524300000000000131072
2537900000000000131072
2516089999999999934464
2520119999999999737856
2508790000000000065536
2443469999999999803392
2446800000000000000000
2424800000000000000000
2372019999999999868928
2400899999999999868928
2398829999999999803392
2455600000000000000000
2452050000000000196608
2450780000000000131072
2405129999999999934464
2412290000000000196608
2389420000000000131072
2371600000000000000000
2363409999999999672320
2368130000000000196608
2392210000000000196608
2344159999999999737856
2372569999999999934464
2289000000000000000000
2220929999999999934464
2224840000000000262144
2237800000000000262144
2287800000000000262144
2283480000000000000000
2300640000000000000000
2290420000000000131072
2273389999999999803392
2285530000000000196608
2294420000000000131072
2296400000000000000000
2246040000000000000000
2271960000000000000000
2297389999999999803392
2303600000000000000000
2313869999999999803392
2315590000000000065536
2292790000000000065536
2350809999999999934464
2360199999999999737856
2341000000000000000000
2363609999999999934464
2351260000000000131072
2325019999999999868928
2381510000000000065536
2388610000000000196608
2348219999999999868928
2342600000000000000000
2327280000000000262144
2326000000000000000000
2342400000000000000000
2340969999999999672320
2368480000000000000000
2359739999999999868928
2348329999999999934464
2323360000000000000000
2360790000000000065536
2362000000000000000000
2356230000000000065536
2348969999999999672320
2354600000000000000000
2408290000000000196608
2422060000000000131072
2440599999999999737856
2433949999999999803392
2421500000000000131072
2418010000000000458752
2419440000000000000000
2409459999999999868928
2418550000000000065536
2420889999999999934464
2423530000000000458752
2407400000000000262144
2409420000000000131072
2372929999999999672320
2316420000000000131072
2278340000000000131072
2310800000000000262144
2307949999999999803392
2287209999999999934464
2275429999999999803392
2295630000000000065536
2284080000000000000000
2309249999999999934464
2308420000000000131072
2384380000000000131072
2353560000000000000000
2342059999999999868928
2334800000000000262144
2330360000000000000000
2300460000000000131072
2296150000000000065536
2315320000000000262144
2374550000000000065536
2404409999999999934464
2438349999999999803392
2436010000000000458752
2440400000000000000000
2461590000000000065536
2466189999999999803392
2520610000000000196608
2561590000000000065536
2545420000000000131072
2559600000000000000000
2541190000000000065536
2561510000000000065536
2544400000000000000000
2556089999999999934464
2556880000000000000000
2560400000000000000000
2572599999999999737856
2613070000000000327680
2595209999999999934464
2588050000000000196608
2580790000000000065536
2570649999999999934464
2578199999999999737856
2580820000000000393216
2676199999999999737856
2646550000000000065536
2646039999999999737856
2675530000000000458752
2673059999999999868928
2646920000000000262144
2627170000000000196608
2646849999999999672320
2636809999999999934464
2612280000000000262144
2650800000000000000000
2653600000000000000000
2647049999999999934464
2621889999999999672320
2627219999999999868928
2600920000000000262144
2570670000000000327680
2579920000000000000000
2601400000000000262144
2629400000000000262144
2628590000000000327680
2652199999999999737856
2650099999999999868928
2632720000000000000000
2638550000000000065536
2658189999999999803392
2652630000000000065536
2684409999999999934464
2702199999999999737856
2695170000000000196608
2691110000000000065536
2678610000000000196608
2675600000000000000000
2670499999999999868928
2678849999999999672320
2676000000000000000000
2675209999999999934464
2641769999999999934464
2653030000000000065536
2666989999999999803392
2667469999999999803392
2658150000000000065536
2630140000000000131072
2637989999999999541248
2629110000000000065536
2595939999999999868928
2593830000000000065536
2601699999999999868928
2628749999999999803392
2645379999999999868928
2628780000000000131072
2523590000000000065536
2488089999999999934464
2448000000000000000000
2489010000000000196608
2481680000000000000000
2455179999999999606784
2460499999999999868928
2371910000000000065536
2364060000000000131072
2399100000000000131072
2364550000000000065536
2352080000000000000000
2340190000000000065536
2353619999999999868928
2349739999999999868928
2367209999999999934464
2381670000000000065536
2385800000000000262144
2416630000000000065536
2428899999999999868928
2414489999999999934464
2399350000000000065536
2415229999999999803392
2417430000000000065536
2415030000000000065536
2396169999999999934464
2414290000000000196608
2413400000000000262144
2417580000000000131072
2426690000000000196608
2446540000000000131072
2441689999999999934464
2440000000000000000000
2495040000000000000000
2480579999999999868928
2474909999999999803392
2474199999999999737856
2444599999999999737856
2422809999999999934464
2437539999999999868928
2427830000000000065536
2438620000000000131072
2418340000000000393216
2438739999999999868928
2439650000000000196608
2445869999999999803392
2435229999999999803392
2439789999999999803392
2459590000000000065536
2416569999999999934464
2368880000000000000000
2393049999999999934464
2393590000000000065536
2403810000000000196608
2402169999999999934464
2365090000000000196608
2384569999999999934464
2409079999999999737856
2405989999999999541248
2416560000000000000000
2443619999999999868928
2459789999999999803392
2438880000000000000000
2438340000000000393216
2445920000000000000000
2451840000000000000000
2472790000000000065536
2472400000000000000000
2475960000000000262144
2457699999999999868928
2464780000000000131072
2457920000000000000000
2440010000000000458752
2457480000000000262144
2468169999999999934464
2520160000000000000000
2534380000000000131072
2536419999999999868928
2634729999999999934464
2620400000000000000000
2629360000000000000000
2611239999999999737856
2614729999999999934464
2585630000000000327680
2573110000000000065536
2591949999999999803392
2607020000000000131072
2616649999999999934464
2606989999999999803392
2629980000000000131072
2607320000000000262144
2614889999999999934464
2610950000000000065536
2640360000000000262144
2627619999999999868928
2597320000000000262144
2629969999999999672320
2594560000000000000000
2604979999999999868928
2609630000000000327680
2643889999999999672320
2621350000000000065536
2653159999999999737856
2651420000000000131072
2641929999999999934464
2646340000000000393216
2641079999999999737856
2631379999999999868928
2645789999999999803392
2641680000000000000000
2648210000000000196608
2640419999999999868928
2646150000000000065536
2649090000000000196608
2705820000000000131072
2699639999999999737856
2746290000000000196608
2733110000000000065536
2721409999999999672320
2703420000000000131072
2678889999999999934464
2679209999999999934464
2665849999999999934464
2643289999999999934464
2645329999999999672320
2630880000000000000000
2622840000000000262144
2626720000000000000000
2621780000000000393216
2614599999999999737856
2601070000000000327680
2579260000000000131072
2538409999999999934464
2509780000000000393216
2522419999999999868928
2542390000000000065536
2542449999999999672320
2526880000000000000000
2524110000000000327680
2538560000000000000000
2534610000000000196608
2520620000000000131072
2483000000000000262144
2543619999999999868928
2523699999999999868928
2472199999999999737856
2436230000000000065536
2448380000000000131072
2462630000000000065536
2470019999999999868928
2454599999999999737856
2483449999999999934464
2479590000000000065536
2481760000000000000000
2478230000000000065536
2466670000000000327680
2499209999999999934464
2491650000000000196608
2505200000000000000000
2475120000000000000000
2508419999999999868928
2524260000000000393216
2498889999999999934464
2505619999999999868928
2566210000000000196608
2605780000000000393216
2611559999999999737856
2630310000000000065536
2648080000000000000000
2624620000000000131072
2638340000000000393216
2641120000000000000000
2667960000000000262144
2658230000000000065536
2682400000000000000000
2655000000000000262144
2658400000000000000000
2656369999999999672320
2645590000000000065536
2638260000000000393216
2561590000000000065536
2511600000000000000000
2515239999999999737856
2500400000000000000000
2501859999999999868928
2513500000000000131072
2499389999999999803392
2512780000000000131072
2510400000000000000000
2506060000000000131072
2506920000000000262144
2501170000000000196608
2488030000000000327680
2492380000000000131072
2493580000000000131072
2448800000000000000000
2449020000000000131072
2453789999999999803392
2441609999999999934464
2451960000000000262144
2456599999999999737856
2472409999999999934464
2457800000000000262144
2468249999999999934464
2441510000000000065536
2428780000000000131072
2397120000000000000000
2418820000000000393216
2441760000000000000000
2439520000000000000000
2440560000000000000000
2408169999999999934464
2422400000000000000000
2579469999999999803392
2594419999999999868928
2630199999999999737856
2635889999999999672320
2690889999999999934464
2724670000000000327680
2854349999999999803392
2821670000000000065536
2793800000000000262144
2849369999999999934464
2888380000000000131072
2897590000000000065536
2904640000000000000000
2916189999999999803392
2917340000000000131072
2939480000000000262144
2953609999999999934464
2963989999999999541248
2967769999999999934464
3032599999999999737856
3053989999999999541248
3042320000000000000000
3072160000000000000000
3127820000000000131072
3137110000000000065536
3186929999999999672320
3221820000000000131072
3211869999999999803392
3166820000000000393216
3186019999999999868928
3198010000000000458752
3142790000000000065536
3200670000000000327680
3241800000000000262144
3307010000000000196608
3376000000000000000000
3340160000000000000000
3373400000000000262144
3286219999999999606784
3264590000000000327680
3278219999999999606784
3247580000000000131072
3212590000000000327680
3165209999999999934464
3172199999999999737856
3316620000000000131072
3163219999999999868928
3191379999999999868928
3219810000000000196608
3220400000000000000000
3188010000000000458752
3078050000000000196608
3146809999999999934464
3059100000000000131072
3084169999999999934464
3040880000000000000000
3104300000000000131072
3023389999999999803392
3040089999999999934464
3091040000000000000000
3156360000000000262144
3108199999999999737856
3196169999999999934464
3142169999999999934464
3170659999999999868928
3134409999999999934464
3082210000000000196608
3136599999999999737856
3105409999999999672320
3086060000000000131072
3097949999999999803392
3076340000000000393216
3112099999999999868928
3130749999999999803392
3056409999999999934464
3143810000000000196608
3129270000000000065536
3209619999999999868928
3149929999999999934464
3120440000000000262144
3128640000000000000000
3107000000000000262144
3125609999999999934464
3112060000000000131072
3099769999999999934464
3112599999999999737856
3103459999999999868928
3133389999999999803392
3061289999999999934464
3072169999999999934464
3084630000000000065536
3138820000000000393216
3148979999999999868928
3278640000000000000000
3349600000000000000000
3359810000000000196608
3369699999999999868928
3367000000000000262144
3347699999999999868928
3317709999999999803392
3285480000000000262144
3331800000000000262144
3349600000000000000000
3345379999999999868928
3358489999999999934464
3467260000000000131072
3412230000000000065536
3397209999999999934464
3431309999999999803392
3426440000000000262144
3348950000000000065536
3296599999999999737856
3328620000000000131072
3364790000000000065536
3366320000000000000000
3403400000000000262144
3475170000000000196608
3517810000000000196608
3464089999999999934464
3414920000000000262144
3436099999999999868928
3395229999999999803392
3323739999999999606784
3296849999999999672320
3301110000000000065536
3323229999999999803392
3359920000000000000000
3423670000000000065536
3460690000000000196608
3555000000000000262144
3594579999999999868928
3657420000000000131072
3602599999999999737856
3594590000000000327680
3621789999999999803392
3542360000000000262144
3575420000000000131072
3579389999999999803392
3584210000000000196608
3545550000000000327680
3595980000000000131072
3618510000000000327680
3585680000000000000000
3593590000000000065536
3658480000000000000000
3704590000000000327680
3655409999999999672320
3675800000000000262144
3691329999999999672320
3706099999999999868928
3707789999999999803392
3704300000000000131072
3694460000000000131072
3731300000000000393216
3710030000000000327680
3710349999999999803392
3687820000000000131072
3669020000000000131072
3589280000000000000000
3674590000000000327680
3612809999999999934464
3644659999999999868928
3640809999999999934464
3617239999999999737856
3614000000000000000000
3573209999999999934464
3578010000000000458752
3617209999999999934464
3664390000000000065536
3717960000000000262144
3731260000000000131072
3825750000000000065536
3847209999999999934464
3844000000000000000000
3836019999999999868928
3853480000000000262144
3934409999999999934464
3892140000000000131072
3832489999999999934464
3789010000000000196608
3908989999999999803392
3896579999999999868928
3870089999999999934464
3997530000000000458752
4075580000000000131072
4005609999999999934464
3993209999999999934464
3991030000000000065536
4002670000000000327680
4008280000000000262144
4015989999999999541248
4000440000000000262144
3992489999999999934464
3983600000000000000000
3974320000000000000000
3993200000000000000000
3991020000000000131072
4007200000000000000000
3931949999999999803392
3919609999999999934464
3850460000000000131072
3822449999999999672320
3790960000000000000000
3713600000000000000000
3684419999999999868928
3735580000000000131072
3752400000000000000000
3568569999999999934464
3631789999999999803392
3630820000000000393216
3667129999999999934464
3654000000000000000000
3718480000000000000000
3790780000000000131072
3808340000000000393216
3834960000000000000000
3937409999999999672320
3907070000000000327680
3913609999999999934464
3960199999999999737856
3871580000000000131072
3882569999999999934464
3933689999999999934464
3886670000000000327680
3901969999999999672320
3887030000000000065536
3918540000000000131072
3907619999999999868928
3911530000000000458752
3921070000000000327680
3894620000000000131072
3888960000000000000000
3859049999999999934464
3869689999999999934464
3873280000000000000000
3844849999999999672320
3876659999999999868928
3893409999999999672320
3902550000000000065536
3958169999999999934464
3941309999999999803392
3972630000000000065536
3908210000000000196608
3940599999999999737856
4058210000000000196608
3987320000000000262144
4035329999999999672320
3994979999999999868928
3996860000000000131072
3938920000000000262144
3944179999999999868928
3893360000000000000000
3849750000000000065536
3847550000000000327680
3882409999999999934464
3867190000000000065536
3767900000000000131072
3624829999999999803392
3665989999999999541248
3692280000000000262144
3703830000000000065536
3611229999999999803392
3435609999999999934464
3414380000000000131072
3411200000000000000000
3387280000000000000000
3099769999999999934464
3372310000000000065536
3478739999999999868928
3469639999999999737856
3465459999999999868928
3521609999999999934464
3440690000000000196608
3389409999999999672320
3358449999999999672320
3337170000000000196608
3354349999999999803392
3330390000000000065536
3379320000000000262144
3300060000000000131072
3244590000000000327680
3278499999999999868928
3347469999999999803392
3301780000000000393216
3336000000000000000000
3273389999999999803392
3333389999999999803392
3418210000000000196608
3392590000000000327680
3396099999999999868928
3409320000000000262144
3489910000000000065536
3464130000000000196608
3491110000000000065536
3475789999999999803392
3486460000000000131072
3469190000000000065536
3470010000000000458752
3477400000000000262144
3494210000000000196608
3453020000000000131072
3419090000000000196608
3369340000000000131072
3340880000000000000000
3337250000000000196608
3330800000000000000000
3374659999999999868928
3321250000000000196608
3415190000000000065536
3321200000000000000000
3350360000000000262144
3328989999999999803392
3340610000000000196608
3329609999999999934464
3354110000000000327680
3362110000000000327680
3394749999999999803392
3397680000000000000000
3376749999999999803392
3401440000000000000000
3392550000000000065536
3367980000000000131072
3355659999999999606784
3350000000000000000000
3396579999999999868928
3420300000000000131072
3417600000000000000000
3317389999999999803392
3397840000000000000000
3355609999999999934464
3334829999999999803392
3348579999999999868928
3389100000000000131072
3408380000000000131072
3349559999999999737856
3330809999999999934464
3347869999999999803392
3339969999999999672320
3334230000000000065536
3345609999999999934464
3349500000000000131072
3353209999999999934464
3382820000000000393216
3415530000000000458752
3467280000000000000000
3460179999999999868928
3459989999999999541248
3452380000000000131072
3466620000000000131072
3430219999999999606784
3463309999999999803392
3562000000000000000000
3620950000000000065536
3607730000000000196608
3596130000000000196608
3593209999999999934464
3601289999999999934464
3607800000000000262144
3630670000000000327680
3656140000000000131072
3636369999999999672320
3630920000000000262144
3612489999999999934464
3628739999999999868928
3636940000000000131072
3635480000000000262144
3663840000000000000000
3649030000000000065536
3653500000000000131072
3714599999999999737856
3688569999999999934464
3688960000000000000000
3683010000000000196608
3667889999999999672320
3639650000000000196608
3461200000000000000000
3384300000000000131072
3380530000000000196608
3359969999999999672320
3353550000000000327680
3348160000000000000000
3346039999999999737856
3280199999999999737856
3326409999999999934464
3323609999999999934464
3287789999999999803392
3299420000000000131072
3319600000000000000000
3194829999999999803392
3218920000000000262144
3253659999999999606784
3295900000000000131072
3311179999999999606784
3244569999999999934464
3296000000000000000000
3266720000000000000000
3236499999999999868928
3235190000000000065536
3273110000000000065536
3269800000000000262144
3276620000000000131072
3281929999999999934464
3285090000000000196608
3265289999999999934464
3251209999999999934464
3283730000000000196608
3278320000000000000000
3265400000000000262144
3243090000000000196608
3199600000000000000000
3053609999999999934464
3048099999999999868928
3023409999999999672320
3136790000000000065536
3157609999999999934464
3169520000000000000000
3216300000000000131072
3198569999999999934464
3212820000000000393216
3224199999999999737856
3239200000000000000000
3232179999999999868928
3198219999999999606784
3334659999999999868928
3435600000000000000000
3451800000000000262144
3362899999999999868928
3383859999999999868928
3350809999999999934464
3331800000000000262144
3344119999999999737856
3308080000000000000000
3360269999999999803392
3373110000000000065536
3423110000000000065536
3422579999999999868928
3435539999999999868928
3474969999999999934464
3383780000000000393216
3286089999999999934464
3310099999999999868928
3305489999999999672320
3287120000000000000000
3304169999999999934464
3331400000000000262144
3270510000000000327680
3144460000000000131072
3379150000000000327680
3414800000000000000000
3209989999999999541248
3268889999999999934464
3377500000000000131072
3370800000000000000000
3332400000000000000000
3339300000000000393216
3280010000000000458752
3258679999999999737856
3250620000000000131072
3301609999999999934464
3292179999999999868928
3332140000000000131072
3327800000000000262144
3331219999999999868928
3287989999999999541248
3325989999999999541248
3278699999999999606784
3261200000000000000000
3241409999999999672320
3224540000000000131072
3231500000000000131072
3211639999999999737856
3259289999999999934464
3206269999999999803392
3338400000000000000000
3301980000000000131072
3380920000000000262144
3399689999999999934464
3384429999999999803392
3369480000000000262144
3309910000000000065536
3319280000000000000000
3291040000000000000000
3306610000000000196608
3334469999999999541248
3340089999999999934464
3318790000000000065536
3338140000000000131072
3338070000000000065536
3312340000000000393216
3315590000000000065536
3338269999999999803392
3231680000000000000000
3181680000000000000000
3069409999999999672320
3057630000000000327680
3133200000000000000000
3074409999999999934464
3181910000000000065536
3202519999999999737856
3196499999999999868928
3186449999999999672320
3181389999999999803392
3146290000000000196608
3076030000000000327680
3129709999999999803392
3155859999999999868928
3133900000000000131072
3100480000000000000000
3124510000000000327680
3114000000000000000000
3201219999999999868928
3190510000000000327680
3222499999999999868928
3255469999999999803392
3271340000000000131072
3247619999999999868928
3230400000000000000000
3241730000000000196608
3335100000000000131072
3428690000000000196608
3337670000000000065536
3300039999999999737856
3291510000000000065536
3279889999999999672320
3250720000000000000000
3250800000000000000000
3196310000000000065536
3116560000000000000000
3076899999999999868928
3100599999999999737856
3063409999999999672320
3080189999999999803392
2957830000000000065536
2869289999999999934464
2528489999999999934464
2624590000000000327680
2582599999999999737856
2704469999999999541248
2769289999999999934464
2883190000000000065536
2813209999999999934464
2705600000000000000000
2760390000000000065536
2779730000000000196608
2772449999999999672320
2731989999999999541248
2721270000000000065536
2760909999999999803392
2801480000000000262144
2774089999999999934464
2776089999999999934464
2788390000000000065536
2806989999999999803392
2832800000000000000000
2805300000000000393216
2706189999999999803392
2690110000000000327680
2686780000000000131072
2716000000000000000000
2713510000000000065536
2763409999999999672320
2723100000000000131072
2659800000000000262144
2622870000000000065536
2642210000000000196608
2629409999999999672320
2613600000000000000000
2605190000000000065536
2637989999999999541248
2633010000000000196608
2679200000000000000000
2662840000000000262144
2655600000000000000000
2653789999999999803392
2624310000000000065536
2627810000000000196608
2626329999999999934464
2637480000000000262144
2653699999999999868928
2659209999999999934464
2673040000000000000000
2661910000000000065536
2679430000000000065536
2712790000000000065536
2709120000000000000000
2662210000000000196608
2590089999999999934464
2602579999999999868928
2586649999999999934464
2618019999999999868928
2627200000000000000000
2606899999999999868928
2678360000000000262144
2738050000000000196608
2744400000000000000000
2681840000000000000000
2656519999999999737856
2648690000000000196608
2641229999999999803392
2676080000000000000000
2715389999999999803392
2699810000000000196608
2685539999999999868928
2734699999999999606784
2739340000000000131072
2726179999999999868928
2724800000000000000000
2698499999999999868928
2708679999999999737856
2691030000000000065536
2692290000000000196608
2693739999999999606784
2699090000000000196608
2695440000000000000000
2711389999999999803392
2694889999999999934464
2683969999999999672320
2661800000000000262144
2672679999999999737856
2681810000000000196608
2755309999999999803392
2756010000000000458752
2718110000000000327680
2743709999999999803392
2712640000000000000000
2672210000000000196608
2679150000000000327680
2673190000000000065536
2628889999999999934464
2670110000000000327680
2693010000000000196608
2708039999999999737856
2726620000000000131072
2696899999999999868928
2711810000000000196608
2715900000000000131072
2742240000000000000000
2730409999999999934464
2741469999999999803392
2713239999999999737856
2749010000000000196608
2739040000000000000000
2744800000000000000000
2756849999999999672320
2789880000000000262144
2724169999999999934464
2640280000000000262144
2661689999999999934464
2675480000000000262144
2684349999999999803392
2732889999999999934464
2775889999999999672320
2770099999999999868928
2763800000000000262144
2753229999999999803392
2826000000000000000000
2797739999999999606784
2783219999999999868928
2808249999999999934464
2820089999999999934464
2717910000000000065536
2722449999999999672320
2690000000000000000000
2658499999999999868928
2641400000000000262144
2513090000000000196608
2494950000000000065536
2368030000000000327680
2432690000000000196608
2406699999999999606784
2468889999999999934464
2492039999999999737856
2488010000000000458752
2481889999999999672320
2462909999999999803392
2425889999999999672320
2293659999999999868928
2332409999999999934464
2329400000000000000000
2354400000000000000000
2352030000000000327680
2322170000000000196608
2289800000000000262144
2305610000000000196608
2144880000000000000000
2103689999999999934464
2124630000000000065536
2222600000000000000000
2229809999999999934464
2236790000000000065536
2262409999999999934464
2228280000000000262144
2183469999999999803392
2172699999999999868928
2222499999999999868928
2216800000000000262144
2219190000000000065536
2220539999999999868928
2238019999999999868928
2229530000000000196608
2486300000000000131072
2518739999999999868928
2440679999999999737856
2386380000000000131072
2355800000000000262144
2286369999999999934464
2108499999999999868928
2147780000000000131072
2073719999999999737856
2079329999999999934464
2100409999999999934464
2073080000000000000000
2172499999999999868928
2171120000000000000000
2160400000000000000000
2206499999999999868928
2217500000000000131072
2186790000000000065536
2218389999999999803392
2241480000000000000000
2289699999999999868928
2285900000000000131072
2297389999999999803392
2257699999999999868928
2198239999999999737856
2202360000000000000000
2147809999999999934464
2192600000000000000000
2197689999999999934464
2210199999999999737856
2178010000000000196608
2141070000000000065536
2137190000000000065536
2137790000000000065536
2141159999999999737856
2180610000000000196608
2224219999999999868928
2203199999999999737856
2185600000000000000000
2184630000000000065536
2146420000000000131072
2097000000000000000000
2040390000000000065536
2020120000000000000000
2057710000000000065536
2075360000000000000000
2128400000000000000000
2017339999999999868928
1868040000000000000000
1864619999999999868928
1849190000000000065536
1903890000000000196608
1914059999999999868928
1914140000000000131072
1951329999999999934464
1922990000000000065536
1868489999999999934464
1910650000000000196608
1916670000000000065536
1869400000000000000000
1878109999999999803392
1907800000000000000000
1886529999999999934464
1871910000000000065536
1900019999999999868928
1875130000000000196608
1850849999999999934464
1863900000000000131072
1889019999999999868928
1893259999999999868928
1902240000000000000000
1922220000000000131072
1934600000000000000000
1911539999999999868928
1920740000000000131072
1918099999999999868928
1929299999999999868928
1937829999999999803392
1937130000000000196608
1937390000000000065536
1927980000000000131072
1926390000000000065536
1874000000000000000000
1895209999999999934464
1882800000000000000000
1887000000000000000000
1908779999999999868928
1900840000000000000000
1910640000000000000000
1919259999999999868928
1942040000000000000000
1926449999999999934464
1901000000000000000000
1904849999999999934464
1892499999999999868928
1880809999999999934464
1904249999999999934464
1931430000000000065536
1938220000000000131072
1932259999999999868928
2027890000000000196608
2049380000000000131072
2031569999999999934464
2056800000000000262144
2023099999999999868928
2007900000000000131072
1988569999999999934464
1971320000000000000000
1973950000000000065536
1982680000000000000000
1977249999999999934464
1975809999999999934464
1966000000000000000000
1949630000000000065536
1973209999999999934464
1965160000000000000000
1985500000000000131072
1983640000000000000000
1989829999999999803392
1985969999999999934464
1995600000000000000000
1980390000000000065536
2008280000000000000000
2008109999999999803392
2007720000000000000000
2006929999999999934464
1996249999999999934464
2006120000000000000000
2014600000000000000000
2069449999999999934464
2092989999999999803392
2089800000000000262144
2089429999999999803392
2081630000000000065536
2043619999999999868928
2055809999999999934464
2068829999999999803392
2067760000000000262144
2075989999999999803392
2066739999999999868928
2049449999999999934464
2069769999999999934464
2069209999999999934464
2012660000000000131072
1999790000000000065536
2009840000000000000000
2031880000000000000000
2026619999999999868928
2016550000000000065536
2005030000000000065536
2004240000000000000000
2003310000000000065536
1999550000000000065536
1909449999999999934464
1899660000000000131072
1871480000000000000000
1872950000000000065536
1896180000000000131072
1899320000000000000000
1879630000000000065536
1844030000000000065536
1839600000000000000000
1827099999999999868928
1827790000000000065536
1833890000000000196608
1837180000000000131072
1832929999999999934464
1813120000000000000000
1814019999999999868928
1807790000000000065536
1798430000000000065536
1798510000000000065536
1813099999999999868928
1842109999999999803392
1827550000000000065536
1822109999999999803392
1834910000000000065536
1854089999999999934464
1862270000000000065536
1918400000000000000000
1910099999999999868928
1905180000000000131072
1876120000000000000000
1865289999999999934464
1868769999999999934464
1901500000000000131072
1911869999999999803392
1794869999999999803392
1824339999999999868928
1815289999999999934464
1795070000000000065536
1781660000000000131072
1786099999999999868928
1816600000000000000000
1792470000000000065536
1817640000000000000000
1783600000000000000000
1794800000000000000000
1809589999999999803392
1816180000000000131072
1809369999999999934464
1812720000000000000000
1806859999999999868928
1781240000000000000000
1781550000000000065536
1805480000000000000000
1809240000000000000000
1797150000000000065536
1788280000000000000000
1758779999999999868928
1625400000000000000000
1579689999999999934464
1542819999999999868928
1458670000000000065536
1482520000000000000000
1555740000000000131072
1545030000000000065536
1552430000000000065536
1584099999999999868928
1570160000000000000000
1588070000000000065536
1531030000000000065536
1465120000000000000000
1472249999999999934464
1417449999999999934464
1482890000000000196608
1454539999999999868928
1484190000000000065536
1640430000000000065536
1669190000000000065536
1616520000000000000000
1595270000000000065536
1593720000000000000000
1495220000000000131072
1513430000000000065536
1521430000000000065536
1543640000000000000000
1552200000000000000000
1558019999999999868928
1564750000000000065536
1565180000000000131072
1566009999999999934464
1553840000000000000000
1581390000000000065536
1593520000000000000000
1655299999999999868928
1642560000000000000000
1644000000000000000000
1623980000000000131072
1613209999999999934464
1603990000000000065536
1586059999999999868928
1589940000000000131072
1597390000000000065536
1629259999999999868928
1635420000000000131072
1674969999999999934464
1627680000000000000000
1636529999999999934464
1623630000000000065536
1637689999999999934464
1644819999999999868928
1632080000000000000000
1620900000000000131072
1607299999999999868928
1588600000000000000000
1590920000000000000000
1564190000000000065536
1584240000000000000000
1590790000000000065536
1588829999999999803392
1577209999999999934464
1584819999999999868928
1601890000000000196608
1593070000000000065536
1582809999999999934464
1581470000000000065536
1583769999999999934464
1584240000000000000000
1584289999999999934464
1590529999999999934464
1583190000000000065536
1593089999999999934464
1588489999999999934464
1597829999999999803392
1600900000000000131072
1597019999999999868928
1607019999999999868928
1614689999999999934464
1612950000000000065536
1611700000000000131072
1597449999999999934464
1572800000000000000000
1573650000000000196608
1586200000000000000000
1587339999999999868928
1634569999999999934464
1645779999999999868928
1626259999999999868928
1623790000000000065536
1573869999999999803392
1579640000000000000000
1579320000000000000000
1619299999999999868928
1630990000000000065536
1703950000000000065536
1699539999999999868928
1757390000000000065536
1796190000000000065536
1792209999999999934464
1797840000000000000000
1794800000000000000000
1786900000000000131072
1796019999999999868928
1768369999999999934464
1756809999999999934464
1755120000000000000000
1765190000000000065536
1764070000000000065536
1770480000000000000000
1761369999999999934464
1777779999999999868928
1790890000000000196608
1807489999999999934464
1804009999999999934464
1785910000000000065536
1798440000000000000000
1801320000000000000000
1786779999999999868928
1800840000000000000000
1813619999999999868928
1821579999999999868928
1810410000000000196608
1804320000000000000000
1806329999999999934464
1794420000000000131072
1808579999999999868928
1791859999999999868928
1784800000000000000000
1805440000000000000000
1816929999999999934464
1763750000000000065536
1797460000000000131072
1800310000000000065536
1802339999999999868928
1822310000000000065536
1830380000000000131072
1815560000000000000000
1822349999999999803392
1798049999999999934464
1809480000000000000000
1796950000000000065536
1816140000000000131072
1764809999999999934464
1786969999999999934464
1793680000000000000000
1808329999999999934464
1810910000000000065536
1845829999999999803392
1853910000000000065536
1843480000000000000000
1838499999999999868928
1848240000000000000000
1816609999999999934464
1834080000000000000000
1841740000000000131072
1840449999999999934464
1843089999999999934464
1835560000000000000000
1827070000000000065536
1824529999999999934464
1835049999999999934464
1838819999999999868928
1833849999999999934464
1832489999999999934464
1841289999999999934464
1827750000000000065536
1830779999999999868928
1828710000000000065536
1808910000000000065536
1794670000000000065536
1826689999999999934464
1804689999999999934464
1800960000000000000000
1816209999999999934464
1820160000000000000000
1806320000000000000000
1805720000000000000000
1769720000000000000000
1770120000000000000000
1784929999999999934464
1817040000000000000000
1826470000000000065536
1838109999999999803392
1836270000000000065536
1817680000000000000000
1796040000000000000000
1811310000000000065536
1901120000000000000000
1928630000000000065536
1957729999999999934464
2051650000000000196608
2118369999999999934464
2206929999999999934464
2204809999999999934464
2364630000000000065536
2350679999999999737856
2301209999999999934464
2332389999999999803392
2345520000000000000000
2340000000000000000000
2400649999999999934464
2384999999999999737856
2433689999999999934464
2499320000000000262144
2583289999999999934464
2537639999999999737856
2473739999999999606784
2531030000000000065536
2463289999999999934464
2508729999999999934464
2515079999999999737856
2520369999999999672320
2554960000000000000000
2530670000000000327680
2487170000000000196608
2460199999999999737856
2495580000000000131072
2424960000000000000000
2460800000000000000000
2513689999999999934464
2566390000000000065536
2691810000000000196608
2680039999999999737856
2646889999999999934464
2640569999999999934464
2625120000000000000000
2598030000000000327680
2604809999999999934464
2610440000000000262144
2575440000000000000000
2531510000000000065536
2555389999999999803392
2564510000000000327680
2531500000000000131072
2549430000000000065536
2581929999999999934464
2602360000000000262144
2622030000000000327680
2595920000000000000000
2593159999999999737856
2537889999999999672320
2497889999999999672320
2493689999999999934464
2482620000000000131072
2475219999999999868928
2471150000000000327680
2476280000000000262144
2478140000000000131072
2510199999999999737856
2502630000000000065536
2580000000000000000000
2409250000000000196608
2498699999999999606784
2385830000000000065536
2404679999999999737856
2418070000000000065536
2467360000000000000000
2519750000000000065536
2528989999999999803392
2553820000000000131072
2533300000000000393216
2515360000000000000000
2483789999999999803392
2502390000000000065536
2525670000000000065536
2545900000000000131072
2552999999999999737856
2538080000000000000000
2568310000000000065536
2513849999999999934464
2552390000000000065536
2630300000000000131072
2635800000000000262144
2651209999999999934464
2665350000000000065536
2636050000000000196608
2665400000000000262144
2722429999999999803392
2655409999999999672320
2566699999999999606784
2569600000000000000000
2561750000000000065536
2527179999999999606784
2550710000000000065536
2547680000000000000000
2564030000000000327680
2556720000000000000000
2555350000000000065536
2531489999999999672320
2514290000000000196608
2495020000000000131072
2498610000000000196608
2512780000000000131072
2527699999999999868928
2552540000000000131072
2561559999999999737856
2582260000000000393216
2569280000000000000000
2567079999999999737856
2542409999999999934464
2564899999999999868928
2550099999999999868928
2608569999999999934464
2653520000000000000000
2669489999999999672320
2689010000000000196608
2662499999999999868928
2646809999999999934464
2637849999999999934464
2658199999999999737856
2628199999999999737856
2618409999999999934464
2682499999999999868928
2763600000000000000000
2732599999999999737856
2717200000000000000000
2644579999999999868928
2650579999999999868928
2631609999999999934464
2631739999999999606784
2619800000000000262144
2622720000000000000000
2599010000000000196608
2574809999999999934464
2532240000000000000000
2514800000000000000000
2522310000000000065536
2520599999999999737856
2537609999999999934464
2538889999999999934464
2529500000000000131072
2514870000000000065536
2510400000000000000000
2498809999999999934464
2524620000000000131072
2527709999999999803392
2540699999999999606784
2497510000000000065536
2508230000000000065536
2482469999999999541248
2545699999999999868928
2533800000000000262144
2609300000000000393216
2605500000000000131072
2611929999999999934464
2603430000000000065536
2625810000000000196608
2627030000000000065536
2595289999999999934464
2629789999999999803392
2628999999999999737856
2626290000000000196608
2669389999999999803392
2625250000000000196608
2609090000000000196608
2626519999999999737856
2605769999999999934464
2609500000000000131072
2590790000000000065536
2529409999999999672320
2415309999999999803392
2457010000000000196608
2456599999999999737856
2477989999999999541248
2511510000000000065536
2486099999999999868928
2478449999999999672320
2490899999999999868928
2493209999999999934464
2496860000000000131072
2521289999999999934464
2518290000000000196608
2526199999999999737856
2512999999999999737856
2515980000000000131072
2514889999999999934464
2515960000000000262144
2534179999999999868928
2511219999999999868928
2498480000000000000000
2493209999999999934464
2543280000000000000000
2535580000000000131072
2582089999999999934464
2681379999999999868928
2690189999999999803392
2678610000000000196608
2774739999999999868928
2733960000000000262144
2774400000000000000000
2816820000000000393216
2791619999999999868928
2792150000000000065536
2772899999999999868928
2866199999999999737856
2814599999999999737856
2772499999999999868928
2765689999999999934464
2741600000000000000000
2730400000000000000000
2720499999999999868928
2696110000000000327680
2643910000000000065536
2516310000000000065536
2527920000000000000000
2546449999999999672320
2552889999999999934464
2529070000000000327680
2580390000000000065536
2550280000000000262144
2538770000000000196608
2539820000000000131072
2520840000000000262144
2508590000000000327680
2532010000000000458752
2531609999999999934464
2529630000000000327680
2516979999999999868928
2542540000000000131072
2537570000000000196608
2548119999999999737856
2569059999999999868928
2629120000000000000000
2617420000000000131072
2633539999999999868928
2661409999999999672320
2545609999999999934464
2608189999999999803392
2583010000000000196608
2552690000000000196608
2499600000000000000000
2529070000000000327680
2510590000000000327680
2528460000000000131072
2534290000000000196608
2514380000000000131072
2509659999999999606784
2493100000000000131072
2525639999999999737856
2526099999999999868928
2519409999999999672320
2532499999999999868928
2493689999999999934464
2505360000000000000000
2521730000000000196608
2517689999999999934464
2550000000000000000000
2550000000000000000000
2494499999999999868928
2414829999999999803392
2406720000000000000000
2426150000000000065536
2427120000000000000000
2443170000000000196608
2424119999999999737856
2385229999999999803392
2296989999999999803392
2265469999999999803392
2271389999999999803392
2273920000000000000000
2175480000000000000000
2184590000000000065536
2228409999999999934464
2235400000000000000000
2259699999999999868928
2254260000000000131072
2249409999999999934464
2315500000000000131072
2413379999999999868928
2400369999999999672320
2394840000000000262144
2410809999999999934464
2439360000000000000000
2435699999999999868928
2449600000000000000000
2445590000000000065536
2445980000000000131072
2430390000000000065536
2406809999999999934464
2434010000000000458752
2419689999999999934464
2490360000000000262144
2491699999999999868928
2451420000000000131072
2434560000000000000000
2436710000000000065536
2417270000000000065536
2447980000000000131072
2443550000000000327680
2448110000000000327680
2439400000000000262144
2413699999999999868928
2424349999999999803392
2421900000000000131072
2432880000000000000000
2428440000000000262144
2436999999999999737856
2434260000000000393216
2436849999999999672320
2428699999999999606784
2441600000000000000000
2463049999999999934464
2437489999999999672320
2438499999999999868928
2500809999999999934464
2500320000000000000000
2481360000000000000000
2459209999999999934464
2475179999999999606784
2516280000000000262144
2486050000000000196608
2486050000000000196608
2465750000000000065536
2449689999999999934464
2424290000000000196608
2403200000000000000000
2405510000000000065536
2430950000000000065536
2447760000000000000000
2446349999999999803392
2499900000000000131072
2606089999999999934464
2571409999999999672320
2562300000000000131072
2601170000000000196608
2598329999999999934464
2571260000000000131072
2587100000000000131072
2592030000000000327680
2578960000000000000000
2536039999999999737856
2549969999999999672320
2501750000000000065536
2483090000000000196608
2508690000000000196608
2519000000000000262144
2522260000000000393216
2518790000000000065536
2508690000000000196608
2506269999999999803392
2516920000000000262144
2515489999999999672320
2518499999999999868928
2517030000000000065536
2559049999999999934464
2541709999999999803392
2570800000000000000000
2578099999999999868928
2578899999999999868928
2563309999999999803392
2533900000000000131072
2544260000000000393216
2542550000000000065536
2538199999999999737856
2553750000000000065536
2575400000000000262144
2565260000000000131072
2611190000000000065536
2616000000000000000000
2592230000000000065536
2625510000000000065536
2626649999999999934464
2657309999999999803392
2765699999999999868928
2769590000000000065536
2777179999999999606784
2791769999999999934464
2779699999999999868928
2770880000000000000000
2818499999999999868928
2951500000000000131072
2970610000000000196608
2970290000000000196608
2985010000000000196608
2952400000000000000000
3009289999999999934464
2959110000000000065536
2967500000000000131072
2964300000000000131072
2964889999999999934464
2917010000000000196608
2941949999999999803392
2944119999999999737856
2956140000000000131072
2964000000000000000000
2965800000000000262144
2993699999999999868928
2990409999999999934464
2973580000000000131072
3038530000000000196608
3045750000000000065536
3052199999999999737856
3013100000000000131072
3001379999999999868928
3014400000000000000000
2952449999999999672320
2977289999999999934464
2981090000000000196608
3039190000000000065536
3040899999999999868928
3138240000000000000000
3116290000000000196608
3162790000000000065536
3151040000000000000000
3245900000000000131072
3386809999999999934464
3372909999999999803392
3332169999999999934464
3449889999999999672320
3434889999999999934464
3422940000000000131072
3415090000000000196608
3480000000000000000000
3599459999999999868928
3607800000000000262144
3612449999999999672320
3565430000000000065536
3554280000000000262144
3549670000000000065536
3595699999999999868928
3574300000000000131072
3554530000000000196608
3554099999999999868928
3579840000000000000000
3594110000000000327680
3660199999999999737856
3670329999999999934464
3757810000000000196608
3787680000000000000000
3751689999999999934464
3758870000000000065536
3759789999999999803392
3789530000000000458752
3810419999999999868928
3813580000000000131072
3738840000000000262144
3764019999999999868928
3733500000000000131072
3679129999999999934464
3707869999999999803392
3720419999999999868928
3671849999999999934464
3748699999999999606784
3730749999999999803392
3675300000000000393216
3674219999999999606784
3646699999999999606784
3589400000000000262144
3630400000000000000000
3643250000000000196608
3593989999999999541248
3657010000000000196608
3733229999999999803392
3734760000000000262144
3709389999999999803392
3596809999999999934464
3632790000000000065536
3721379999999999868928
3634920000000000262144
3642010000000000458752
3725960000000000262144
3740579999999999868928
3744000000000000000000
3740790000000000065536
3737500000000000131072
3752400000000000000000
3743289999999999934464
3776390000000000065536
3770070000000000065536
3816989999999999803392
3820519999999999737856
3830000000000000000000
3874110000000000327680
3880870000000000065536
3894050000000000196608
3880199999999999737856
3808610000000000196608
3798260000000000393216
3798599999999999737856
3791889999999999672320
3877859999999999868928
3825639999999999737856
3761659999999999606784
3765420000000000131072
3793659999999999606784
3817170000000000196608
3811209999999999934464
3758790000000000065536
3797989999999999541248
3761100000000000131072
3810780000000000131072
3863769999999999934464
3863880000000000262144
3837980000000000131072
3788449999999999672320
3737420000000000131072
3698469999999999541248
3705100000000000131072
3649820000000000131072
3642010000000000458752
3615920000000000000000
3516999999999999737856
3486929999999999672320
3527939999999999868928
3518989999999999803392
3507910000000000065536
3458889999999999934464
3382510000000000327680
3393590000000000065536
3443630000000000327680
3456080000000000000000
3485580000000000131072
3476699999999999606784
3497980000000000131072
3497680000000000000000
3557250000000000196608
3552690000000000196608
3556000000000000000000
3649309999999999803392
3669889999999999672320
3721340000000000131072
3651849999999999934464
3613309999999999803392
3674160000000000000000
3570310000000000065536
3571300000000000393216
3612469999999999541248
3583689999999999934464
3639989999999999541248
3619880000000000262144
3664940000000000131072
3684569999999999934464
3684199999999999737856
3658300000000000131072
3703910000000000065536
3827889999999999672320
3838690000000000196608
3869730000000000196608
3911800000000000262144
3940099999999999868928
3916909999999999803392
3919200000000000000000
3955580000000000131072
4061539999999999868928
4011000000000000262144
4051780000000000393216
4171699999999999868928
4190899999999999868928
4210210000000000196608
4259949999999999803392
4262249999999999934464
4243800000000000262144
4185590000000000065536
4181140000000000393216
4218600000000000262144
4250600000000000262144
4251830000000000065536
4310189999999999803392
4274540000000000131072
4184710000000000065536
4329699999999999868928
4260010000000000458752
4224160000000000000000
4286319999999999475712
4315859999999999868928
4290989999999999803392
4472899999999999868928
4517989999999999541248
4590010000000000458752
4647109999999999541248
4626310000000000589824
4690510000000000327680
4665350000000000589824
4741600000000000000000
4751600000000000524288
4776989999999999803392
4750479999999999475712
4720899999999999868928
4621220000000000393216
4540369999999999672320
4550199999999999737856
4638590000000000327680
4643800000000000262144
4637489999999999672320
4432689999999999672320
4385899999999999606784
4442760000000000262144
4435880000000000262144
4455200000000000000000
4391319999999999737856
4403899999999999606784
4421409999999999672320
4425200000000000000000
4455720000000000262144
4470689999999999672320
4554680000000000262144
4564260000000000393216
4462880000000000000000
4475500000000000131072
4323709999999999803392
4259789999999999803392
4277109999999999541248
4348109999999999803392
4357200000000000000000
4316290000000000196608
4220800000000000000000
4236199999999999737856
4310600000000000262144
4192140000000000131072
4141910000000000065536
4075200000000000000000
4141200000000000000000
4185489999999999672320
4195350000000000589824
4255310000000000327680
4347390000000000327680
4336699999999999606784
4295529999999999934464
4311300000000000393216
4279120000000000000000
4242840000000000262144
4223129999999999934464
4224890000000000458752
4278399999999999475712
4327600000000000524288
4274100000000000393216
4616600000000000262144
4833189999999999541248
4830540000000000131072
4693340000000000131072
4712300000000000131072
4703300000000000393216
4749810000000000720896
4756999999999999737856
4776899999999999344640
4787340000000000131072
4757689999999999410176
4747160000000000262144
4797789999999999803392
4813210000000000458752
4780090000000000458752
4727279999999999475712
4590609999999999672320
4599979999999999606784
4613409999999999672320
4420210000000000196608
4377580000000000131072
4404169999999999934464
4430359999999999737856
4428220000000000131072
4520080000000000000000
4598439999999999737856
4601949999999999803392
4603970000000000196608
4581500000000000131072
4608899999999999868928
4658800000000000000000
4566790000000000065536
4507180000000000131072
4542499999999999868928
4598160000000000000000
4595760000000000000000
4505090000000000196608
4439449999999999934464
4511899999999999606784
4490899999999999868928
4382319999999999475712
4347739999999999606784
4317340000000000131072
4341489999999999672320
4361069999999999803392
4353120000000000000000
4403239999999999737856
4392970000000000458752
4377010000000000196608
4355369999999999934464
4374989999999999803392
4488800000000000000000
4451830000000000065536
4477609999999999934464
4485580000000000131072
4456319999999999475712
4392840000000000262144
4405180000000000131072
4464100000000000393216
4393739999999999606784
4362609999999999672320
4368840000000000262144
4315220000000000393216
4367239999999999737856
4378029999999999803392
4348930000000000196608
4296770000000000196608
4274899999999999868928
4327220000000000393216
4335399999999999737856
4310749999999999803392
4372870000000000065536
4481289999999999934464
4477430000000000065536
4452550000000000065536
4400390000000000065536
4372699999999999606784
4408399999999999475712
4306050000000000196608
4276999999999999737856
4298819999999999868928
4329510000000000065536
4418020000000000393216
4418000000000000000000
4283910000000000065536
4332499999999999868928
4308020000000000393216
4320970000000000458752
4313180000000000131072
4300540000000000131072
4270859999999999606784
4256850000000000196608
4274710000000000065536
4298279999999999737856
4295890000000000196608
4311760000000000000000
4299680000000000524288
4294100000000000393216
4306329999999999934464
4312199999999999737856
4292640000000000524288
4312180000000000393216
4372529999999999672320
4293590000000000065536
4306630000000000065536
4307310000000000327680
4362680000000000262144
4348249999999999934464
4285500000000000131072
4295069999999999803392
4310670000000000327680
4321220000000000393216
4330010000000000458752
4331729999999999672320
4406359999999999737856
4324199999999999737856
4350939999999999606784
4405800000000000262144
4441800000000000262144
4431800000000000262144
4414210000000000196608
4425670000000000065536
4461010000000000196608
4507800000000000262144
4527800000000000262144
4522560000000000524288
4543869999999999803392
4662670000000000327680
4715609999999999934464
4759369999999999934464
4714550000000000065536
4722720000000000000000
4657260000000000131072
4640649999999999410176
4669520000000000524288
4666779999999999606784
4654100000000000393216
4638220000000000131072
4584550000000000065536
4618160000000000000000
4606439999999999737856
4638310000000000589824
4599699999999999868928
4532419999999999868928
4501649999999999672320
4495029999999999541248
4525149999999999803392
4522260000000000393216
4514640000000000524288
4502979999999999344640
4469479999999999737856
4493049999999999934464
4503239999999999737856
4499709999999999803392
4546290000000000196608
4493010000000000196608
4491659999999999606784
4520449999999999672320
4592499999999999868928
4616540000000000131072
4577149999999999803392
4578600000000000262144
4602039999999999737856
4590579999999999868928
4590130000000000196608
4552080000000000000000
4541399999999999737856
4516189999999999803392
4477399999999999737856
4443910000000000065536
4471899999999999606784
4468399999999999475712
4486550000000000065536
4472749999999999803392
4501200000000000000000
4483489999999999672320
4483420000000000131072
4481270000000000589824
4481280000000000000000
4463500000000000131072
4485640000000000262144
4497640000000000262144
4447770000000000458752
4308970000000000458752
4196989999999999803392
4185800000000000262144
4171270000000000589824
4138749999999999803392
4203109999999999541248
4191850000000000458752
4208630000000000065536
4195760000000000000000
4184029999999999803392
4155789999999999803392
4165970000000000196608
4149489999999999672320
4176939999999999606784
4183590000000000065536
4168329999999999934464
4163880000000000262144
4154989999999999803392
4064199999999999737856
4010310000000000065536
4004530000000000196608
4006230000000000065536
3913800000000000262144
3876829999999999803392
3968400000000000000000
3942499999999999868928
3908749999999999803392
3948729999999999934464
4027200000000000000000
4035000000000000262144
4021810000000000196608
4010649999999999934464
4004840000000000262144
4021260000000000131072
4004920000000000262144
4021190000000000065536
4005289999999999934464
4016599999999999737856
3994800000000000000000
4023559999999999737856
4041090000000000196608
4144199999999999737856
4123939999999999344640
4110300000000000131072
4105709999999999803392
4168080000000000000000
4191600000000000524288
4218359999999999737856
4201949999999999803392
4185340000000000131072
4168199999999999737856
4122020000000000393216
4161739999999999606784
4146640000000000524288
4130840000000000262144
4148310000000000589824
4300989999999999803392
4330649999999999410176
4337270000000000589824
4350989999999999803392
4379840000000000000000
4378909999999999803392
4381869999999999803392
4440850000000000196608
4498960000000000000000
4487970000000000196608
4504989999999999803392
4466340000000000393216
4482729999999999410176
4539439999999999475712
4523409999999999672320
4517189999999999541248
4490880000000000000000
4501899999999999606784
4487459999999999868928
4458540000000000131072
4470600000000000262144
4489810000000000196608
4534149999999999541248
4608109999999999803392
4552449999999999672320
4534290000000000196608
4489140000000000393216
4516369999999999672320
4539560000000000262144
4535609999999999934464
4574329999999999934464
4676130000000000196608
4726180000000000393216
4686950000000000065536
4693159999999999737856
4681659999999999606784
4712569999999999934464
4515020000000000655360
4482130000000000196608
4450749999999999803392
4446749999999999803392
4465720000000000262144
4489409999999999672320
4448979999999999344640
4516249999999999934464
4527859999999999868928
4452449999999999672320
4428140000000000131072
4375289999999999934464
4317040000000000000000
4340870000000000065536
4371270000000000589824
4349699999999999868928
4325960000000000262144
4345140000000000393216
4105300000000000393216
3998130000000000196608
3836620000000000131072
3797139999999999868928
3762989999999999803392
3843630000000000327680
3828710000000000065536
3764480000000000000000
3751090000000000196608
3785260000000000131072
3831600000000000000000
3822140000000000131072
4036940000000000131072
4138810000000000458752
4156169999999999934464
4144169999999999934464
4181500000000000131072
4084089999999999934464
4139379999999999868928
4256149999999999541248
4245159999999999737856
4157090000000000196608
3983989999999999541248
3974849999999999672320
4088499999999999868928
4105569999999999672320
4126890000000000458752
4083659999999999606784
4124840000000000262144
4102899999999999868928
3983760000000000000000
3984599999999999737856
3987789999999999803392
4017010000000000196608
4005580000000000131072
4063889999999999672320
3909229999999999803392
3868860000000000131072
3895500000000000131072
3934640000000000000000
3756649999999999934464
3778729999999999934464
3798720000000000000000
3828620000000000131072
3833190000000000065536
3872429999999999803392
3894460000000000131072
3883929999999999934464
3879360000000000000000
3895159999999999737856
3890630000000000065536
3907469999999999803392
3889600000000000000000
3925489999999999672320
3980670000000000327680
3987989999999999541248
3984310000000000065536
4028340000000000393216
4056780000000000131072
4036640000000000000000
4005449999999999934464
3982599999999999737856
3980860000000000131072
3924360000000000262144
3893859999999999868928
3891639999999999737856
4084000000000000000000
3998000000000000000000
3875040000000000000000
3861600000000000000000
3870909999999999803392
3831100000000000131072
3842499999999999868928
3804569999999999934464
3806179999999999868928
3828019999999999868928
3882400000000000000000
3864640000000000000000
3878400000000000000000
3861280000000000000000
3858590000000000327680
3892699999999999606784
3950569999999999934464
3947969999999999672320
3890160000000000000000
3927600000000000000000
3936099999999999868928
3922019999999999868928
3929780000000000393216
3941250000000000196608
3934039999999999737856
3958080000000000000000
3954840000000000262144
3932540000000000131072
3952210000000000196608
4045859999999999868928
4075409999999999672320
4068590000000000327680
4159439999999999475712
4205529999999999934464
4202180000000000393216
4162649999999999410176
4173779999999999868928
4194899999999999868928
4120920000000000262144
4094409999999999934464
4117300000000000393216
4112680000000000262144
4097079999999999737856
4040579999999999868928
3980360000000000262144
3998729999999999934464
4025800000000000262144
4012300000000000131072
3952189999999999803392
3906499999999999868928
3904050000000000196608
3935590000000000065536
3940489999999999934464
3881379999999999868928
3774019999999999868928
3686179999999999868928
3804960000000000000000
3829270000000000065536
3831100000000000131072
3873400000000000262144
3860219999999999606784
3884889999999999934464
3847090000000000196608
3860280000000000262144
3859600000000000000000
3876349999999999803392
3893750000000000065536
3879179999999999606784
3872960000000000000000
3880189999999999803392
3906140000000000131072
3890499999999999868928
3853239999999999737856
3856099999999999868928
3906249999999999934464
3737040000000000000000
3714489999999999934464
3711680000000000000000
3589030000000000065536
3630969999999999934464
3603780000000000393216
3641969999999999672320
3493420000000000131072
3528599999999999737856
3506849999999999672320
3229350000000000065536
3286849999999999672320
3335270000000000065536
3331329999999999672320
3322670000000000327680
3398179999999999868928
3455059999999999868928
3425030000000000065536
3432950000000000065536
3380329999999999934464
3399219999999999868928
3299760000000000000000
3325250000000000196608
3313960000000000262144
3344140000000000131072
3357010000000000196608
3258780000000000131072
3295360000000000000000
3442360000000000262144
3434400000000000000000
3452610000000000196608
3446690000000000196608
3411989999999999541248
3376499999999999868928
3388809999999999934464
3401030000000000065536
3375239999999999737856
3422899999999999868928
3428400000000000000000
3515639999999999737856
3579859999999999868928
3583079999999999737856
3627489999999999672320
3609120000000000000000
3610089999999999934464
3519110000000000065536
3558280000000000262144
3567270000000000065536
3605650000000000196608
3544189999999999803392
3574390000000000065536
3481309999999999803392
3456659999999999868928
3416880000000000000000
3438310000000000065536
3428540000000000131072
3549780000000000393216
3427920000000000000000
3407900000000000131072
3414979999999999868928
3452800000000000000000
3538199999999999737856
3501159999999999737856
3387000000000000262144
3197059999999999868928
3230060000000000131072
3227329999999999672320
3214349999999999803392
3143409999999999672320
3195079999999999737856
3206400000000000000000
3110780000000000131072
3177539999999999868928
3174729999999999934464
3150480000000000000000
3184340000000000393216
3195989999999999541248
3166460000000000131072
3201110000000000065536
3217900000000000131072
3167480000000000262144
3103489999999999672320
3089360000000000000000
3093250000000000196608
3175070000000000327680
3196690000000000196608
3202060000000000131072
3118820000000000393216
2979409999999999672320
3028590000000000327680
3021789999999999803392
3021400000000000262144
3055229999999999803392
3105040000000000000000
3144809999999999934464
3122659999999999868928
3071820000000000131072
3084000000000000000000
3082230000000000065536
2971609999999999934464
2878960000000000000000
3023360000000000000000
3037219999999999868928
3037239999999999737856
3021360000000000000000
2953420000000000131072
2845100000000000131072
2831609999999999934464
2806400000000000000000
2716800000000000000000
2685889999999999672320
2702599999999999737856
2750720000000000000000
2764649999999999934464
2751360000000000000000
2755000000000000262144
2733789999999999803392
2738030000000000327680
2749650000000000196608
2769070000000000327680
2823500000000000131072
2792800000000000000000
2814699999999999606784
2835859999999999868928
2822189999999999803392
2801840000000000000000
2855869999999999803392
2829250000000000196608
2802400000000000000000
2845530000000000458752
2958800000000000000000
2953289999999999934464
2911709999999999803392
2902770000000000196608
2891079999999999737856
2894880000000000000000
2922310000000000065536
2959200000000000000000
2926560000000000000000
2944199999999999737856
2913789999999999803392
2927360000000000000000
3032790000000000065536
3026960000000000000000
3033650000000000196608
3033889999999999672320
3028550000000000065536
3011260000000000131072
3032099999999999868928
3015559999999999737856
3008670000000000327680
3002050000000000196608
3034360000000000262144
3074860000000000131072
3050829999999999803392
3032189999999999803392
3023559999999999737856
3005910000000000065536
3001110000000000065536
3008880000000000000000
2989609999999999934464
2990249999999999934464
3002809999999999934464
3006300000000000131072
3003949999999999803392
3029239999999999737856
3035260000000000131072
2992249999999999934464
2826449999999999672320
2840240000000000000000
2838219999999999606784
2745750000000000065536
2741110000000000065536
2799000000000000262144
2804960000000000000000
2806269999999999803392
2826360000000000262144
3007159999999999737856
3016749999999999803392
2997190000000000065536
3031559999999999737856
3058800000000000000000
3074099999999999868928
3087500000000000131072
3129600000000000000000
3189500000000000131072
3211190000000000065536
3191159999999999737856
3187500000000000131072
3209049999999999934464
3120599999999999737856
3134449999999999672320
3171980000000000131072
3175280000000000000000
3132579999999999868928
3107150000000000327680
3039300000000000393216
3022889999999999934464
3041400000000000262144
3027200000000000000000
3039810000000000196608
3042640000000000000000
3031680000000000000000
3039090000000000196608
3054899999999999868928
3038249999999999934464
3036440000000000262144
3027949999999999803392
3138550000000000065536
3060540000000000131072
3111559999999999737856
3134620000000000131072
3142889999999999934464
3102119999999999737856
3119389999999999803392
3125200000000000000000
3129989999999999541248
3123500000000000131072
3118870000000000065536
3246340000000000393216
3358599999999999737856
3318920000000000262144
3310550000000000065536
3327989999999999541248
3319090000000000196608
3328610000000000196608
3391000000000000262144
3325400000000000262144
3193030000000000065536
3202329999999999934464
3193769999999999934464
3180000000000000000000
3195270000000000065536
3238310000000000065536
3246840000000000262144
3247360000000000000000
3243580000000000131072
3071769999999999934464
3074400000000000000000
3085480000000000262144
3090710000000000065536
3095520000000000000000
3120249999999999934464
3110800000000000000000
3109609999999999934464
3115510000000000065536
3119489999999999672320
3116000000000000000000
3085600000000000000000
3085670000000000065536
3094699999999999606784
3064380000000000131072
3109340000000000131072
3129209999999999934464
3157360000000000000000
3011260000000000131072
2940449999999999672320
2964829999999999803392
2936849999999999672320
2924030000000000327680
2958010000000000458752
2963159999999999737856
2945440000000000000000
2962030000000000327680
2947600000000000000000
2947590000000000065536
2928260000000000393216
2904160000000000000000
2819900000000000131072
2833100000000000131072
2831289999999999934464
2835570000000000196608
2858140000000000131072
2964119999999999737856
2780979999999999868928
2827229999999999803392
2907600000000000000000
2950610000000000196608
2964099999999999868928
2963840000000000000000
2983949999999999803392
2978290000000000196608
2988300000000000131072
2980649999999999934464
2986199999999999737856
2976199999999999737856
2977260000000000131072
2977139999999999868928
2972169999999999934464
2980400000000000000000
2996240000000000000000
2974249999999999934464
2990849999999999672320
3001780000000000393216
3020999999999999737856
3029320000000000262144
3048649999999999934464
3051969999999999672320
2980089999999999934464
3008300000000000131072
2990599999999999737856
2963600000000000000000
2972599999999999737856
2927800000000000262144
2942860000000000131072
2963510000000000065536
2944800000000000000000
2930969999999999934464
2924039999999999737856
2924510000000000327680
2944550000000000065536
2945880000000000262144
2946030000000000327680
2940889999999999934464
2923849999999999934464
2959810000000000196608
2954899999999999868928
2902909999999999803392
2962899999999999868928
2955580000000000131072
2963590000000000065536
2921709999999999803392
2924089999999999934464
2926390000000000065536
2932099999999999868928
2931559999999999737856
2929730000000000196608
2925689999999999934464
2929289999999999934464
2947440000000000000000
2941900000000000131072
2937200000000000000000
2942499999999999868928
2948050000000000196608
2932000000000000000000
2949750000000000065536
3041309999999999803392
3017100000000000131072
2957159999999999737856
2933300000000000393216
2930000000000000000000
2935289999999999934464
2948929999999999672320
2947869999999999803392
2976150000000000065536
2986989999999999803392
2969859999999999868928
2971129999999999934464
2967949999999999803392
2974080000000000000000
2999070000000000327680
2982599999999999737856
2967459999999999868928
2968039999999999737856
2976189999999999803392
2974199999999999737856
2985609999999999934464
2986899999999999868928
2992089999999999934464
3001300000000000393216
3019630000000000327680
3015150000000000327680
3045229999999999803392
3084940000000000131072
3122749999999999803392
3124710000000000065536
3124720000000000000000
3089840000000000000000
3097550000000000327680
3100260000000000393216
3112140000000000131072
3126290000000000196608
3146640000000000000000
3140550000000000065536
3139000000000000262144
3134550000000000065536
3131810000000000196608
3143880000000000262144
3185040000000000000000
3156300000000000131072
3179500000000000131072
3195260000000000131072
3223250000000000196608
3225680000000000000000
3225689999999999934464
3218760000000000262144
3237539999999999868928
3271989999999999541248
3222340000000000393216
3296050000000000196608
3265350000000000065536
3253600000000000000000
3218499999999999868928
3162649999999999934464
3143000000000000262144
3166369999999999672320
3139889999999999672320
3124249999999999934464
3117590000000000065536
3101760000000000000000
3109139999999999868928
3104640000000000000000
3116979999999999868928
3108110000000000327680
3087550000000000327680
3109929999999999934464
3077739999999999606784
3084829999999999803392
3083159999999999737856
3089449999999999934464
3093810000000000196608
3092310000000000065536
3088849999999999672320
3083350000000000065536
3093760000000000000000
3091980000000000131072
3101869999999999803392
3114440000000000262144
3120929999999999672320
3119630000000000327680
3148749999999999803392
3132010000000000458752
3112260000000000393216
3127699999999999868928
3119600000000000000000
3092659999999999868928
3113200000000000000000
3119520000000000000000
3131400000000000262144
3183059999999999868928
3215520000000000000000
3324460000000000131072
3350849999999999672320
3335209999999999934464
3284969999999999934464
3345910000000000065536
3367830000000000065536
3355619999999999868928
3286699999999999606784
3330489999999999934464
3349699999999999868928
3330679999999999737856
3295300000000000393216
3318699999999999606784
3295190000000000065536
3309239999999999737856
3301469999999999803392
3263489999999999672320
3275989999999999541248
3295440000000000000000
3288590000000000327680
3290979999999999868928
3302499999999999868928
3329379999999999868928
3315949999999999803392
3309960000000000262144
3315539999999999868928
3306940000000000131072
3321480000000000262144
3333300000000000393216
3346290000000000196608
3283350000000000065536
3211200000000000000000
3206400000000000000000
3223000000000000262144
3214989999999999803392
3218790000000000065536
3188110000000000327680
3186989999999999803392
3120599999999999737856
3107030000000000065536
3030519999999999737856
2993459999999999868928
2937100000000000131072
2978829999999999803392
2967910000000000065536
2940940000000000131072
3000820000000000393216
3053760000000000000000
2980360000000000262144
3011520000000000000000
2998909999999999803392
2984499999999999868928
2940320000000000000000
2951989999999999541248
2950349999999999803392
2961900000000000131072
2945340000000000131072
2937810000000000196608
2950030000000000327680
2957150000000000327680
2953709999999999803392
2959139999999999868928
2953489999999999672320
2957650000000000196608
2953430000000000065536
2950360000000000262144
2949559999999999737856
2939020000000000131072
2936169999999999934464
2933800000000000262144
2923659999999999606784
2811030000000000065536
2814690000000000196608
2847859999999999868928
2901680000000000000000
2890310000000000065536
2897369999999999934464
2921260000000000131072
2927769999999999934464
2938550000000000065536
2926210000000000196608
2914050000000000196608
2934780000000000131072
2977369999999999934464
3023010000000000196608
3001800000000000262144
3001600000000000000000
3036800000000000000000
3004590000000000327680
3013170000000000196608
3007300000000000393216
2949059999999999868928
2958150000000000065536
2925650000000000196608
2820710000000000065536
2793409999999999672320
2818579999999999868928
2737570000000000196608
2736199999999999737856
2756140000000000131072
2725920000000000000000
2739329999999999672320
2703980000000000131072
2692540000000000131072
2676659999999999868928
2637150000000000327680
2531250000000000196608
2380300000000000131072
2450030000000000327680
2443780000000000393216
2409379999999999868928
2410770000000000196608
2314449999999999934464
2318909999999999803392
2268889999999999934464
2237440000000000000000
2226760000000000262144
2280800000000000262144
2371859999999999868928
2330000000000000000000
2345460000000000131072
2342550000000000065536
2321640000000000000000
2274840000000000262144
2302000000000000000000
2203530000000000196608
2231190000000000065536
2281199999999999737856
2281739999999999868928
2252380000000000131072
2149139999999999868928
2184440000000000000000
2144050000000000196608
2106800000000000262144
2087500000000000131072
2076619999999999868928
1957990000000000065536
1925140000000000131072
1823869999999999803392
1889869999999999803392
1897420000000000131072
1930910000000000065536
1979880000000000000000
2064469999999999803392
2062400000000000000000
2079900000000000131072
2026259999999999868928
2017500000000000131072
2051139999999999868928
2090310000000000065536
2086420000000000131072
2077659999999999868928
2083340000000000131072
2131249999999999934464
2107539999999999868928
2125969999999999672320
2088949999999999803392
2099019999999999868928
2064539999999999868928
2026950000000000065536
2060739999999999868928
2130449999999999934464
2104080000000000000000
2063809999999999934464
2005720000000000000000
2001660000000000131072
2021779999999999868928
2017040000000000000000
2021790000000000065536
2008320000000000000000
1949790000000000065536
1952689999999999934464
1928779999999999868928
1951400000000000000000
1939900000000000131072
1967560000000000000000
1967080000000000000000
1988209999999999934464
1947980000000000131072
1924369999999999934464
1946209999999999934464
1952019999999999868928
1934430000000000065536
1958790000000000065536
2033859999999999868928
2057110000000000065536
2047869999999999803392
2053380000000000131072
2056190000000000065536
2098670000000000065536
2086989999999999803392
2087739999999999868928
2086090000000000196608
2058480000000000000000
2090449999999999934464
2060949999999999803392
2010640000000000000000
1941310000000000065536
1965600000000000000000
1957809999999999934464
1970270000000000065536
1975320000000000000000
1955890000000000196608
1973440000000000000000
1997520000000000000000
1985059999999999868928
1985310000000000065536
1967769999999999934464
1968040000000000000000
1997449999999999934464
1991009999999999934464
1996270000000000065536
2017480000000000000000
1980729999999999934464
1984729999999999934464
1940460000000000131072
1955369999999999934464
1971769999999999934464
1981089999999999934464
1948849999999999934464
1925929999999999934464
1940869999999999803392
1948320000000000000000
1954160000000000000000
1960480000000000000000
1943539999999999868928
1963689999999999934464
1963280000000000000000
1968120000000000000000
1958600000000000000000
1962440000000000000000
1976640000000000000000
1987430000000000065536
1987800000000000000000
1972990000000000065536
1974130000000000196608
1975609999999999934464
1980400000000000000000
1953550000000000065536
1943180000000000131072
1957329999999999934464
1862600000000000000000
1885099999999999868928
1915209999999999934464
1895369999999999934464
1856960000000000000000
1855840000000000000000
1831240000000000000000
1825209999999999934464
1826670000000000065536
1847609999999999934464
1852650000000000196608
1851950000000000065536
1906130000000000196608
1893349999999999803392
1926360000000000000000
2013779999999999868928
2071239999999999737856
2057880000000000000000
2054650000000000196608
2053489999999999672320
2057710000000000065536
2033460000000000131072
2030249999999999934464
2027760000000000000000
2045430000000000065536
2032720000000000000000
1962249999999999934464
1948710000000000065536
1921000000000000000000
1929710000000000065536
1924440000000000000000
1866560000000000000000
1863440000000000000000
1899000000000000000000
1947200000000000000000
1964710000000000065536
2023089999999999934464
2007209999999999934464
1983369999999999934464
1993440000000000000000
1954000000000000000000
1939790000000000065536
1972220000000000131072
1941430000000000065536
1947800000000000000000
2047430000000000065536
2043980000000000131072
2027440000000000000000
2008710000000000065536
1996190000000000065536
1961120000000000000000
1969059999999999868928
1986240000000000000000
1983059999999999868928
1961220000000000131072
2006660000000000131072
2055010000000000196608
2150809999999999934464
2178929999999999934464
2127530000000000196608
2120480000000000000000
2105719999999999737856
2138179999999999868928
2087340000000000131072
2074600000000000000000
2073300000000000131072
2084070000000000065536
2082929999999999934464
2051389999999999803392
1978140000000000131072
1983640000000000000000
1978680000000000000000
1980000000000000000000
1982910000000000065536
1988869999999999803392
1981150000000000065536
1955230000000000065536
1969589999999999803392
1947630000000000065536
1955310000000000065536
1951380000000000131072
1943180000000000131072
1964900000000000131072
1936829999999999803392
1977449999999999934464
1983489999999999934464
1991990000000000065536
2022929999999999934464
2034539999999999868928
1993270000000000065536
2026900000000000131072
2051120000000000000000
2062150000000000065536
2079840000000000262144
2037070000000000065536
2036869999999999803392
2021220000000000131072
2012560000000000000000
2018070000000000065536
2050199999999999737856
2076530000000000196608
2052320000000000262144
2023589999999999803392
2040990000000000065536
2063219999999999868928
2072650000000000196608
2069860000000000131072
2073630000000000065536
2118769999999999934464
2099719999999999737856
2121310000000000065536
2128249999999999934464
2102640000000000000000
2092719999999999737856
2101489999999999672320
2077659999999999868928
2074219999999999868928
2075110000000000065536
2077949999999999803392
2096590000000000065536
2096579999999999868928
2106270000000000065536
2120080000000000000000
2094239999999999737856
2113790000000000065536
2178550000000000065536
2236040000000000000000
2249360000000000000000
2270300000000000131072
2274099999999999868928
2331010000000000196608
2352949999999999803392
2320429999999999803392
2328139999999999868928
2327260000000000131072
2316600000000000000000
2320940000000000131072
2318010000000000196608
2341610000000000196608
2318150000000000065536
2269800000000000262144
2188000000000000000000
2186199999999999737856
2203600000000000000000
2212510000000000327680
2166800000000000262144
2166889999999999934464
2118769999999999934464
2141289999999999934464
2138159999999999737856
2151320000000000262144
2150610000000000196608
2141590000000000065536
2133560000000000000000
2132679999999999737856
2146059999999999868928
2153110000000000065536
2155150000000000065536
2156949999999999803392
2154940000000000131072
2152019999999999868928
2084739999999999868928
2113570000000000196608
2093400000000000000000
2069790000000000065536
2083019999999999868928
2063040000000000000000
2053610000000000196608
2051949999999999803392
2044120000000000000000
2134300000000000131072
2128050000000000196608
2154040000000000000000
2151619999999999868928
2141120000000000000000
2165270000000000065536
2165550000000000065536
2134659999999999868928
2115989999999999803392
2155689999999999934464
2157860000000000131072
2164400000000000000000
2186270000000000065536
2162300000000000131072
2172420000000000131072
2168679999999999737856
2152449999999999934464
2122920000000000000000
2067889999999999934464
2069590000000000065536
2048349999999999803392
2059289999999999934464
2060510000000000327680
2065190000000000065536
1991200000000000000000
1990380000000000131072
1990400000000000000000
1991950000000000065536
1988170000000000196608
2006099999999999868928
1996640000000000000000
2025750000000000065536
2019560000000000000000
1993740000000000131072
2010180000000000131072
2004960000000000000000
2002880000000000000000
1991849999999999934464
1994790000000000065536
1983520000000000000000
2034700000000000131072
2058400000000000000000
2070150000000000065536
2073829999999999803392
2022670000000000065536
2025569999999999934464
2065679999999999737856
2054689999999999934464
2040000000000000000000
2053739999999999868928
2095349999999999803392
2104360000000000000000
2101840000000000262144
2130099999999999868928
2134929999999999934464
2134800000000000262144
2141070000000000065536
2140219999999999868928
2055909999999999803392
2055729999999999934464
2032800000000000000000
2059480000000000000000
2065320000000000262144
2057209999999999934464
2054199999999999737856
2065940000000000131072
2062940000000000131072
2051170000000000196608
2052420000000000131072
2053600000000000000000
2049820000000000131072
2053650000000000196608
2051769999999999934464
2056070000000000065536
2064469999999999803392
2065219999999999868928
2056409999999999934464
2036950000000000065536
2041849999999999934464
2053699999999999868928
2061710000000000065536
2109659999999999868928
2128689999999999934464
2134510000000000327680
2151699999999999868928
2164940000000000131072
2144460000000000131072
2107289999999999934464
2108460000000000131072
2103960000000000000000
2089610000000000196608
2080199999999999737856
2113300000000000131072
2240010000000000196608
2234689999999999934464
2253800000000000262144
2247449999999999934464
2215520000000000000000
2211469999999999803392
2190310000000000065536
2182960000000000000000
2181679999999999737856
2180300000000000131072
2218349999999999803392
2216900000000000131072
2190469999999999803392
2186750000000000065536
2180059999999999868928
2216480000000000000000
2225280000000000262144
2254170000000000196608
2246230000000000065536
2238389999999999803392
2234000000000000000000
2247389999999999803392
2250630000000000065536
2316960000000000000000
2286000000000000000000
2215019999999999868928
2219010000000000196608
2205570000000000196608
2187420000000000131072
2199249999999999934464
2191900000000000131072
2194600000000000000000
2187179999999999868928
2187960000000000000000
2210289999999999934464
2263849999999999934464
2370599999999999737856
2366960000000000000000
2379170000000000196608
2375440000000000000000
2365859999999999868928
2315000000000000000000
2323630000000000065536
2330040000000000000000
2317500000000000131072
2338329999999999934464
2332689999999999934464
2376070000000000065536
2360790000000000065536
2358409999999999934464
2342409999999999934464
2336610000000000196608
2339920000000000000000
2360550000000000065536
2349120000000000000000
2326310000000000065536
2335199999999999737856
2355739999999999868928
2443600000000000000000
2429229999999999803392
2420099999999999868928
2406280000000000262144
2404780000000000131072
2354090000000000196608
2364659999999999868928
2349590000000000065536
2351500000000000131072
2341000000000000000000
2317040000000000000000
2330429999999999803392
2331849999999999934464
2300619999999999868928
2264429999999999803392
2287710000000000065536
2299790000000000065536
2309600000000000000000
2315230000000000065536
2333040000000000000000
2315280000000000262144
2312840000000000262144
2319679999999999737856
2321199999999999737856
2311289999999999934464
2299340000000000131072
2328159999999999737856
2364620000000000131072
2390400000000000000000
2399500000000000131072
2404800000000000000000
2398699999999999606784
2375409999999999672320
2342000000000000000000
2345389999999999803392
2330080000000000000000
2334300000000000131072
2314130000000000196608
2331270000000000065536
2309570000000000196608
2312900000000000131072
2329059999999999868928
2324980000000000131072
2322349999999999803392
2316190000000000065536
2319489999999999672320
2317400000000000000000
2314699999999999868928
2309120000000000000000
2310809999999999934464
2320280000000000262144
2311000000000000000000
2332130000000000196608
2336760000000000262144
2348900000000000131072
2368550000000000065536
2370340000000000393216
2395530000000000458752
2316800000000000262144
2320659999999999868928
2275199999999999737856
2289349999999999803392
2303989999999999803392
2291019999999999868928
2288099999999999868928
2275300000000000131072
2279790000000000065536
2302000000000000000000
2289570000000000196608
2311630000000000065536
2323909999999999803392
2331869999999999803392
2272369999999999934464
2233360000000000000000
2252329999999999934464
2252739999999999868928
2259940000000000131072
2257760000000000262144
2265530000000000196608
2261650000000000196608
2257420000000000131072
2282689999999999934464
2279849999999999934464
2286460000000000131072
2307829999999999803392
2304900000000000131072
2295640000000000000000
2304150000000000065536
2300960000000000000000
2302329999999999934464
2309130000000000196608
2311270000000000065536
2317080000000000000000
2302040000000000000000
2309500000000000131072
2319800000000000262144
2328420000000000131072
2335500000000000131072
2322880000000000000000
2385090000000000196608
2362849999999999672320
2337360000000000000000
2350199999999999737856
2356219999999999868928
2347320000000000262144
2382380000000000131072
2380809999999999934464
2379849999999999934464
2381619999999999868928
2372019999999999868928
2360769999999999934464
2376829999999999803392
2371769999999999934464
2410720000000000000000
2359059999999999868928
2348610000000000196608
2351030000000000327680
2322420000000000131072
2344590000000000065536
2330059999999999868928
2294820000000000131072
2296150000000000065536
2291209999999999934464
2278929999999999934464
2281159999999999737856
2295440000000000000000
2293170000000000196608
2316170000000000196608
2307389999999999803392
2315530000000000196608
2314790000000000065536
2314790000000000065536
2317640000000000000000
2332320000000000262144
2326610000000000196608
2327689999999999934464
2327489999999999672320
2322739999999999868928
2347659999999999868928
2365469999999999803392
2371350000000000065536
2330420000000000131072
2330570000000000196608
2335929999999999934464
2333199999999999737856
2340349999999999803392
2339769999999999934464
2309219999999999868928
2294769999999999934464
2286780000000000131072
2261600000000000000000
2285139999999999868928
2275139999999999868928
2301600000000000000000
2300869999999999803392
2301640000000000000000
2236139999999999868928
2256110000000000065536
2258310000000000065536
2241710000000000065536
2264860000000000131072
2253289999999999934464
2298499999999999868928
2298689999999999934464
2283460000000000131072
2273230000000000065536
2265209999999999934464
2257610000000000196608
2222329999999999934464
2222610000000000196608
2223769999999999934464
2227159999999999737856
2194150000000000065536
2175790000000000065536
2179349999999999803392
2179170000000000196608
2180159999999999737856
2181110000000000065536
2185849999999999934464
2191560000000000000000
2185860000000000131072
2191869999999999803392
2130249999999999934464
2117829999999999803392
2120000000000000000000
2133270000000000065536
2106659999999999868928
2124000000000000000000
2129120000000000000000
2130139999999999868928
2139900000000000131072
2109520000000000000000
2108929999999999934464
2111809999999999934464
2110630000000000065536
2109989999999999803392
2128219999999999868928
2126849999999999934464
2135460000000000131072
2137829999999999803392
2128239999999999737856
2144400000000000000000
2133590000000000065536
2113489999999999672320
2130860000000000131072
2141239999999999737856
2132249999999999934464
2136550000000000065536
2126780000000000131072
2129110000000000065536
2117739999999999868928
2063800000000000262144
2064310000000000065536
2068869999999999803392
2026800000000000000000
2029809999999999934464
2058679999999999737856
2075689999999999934464
2115699999999999868928
2117110000000000065536
2119070000000000065536
2124329999999999934464
2094030000000000327680
2098699999999999868928
2097849999999999934464
2093689999999999934464
2114360000000000000000
2113560000000000000000
2125560000000000000000
2120080000000000000000
2111489999999999672320
2091719999999999737856
2093679999999999737856
2119150000000000065536
2085329999999999934464
2071929999999999934464
2071539999999999868928
2067469999999999803392
2081289999999999934464
2078190000000000065536
2068769999999999934464
2054630000000000065536
2022499999999999868928
1979209999999999934464
1992890000000000196608
1987449999999999934464
1987980000000000131072
2012449999999999934464
2007980000000000131072
2000829999999999803392
2005689999999999934464
2005630000000000065536
2029329999999999934464
2015280000000000000000
2012560000000000000000
2014950000000000065536
2014440000000000000000
2015520000000000000000
2024470000000000065536
2026560000000000000000
2020400000000000000000
2031369999999999934464
2022059999999999868928
2021180000000000131072
2008550000000000065536
1997609999999999934464
2005040000000000000000
2007289999999999934464
1974569999999999934464
1979960000000000000000
1966019999999999868928
2003009999999999934464
2004800000000000000000
2001720000000000000000
1979880000000000000000
1976600000000000000000
1912630000000000065536
1910040000000000000000
1858140000000000131072
1826220000000000131072
1876299999999999868928
1876449999999999934464
1835040000000000000000
1801689999999999934464
1811369999999999934464
1807819999999999868928
1776310000000000065536
1750099999999999868928
1775529999999999934464
1775220000000000131072
1769410000000000196608
1728499999999999868928
1678400000000000000000
1662539999999999868928
1582680000000000000000
1573600000000000000000
1583470000000000065536
1563099999999999868928
1574880000000000000000
1558630000000000065536
1560310000000000065536
1554289999999999934464
1569349999999999803392
1594800000000000000000
1615109999999999803392
1630000000000000000000
1630000000000000000000
1613120000000000000000
1690400000000000000000
1679480000000000000000
1672910000000000065536
1682950000000000065536
1691299999999999868928
1684809999999999934464
1690320000000000000000
1669220000000000131072
1679529999999999934464
1671410000000000196608
1635700000000000131072
1656489999999999934464
1638920000000000000000
1630109999999999803392
1639369999999999934464
1619249999999999934464
1657019999999999868928
1628809999999999934464
1620589999999999803392
1652190000000000065536
1653000000000000000000
1665520000000000000000
1644070000000000065536
1679980000000000131072
1672299999999999868928
1671320000000000000000
1660310000000000065536
1672339999999999868928
1659640000000000000000
1665440000000000000000
1665990000000000065536
1664720000000000000000
1675760000000000000000
1677760000000000000000
1681600000000000000000
1677969999999999934464
1680880000000000000000
1681460000000000131072
1675369999999999934464
1673190000000000065536
1662499999999999868928
1664790000000000065536
1725240000000000000000
1720499999999999868928
1715890000000000196608
1764000000000000000000
1844869999999999803392
1821579999999999868928
1795480000000000000000
1778589999999999803392
1773600000000000000000
1798560000000000000000
1781600000000000000000
1794280000000000000000
1791890000000000196608
1792320000000000000000
1783790000000000065536
1762920000000000000000
1772499999999999868928
1733829999999999803392
1749440000000000000000
1742680000000000000000
1748390000000000065536
1742009999999999934464
1680660000000000131072
1704089999999999934464
1709539999999999868928
1696299999999999868928
1694510000000000065536
1690710000000000065536
1706660000000000131072
1700120000000000000000
1710000000000000000000
1706940000000000131072
1724630000000000065536
1725890000000000196608
1739160000000000000000
1727760000000000000000
1739200000000000000000
1736299999999999868928
1730660000000000131072
1723740000000000131072
1729080000000000000000
1732539999999999868928
1705289999999999934464
1728630000000000065536
1744840000000000000000
1766339999999999868928
1743289999999999934464
1733059999999999868928
1726819999999999868928
1728339999999999868928
1681500000000000131072
1659380000000000131072
1658160000000000000000
1660800000000000000000
1665520000000000000000
1665059999999999868928
1671299999999999868928
1677510000000000065536
1616619999999999868928
1582700000000000131072
1620089999999999934464
1617430000000000065536
1655360000000000000000
1631420000000000131072
1568369999999999934464
1557589999999999803392
1566059999999999868928
1556310000000000065536
1579320000000000000000
1543569999999999934464
1578400000000000000000
1572670000000000065536
1576849999999999934464
1578760000000000000000
1584099999999999868928
1582000000000000000000
1603500000000000131072
1576499999999999868928
1572099999999999868928
1573489999999999934464
1574280000000000000000
1581089999999999934464
1579059999999999868928
1562969999999999934464
1570190000000000065536
1582750000000000065536
1578380000000000131072
1573150000000000065536
1578080000000000000000
1623769999999999934464
1611480000000000000000
1585349999999999803392
1590480000000000000000
1576790000000000065536
1563049999999999934464
1578779999999999868928
1570190000000000065536
1592900000000000131072
1576809999999999934464
1568470000000000065536
1619230000000000065536
1617109999999999803392
1608380000000000131072
1638170000000000196608
1614510000000000065536
1648740000000000131072
1695600000000000000000
1698819999999999868928
1699040000000000000000
1704880000000000000000
1716280000000000000000
1740910000000000065536
1729920000000000000000
1744180000000000131072
1756809999999999934464
1752619999999999868928
1757180000000000131072
1756859999999999868928
1789969999999999934464
1791560000000000000000
1779470000000000065536
1760390000000000065536
1768900000000000131072
1758900000000000131072
1773539999999999868928
1780209999999999934464
1784700000000000131072
1778349999999999803392
1770929999999999934464
1758259999999999868928
1787740000000000131072
1791929999999999934464
1798710000000000065536
1770480000000000000000
1770230000000000065536
1779500000000000131072
1796390000000000065536
1789670000000000065536
1770569999999999934464
1750470000000000065536
1755600000000000000000
1746800000000000000000
1721779999999999868928
1740030000000000065536
1742430000000000065536
1729529999999999934464
1752190000000000065536
1742710000000000065536
1738259999999999868928
1747520000000000000000
1744259999999999868928
1775160000000000000000
1772569999999999934464
1800320000000000000000
1790390000000000065536
1791880000000000000000
1796099999999999868928
1795689999999999934464
1798840000000000000000
1799109999999999803392
1813790000000000065536
1823539999999999868928
1786990000000000065536
1810650000000000196608
1797890000000000196608
1802900000000000131072
1820160000000000000000
1820529999999999934464
1806000000000000000000
1779840000000000000000
1786550000000000065536
1779529999999999934464
1775840000000000000000
1773390000000000065536
1774880000000000000000
1781929999999999934464
1779009999999999934464
1796349999999999803392
1874299999999999868928
1875849999999999934464
1890800000000000000000
1875080000000000000000
1869030000000000065536
1883249999999999934464
1930470000000000065536
1923040000000000000000
1917170000000000196608
1917529999999999934464
1909390000000000065536
1883950000000000065536
1880729999999999934464
1874369999999999934464
1863489999999999934464
1851249999999999934464
1826849999999999934464
1837700000000000131072
1829609999999999934464
1842809999999999934464
1840920000000000000000
1844829999999999803392
1843240000000000000000
1844360000000000000000
1842869999999999803392
1857539999999999868928
1861680000000000000000
1866230000000000065536
1869299999999999868928
1870310000000000065536
1869920000000000000000
1861320000000000000000
1871230000000000065536
1878640000000000000000
1862619999999999868928
1891560000000000000000
1901049999999999934464
1897529999999999934464
1904049999999999934464
1925640000000000000000
1932819999999999868928
1934670000000000065536
1930840000000000000000
1922499999999999868928
1929059999999999868928
1927489999999999934464
1913220000000000131072
1926109999999999803392
1942130000000000196608
1924220000000000131072
1933270000000000065536
1919640000000000000000
1914600000000000000000
1925180000000000131072
1894059999999999868928
1874240000000000000000
1877280000000000000000
1879329999999999934464
1894790000000000065536
1882680000000000000000
1860460000000000131072
1862249999999999934464
1860000000000000000000
1857180000000000131072
1854400000000000000000
1856220000000000131072
1866170000000000196608
1873150000000000065536
1873299999999999868928
1880650000000000196608
1880030000000000065536
1884349999999999803392
1913140000000000131072
1912600000000000000000
1953099999999999868928
1948180000000000131072
1962969999999999934464
1958190000000000065536
1925750000000000065536
1946779999999999868928
1890779999999999868928
1879560000000000000000
1882009999999999934464
1875049999999999934464
1918380000000000131072
1920390000000000065536
1920009999999999934464
1890480000000000000000
1922640000000000000000
1913420000000000131072
1890070000000000065536
1886869999999999803392
1908790000000000065536
1908120000000000000000
1901270000000000065536
1921109999999999803392
1917280000000000000000
1922329999999999934464
1917220000000000131072
1907619999999999868928
1888619999999999868928
1882910000000000065536
1861019999999999868928
1866779999999999868928
1860990000000000065536
1868360000000000000000
1868160000000000000000
1865500000000000131072
1868829999999999803392
1836109999999999803392
1843670000000000065536
1876140000000000131072
1874600000000000000000
1851160000000000000000
1857329999999999934464
1880660000000000131072
1883689999999999934464
1855140000000000131072
1842130000000000196608
1837800000000000000000
1861740000000000131072
1868589999999999803392
1859130000000000196608
1863000000000000000000
1862349999999999803392
1871259999999999868928
1871710000000000065536
1874190000000000065536
1868670000000000065536
1866729999999999934464
1871170000000000196608
1867529999999999934464
1872510000000000065536
1915539999999999868928
1907209999999999934464
1897259999999999868928
1907470000000000065536
1905990000000000065536
1909280000000000000000
1908400000000000000000
1902680000000000000000
1895980000000000131072
1900980000000000131072
1914920000000000000000
1916680000000000000000
1917910000000000065536
1913019999999999868928
1917049999999999934464
1914230000000000065536
1919769999999999934464
1921430000000000065536
1919070000000000065536
1915000000000000000000
1912650000000000196608
1917720000000000000000
1917880000000000000000
1925209999999999934464
1920779999999999868928
1909420000000000131072
1916190000000000065536
1924049999999999934464
1919150000000000065536
1875500000000000131072
1876880000000000000000
1871750000000000065536
1879329999999999934464
1876180000000000131072
1891560000000000000000
1861689999999999934464
1880329999999999934464
1881200000000000000000
1885170000000000196608
1890190000000000065536
1914200000000000000000
1891059999999999868928
1877650000000000196608
1878089999999999934464
1885740000000000131072
1893969999999999934464
1878790000000000065536
1878390000000000065536
1885760000000000000000
1884750000000000065536
1881480000000000000000
1871600000000000000000
1876360000000000000000
1879619999999999868928
1879109999999999803392
1880550000000000065536
1881140000000000131072
1878660000000000131072
1877720000000000000000
1883220000000000131072
1882720000000000000000
1881000000000000000000
1881349999999999803392
1879720000000000000000
1879089999999999934464
1882259999999999868928
1884170000000000196608
1874400000000000000000
1899390000000000065536
1899230000000000065536
1902940000000000131072
1911569999999999934464
1905929999999999934464
1912059999999999868928
1893240000000000000000
1897040000000000000000
1901520000000000000000
1916470000000000065536
1912289999999999934464
1916809999999999934464
1910809999999999934464
1914609999999999934464
1921700000000000131072
2084710000000000065536
2101429999999999803392
2251719999999999737856
2249480000000000000000
2250380000000000131072
2294679999999999737856
2324960000000000000000
2323190000000000065536
2326349999999999803392
2339949999999999803392
2370710000000000065536
2370050000000000196608
2392530000000000196608
2412809999999999934464
2515760000000000000000
2514579999999999868928
2432909999999999803392
2423630000000000327680
2410640000000000000000
2439049999999999934464
2422210000000000196608
2413849999999999934464
2388510000000000327680
2433320000000000262144
2438230000000000065536
2444699999999999606784
2463159999999999737856
2430649999999999934464
2454720000000000000000
2493980000000000131072
2487440000000000000000
2471100000000000131072
2482080000000000000000
2498729999999999934464
2478050000000000196608
2477789999999999803392
2482840000000000262144
2463400000000000262144
2442340000000000393216
2465100000000000131072
2461329999999999672320
2462530000000000196608
2449820000000000131072
2470620000000000131072
2506670000000000327680
2492499999999999868928
2496770000000000196608
2501600000000000000000
2521960000000000262144
2498320000000000000000
2511289999999999934464
2490649999999999934464
2496640000000000000000
2505229999999999803392
2472160000000000000000
2435520000000000000000
2442889999999999934464
2435329999999999672320
2436429999999999803392
2436060000000000131072
2444649999999999934464
2453590000000000065536
2457800000000000262144
2457280000000000000000
2455309999999999803392
2460300000000000131072
2481040000000000000000
2503750000000000065536
2416449999999999672320
2420630000000000065536
2440199999999999737856
2445440000000000000000
2467100000000000131072
2481559999999999737856
2466940000000000131072
2471570000000000196608
2472280000000000262144
2458599999999999737856
2448210000000000196608
2418460000000000131072
2417480000000000262144
2413580000000000131072
2416960000000000000000
2380860000000000131072
2389900000000000131072
2392409999999999934464
2391309999999999803392
2402540000000000131072
2397510000000000065536
2406409999999999934464
2517010000000000196608
2518670000000000327680
2507840000000000000000
2505120000000000000000
2504530000000000196608
2523200000000000000000
2452320000000000000000
2456369999999999672320
2456690000000000196608
2453329999999999672320
2458039999999999737856
2454119999999999737856
2460489999999999934464
2478019999999999868928
2480720000000000000000
2509989999999999541248
2497270000000000065536
2502110000000000327680
2479810000000000196608
2490599999999999737856
2514590000000000327680
2497329999999999672320
2489340000000000131072
2489219999999999868928
2470080000000000000000
2495780000000000393216
2489920000000000000000
2485619999999999868928
2479239999999999737856
2474089999999999934464
2498530000000000196608
2482269999999999803392
2485070000000000327680
2488909999999999803392
2510480000000000000000
2500380000000000131072
2489780000000000393216
2465229999999999803392
2467800000000000262144
2474640000000000000000
2472349999999999803392
2461570000000000196608
2440999999999999737856
2461910000000000065536
2437719999999999737856
2446599999999999737856
2466989999999999803392
2457500000000000131072
2558979999999999868928
2539260000000000131072
2516440000000000262144
2513260000000000131072
2523910000000000065536
2536199999999999737856
2534720000000000000000
2519289999999999934464
2525630000000000327680
2520649999999999934464
2517409999999999672320
2480870000000000065536
2490679999999999737856
2505510000000000065536
2476360000000000262144
2511920000000000000000
2522230000000000065536
2508579999999999868928
2507900000000000131072
2539789999999999803392
2515469999999999803392
2498950000000000065536
2473430000000000065536
2475670000000000065536
2423570000000000196608
2414739999999999868928
2396880000000000000000
2400260000000000393216
2395170000000000196608
2420770000000000196608
2391159999999999737856
2406290000000000196608
2416630000000000065536
2433939999999999868928
2442280000000000262144
2440870000000000065536
2468909999999999803392
2447580000000000131072
2445699999999999868928
2477449999999999934464
2480679999999999737856
