block,phase,fair,price_on,price_off,kappa,trend,d,lp_on,lp_off,cum_lvr_on,cum_lvr_off,cum_noise_on,lp_vf,cum_lvr_vf,cum_noise_vf
1,0,3579840000000000000000,3572659528044697596284,3572659528044697596284,0,0,0,7133897158449503178959620,7133897158449503178959620,46436454213540251483,46436454213540251483,0,7133897158449503178959620,46436454213540251483,0
2,0,3594110000000000327680,3577605150282956517084,3577605150282956517084,0,1,1000000000000000000,7148116956535364686261215,7148116956535364686261215,78454162910722629414,78454162910722629414,0,7148117421727767256912704,78191297714702073968,202327206550096043
3,0,3660199999999999737856,3669584452263502247603,3669584452263502247603,0,1,1000000000000000000,7213525668934918672397708,7213525668934918672397708,548187960883015043973,548187960883015043973,0,7213527386966673652294786,546802188215928818468,327425412573495408
4,0,3670329999999999934464,3690236580558953938801,3690236580558953938801,0,1,1000000000000000000,7223521375691658162569419,7223521375691658162569419,548225224610690775222,548225224610690775222,0,7223524544071541612696765,546802188215928818468,1721145283446306183
5,0,3757810000000000196608,3737197756604376309356,3737197756604376309356,0,1,1000000000000000000,7309099406428131131882676,7309099406428131131882676,849058634770430658163,849058634770430658163,0,7309109009290386170060219,842753887956668339217,3218922409048203322
6,0,3787680000000000000000,3772210441909222537209,3772210441909222537209,0,1,1000000000000000000,7338078728277949739314590,7338078728277949739314590,1014195682647880407169,1014195682647880407169,0,7338094318472415952178494,1003355270471683370731,4618921063985831498
7,0,3751689999999999934464,3738283574521929043920,3738283574521929043920,0,1,1000000000000000000,7303129232932695774073854,7303129232932695774073854,1041358077308566926199,1041358077308566926199,0,7303148064232664359775136,1028500573803297038973,5932009385866201851
8,0,3758870000000000065536,3763682095414101225589,3763682095414101225589,0,1,601763919554958936,7310104057727006024173444,7310104057727006024173444,1068917175685128279971,1068917175685128279971,0,7310125560665667644685726,1053902249955557862540,6431384734721331545
9,0,3759789999999999803392,3780005258232618492115,3780005258232618492115,0,1,661239798384268910,7311023375015989705078366,7311023375015989705078366,1069895486896943778741,1069895486896943778741,0,7311047378977583566862890,1054474493147420600639,8523384165888700492
10,0,3789530000000000458752,3779276335787458820112,3779276335787458820112,0,1,695440837684066714,7339861930944861491969302,7339861930944861491969302,1075706154060396135750,1075706154060396135750,0,7339887975208340242008892,1059352567309988725393,9529483881630888224
11,0,3810419999999999868928,3811302482418527699695,3811302482418527699695,0,1,686514004105912670,7360058125736524152198547,7360058125736524152198547,1137671281380883369437,1137671281380883369437,0,7360086923136214025798282,1118709569708510722900,9602906380390659347
12,0,3813580000000000131072,3829980684833051249338,3829980684833051249338,0,1,753361883861167004,7363126259894787398045270,7363126259894787398045270,1137999745888572973812,1137999745888572973812,0,7363156747031995366091490,1118833018979803236390,11074575930086038116
13,0,3738840000000000262144,3735995328587007256908,3735995328587007256908,0,1,784659644851028154,7290600295872122212221001,7290600295872122212221001,1666625888451653869206,1666625888451653869206,0,7290638677957732522066582,1639498371383148316243,11323921496296617372
14,0,3764019999999999868928,3765336072364298299276,3765336072364298299276,0,1,14748616599631129,7315108718459236048795377,7315108718459236048795377,1717694269127573236051,1717694269127573236051,0,7315151116697016745955824,1686825524032208666296,11497183377038424610
15,0,3733500000000000131072,3750169986886460389519,3750169986886460389519,0,1,150500738429289570,7285409580773853050803523,7285409580773853050803523,1783351115209768787916,1783351115209768787916,0,7285458124686683956375166,1748327362110609938276,13675486754070320369
16,0,3679129999999999934464,3679851595144831324990,3679851595144831324990,0,1,61710044150888709,7232149350981745357314514,7232149350981745357314514,2114007662790685397307,2114007662790685397307,0,7232206126862012219941035,2070501174548202880011,13763909211564431627
17,0,3707869999999999803392,3715494264275990316210,3715494264275990316210,0,1,255374713591493728,7260345630365736880831591,7260345630365736880831591,2166222932716902005776,2166222932716902005776,0,7260407850612999247794559,2118571401087353276469,14874340672916968414
18,0,3720419999999999868928,3701526753461531877628,3701526753461531877628,0,1,64845942628039106,7272641997633608289935788,7272641997633608289935788,2167818570887467494714,2167818570887467494714,0,7272707820223543375184922,2119447262694429864596,17642767972377957482
19,0,3671849999999999934464,3662730649057030829938,3662730649057030829938,0,1,125832989495253059,7224996127064356696498044,7224996127064356696498044,2226339672221396071323,2226339672221396071323,0,7225066701290615831275986,2174018568737620232393,18860915686324160910
20,0,3748699999999999606784,3757101268234029054995,3757101268234029054995,0,1,280307155191706105,7300211328975641719310544,7300211328975641719310544,2717510076820247769250,2717510076820247769250,0,7300295637340902003937338,2653274787475974375821,19996506420547970748
21,0,3730749999999999803392,3749750665716091282618,3749750665716091282618,0,1,147560242766953120,7282731389258283835987495,7282731389258283835987495,2762607897374307915250,2762607897374307915250,0,7282823432644769041950615,2693729367218033567600,23321241867244856624
22,0,3675300000000000393216,3674136926946123019988,3674136926946123019988,0,1,113846986413562523,7228384067586883110755869,7228384067586883110755869,3126005699474794905880,3126005699474794905880,0,7228486955116792636397029,3045786735968576221089,23499509719531374624
23,0,3674219999999999606784,3672564639997854497664,3672564639997854497664,0,1,180706869552591091,7227322039305188672880667,7227322039305188672880667,3126006161310245459581,3126006161310245459581,0,7227425225867089023123497,3045786735968576221089,23811502208249176677
24,0,3646699999999999606784,3626885263726870147569,3626885263726870147569,0,1,186027767340152370,7200231289653060485760893,7200231289653060485760893,3170963115817673883164,3170963115817673883164,0,7200341048458121116009411,3086554365402790589042,26842428293795755149
25,0,3589400000000000262144,3573559289288052119183,3573559289288052119183,0,1,334674993351539568,7143430248957700093595800,7143430248957700093595800,3267341201471625049264,3267341201471625049264,0,7143547689369460099844754,3176978719100690196408,29377812316445981625
26,0,3630400000000000000000,3628362024233981382377,3628362024233981382377,0,1,469548265739924849,7184095115485200521112587,7184095115485200521112587,3490975719882632728650,3490975719882632728650,0,7184223338332872947144271,3390803533350585029491,29728517315807645517
27,0,3643250000000000196608,3641143410405278954753,3641143410405278954753,0,1,180316272801745064,7196798151374939298478206,7196798151374939298478206,3506059860833331681403,3506059860833331681403,0,7196929669335755246913212,3403216854598000716237,30109261427742532516
28,0,3593989999999999541248,3606287557874701023719,3606287557874701023719,0,1,120376009558677434,7147989121245265128914243,7147989121245265128914243,3657869804674492800361,3657869804674492800361,0,7148129345610485560525319,3547420111163890187240,32113712353097276184
29,0,3657010000000000196608,3662651894235201349551,3662651894235201349551,0,1,243936843948869335,7210377788408853453161256,7210377788408853453161256,3833693101158936535005,3833693101158936535005,0,7210528234563253005971567,3715093619939025704965,33005321230058390770
30,0,3733229999999999803392,3728461793715283948564,3728461793715283948564,0,1,17774775362993467,7285129555783493395973738,7285129555783493395973738,4165432398698103180662,4165432398698103180662,0,7285294435547141731624052,4034878438939829354694,33822775990148235389
31,0,3734760000000000262144,3719296167083199904536,3719296167083199904536,0,1,235158865483813056,7286636437543084614243146,7286636437543084614243146,4168027040844341935243,4168027040844341935243,0,7286805380668389841790181,4036312125874168476812,36689094265528727020
32,0,3709389999999999803392,3689239637415865505820,3689239637415865505820,0,1,192253619026654210,7261856729491833839455778,7261856729491833839455778,4174483641468590376261,4174483641468590376261,0,7262030013299081798683521,4041151590916204209978,39980690781724613747
33,0,3596809999999999934464,3602351467239834725966,3602351467239834725966,0,1,50700454526670914,7150784570978537312930435,7150784570978537312930435,4749942446963508136286,4749942446963508136286,0,7150970670600738987018409,4602138176430872483682,40879334281221290948
34,0,3632790000000000065536,3614074476710074856015,3614074476710074856015,0,1,254971184654548382,7186483160362477049781849,7186483160362477049781849,4813540541978642033083,4813540541978642033083,0,7186679605966122195219294,4659844853045027891651,44471386783513937757
35,0,3721379999999999868928,3723689597236045363915,3723689597236045363915,0,1,199028261416827601,7273557020007461900236441,7273557020007461900236441,5591893606437743592885,5591893606437743592885,0,7273774409835092248379049,5420058952047230973642,44854002694563082148
36,0,3634920000000000262144,3616574606468621881553,3616574606468621881553,0,1,191100964234201478,7188588695123875501589178,7188588695123875501589178,6115007948951524866547,6115007948951524866547,0,7188826126939797071487502,5924272177403938098098,48735921934205609792
37,0,3642010000000000458752,3629518414467855443527,3629518414467855443527,0,1,133070229417354664,7195583628958251079188223,7195583628958251079188223,6159186597270773602911,6159186597270773602911,0,7195830853798348300364332,5962000929614948156149,51869509731033855990
38,0,3725960000000000262144,3749207098325128007928,3749207098325128007928,0,1,90337835132622138,7278066367378461319982787,7278066367378461319982787,6784858638133044350223,6784858638133044350223,0,7278342606303043278792516,6566518818193220439405,56842817485260669517
39,0,3740579999999999868928,3746675884473867389794,3746675884473867389794,0,1,222815383076575368,7292298455344905970898574,7292298455344905970898574,6789696186024407073999,6789696186024407073999,0,7292579135054068033208075,6569092759615831198059,58426664475391471800
40,0,3744000000000000000000,3745530440258725960233,3745530440258725960233,0,1,214274750049055739,7295629090252422075929670,7295629090252422075929670,6790161692247002026721,6790161692247002026721,0,7295910833434471844017969,6569092759615831198059,58767120582205396824
41,0,3740790000000000065536,3729856064641247946378,3729856064641247946378,0,1,209774126424376167,7292508544632213591794308,7292508544632213591794308,6791623691487548399572,6791623691487548399572,0,7292793139698946073621921,6569655485353459368255,60840401898921114411
42,0,3737500000000000131072,3738793322220698569328,3738793322220698569328,0,1,141507477823689270,7289293284678099031088237,7289293284678099031088237,6795442747734355057539,6795442747734355057539,0,7289579288633187055170382,6572162836701198799152,61061427841597018206
43,0,3752400000000000000000,3753509979802069757517,3753509979802069757517,0,1,172845888927717278,7303808631570289539632526,7303808631570289539632526,6807490961122099387667,6807490961122099387667,0,7304097424765218628087072,6582161845907611569926,61228320065708546401
44,0,3743289999999999934464,3757823800581614109153,3757823800581614109153,0,1,227315668793842009,7294950838478840080965710,7294950838478840080965710,6814269567119746675711,6814269567119746675711,0,7295242668908884183492723,6587537733526395875369,63216094067889907370
45,0,3776390000000000065536,3773316998885286319220,3773316998885286319220,0,1,244430606019295459,7327119467479008409147488,7327119467479008409147488,6836516767190567878139,6836516767190567878139,0,7327415161756527018916253,6607579847155587598259,63582002336970408905
46,0,3770070000000000065536,3761932318295763146774,3761932318295763146774,0,1,308937678736297157,7320989394293628451487667,7320989394293628451487667,6837194987967651585072,6837194987967651585072,0,7321286096998747111643174,6607898935046433064038,64480269628598013666
47,0,3816989999999999803392,3814577703577493148391,3814577703577493148391,0,1,219015675971998472,7366400889023950461076614,7366400889023950461076614,7031580303018977603060,7031580303018977603060,0,7366705216606871926981212,6796741354620479216766,64723781159869917112
48,0,3820519999999999737856,3833407095003319578374,3833407095003319578374,0,1,430648521055164837,7369816449859018185522121,7369816449859018185522121,7033812362090495253597,7033812362090495253597,0,7370123109302811424421194,6798282392649562680112,66221449235526349951
49,0,3830000000000000000000,3830720554443764487206,3830720554443764487206,0,1,488433621292561844,7378943859503661614537893,7378943859503661614537893,7034541633128787048048,7034541633128787048048,0,7379251358425648162132009,6798634925959425867450,66301006315378309581
50,0,3874110000000000327680,3879947779828100671718,3879947779828100671718,0,1,463552759441648066,7421315828178759350061219,7421315828178759350061219,7152221763902202478982,7152221763902202478982,0,7421629770926469085393837,6912189908681172307672,66850660403977512971
51,0,3880870000000000065536,3879057164310595229739,3879057164310595229739,0,1,605025946122299337,7427785893458865018672091,7427785893458865018672091,7152274206432221600141,7152274206432221600141,0,7428100413499204702798889,6912189908681172307672,67049054565342014012
52,0,3894050000000000196608,3907874523187104580647,3907874523187104580647,0,1,596122474014091089,7440399601892454367874672,7440399601892454367874672,7166114491895534736653,7166114491895534736653,0,7440717339383977709897149,6924628965906933344928,68331364096414482579
53,0,3880199999999999737856,3896337125903369332873,3896337125903369332873,0,1,666329662532157782,7427160481223018047614476,7427160481223018047614476,7213006203686678405468,7213006203686678405468,0,7427481857709255923164990,6968861836600822294921,69881340239543609900
54,0,3808610000000000196608,3787189032094321288263,3787189032094321288263,0,1,540478309576717210,7358339066710174056570910,7358339066710174056570910,7690006642221447775748,7690006642221447775748,0,7358667054596095560218598,7438184069502234762114,71769103653850080206
55,0,3798260000000000393216,3800385894621729825705,3800385894621729825705,0,1,169040194625530457,7348305089647828087059500,7348305089647828087059500,7697833121769788581655,7697833121769788581655,0,7348634519063220600614618,7444435390622674490404,72068100080262686646
56,0,3798599999999999737856,3808353757109433600931,3808353757109433600931,0,1,96311385190635077,7348639726120193263568379,7348639726120193263568379,7698036066137810903731,7698036066137810903731,0,7348970640681551009459066,7444435390622674490404,73310153180855986048
57,0,3791889999999999672320,3814868896179429267448,3814868896179429267448,0,1,50038716383640222,7342173855998818982008028,7342173855998818982008028,7715262567115751239458,7715262567115751239458,0,7342508933707660401305456,7459797519914491898343,75902095176166385727
58,0,3877859999999999868928,3893592853146960401851,3893592853146960401851,0,1,9142772215900534,7424919854415917625017147,7424919854415917625017147,7964194325741200745150,7964194325741200745150,0,7425266530593729227510309,7702477629326570230655,77442187837764996002
59,0,3825639999999999737856,3844162282315015294981,3844162282315015294981,0,1,347910123942164560,7374764110405945793089440,7374764110405945793089440,8249959448497588005087,8249959448497588005087,0,7375119714569722268704960,7979367999042027586201,79882260590005744190
60,0,3761659999999999606784,3753415949886994723514,3753415949886994723514,0,1,69454704820033666,7312819400154872028982389,7312819400154872028982389,8680220958724458041274,8680220958724458041274,0,7313184688577837036033279,8398182148577037814146,81039425445364255897
61,0,3765420000000000131072,3785654524700524021039,3785654524700524021039,0,1,264689844258082090,7316495150022343410302434,7316495150022343410302434,8689545484320106773125,8689545484320106773125,0,7316866260672163960708256,8405380511277525147917,84559265292840908920
62,0,3793659999999999606784,3814456459814399606101,3814456459814399606101,0,1,117617092362272238,7343881194359392718932888,7343881194359392718932888,8693641944824629040306,8693641944824629040306,0,7344258526178246216313972,8408136267213130481890,88027001416809208642
63,0,3817170000000000196608,3823306571244609058726,3823306571244609058726,0,1,3237730434426973,7366576585766768514885995,7366576585766768514885995,8694107610169527154838,8694107610169527154838,0,7366956512055519694592826,8408169478645018729916,89004898705829939587
64,0,3811209999999999934464,3791492806868416569743,3791492806868416569743,0,1,40558406970715747,7360845757805000569932480,7360845757805000569932480,8703347325051566988608,8703347325051566988608,0,7361229866770869047309120,8415703305192943064160,91779392196949130364
65,0,3758790000000000065536,3778242975575057025096,3778242975575057025096,0,1,102056343542342911,7310049119173182523124944,7310049119173182523124944,8771918025329693184182,8771918025329693184182,0,7310437858045783804991220,8479750311328316396597,94496356744217916370
66,0,3797989999999999541248,3806436097135310067639,3806436097135310067639,0,1,158877400763403007,7348048151959598516532141,7348048151959598516532141,8796877798100908846892,8796877798100908846892,0,7348442470526745309922887,8502209626636268108696,95558099288992777739
67,0,3761100000000000131072,3779282169821665254385,3779282169821665254385,0,1,675263808071594,7312291907027032426945322,7312291907027032426945322,8928101779458127020890,8928101779458127020890,0,7312692200736720550059783,8627798511024571821973,97830455135314711113
68,0,3810780000000000131072,3828917002556590305018,3828917002556590305018,0,1,134531079564969159,7360426491224244532982267,7360426491224244532982267,8991481158163159901001,8991481158163159901001,0,7360835449390546616859140,8687323101755908938539,100018501757017559887
69,0,3863769999999999934464,3879453183488295801441,3879453183488295801441,0,1,118605574305134769,7411418566134320112109386,7411418566134320112109386,9067549033290228131485,9067549033290228131485,0,7411837059615200807439486,8758798034816974691453,102075564709411563789
70,0,3863880000000000262144,3868183681582633123038,3868183681582633123038,0,1,302577278469298205,7411510011446830114388957,7411510011446830114388957,9082538178331467021625,9082538178331467021625,0,7411931346781092658795807,8771564185796697432202,102688371681233204156
71,0,3837980000000000131072,3816982129967189804135,3816982129967189804135,0,1,235277148030473944,7386654819082696234417912,7386654819082696234417912,9139274932467236916493,9139274932467236916493,0,7387081254175578089655997,8824466071976254709850,105360041505432941195
72,0,3788449999999999672320,3771882559946654874311,3771882559946654874311,0,1,33743902691835391,7338826828044306925803478,7338826828044306925803478,9190919040719989817032,9190919040719989817032,0,7339256801848719185174642,8872168830235096200298,107666984407340266269
73,0,3737420000000000131072,3752627627058958032740,3752627627058958032740,0,1,213494079648543079,7289230187392659093919470,7289230187392659093919470,9267682316191897149247,9267682316191897149247,0,7289664545231461960629813,8943930760247759161991,109903228066488745138
74,0,3698469999999999541248,3710957278927824255823,3710957278927824255823,0,1,281229013311990598,7251143237386015172237811,7251143237386015172237811,9459227760407981192136,9459227760407981192136,0,7251584416990286695771703,9128128688299200501519,111626231792802447434
75,0,3705100000000000131072,3687610798563573986983,3687610798563573986983,0,1,411355160179316052,7257649649714059517970129,7257649649714059517970129,9461491417572332895590,9461491417572332895590,0,7258094540943199352825230,9129560726481264743921,114115865104429142318
76,0,3649820000000000131072,3633084981254364343541,3633084981254364343541,0,1,474601442558384991,7203303063192425318116603,7203303063192425318116603,9557033188518539287805,9557033188518539287805,0,7203752043699756781625534,9219995050832636500891,116391773272792526560
77,0,3642010000000000458752,3647086679290874630464,3647086679290874630464,0,2,595337794882045169,7195574756721566260352261,7195574756721566260352261,9562447918660917465386,9562447918660917465386,0,7196025390157872035310706,9224050008437120150917,117157371258520202937
78,0,3615920000000000000000,3609493630441039400527,3609493630441039400527,0,2,491235959994372527,7169756324481073177080069,7169756324481073177080069,9628460756510722826734,9628460756510722826734,0,7170210500193339479043157,9285781700564176679522,118040163195388108574
79,0,3516999999999999737856,3506643274140999340521,3506643274140999340521,0,2,578414946386729130,7071010360152536507506380,7071010360152536507506380,10224092352620410583083,10224092352620410583083,0,7071472777228917990601419,9868496369776177755187,119506448575961330412
80,0,3486929999999999672320,3488975559856570494724,3488975559856570494724,0,2,730178023159233617,7040709901310990234400296,7040709901310990234400296,10252063371602745477199,10252063371602745477199,0,7041174514205916055735791,9892749263959596463791,119898999131636155529
81,0,3527939999999999868928,3522986524772446829665,3522986524772446829665,0,2,748768856997489157,7081993431909982904075530,7081993431909982904075530,10361252611032442933736,10361252611032442933736,0,7082468425057284143190842,9995135984176613837239,120764379198240467140
82,0,3518989999999999803392,3498658594524480245345,3498658594524480245345,0,2,513195902864312812,7073032542866129372492751,7073032542866129372492751,10362391679462981721564,10362391679462981721564,0,7073511077830792225573389,9995590181607574286029,124231345699373037082
83,0,3507910000000000065536,3506692799780918902846,3506692799780918902846,0,2,562699759230107707,7061859048834513269926917,7061859048834513269926917,10368547618157762624075,10368547618157762624075,0,7062338540407660772141031,10000240124892768026384,124428792283599673890
84,0,3458889999999999934464,3465208886532016845096,3465208886532016845096,0,2,503171975120957097,7012346593586671504586002,7012346593586671504586002,10533683057825026059552,10533683057825026059552,0,7012830459693042753546681,10158556682156937726812,125343777408609808619
85,0,3382510000000000327680,3400101777862884248336,3400101777862884248336,0,2,596898070102823051,6934510700205669924830550,6934510700205669924830550,11039437089667047769665,11039437089667047769665,0,6935004295267734425816300,10652004623492228067068,128043845879747598812
86,0,3393590000000000065536,3402385434154431590381,3402385434154431590381,0,2,702230727007581937,6945841467034739138476188,6945841467034739138476188,11042627762550925770718,11042627762550925770718,0,6946338528294762426879513,10654061081270884387816,129583297650019111649
87,0,3443630000000000327680,3442003428904575789212,3442003428904575789212,0,2,683906360890476564,6996858170914841760544743,6996858170914841760544743,11169609893374690692361,11169609893374690692361,0,6997365321568555305055958,10774866308847149696715,129828166625383115150
88,0,3456080000000000000000,3441927312608283141141,3441927312608283141141,0,2,382098671163317127,7009509436351916841533100,7009509436351916841533100,11184204585646313245337,11184204585646313245337,0,7010021873686466459711581,10787292735057781910006,132019061428910400231
89,0,3485580000000000131072,3483991430514706173777,3483991430514706173777,0,2,382347451566023700,7039346708774516592457923,7039346708774516592457923,11323964706544120184301,11323964706544120184301,0,7039867275971575319504201,10921319333401324803842,132228441511187624255
90,0,3476699999999999606784,3482795234550443858225,3482795234550443858225,0,2,96942995648049712,7030376646561031110279670,7030376646561031110279670,11327821882999413024912,11327821882999413024912,0,7030898426437558689515834,10924148924705155339843,133083685732015762455
91,0,3497980000000000131072,3501472496783474913482,3501472496783474913482,0,2,103101820323242369,7051857574629823010889538,7051857574629823010889538,11344505257163104857060,11344505257163104857060,0,7052383188675433989767424,10939011649332481059761,133500875043147849483
92,0,3497680000000000000000,3513632878232426289370,3513632878232426289370,0,2,19434267184603471,7051572546416816523688324,7051572546416816523688324,11345540433853865267640,11345540433853865267640,0,7052100391345757233942724,10939611384772438034474,135318952489721326550
93,0,3557250000000000196608,3556289007228727897862,3556289007228727897862,0,2,96013577651500740,7111349367239571912947301,7111349367239571912947301,11480841472320977109746,11480841472320977109746,0,7111886380280174696004454,11070352366383003636494,135420282525132219206
94,0,3552690000000000196608,3567161521555105305935,3567161521555105305935,0,2,315056499564567948,7106804540305410905741288,7106804540305410905741288,11481752212582837750190,11481752212582837750190,0,7107343324915412269115862,11070838295782799990778,137114111238612093261
95,0,3556000000000000000000,3555375799343294193154,3555375799343294193154,0,2,361127773086049702,7110099773525449318847052,7110099773525449318847052,11490480875403025170249,11490480875403025170249,0,7110640072818726522248795,11078370646179920235847,137180900238585339785
96,0,3649309999999999803392,3630448143314863335702,3630448143314863335702,0,2,253582480172672604,7202804937787769765673292,7202804937787769765673292,12102750860285043907249,12102750860285043907249,0,7203363373460692496862597,11681437764689974028037,139042176248840519055
97,0,3669889999999999672320,3657211518945628667130,3657211518945628667130,0,2,529640691571484106,7223072781570496855207995,7223072781570496855207995,12208172459764009085111,12208172459764009085111,0,7223639639563596813377142,11781704289111809049548,140714010431999213440
98,0,3721340000000000131072,3723959430642658222793,3723959430642658222793,0,1,592036670371835400,7273518029430455984033050,7273518029430455984033050,12482897838461343583916,12482897838461343583916,0,7274097407061313456015102,12048239855079869744632,141045605476152103008
99,0,3651849999999999934464,3637249770478055406212,3637249770478055406212,0,1,705294017231086268,7205301425587964920023181,7205301425587964920023181,12827261390542486068533,12827261390542486068533,0,7205888351235591284289973,12381757710815515954913,143237366376674903814
100,0,3613309999999999803392,3634831835942041124664,3634831835942041124664,0,1,196326384174230151,7167197024339587329925362,7167197024339587329925362,12866329093281880451282,12866329093281880451282,0,7167789240882252818910032,12416466910159855268795,147198341710285905798
101,0,3674160000000000000000,3659422981880559764628,3659422981880559764628,0,1,184585902096957080,7227277437111917798851082,7227277437111917798851082,12970956551981300709427,12970956551981300709427,0,7227883158804285534539971,12514901097708678199554,149527370254694285340
102,0,3570310000000000065536,3582700361059260828172,3582700361059260828172,0,1,270039500260224532,7124402247171551500643180,7124402247171551500643180,13512215029180513489875,13512215029180513489875,0,7125014499956135465068360,13042906128323132441716,151420200860351652617
103,0,3571300000000000393216,3555483141599887360972,3555483141599887360972,0,1,84618418552353152,7125396788648911787566184,7125396788648911787566184,13521262310866547693562,13521262310866547693562,0,7126013962208547880177019,13049934989888757676237,154239247848166402853
104,0,3612469999999999541248,3621783258067005101445,3621783258067005101445,0,1,181407358695608132,7166338229797277330304434,7166338229797277330304434,13747751068949481936322,13747751068949481936322,0,7166970187174658698731442,13266725200677886570275,155795107733946198233
105,0,3583689999999999934464,3597799110472400234732,3597799110472400234732,0,1,92188609654033294,7137742441775070219454810,7137742441775070219454810,13847500484366274392570,13847500484366274392570,0,7138381630320736516134786,13359329002913743666600,158442728047697161420
106,0,3639989999999999541248,3641868070914732488716,3641868070914732488716,0,1,5274564416239534,7193577502060219572422486,7193577502060219572422486,13969723079068252408100,13969723079068252408100,0,7194229362237065969947123,13474190164271697991478,158766982481282179419
107,0,3619880000000000262144,3617457637708597202912,3617457637708597202912,0,1,156908170938521814,7173678818923198134950621,7173678818923198134950621,14002608756811647742873,14002608756811647742873,0,7174333169248526931980117,13503190241935692739728,159193419248112239364
108,0,3664940000000000131072,3665748694847876808898,3665748694847876808898,0,1,47119272737875128,7218189083840121179149648,7218189083840121179149648,14156045001466687342734,14156045001466687342734,0,7218855480569408523885666,13648758424243368027056,159325817574979995884
109,0,3684569999999999934464,3687135854815505015684,3687135854815505015684,0,1,219043499291989272,7237494545356640116604049,7237494545356640116604049,14179772256370127356579,14179772256370127356579,0,7238166376060454473974442,13669293695024085110829,159761760577630126565
110,0,3684199999999999737856,3668567921607197838849,3668567921607197838849,0,1,285568703119219915,7237147063395310802729259,7237147063395310802729259,14180346258130202146168,14180346258130202146168,0,7237821797494857768636666,13669401922882832592505,162233297921546873253
111,0,3658300000000000131072,3655231670857324994187,3655231670857324994187,0,1,182705352462946732,7211647888947619673647524,7211647888947619673647524,14187427892219871218761,14187427892219871218761,0,7212322210789738184354205,13674984378471549106945,162683239696925308626
112,0,3703910000000000065536,3705814415839473859192,3705814415839473859192,0,1,107500168904867583,7256463987530021567726685,7256463987530021567726685,14346182480018328691331,14346182480018328691331,0,7257149223851651681186496,13827266388110869620204,162933766461474962036
113,0,3827889999999999672320,3842496887438071329472,3842496887438071329472,0,1,303989858752202697,7376924341718167545970655,7376924341718167545970655,15314840657184682548211,15314840657184682548211,0,7377640473079683507512384,14778641439988795990391,164964794551278221626
114,0,3838690000000000196608,3848197199835084217758,3848197199835084217758,0,1,586343484716092085,7387315885696485497062785,7387315885696485497062785,15315747934035820434934,15315747934035820434934,0,7388035756424111216142516,14778770853297064308778,166888515590477389484
115,0,3869730000000000196608,3857592899036525952800,3857592899036525952800,0,1,594268861555411001,7417126484818091598592547,7417126484818091598592547,15344615313002554238658,15344615313002554238658,0,7417855169247475388443020,14803869010693971702276,169017851176881445772
116,0,3911800000000000262144,3887878768966719970857,3887878768966719970857,0,1,608775478379056395,7457361236999886877935158,7457361236999886877935158,15526128086631448013133,15526128086631448013133,0,7458105915224984763904233,14977048139376947496697,172708073361622418091
117,0,3940099999999999868928,3964290194179639129880,3964290194179639129880,0,1,655276454924920120,7484287692069949424468229,7484287692069949424468229,15692671657620361254508,15692671657620361254508,0,7485046300547085751825488,15135888608076349586567,176224654148617960342
118,0,3916909999999999803392,3910871985969262825575,3910871985969262825575,0,1,744274291082462339,7462197562095403089857235,7462197562095403089857235,15827523642774198768566,15827523642774198768566,0,7462962954036532582526531,15262709099792766208446,177242185271187256208
119,0,3919200000000000000000,3940382589038831336539,3940382589038831336539,0,1,439513313431749750,7464403498942816431389851,7464403498942816431389851,15831745614204048679541,15831745614204048679541,0,7465174243687780485693142,15265467592897366314149,180910395121327799316
120,0,3955580000000000131072,3938540894258654753120,3938540894258654753120,0,1,496825724838083320,7498957894528377860602090,7498957894528377860602090,15845635547677274514053,15845635547677274514053,0,7499737535545781040038643,15276867460137378115020,183715607483776304317
121,0,4061539999999999868928,4046249177534647720302,4046249177534647720302,0,1,485710751306866021,7598729013908023161561591,7598729013908023161561591,16743896131319575478424,16743896131319575478424,0,7599538429128569693001379,16157948111404852869710,185871586435572498544
122,0,4011000000000000262144,3990887851417987316763,3990887851417987316763,0,1,658091649333819366,7551313834536344754552523,7551313834536344754552523,16816160094058612749383,16816160094058612749383,0,7552128013205821622840135,16223895449871510471152,189448277415978774093
123,0,4051780000000000393216,4064004706578788520325,4064004706578788520325,0,1,380184377405026623,7589588650579190720220125,7589588650579190720220125,17033694898263140444852,17033694898263140444852,0,7590420294406721451171292,16430250713025742881100,191645032980707766884
124,0,4171699999999999868928,4181568305472499708999,4181568305472499708999,0,1,508026007161556214,7701080356060914025029757,7701080356060914025029757,17692214903758698545780,17692214903758698545780,0,7701946907287832302208488,17068230184852566545469,193507915485536968525
125,0,4190899999999999868928,4181786230750846305299,4181799586164276235491,2870059333796260,1,643795464130984437,7718793432110541827457290,7718781066100612359500403,17692214903758698545780,17697009288455517312831,13404325034942176,7719653787391024251687501,17070946944990006813685,195554063335705746063
126,0,4210210000000000196608,4196062240452742583458,4196074995148481004131,900541632163982,1,644006680949931051,7736573752527424170111010,7736549532858839627087925,17724772649903352227967,17741343971815304337541,33209872394737011,7737432393560814773083657,17109854763197397252975,198255898664501199614
127,0,4259949999999999803392,4288258773531194938241,4288300670732192110632,893945798378660,1,659538618489592204,7782209627951181601052733,7782147475379584116250788,17920514010271972849478,17963375697640014681891,11462982461055062169,7783051038287807820604201,17321113638521806725836,202954026824210931340
128,0,4262249999999999934464,4290366258423066287976,4290531418450496886395,11606569780489703,1,743501820000734623,7784459201920055701414283,7784247776983244298078103,17956525957319365874086,17999503118145034609427,160592888648848573236,7785161910577084247603082,17352262166297548090911,208297711408211013905
129,0,4243800000000000262144,4223271150213910298263,4223270593364303928212,9893956967302796,1,745173216465579732,7767573493941666658393300,7767362035943117123774435,18072159621048806284051,18115950830459350779951,160592888648848573236,7768285077028443103435476,17461145885432826627003,211620617040759060396
130,0,4185590000000000065536,4206104763070058351064,4206105322248172439523,0,1,400697555399676440,7714118046822197113704730,7713908044071058312527377,18149612125848938989128,18193398947870329388891,160592888648848573236,7714834836620475107499246,17532147110006145795795,215180995960617116076
131,0,4181140000000000393216,4201390131129498067061,4201390683086480750560,0,1,321404312600049591,7710015699634693287402864,7709805808533025411890998,18183766249660027828331,18227553667339361196995,160592888648848573236,7710739165712307329203275,17562409554786242438997,218344450483663008804
132,0,4218600000000000262144,4239521552725107113897,4239522122999459126016,0,1,297607791335534583,7744477870362874656883697,7744267041150989062876743,18199943106315019359308,18243729043875150979788,160592888648848573236,7745209701165270561144262,17576261378824241690339,221145921683025613381
133,0,4250600000000000262144,4248985985314719390555,4248985941387178533229,0,1,400011789286983100,7773771431495614312901586,7773559803534611082004745,18206561190577178615067,18250346265772015148695,160592888648848573236,7774507750308382946006533,17581403005760136519620,221362376624923152504
134,0,4251830000000000065536,4266027613626624808967,4266028000465644444443,0,1,424379858089596936,7774906761916987015633765,7774695103628433182353279,18206996308593394242673,18250781385388430160986,160592888648848573236,7775645200970640806370839,17581500814585315600406,223038296447716938948
135,0,4310189999999999803392,4336595226827295321199,4336595946782791817362,0,1,469849500973767892,7828109155506690895981637,7827896050268425370465321,18310784267369271195872,18354564691114102049421,160592888648848573236,7828860298342332767619139,17680498748646591747222,225869388013906414205
136,0,4274540000000000131072,4293886344244975331177,4293907886092473927533,2162709243583666,1,616086674983893628,7795671008058102263469706,7795439752927949030997713,18513213938411574422376,18556993514695700853209,179624930959204848446,7796410384494803165444401,17875008521206259004884,228353152500257904187
137,0,4184710000000000065536,4176552752227920005071,4176552510547343249196,0,1,351504990797591982,7713306572489870158044967,7713077717173249231629594,19152762577739669941948,19196772357629950723825,179624930959204848446,7714053247153379022664862,18500805699485264072875,229412298911326882160
138,0,4329699999999999868928,4339617494867925657573,4339617789299271503393,0,1,121931760471963491,7845793801013605709346415,7845561014857981029648893,20424665701877713671516,20468641831630575774874,179624930959204848446,7846581124114839324220865,19746376994058648133453,231056176456848103322
139,0,4260010000000000458752,4269607432911869442672,4269607717838516391434,0,1,285259457037954351,7782395311197346043498330,7782164406076824096234316,20758137849053894486896,20802106528586584934900,179624930959204848446,7783196376058155888938472,20061746237175337259578,233254980641471782899
140,0,4224160000000000000000,4196748956934717581407,4196748147581477942463,0,1,87984135745218100,7749616007402802988026544,7749386076991794312381624,20869074537143331254298,20913041308715402760865,179624930959204848446,7750430279160408875971563,20162416894385846753677,239499350826374211807
141,0,4286319999999999475712,4276380137164289581285,4276379842750740518430,0,1,86568795473175928,7806390836944216105432233,7806159219890826190144149,21304271230940730545563,21348233038408416657045,179624930959204848446,7807234229395093001009511,20576677873911683554503,241815176663727219004
142,0,4315859999999999868928,4295869265253605875774,4295868674168641677649,0,1,99128778303997965,7833260100561351264956117,7833027687229913395817203,21386961940045459318588,21430922533016012876731,179624930959204848446,7834120434816203629452217,20650123439575912592719,246541398915266536403
143,0,4290989999999999803392,4289638205439108505791,4289638165339348451320,0,1,140913105467979345,7810637094550311501460935,7810405351203322554679996,21388222886748999713395,21432183137000292217190,179624930959204848446,7811496249745936887834330,20650356055483235614674,246826106107931556296
144,0,4472899999999999868928,4472345159544277662046,4472345143083080229065,0,1,121379515893673059,7974478625264165216448687,7974242020697406702356717,23132834758055384316603,23176744024963680758594,179624930959204848446,7975388965781325070113408,22362067185926706319579,246927200673883007042
145,0,4517989999999999541248,4525731547124828842453,4525731776923398144022,0,1,443489183090713568,8014574953402479160699201,8014337159341943985192224,23236132388193121130356,23280038665120898655864,179624930959204848446,8015502618428032618595067,22454626597400903943584,248758831444844870510
146,0,4590010000000000458752,4596409440582754821253,4596409630527363093531,0,1,504311465283951641,8078200429020219519943759,8077960747119666032362297,23436971153363480427382,23480870025209284539428,179624930959204848446,8079151465171751689048999,22641021132336887213648,250190226596253908732
147,0,4647109999999999541248,4642048042046638665832,4642409994126032526357,14196353756853341,1,575576874399656035,8128608337878034757401026,8128049674770203180416101,23436971153363480427382,23603138250908622580503,179785315545293889382,8129260165884151741408366,22752073936147536672278,251242074246985610893
148,0,4626310000000000589824,4633075082680965012401,4633136973598914292006,17975411101780182,1,616892344813002521,8110451238072976330646339,8109840271970424145328989,23448663690661542748878,23615373000357391854953,233506178159338637541,8111052856824267122670669,22760918276807920909040,252677417739990181630
149,0,4690510000000000327680,4609439706806669572781,4666432526049523767819,14843696912718265,1,581425445953853178,8166840452626889032628973,8165941948139437367371241,23448663690661542748878,23769980680844590337967,361824902055434215630,8167177762438040211776690,22905087432686137598302,257068188511910965074
150,0,4665350000000000589824,4615961325919155961655,4671911532506588857572,0,1,480437309077568336,8144713282812573691936001,8143986400564928622641938,23448663690661542748878,23770035477548342748993,361824902055434215630,8145220710450875959718151,22905087432686137598302,258839711608152271473
151,0,4741600000000000000000,4730976016605456193358,4730975217526469163516,0,1,491008172556275066,8210890616233979388175754,8210272044489911882449349,24188848290435488582040,23995025697609955690350,361824902055434215630,8211527284164006590152755,23113110310862803962490,260398962750919320049
152,0,4751600000000000524288,4783694393394487189773,4784098032196667411147,15000000000000000,1,640711767785816507,8219930462673437089824791,8218967747332176966332956,24188848290435488582040,24014466422760933285985,571092843021794587615,8220232164790170159809892,23129490491019534560476,265183607671353512184
153,0,4776989999999999803392,4774994334579515330157,4774994100608670755015,25556393011204742,1,689143429163623694,8241816145309172716739127,8240849689265309861748726,24190874732035562816589,24016743754539789812249,571092843021794587615,8242118868601655028156927,23130702442742846741696,265480912490311941648
154,0,4750479999999999475712,4763827989149975670012,4763981712171025008148,22491650492886659,1,646257340719724987,8219054417088346084548677,8217959592957377913441760,24218092571696873133018,24043957884418984902872,702146323383749782814,8219230210393031789035154,23154725899240376590402,267246249324676816255
155,0,4720899999999999868928,4737139313896840232167,4737298672147243858733,19122229108277621,1,585352834721707508,8193565440573807732218268,8192338158990641530078751,24302014042980456624348,24128467478126225291011,837832263242067505148,8193611702713750893732960,23234265162440640459838,269153644379659196794
156,0,4621220000000000393216,4638981297915550539595,4639020756799568857636,4122229108277621,1,435432860997849935,8106637045927984659112046,8105390476081382695475463,24923985369350568805047,24752035591532627559808,869913008922299301890,8106665221948110589637099,23845218282536340113688,271153532638728975633
157,0,4540369999999999672320,4542886141495845059423,4542886528540394595566,0,1,14697273009749873,8035395314283118729148869,8034159633870783385551476,25387692949915403889035,25216039024238899469359,869913008922299301890,8035437066233184532908018,24295832587967398826375,271508184089449307845
158,0,4550199999999999737856,4530585557472784467149,4530582550467948603823,0,1,245425086513993011,8044107470886633467743629,8042870456392476927077158,25390295011456290933698,25218640410064900188966,869913008922299301890,8044153630234604147283231,24297239403989745859192,274686543918382896274
159,0,4638590000000000327680,4641989412439966786516,4641989935376692079765,0,1,273794350044134887,8121843763313949437864820,8120594788959670265376997,25953793122873900180716,25782083612654994553862,869913008922299301890,8121906298667223424202422,24845267734776809066132,275163742515067417669
160,0,4643800000000000262144,4658456250062617033527,4658458506018755766907,0,1,87724281594972565,8126413195734072752123362,8125163521626365427555704,25953947601992215376017,25782237978792978084382,869913008922299301890,8126478580646297495662079,24845267734776809066132,277658049496989766729
161,0,4637489999999999672320,4662684753017169507140,4662688633303762654958,0,1,130066637628286180,8120909950043688482698681,8119661128276869231056030,25974602786419711028546,25802894421390769624827,869913008922299301890,8120982318760682158847038,24862724520497420591919,281485215372840407204
162,0,4432689999999999672320,4438544817803575498394,4438545718591249071344,0,1,142069716766560639,7939540760006818180368907,7938319820513869876748065,28514220169161139496312,28342204816323097384774,869913008922299301890,7939642158668985299120066,27372507169601374135008,282292254184436338954
163,0,4385899999999999606784,4404986088121576573383,4404989026812653199145,0,1,392970849548638030,7897542911525344918790633,7896328435635384180136752,28654763110558104377917,28482730925376907944188,869913008922299301890,7897659435533045207692980,27501742130008475098694,286488715060878051196
164,0,4442760000000000262144,4456056985443604925181,4456059032092436325494,0,1,440478832596846134,7948561145012862842519528,7947338820563673461891179,28727203804175757777452,28555149161684490228749,869913008922299301890,7948688704850196828532849,27566516702920417245347,289148942177465983762
165,0,4435880000000000262144,4463436114367416216159,4463440359152278931048,0,1,263748775393612097,7942433450482871043095545,7941212077314555355623157,28747651434871469413280,28575597786328642032699,869913008922299301890,7942570237896255204465340,27583001449940209119459,294514539366555085644
166,0,4455200000000000000000,4437726213895497456532,4437723534280973666887,0,1,238097380309689644,7959688074517188119273730,7958464040966598014764141,28751045446611728159835,28578994771728836678956,869913008922299301890,7959829520721316086042490,27584997968892394134533,297472478752254922949
167,0,4391319999999999737856,4399282104922556803102,4399283330075485942118,0,1,296730494453913331,7902405827289707968671471,7901190598859682077912764,28860205276113047359373,28688125276611209744299,869913008922299301890,7902554780760582356311080,27686926296897447642612,298730565277073015339
168,0,4403899999999999606784,4423223183988684461497,4423226159212160605012,0,1,381122559538534912,7913732625497908034460149,7912515660065746310473031,28861294103853399041887,28689213359030514532935,869913008922299301890,7913885412990088447756441,27687309805588182876557,301651593782115759163
169,0,4421409999999999672320,4407876513472742936667,4407874436759054090656,0,1,269342270347313198,7929439918674435246880937,7928220534816875786950380,28861460727302225212617,28689380503927377959876,869913008922299301890,7929595173641882182855381,27687309805588182876557,303551557208148456039
170,0,4425200000000000000000,4445124044419120925471,4445127112245565213288,0,1,311334539632969274,7932848411727514925717896,7931628506998297075598202,28876716911992684048046,28704638007145495240220,869913008922299301890,7933008444080700399629336,27700362183939329596850,306056447931434783607
171,0,4455720000000000262144,4428968202127946875170,4428964106161192156406,0,1,126867407499431559,7960173296063498196361476,7958949194256267179687472,28882357298884485135172,28710274257646155104480,869913008922299301890,7960338566372986595304042,27704680497595783202776,309398704155614958900
172,0,4470689999999999672320,4469920039914382447392,4469919921507256326158,0,1,185215406096915907,7973497970376421830837508,7972271808432007028289431,28969977737668486358047,28797898505303028761179,869913008922299301890,7973668376771668116014955,27787527206475931482102,309486816518190801193
173,0,4554680000000000262144,4563235737146007178823,4563237053664351289332,0,1,11273326803951995,8048051267220772782261793,8046813641574541356727159,29324966692693855512361,29152833871287191400498,869913008922299301890,8048234045843243511030953,28132762072932368886684,310459794610203686734
174,0,4564260000000000393216,4589593186796602066946,4589597088517458751935,0,1,312350830608051524,8056537985216146202546704,8055299062872465646633042,29325017419366060582306,29152884459846633418836,869913008922299301890,8056722035954458832751017,28132762072932368886684,311472893383451769958
175,0,4462880000000000000000,4438179835369001804011,4438176052187686027064,0,1,374786145939184237,7966560982601486503623615,7965335896837182451887259,30105587993307793767205,29933382395671616115331,869913008922299301890,7966764999413614570263339,28884376835192523220960,314696343234639840490
176,0,4475500000000000131072,4486425704956756401893,4486427386391036161824,0,1,152509605806505452,7977792045778976506018339,7976565225306345961426329,30175512778827160784904,30003310662950749587117,869913008922299301890,7978005221926722122343756,28947385928237897244399,316678282697949950549
177,0,4323709999999999803392,4325044459286216929853,4325044664546335700781,0,1,6181544602677732,7841332897039493788650154,7840127059417163908497844,31513231370622564753834,31340850679921046459729,869913008922299301890,7841571367384500361394485,30256291997909912977638,316924459255322028262
178,0,4259789999999999803392,4261616800792889673011,4261617081791056551488,0,1,340140721478052157,7783155599559410037594829,7781958708449473701962533,31738085603446642049149,31565671738401520066190,869913008922299301890,7783407847661314364180255,30466246893972313320937,317355374176968887155
179,0,4277109999999999541248,4304505359734349059490,4304509579958400326926,0,1,430877282205126886,7799001984785487556789066,7797802668972337029700870,31750923795484645122941,31578507489727064826875,869913008922299301890,7799264566455838364102912,30475487404004438981832,323602220011235255215
180,0,4348109999999999803392,4351628899275220191386,4351629440603121161485,0,1,289484641462466214,7863427822878493980084365,7862218587674681574627998,31850776714547007195339,31678325631310996267883,869913008922299301890,7863702796045631299172278,30565964335616946446772,324356660558406097448
181,0,4357200000000000000000,4347920865705988316267,4347919440824865190908,0,1,144779274073719855,7871646857124305516013551,7870436359177011782681266,31852387352757241609597,31679935708698682806393,869913008922299301890,7871925189858391337876265,30566428900453116108592,326271393217072012946
182,0,4316290000000000196608,4330391846698717393809,4330394017378610136660,0,1,153528917673213438,7834612004616503757364777,7833407203704346376342650,31904597556913079509058,31732133198092601403208,869913008922299301890,7834897142001012401860690,30613041534769919101899,328779934400782841761
183,0,4220800000000000000000,4223397190472770072918,4223397589990754066892,0,1,199205171783370484,7747454164202691825893141,7746262763305695535918494,32540932383913542824497,32368395053842898074133,869913008922299301890,7747753951211787993551086,31232032249362126265583,329205246224353710967
184,0,4236199999999999737856,4242705812892863600015,4242706813892494540551,0,1,425192897480297095,7761576883949224105348799,7760383311854718010156395,32549820951652313619863,32377281699209939091657,869913008922299301890,7761880903052860486069392,31238445915290830286838,330446154623188512444
185,0,4310600000000000262144,4313930443520161327424,4313930955852382887261,0,1,343846800801759824,7829436438223566266770323,7828232430185659504713845,32796492002652775664259,32623907486714140883180,869913008922299301890,7829755347667737574878766,31473493554873635709552,331010852186569458046
186,0,4192140000000000131072,4196553656013428986822,4196554335027032035721,0,1,79323248534487531,7721106752655204678300610,7719919403670613767750511,33588053673612381942181,33415353995911664737244,869913008922299301890,7721443970627306146461843,32243017843186086482554,331831860306127103035
187,0,4141910000000000065536,4161110493251633503717,4161113449766445762606,0,1,334636331437887302,7674729865734424410186858,7673549654548400993744293,33752852208601410655536,33580131256568277005704,869913008922299301890,7675080994800259841029827,32396188518913784854609,336005955975141643852
188,0,4075200000000000000000,4054223442356629807732,4054220228559904147465,0,1,395294024751159628,7612679002605486967078055,7611508335061812956649490,34167012560169639287666,33994256125532905216435,869913008922299301890,7613048871582228399288128,32793092541542112514072,340252154850899781956
189,0,4141200000000000000000,4140499019059712181108,4140498911260198795181,0,1,545014101761853503,7674051551030031951909984,7672871437859039337887062,34599220796303969553961,34426430174495833895506,869913008922299301890,7674444717407266756456559,33204986432363823118665,340414970368628263164
190,0,4185489999999999672320,4211725574890791266829,4211729616314062322171,0,1,250313477157255183,7715016905400229629997091,7713830504145620925446145,34711861027887169247716,34539053626923934577156,869913008922299301890,7715429223640533660451435,33306900098448189141154,346625461458673913588
191,0,4195350000000000589824,4182217176102650900005,4182215160975952939119,0,1,58005144474121856,7724070706464494874303683,7722882904272293665333484,34726513812144984114053,34553711376081039028777,869913008922299301890,7724490651691333751219774,33317587511580138506760,349779867783287261929
192,0,4255310000000000327680,4228686840487121322909,4228682764993431738126,0,1,123392891543117769,7779099892849768675731528,7777903637132608373410171,35018418299521294365728,34845587207830765725913,869913008922299301890,7779544742078646344845771,33593396179644791179457,355631885046454363405
193,0,4347390000000000327680,4324943644337174057055,4324940205395227090677,0,1,4388775389644854,7862802440504587854382601,7861593309364430998704926,35771696761833530714330,35598802272929466954617,869913008922299301890,7863281552224848797293813,34322047209660341346594,360339682600610239111
194,0,4336699999999999606784,4364195395271901797312,4364199630838077746263,0,1,217640410616005010,7853142290860927490737052,7851934649206676599405164,35778930398826581342287,35606039035190021278815,869913008922299301890,7853629528040409379283616,34326659163416318955605,366451191795148944570
195,0,4295529999999999934464,4269305087954765350928,4269301072966410774964,0,1,289507358396485752,7815774526765739264857543,7814572630724693893154078,36024643367040418953398,35851744288268285175006,869913008922299301890,7816279297277295944693799,34557970911754555003447,371932059112303271391
196,0,4311300000000000393216,4330503525548161977715,4330506482396509706260,0,1,21029077959004840,7830090873825754375948035,7828886770909212821381042,36118421387136432851890,35945525904981906869774,869913008922299301890,7830610461282395288067956,34642123581577223248820,376230500815984896161
197,0,4279120000000000000000,4262052324850712553182,4262049707644609993604,0,1,155031695335132499,7800810140322215188773345,7799610539033450282167708,36257352630449214740963,36084451676001333084462,869913008922299301890,7801343003290505765482810,34769580743618973499897,380020275544328803660
198,0,4242840000000000262144,4251885581782564559181,4251886973764009666637,0,1,21386983602997427,7767659532279308853685017,7766465025448445215808602,36277171724795477663073,36104262336216774671209,869913008922299301890,7768196522897081100158036,34785116134238228949905,382058073717290679380
199,0,4223129999999999934464,4237814577932081136898,4237816838429299504904,0,1,47054479024171761,7749603580352210745014145,7748411852392903430517418,36321780047521825470110,36148868102655740115158,869913008922299301890,7750147858807977695240381,34824088179960362496524,384949827295916561437
200,0,4224890000000000458752,4207720269526133747366,4207717636820040928174,0,1,86191721155751447,7751222638654681778702249,7750030663067207127990032,36330819756587471168153,36157909578637582450419,869913008922299301890,7751772274983789183689028,34830876145910478290539,387940650005498677758
201,0,4278399999999999475712,4274081292067192689303,4274080628338559509884,0,1,172184627450977285,7800139255807389747916989,7798939753207060599933244,36601381448196203748201,36428449985526916109449,869913008922299301890,7800704654206770051757157,35089832892844457718073,388650172423512109688
202,0,4327600000000000524288,4348736128108561402861,4348739382875657402952,0,1,57038040217359994,7844882673688532963141048,7843676297305017387363560,36753230583681016294665,36580279559092876143901,869913008922299301890,7845464080741451582039721,35232561038683612955882,392220880587831341090
203,0,4274100000000000393216,4267845824836300055712,4267844863979407934627,0,1,248385797622551210,7796219606546201505065479,7795020707044983367366405,37045293416557140450297,36872322729053450212517,869913008922299301890,7796812120287363581509561,35510983504933979502995,393359656255523463132
204,0,4616600000000000262144,4607269026165215236764,4607267593206931016458,0,1,8320350878405532,8102573026109029727543835,8101327016309531537430701,43295194479941251738007,43121298510845030805476,869913008922299301890,8103257964242281836173884,41693444774236547740605,395191564649947661358
205,0,4833189999999999541248,4805632251288405562034,4805628030960029491223,0,1,492283983725214093,8290492240622919617351869,8289217341799648891998457,45670185737131746134207,45495955400165674291910,869913008922299301890,8291273200299938117423528,43998809569692954786780,403978683543249772524
206,0,4830540000000000131072,4817844256671357161043,4818028892563126067381,15000000000000000,1,615871848045574440,8288353306689839737576122,8286917661070950974346742,45670185737131746134207,45523648541495008707899,870120108884784755015,8288985958415393732281751,44017879413736831031446,408375004819773952345
207,0,4693340000000000131072,4704665881647824540587,4704766290121813561416,17200363942574022,1,622382749687032371,8169884276335646879032189,8168384014260192877649357,46370247050887566220344,46225639140202873150168,955477153577380717444,8170463924573882503248737,44682373657924121671642,411926364803212639474
208,0,4712300000000000131072,4713011397421564836669,4720663028946755813682,2200363942574022,1,367049415028084648,8186371930079889011031576,8184863735990034996101321,46370247050887566220344,46228258336352730213059,957587205938215366707,8186952712169398050979901,44682642879421623047911,414509953799774561245
209,0,4703300000000000393216,4691990873138848942908,4691988788603569153562,0,1,375667842019810699,8178556538518996476910900,8177046596111650802609930,46374596642940657962737,46242137110199677419831,957587205938215366707,8179141318784198317061235,44691827735462659492819,417562079979257289521
210,0,4749810000000000720896,4720693662196837889249,4720688310424972357471,0,1,322244989204341011,8218928008692323771593532,8217410624943228769830603,46528705900129752001618,46396229093981446052451,957587205938215366707,8219536739073671220305560,44831897658184095550751,424612584022979053492
211,0,4756999999999999737856,4768145115292426935607,4768147174514360412844,0,1,362012922935841670,8225113093871080653782526,8223594555972886413241975,46589055711712787433220,46456585621872539494848,957587205938215366707,8225732586149098085789028,44884358612930140753002,427018600910683133495
212,0,4776899999999999344640,4797216031271738388255,4797219786739463478164,0,1,426892174221816868,8242312147441060308692151,8240790438979971992571850,46592522786821214453947,46460050424908193713042,957587205938215366707,8242938878236485900326134,44886039072387690764825,431149734081771913282
213,0,4787340000000000131072,4757648341210253944352,4757642883987884647263,0,1,465738297004774939,8251335436793823685327365,8249812070305725749762592,46596903183118230701383,46464433340458375825727,957587205938215366707,8251970216401055444328211,44888576571550649708798,436656952327533025500
214,0,4757689999999999410176,4773784982294097229784,4773787956846562742366,0,1,322086144041129830,8225715692795330097589664,8224197045892978180746980,46596903261951204026766,46464433441279600660734,957587205938215366707,8226351300592438624262772,44888576571550649708798,439425867570239649944
215,0,4747160000000000262144,4765689146236293725171,4765692571095955779783,0,1,352603292599232329,8216611703180961662835046,8215094738502024691823944,46629031213460550287191,46496562618984115646613,957587205938215366707,8217253693103601745209065,44916478354911761226974,442314969743855446828
216,0,4797789999999999803392,4791098802886963929927,4791097568607021334045,0,1,317622978079542102,8260298248021659583571490,8258773212820913167915825,46675565239952527041748,46543078093728460276622,957587205938215366707,8260948926658691522022759,44958651279100265383065,443225368487431104377
217,0,4813210000000000458752,4832705783703890847246,4832709387365330192102,0,1,377006800086684840,8273576699640025379543998,8272049218431602935388616,46697491089151800652795,46565002348053547633090,957587205938215366707,8274233647084918479386429,44977796289376051586456,445659038761835126141
218,0,4780090000000000458752,4783783079479689696502,4783783761562417273920,0,1,465919849547022444,8245045836090848612403165,8243523616311286349435138,46821002038407678097634,46688507318217913678382,957587205938215366707,8245707521641238987031419,45094754825002440741922,446122846597021028951
219,0,4727279999999999475712,4715352975361719609278,4715350777129453816128,0,1,224070343035623899,8199380012241039667958282,8197866225581565923896899,46965695291383374659010,46833177329657549049958,957587205938215366707,8200046698579015009968094,45232338742298058432141,447634723890784420330
220,0,4590609999999999672320,4610117345768578268894,4610120951745619970257,0,1,39828650601166563,8079996645356481660113912,8078504903824070484745373,47691714810490440736803,47559037565814338354667,957587205938215366707,8080673525169834273356296,45941406877312020088029,450385420645483366758
221,0,4599979999999999606784,4605977849556487718369,4605978957459098523253,0,1,312853268336746379,8088222112958264564707139,8086728846754859084804801,47696614216770208836571,47563939549251687447878,957587205938215366707,8088902329774521106300519,45944639625928018612127,451379329337441298199
222,0,4613409999999999672320,4592118021028047390022,4592114102948574527289,0,1,321882056149731166,8100040552441963146707850,8098545111648197018838040,47699246187532443976687,47566570248973849289444,957587205938215366707,8100725856528191844030614,45946210887282841918778,454409928305207018306
223,0,4420210000000000196608,4406255454395101080109,4406252883703434965897,0,1,355314536719853530,7928608966600577852225910,7927145171579084304891391,49142036753993619490096,49009029926140053277401,957587205938215366707,7929303318370763220524413,47367426691407421368683,456189246312398234218
224,0,4377580000000000131072,4361613020997937895215,4361610080663897131962,0,2,640882850988271494,7890286551542312227114105,7888829832898880419424528,49184082083498512808429,49051059980863437160103,957587205938215366707,7890986441942728471860419,47403865124849110089390,459353299481539815845
225,0,4404169999999999934464,4409833201190188585139,4409834247272973784550,0,2,681758772171049637,7914202018974649841026180,7912740880744972350068262,49277352705570059487188,49144326332406103007125,957587205938215366707,7914913243746500462783579,47488971540005406519789,460424448860828758533
226,0,4430359999999999737856,4407443870697054998415,4407439655518691509551,0,2,469320212280116675,7937723628501277241010129,7936258156894226653366174,49298751298272286500473,49165718788813748693571,957587205938215366707,7938445001743169890785865,47506597323484427689214,464653158798326755932
227,0,4428220000000000131072,4435121625559693719276,4435122900485808682060,0,2,473179376314013950,7935782042447281169360205,7934316920347263687934166,49320690070139636293505,49187662432649881536433,957587205938215366707,7936507620815472017444611,47525243373958279533674,465739237114342848970
228,0,4520080000000000000000,4548203347879495132504,4548208549092002336252,0,2,340689632419414907,8017706502511309380614207,8016226268650498451573537,49681525388242531613864,49548420201363640373269,957587205938215366707,8018456086617280850654070,47873680719347128631947,469768736841137791080
229,0,4598439999999999737856,4580885274794919114886,4580882042490063468641,0,2,59516111412073800,8086881167637940555598126,8085388153825132117137543,49803502398962129615845,49670349301534734080356,957587205938215366707,8087649212997157922086907,47986929824329213222345,472858821488430504679
230,0,4601949999999999803392,4610270229299442149134,4610271766377588398708,0,2,144914473030397534,8089955452194724387927878,8088461866562304881732228,49824787498216084150516,49691637017631073652229,957587205938215366707,8090728597733602598867060,48004767787063660255420,474215935648375219586
231,0,4603970000000000196608,4592107856674574755891,4592105670488332019922,0,2,219385942369588071,8091734209085220526710464,8090240296320870354947146,49826678992594295224063,49693529085050820892100,957587205938215366707,8092510295905431750092258,48005696034922272624270,476021987918729055479
232,0,4581500000000000131072,4588510910941437525772,4588512206046520459448,0,2,146845053717062559,8071959561299227272373670,8070469297764004005729608,49832075642361252535421,49698922517279316807167,957587205938215366707,8072736189170579633984547,48009632817471454018352,476989857596083556466
233,0,4608899999999999868928,4637057952463501451404,4637063159930646273175,0,2,131129703965957214,8096096233932781144200915,8094601527199954856805704,49851969074597235287376,49718809744436826154680,957587205938215366707,8096880914083117967555945,48027103402710015254065,480291522068513448751
234,0,4658800000000000000000,4662188528442727134828,4662189154270198528503,0,2,285778038587755189,8139768758087529000802439,8138265974784568379710565,49874233205617768288161,49741059078250640449260,957587205938215366707,8140560768575151514855965,48046728558394999162145,480703928191345265197
235,0,4566790000000000065536,4554804688801741312056,4554802479995399064562,0,2,355125229825083253,8058995267357066230751099,8057507399017126200031205,50304820702896223014980,50171572669902202325874,957587205938215366707,8059791704185203087528777,48466414386323310154234,482078652418989249017
236,0,4507180000000000131072,4506497743639242860768,4506497617670494371844,0,2,92032418552966896,8006218854987820674268926,8004740727796039634236383,50415387342552982019997,50282108696250146223794,957587205938215366707,8007017202026302253808043,48570053685937611279001,482179257626533516901
237,0,4542499999999999868928,4529439002554049069022,4529436595960724810597,0,2,228987319626031559,8037535853601311882917170,8036051947656047251409619,50479001841910806920828,50345711897805385699161,957587205938215366707,8038344590646778048898089,48628314411576456301522,484113729784092446441
238,0,4598160000000000000000,4570948651911227738283,4570943649487679795278,0,2,133218547601522717,8086655781215344627763631,8085162816689077997449210,50708205379976057523387,50574889291931552487657,957587205938215366707,8087482500058064774786717,48848215298495344267457,487810722827924727302
239,0,4595760000000000000000,4573569763468100303609,4573565680750534688586,0,2,27033207850916912,8084533171527030751933851,8083040594482865169581928,50737819575061544770770,50604509992498972878043,957587205938215366707,8085365971486183206709515,48874508755234419198030,490783963633794900291
240,0,4505090000000000196608,4508440263451621522129,4508440882214453057603,0,2,37099834261750118,8004362909575073336800239,8002885125228032317304229,50965537018801933369902,50832158451201703432272,957587205938215366707,8005195724631418091498673,49094384656451740074184,491176093960380106715
241,0,4439449999999999934464,4410365128426134291985,4410359784139523958467,0,2,205007768103920218,7945878776114123569907034,7944411804863498276933957,51201727975903492314133,51068310005648787300568,957587205938215366707,7946718100803330317682479,49321792571570817215054,494907391906087088591
242,0,4511899999999999606784,4506058437465331227462,4506057359830837282481,0,2,440598836831680863,8010411543931850302379455,8008932643287790299731218,51720464855970868198609,51587006340795227475950,957587205938215366707,8011274549869585146677403,49824513250092337985315,495826239309112461577
243,0,4490899999999999868928,4494132966778864459877,4494133563874534350245,0,2,74862728935499787,7991746979279204212787392,7990271524102135449717412,51731807911832540871952,51598345692755577991581,957587205938215366707,7992611224778548338661915,49833148523265556938386,496401143199454794548
244,0,4382319999999999475712,4399100590624837063390,4399103692230718222423,0,2,107763225578306985,7894558395064439603560043,7893100888202024392917315,52358211402879674532834,52224640141159145748879,957587205938215366707,7895432207465446181722839,50442242552900611743744,499078191464113831571
245,0,4347739999999999606784,4335454565128688473508,4335452301354519219564,0,2,332871410672784716,7863343039796132213533434,7861891293573627019018072,52493775790919374258936,52360195775884616429196,957587205938215366707,7864224795977122282204227,50568681518576941323283,501284560388157471049
246,0,4317340000000000131072,4325493228715322277481,4325494734972051740008,0,2,445167341644344699,7835799668317502044987621,7834353005600443360201318,52510946870549417787775,52377359403642351827576,957587205938215366707,7836683220551790521809127,50582526324799445963115,502796436570288520839
247,0,4341489999999999672320,4370411655949662396694,4370417005387120052203,0,2,461984196244206628,7857724552689313827528267,7856273856824237513406893,52524331127950730313490,52390738665412682575911,957587205938215366707,7858617809695469784330067,50593312195091627524982,507428831557066786992
248,0,4361069999999999803392,4333651211335972824103,4333646172182824508883,0,2,260169000102923559,7875419441131909971189591,7873965476868848742795753,52528838399833437191750,52395250262271929485236,957587205938215366707,7876320587431468173997583,50596321803976138976654,511782649104199680661
249,0,4353120000000000000000,4381612034967115156056,4381617304788325650333,0,2,346890354754887670,7868240666759612756296866,7866788028853954752189391,52548599360789227343988,52415017826873418999312,957587205938215366707,7869148344565490706977557,50613068282713948987920,516108009196684954591
250,0,4403239999999999737856,4405156517439592553077,4405156871375453160080,0,2,141732497692249691,7913364933365273031121292,7911903949146424886102154,52572581922907721264112,52438984248974367059821,957587205938215366707,7914281466818348484632311,50633755744016836886087,516401010684637993362
251,0,4392970000000000458752,4389036741701939508232,4389036015888214788462,0,2,50106090652919109,7904131690621374858730809,7902672411289322212335699,52580164268517340906915,52446565634460666910350,957587205938215366707,7905049438021696033352113,50639608264134039156370,516958052642763912691
252,0,4377010000000000196608,4352513190885346312932,4352508686399667811914,0,2,107734165015004708,7889790738612082928184275,7888334118103722841720702,52587589718813482249045,52453988819021299881077,957587205938215366707,7890711502186063908648437,50645493674625540155913,520091443393907506749
253,0,4355369999999999934464,4374887508818796048280,4374891116882529603527,0,2,232585621268724119,7870251632590240437120463,7868798615237296961908070,52588013259199802494800,52454413618096522413956,957587205938215366707,7871172967793823646124024,50645551691627083078528,522558481942088511134
254,0,4374989999999999803392,4382233410333374803069,4382234748429255392147,0,2,119505700706169177,7887941590628034038096161,7886485301054137960794293,52588013800331023984936,52454414121705367254526,957587205938215366707,7888865787498601023306339,50645551691627083078528,523337519061971676374
255,0,4488800000000000000000,4463909458718337830575,4463904881654520481233,0,2,81318219912740493,7989908603700347203931978,7988433499124917377236311,53164582219313223907444,53030861441247865883987,957587205938215366707,7990858513931927621676518,51212299314539350506201,525927629346562469008
256,0,4451830000000000065536,4444070548699252736818,4444069117740272797592,0,2,249979348698561882,7956910190842996956345144,7955441168243081257438280,53171885115105990463618,53038157463992035646295,957587205938215366707,7957858679846822931106233,51218061911000166539738,526912287236164478666
257,0,4477609999999999934464,4454620525654824737865,4454616296863556436045,0,2,149995865356301165,7979939072632678971588602,7978465807016208484456617,53228273715321833487839,53094540482595821362726,957587205938215366707,7980896943622699955974459,51270505782936049332227,529605677638092674878
258,0,4485580000000000131072,4457696546223492322516,4457691421397498165531,0,2,190545347782978734,7987050296908986239706777,7985575722966743185281221,53276164378983694391450,53142435431359664467115,957587205938215366707,7988015177714340937103512,51315155826230859381350,532514132850348865333
259,0,4456319999999999475712,4460656764234733547682,4460657565241099877218,0,2,203558198172013525,7960919659091823987813576,7959449895484647057242999,53276259301212844338868,53142529630835004691824,957587205938215366707,7961881908748632235480993,51315155826230859381350,532906345214094565106
260,0,4392840000000000262144,4418571072492192611844,4418575830840143829870,0,2,217785651879531421,7904047645765581358355080,7902588394084396312801242,53508148904027609539670,53374381856796567823731,957587205938215366707,7905010341305867476495259,51541772699577703711767,534928791986278750322
261,0,4405180000000000131072,4395089110366519437813,4395087250221491941705,0,2,63319682319216786,7915113011128147600750397,7913651706026291057290211,53517263802086470446252,53383501539898372382716,957587205938215366707,7916079094042265733198156,51549724785533899650765,535804819931570150222
262,0,4464100000000000393216,4494360203331444701609,4494365800512909123363,0,2,187367736369346797,7967910369089949614936756,7966439331251322224235831,53759020791915571259596,53625227028666872320076,957587205938215366707,7968891291107813419145534,51785609623995233478109,538316302062202136252
263,0,4393739999999999606784,4415964981956898058718,4415969091121407059888,0,2,281724065072627052,7904848740740144818235711,7903389338009411687678935,54265610579103253213090,54131779006521373482134,957587205938215366707,7905836499576548274934346,52280246085418138426450,540991634790782301367
264,0,4362609999999999672320,4360671954330833824008,4360671596577420428874,0,2,61819210606364275,7876770848203368327641310,7875316620074325906119396,54411100244795397122904,54277264082646997244889,957587205938215366707,7877762755006154278586225,52418390840238323983284,541261223394348872872
265,0,4368840000000000262144,4359794733575364239891,4359793065903327878725,0,2,234633022055242110,7882397068070009727967226,7880941802705169307701811,54414550766400962426827,54280714269702636622898,957587205938215366707,7883392193172761963221727,52420644344554293782206,542578960922506069611
266,0,4315220000000000393216,4318859644881514530667,4318860317107188618170,0,2,237272170199796542,7833872784728064286858802,7832426476726907034909824,54517967817590853761565,54384104530689496323151,957587205938215366707,7834867776547574632718301,52518545841772846067186,543035931859321587320
267,0,4367239999999999737856,4391913471517537398796,4391918034052006614583,0,2,359169852509816756,7880980586538488271382746,7879525592655775136206301,54640217329368478761953,54506328056908233718991,957587205938215366707,7881990720777381457658537,52634680928337565040683,546091457011627585582
268,0,4378029999999999803392,4391174711419057594033,4391177140494643741067,0,2,18626864593269898,7890687782808796948579067,7889230988501466396501052,54650104857942352992213,54516220248300468132898,957587205938215366707,7891703034223274138788488,52642578509368290798020,547957875410334361019
269,0,4348930000000000196608,4355058622409391207790,4355059754497691846022,0,2,21519483393176549,7864413163958584489755726,7862961217982531386494119,54741970952027439685166,54608079893947170876481,957587205938215366707,7865430898203419395274536,52729337075125966628894,548706570952081211796
270,0,4296770000000000196608,4302358771301662766430,4302359803639889965862,0,2,163864064267722139,7817108689064510425399497,7815665476443129593454495,54919382797587553066359,54785465829341866704504,957587205938215366707,7818128023758182329072230,52899756379132125587414,549391233899403413579
271,0,4274899999999999868928,4280036575147611605317,4280037523934271658400,0,2,332318807864009890,7797189035783622109671206,7795749500685473136185273,54959338291368419643355,54825416940680679451733,957587205938215366707,7798209997395535059275240,52936176601627711866968,550060588986038165389
272,0,4327220000000000393216,4300211406015453347254,4300206442078800183060,0,2,393718312570771169,7844795397714138187447075,7843347087070392641150727,55077209764144355742453,54943261886148746361507,957587205938215366707,7845831596559769942674541,53048319913466543847839,553332550199705584149
273,0,4335399999999999737856,4355018815325669980606,4355022442156907529488,0,2,269550700556879577,7852188169121757713902669,7850738486814286384672168,55142400014732683950681,55008458566580990575051,957587205938215366707,7853231517394232707522715,53109533653563630319376,555520068514542115013
274,0,4310749999999999803392,4309584878300139709286,4309584663196497491598,0,2,9922003477137933,7829813678683879777669454,7828368119853982113676256,55244567223999813090992,55110623566496699963657,957587205938215366707,7830859637752942910102008,53206249456761565145627,555663103823771933764
275,0,4372870000000000065536,4376158986511247063680,4376159593958077274597,0,2,168416622253527841,7886028078720852492631288,7884572141633811664440864,55454057450836871049685,55320076551021901512595,957587205938215366707,7887089995118121467478413,53407691199793353154653,556075550639164762898
276,0,4481289999999999934464,4502055812189836724765,4502059651164269440448,0,2,103751997994312761,7983212510940536871995205,7981738639093580976497924,56016446437218816827086,55882355132245247283296,957587205938215366707,7984304982923290210119060,53955615817086261933405,558893655830843170192
277,0,4477430000000000065536,4482145881824365543157,4482146752871696642680,0,2,405288151466754489,7979753349391949844481556,7978280108724483424718858,56046454644457978041925,55912367128786953734708,957587205938215366707,7980850580364619005813596,53981224863019075278320,559731309084015169164
278,0,4452550000000000065536,4465997262472180838750,4465999747468614402606,0,2,323429286301418792,7957559623621469039593111,7956090483342219756015810,56090111857269169452196,55956018842355812066467,957587205938215366707,7958660688062297309098974,54020167164950270515392,561886968835521883923
279,0,4400390000000000065536,4413598744483518813434,4413601185391659950682,0,2,253475801990594498,7910812249442372345259605,7909351739714870470126577,56306692116728965022789,56172575399569073767724,957587205938215366707,7911918171771198013860089,54227375994325861713501,563806000628883656236
280,0,4372699999999999606784,4374444696727065363057,4374445018928747396806,0,2,41665995682987836,7885874387989773613933062,7884418479129669246161661,56392126940762415769192,56258004599339821559621,957587205938215366707,7886983119518352815890483,54306806196801481813345,564066568754645912204
281,0,4408399999999999475712,4391967343164040334713,4391964317257620516484,0,2,94278701213470709,7918013887352175397333881,7916552049855921743635769,56451301522313490598195,56317167128783349872073,957587205938215366707,7919134447070678074024654,54361040108716646810178,566449147949187249974
282,0,4306050000000000196608,4322626341071423542731,4322629404940805723423,0,2,23760036179727029,7825558470174066232337493,7824113702251854337787659,56833102877053213319486,56698871370338408872635,957587205938215366707,7826679431608298156505858,54731618263665985444459,568662554613094584250
283,0,4276999999999999737856,4268170477577271409734,4268168849674542569433,0,2,250089215536112177,7799106702085128490302529,7797666813960663968546892,56942875976405630977543,56808638865805282237991,957587205938215366707,7800231851493883415227563,54834749879943983490204,569958911518964253744
284,0,4298819999999999868928,4295815512756637566095,4295814958249519092950,0,2,383948105772436354,7818972074396969258768801,7817528517319871497300643,56992915672580152355365,56858674657323068856862,957587205938215366707,7820105242955104818767256,54880080037638748244011,570418726490264008767
285,0,4329510000000000065536,4309527105307512166595,4309523428122150519722,0,2,250245552045701945,7846853428754358316911279,7845404731721712391390400,57052789368756273532759,56918539277518923650776,957587205938215366707,7847998327445311695384729,54935146866172855347256,573278105709135592092
286,0,4418020000000000393216,4435643807408093926089,4435647064997834790201,0,2,183830301319336360,7926650400047319489516661,7925186968758227938362357,57665319386311150819098,57530998243690984273065,957587205938215366707,7927823019575598432345926,55533878331334857175084,575474563761811142689
287,0,4418000000000000000000,4392482704179922204739,4392478012680732289511,0,2,243885599155865398,7926649999626503556863441,7925186574876942874158725,57681059203514587634661,57546740954977003025650,957587205938215366707,7927829920888960555562609,55546610857542701395880,579765576306473211999
288,0,4283910000000000065536,4278741348802801385165,4278740395241881953767,0,2,87225094589440032,7805401604954467185599779,7803960553638336624529277,58292253221997467149177,58157769978718111939047,957587205938215366707,7806582165554898740468093,56140222333923473455253,580617582472986796485
289,0,4332499999999999868928,4324324412482574881214,4324322904945085033027,0,2,222051194403495833,7849545017569783759644713,7848095817158747609373480,58445218265427042080943,58310712240985489009742,957587205938215366707,7850744527850549451322377,56282449273428514378206,582239103944909347191
290,0,4308020000000000393216,4301437937937800078636,4301436723910784455205,0,2,76530132859741457,7827336189661443678051839,7825891089049457103801005,58459179949800200262299,58324668771334373611953,957587205938215366707,7828536655358489863200499,56293294902938272553177,583492326003254542536
291,0,4320970000000000458752,4309678178851697427010,4309676097833049290622,0,2,137067359579932497,7839096349941841457444325,7837649079772634614341155,58479292927191099939803,58344780540976942294133,957587205938215366707,7840303973502122818310602,56310008226391750468868,585451533857809648791
292,0,4313180000000000131072,4292644628222168091301,4292640849786534021827,0,2,106295745575217136,7832042454657384980924666,7830596492543511364179669,58479938773661428786906,58345427036219211555376,957587205938215366707,7833252627843041271198893,56310122896180648623353,588555737797933765325
293,0,4300540000000000131072,4293668735678674459861,4293667468376380698522,0,2,161534010678254140,7820538163365917213003568,7819094317900024252916803,58483239759523028872156,58348730575186396878080,957587205938215366707,7821748603363675054109141,56312333168480321856653,589500836950713103606
294,0,4270859999999999606784,4275219735348306923057,4275220540607049790685,0,2,156468655262722616,7793503402207367959816232,7792064547415213596032543,58510877368647551113523,58376360019392694289257,957587205938215366707,7794712851148852219853734,56337298898779454106436,590015100973266851961
295,0,4256850000000000196608,4254720508559302415624,4254720115482493551227,0,2,227968381291858174,7780709346520492854732236,7779272853512897391301430,58528911187338815182580,58394392086048765279657,957587205938215366707,7781919050425768799420739,56353330521496765661715,590247994507080317256
296,0,4274710000000000065536,4254519372184613536305,4254515657074760837924,0,2,305294830095128934,7797036199915222997243940,7795596700573021246078538,58550323498556558068571,58415801288014918460633,957587205938215366707,7798252594228604330768737,56372671489621216477563,592330025489213945218
297,0,4298279999999999737856,4317024657501832109569,4317028122590365264422,0,2,306099057843750389,7818498993562173757506325,7817055530476361691906887,58652664911068503106175,58518141269579899520895,957587205938215366707,7819724213266207839549966,56471165106367358557435,593950766163281303014
298,0,4295890000000000196608,4280295101221671618934,4280292229369233783302,0,2,80322086588100714,7816319428367146289564207,7814876365619187004790921,58676197173744568575213,58541676884344527116831,957587205938215366707,7817548196351137816398270,56492451242075847430321,595592692214215034194
299,0,4311760000000000000000,4326702840280198682784,4326705601959359074997,0,2,102661454740362249,7830742523841525658251871,7829296797822218356389066,58728706353987588508986,58594185989280278891890,957587205938215366707,7831978580809267101348293,56541535955472390361226,597192530546410395850
300,0,4299680000000000524288,4303291879145776480460,4303292546242678767317,0,2,118923855534351739,7819754358494796720535139,7818310657068597012474167,58767074499213086305541,58632554867623013394251,957587205938215366707,7820992209726106292024151,56576788355235870650181,597609436213439919917
301,0,4294100000000000393216,4279633772710394935653,4279631108182291499927,0,2,19022951561062,7814689021010594102798314,7813246258608938235505941,58771540889027001204272,58637021080345552359560,957587205938215366707,7815928656726941013860876,56580250734336209167543,599189343061875963210
302,0,4306329999999999934464,4297047536715718947262,4297045825421337696807,0,2,112763283572437415,7825803007960114734436711,7824358191244548239569757,58809369769708066695786,58674850550823578540614,957587205938215366707,7827048195279440973692421,56615265443429960922403,600164321631713453230
303,0,4312199999999999737856,4308154271746186854372,4308153525202129529669,0,2,13718958858340672,7831131209769959980423300,7829685407986338383030260,58821498952936722760162,58686980238911076434972,957587205938215366707,7832379124647967720484978,56625913283468098714865,600560467414515544217
304,0,4292640000000000524288,4282937908387524697312,4282936119872110674073,0,2,49549738237559952,7813354284060050051839173,7811911765821921803513129,58834210370128349212349,58699688088406581303513,957587205938215366707,7814601600552332777626895,56637250090093308933162,601419266766931343832
305,0,4312180000000000393216,4290567067146559530371,4290563091196146749566,0,2,100626793810390404,7831136901201808068663132,7829691107164029598580547,58879532510274974567094,58745007423144861683920,957587205938215366707,7832391535894666647621287,56679989632626980117167,603316527189630095253
306,0,4372529999999999672320,4392386451203417010828,4392390121979728727602,0,2,47184350546599056,7885741173594872898998571,7884285296735409062606815,59232495512972654334763,59097939825614453302523,957587205938215366707,7887012512396352580748160,57026556232136865956018,604836319219486346678
307,0,4293590000000000065536,4300254764974523883760,4300255996143832011040,0,2,402572059499358511,7814216168036037161888077,7812773489696742366681362,59738020738483241234855,59603408855507078533038,957587205938215366707,7815488189128582166253494,57520640455658154216039,605625098354155309106
308,0,4306630000000000065536,4286436893360482527113,4286433177698059169181,0,2,37154382637090830,7826092648453169186819381,7824647784552540613835691,59740167651216572588217,59605554542278466574270,957587205938215366707,7827370441361319468971308,57521856512730858981264,608546572637315449570
309,0,4307310000000000327680,4308168628697851612873,4308168787257101831858,0,2,88213551187133812,7826688907365865456017626,7825243925426637809513803,59763254202528524534427,59628645069878000447312,957587205938215366707,7827969642559895557828317,57542213026333587318844,608658092390247106625
310,0,4362680000000000262144,4367812719356912395490,4367813667425429969973,0,2,8938603984110848,7876835207936962909585559,7875380968356429669649454,59918917264233874244566,59784278481581689085482,957587205938215366707,7878131370257309323733702,57691313967605102345595,609272781366738933391
311,0,4348249999999999934464,4376806377618161825631,4376811659369027041995,0,2,229085224235484130,7863838468316163764946611,7862386643250276531436548,59938724399116801613583,59804083874842186626626,957587205938215366707,7865138812711042754238230,57708529573786951277263,613011110837851884706
312,0,4285500000000000131072,4298400822735352601097,4298403206746256082150,0,2,258090914830135953,7806857376937848903387333,7805416059582085265213024,60372452036709259899119,60237781083262649135433,957587205938215366707,7808160413649903634035221,58131699905864217442049,614535628545435700718
313,0,4295069999999999803392,4269728228594916085597,4269723569804564437713,0,2,94242023742141689,7815594692956321751751930,7814151771857969491647468,60373039114983312605190,60238368893361977638136,957587205938215366707,7816903137620310994274604,58131826906476706076544,618032391357640056223
314,0,4310670000000000327680,4326461184745414149205,4326464103356005042118,0,2,192722259471219045,7829754039047217400700783,7828308496029713536580503,60462173071193398502393,60327506773221468368764,957587205938215366707,7831072358184548607227104,58215519083853459166869,620093694152675253949
315,0,4321220000000000393216,4334013854095168415466,4334016218309538776905,0,2,47554273896640966,7839324976294455955971029,7837877664600018590750023,60463612890240346412069,60328947929181308975299,957587205938215366707,7840647446395921070405632,58216219434042862218447,621881216096798992283
316,0,4330010000000000458752,4355731901934661644600,4355736658684587814146,0,2,76476013520332697,7847319935392464455363096,7845871157177427149368616,60464450818303921676129,60329786691763733874555,957587205938215366707,7848647379168935957692601,58216564524824818734903,625009595379030736314
317,0,4331729999999999672320,4330718314622365084315,4330718127840840664167,0,2,162246388614945016,7848844003846036552571373,7847394931585524167227792,60494406808041536265631,60359748990684336179634,957587205938215366707,7850174593798293572879319,58243754700363932766902,625125773388599002178
318,0,4406359999999999737856,4429073839242982302988,4429078038892687269122,0,2,32291457467101846,7916193991120361432432069,7914732494172336917916027,60791094376186600577148,60656383261378361912488,957587205938215366707,7917546738762057947719569,58532162702858343997447,627561637193692368114
319,0,4324199999999999737856,4321060219189609068221,4321059639724583202486,0,2,360377486575084406,7842019538197382116717814,7840571726057160038096498,61354003073084927532077,61219232573127071438318,957587205938215366707,7843374700325532060346316,59080385201635081673246,628001510953378837985
320,0,4350939999999999606784,4363793115666745948941,4363795490828331222149,0,2,54319803754575197,7866236957229945309251096,7864784676978214016604377,61400696599887446157083,61265919296273276466398,957587205938215366707,7867603687866672714516968,59121859124772412643721,630205354834475471105
321,0,4405800000000000262144,4425922065622461220758,4425925785525804823854,0,2,77541441244710231,7915685332973178736297229,7914223927865789781383306,61491509370689489955011,61356704984329653983556,957587205938215366707,7917071018699773913256123,59205700362129070222801,633522207757163939937
322,0,4441800000000000262144,4418695112806756543212,4418690863001916691934,0,2,238501472298945924,7947965651564756166881290,7946498289175391835633287,61504249956968819292762,61369437239753873160219,957587205938215366707,7949363691090635679245159,59215743587035870372360,637470118674280965357
323,0,4431800000000000262144,4444849834027793371981,4444852245535776309272,0,2,209792801538520885,7938995413222094800408954,7937529700139622356978513,61512952922045123774797,61378144250909047435557,957587205938215366707,7940395776181070128053613,59222485468696040416275,639403233867947447310
324,0,4414210000000000196608,4426543300041652416927,4426545579054209239444,0,2,280638346291091597,7923223793926762989022626,7921760992317566821652749,61560341420498719557465,61425531432992870635513,957587205938215366707,7924627354439023295604037,59265609031037808425002,641121198969984261413
325,0,4425670000000000065536,4433215752054872622693,4433217146020370198543,0,2,192666695505729424,7933497267627276747900787,7932032567522057928169573,61560380026760233658787,61425570233830610262578,957587205938215366707,7934904308825611521644250,59265609031037808425002,642744101776539512761
326,0,4461010000000000196608,4448494241661757094237,4448491935412152531916,0,2,215796646986962422,7965114661209659635937879,7963644125663737766032243,61599271853884349917331,61464450968169763627597,957587205938215366707,7966530997382285644338055,59299096804446065172256,644137052360191329852
327,0,4507800000000000262144,4515791930513421176511,4515793406928772627228,0,2,271855131588238736,8006772614333998393923474,8005294386056514090293870,61774812879812600723269,61639973326571565536853,957587205938215366707,8008203160778509680058562,59468662356269309364933,644935116120838453119
328,0,4527800000000000262144,4512416761627574978996,4512413928256711270418,0,2,467352843716894712,8024523467590841489398764,8023041965235995667009287,61781886694374061642332,61647044093787263231487,957587205938215366707,8025960396301123712889337,59474341039598778201370,646731526479625698820
329,0,4522560000000000524288,4502569002723553343293,4502565323505763015284,0,2,444629987057365553,8019886816400642221831803,8018406173046081072417624,61786940712236178427542,61652100005148799913876,957587205938215366707,8021325958578001256278940,59478367226796261708682,648744786598975997772
330,0,4543869999999999803392,4533120659348955763830,4533118677937440574832,0,2,371613682455663481,8038745112316196198805341,8037260982121168817380646,61870718812088384222874,61735877630390472192508,957587205938215366707,8040192356877100572614865,59558404329192335836294,649716897774159454002
331,0,4662670000000000327680,4663247790546154402188,4663247897242225226713,0,2,469292824365471764,8143148329845914215938649,8141644922405545361141073,62678919586541318386381,62543954262771160754033,957587205938215366707,8144626123977745973752753,60355061936857028952494,649767982505817961189
332,0,4715609999999999934464,4710413742391559688181,4710412783662235201123,0,1,699376102809424655,8189247770112858158002382,8187735852137602749614102,62806551749103940446221,62671562338620376703795,957587205938215366707,8190741661717718664286881,60475751834131425600964,650466784483431034514
333,0,4759369999999999934464,4742984979798366444490,4742981962016378489349,0,1,745528372169800037,8227168367463330333781876,8225649452550319380281614,62916494031680667958697,62781488651067402850990,957587205938215366707,8228677940800191719852379,60579172950506777950293,652664190833500420315
334,0,4714550000000000065536,4744506055782951727051,4744511596123264895581,0,1,773535912854369651,8188367124946243982246781,8186855384237834020000675,62953503940271089083750,62818483896558961530945,957587205938215366707,8189877024229536488476018,60612548839056714991638,656477122911058412652
335,0,4722720000000000000000,4706719858767509784364,4706716911750726430455,0,1,774892222082883284,8195429700781376462948629,8193916645377124148083102,62975203681831769459595,62840190642644797381935,957587205938215366707,8196945045570297398763956,60631859289152720699682,658222724612656919384
336,0,4657260000000000131072,4671835974159005993008,4671838667810058189206,0,1,509638632019568645,8138432713030534939449113,8136930179858214499956725,63088731983422725430873,62953684529483463558254,957587205938215366707,8139944557812439402980705,60740024071736719542129,659830584298188466585
337,0,4640649999999999410176,4615863833949848198985,4615859275377902458032,0,1,297415398120798465,8123926201599604524952595,8122426353729308328123412,63134285869977541426561,62999237847695823302405,957587205938215366707,8125441433051887105665580,60782195696895148247362,662518813618212568418
338,0,4669520000000000524288,4662172352662052075299,4662170997473332994696,0,1,23225982354496618,8149130257080980653323005,8147625746169664496584884,63270346212062627433614,63135296319975297465954,957587205938215366707,8150657409315270516891156,60911897390216974730761,663386209692895174190
339,0,4666779999999999606784,4689694718270642835839,4689698954804142503460,0,1,190015532019206607,8146760922959220020425296,8145256857558739640624856,63271339891873228960159,63136290401114127149725,957587205938215366707,8148290918361004452778884,60912337204702131297083,666120666815126803863
340,0,4654100000000000393216,4640111707884080891553,4640109130682005099323,0,1,275797514248128526,8135670522516754718259822,8134168499041350126074647,63330372522169570232715,63195326129819001301260,957587205938215366707,8137204107079618987616323,60967293564455237875821,667714892504008604152
341,0,4638220000000000131072,4623492785107757075173,4623490072112936643154,0,1,41470177157688755,8121780093810122148451779,8120280635207322296123262,63330541328625950796849,63195494445648603378836,957587205938215366707,8123313056195940252783580,60967293564455237875821,669471717782449937963
342,0,4584550000000000065536,4563662736681165194131,4563658892904511084866,0,1,29332815086783263,8074664636931180490922254,8073173880870857848575926,63402754854690527105531,63267684622412789418357,957587205938215366707,8076195235625579583967163,61035289870514975518380,671744582604216610441
343,0,4618160000000000000000,4635604281548662311548,4635607505784896068449,0,1,247743114579236028,8104202131299888821067221,8102705919506169290477852,63545506969755685923001,63410430636341969541416,957587205938215366707,8105746974405815210769721,61171452050258239813038,673809806732180317557
344,0,4606439999999999737856,4618285625803705770379,4618287814579882455969,0,1,53225577144456744,8093904439077725363412556,8092410125618733474944532,63585806263651228079946,63450731371399527711494,957587205938215366707,8095452836882778907775249,61207817974356700737007,675401106940692977885
345,0,4638310000000000589824,4639230046331559434769,4639230216232496795561,0,1,13750394808772968,8121848662893098090943457,8120349187856965787923546,63604810120050617644503,63469727556801822746895,957587205938215366707,8123404958162861683115702,61224384427284758334109,675512806190864689369
346,0,4599699999999999868928,4623040967882146315750,4623045283397961201323,0,1,70329476662313391,8088000130060379376288658,8086506913759164055167997,63678843404168733839328,63543747806281893963908,957587205938215366707,8089557018631077695790625,61293970219386606220078,678141885683160343510
347,0,4532419999999999868928,4520568875699976487121,4520566691607366356171,0,1,4699134933755938,8028611643076584487397052,8027129384205172396989133,64072156998567557547050,63937025872586148850803,957587205938215366707,8030167641604628691084856,61678022817534949215398,679362631000364411777
348,0,4501649999999999672320,4482646858490083492461,4482643360556613378245,0,1,348965978007682039,8001323682981009974290273,7999846466141606258565834,64089748229700331656613,63954609803823301732670,957587205938215366707,8002879547084618843966150,61693075887373041787211,681932711270459747089
349,0,4495029999999999541248,4493403534025214360190,4493403233769266695025,0,1,435325513597279099,7995420503191439905991467,7993944369656959786250263,64097354042981075494677,63962218515560442972062,957587205938215366707,7996977106721343872828693,61699019294511992240641,682149931993825275176
350,0,4525149999999999803392,4537992585964906713348,4537994959112061514881,0,1,374306129026372929,8022171294093260810259972,8020690224687746694471693,64147057035027217226625,64011913274645532563021,957587205938215366707,8023738362266801137267674,61744981302182431324346,683652105255035684399
351,0,4522260000000000393216,4501538808118267660808,4501534994977725963057,0,1,139505704449842540,8019622285652667649236200,8018141691677973671549698,64159147510261738406790,64024005158505163807583,957587205938215366707,8021193257939867822021301,61755162417275165653944,686145048892280787057
352,0,4514640000000000524288,4542722564710195288129,4542727758378166532137,0,1,260857629637328278,8012880301865994708050222,8011400959014299521252432,64167606798877990660179,64032467816522457473755,957587205938215366707,8014454863224561675612978,61762040855450752798951,689466019269449941160
353,0,4502979999999999344640,4507002933032413142291,4507003676058916401902,0,1,61915568476958470,8002488476742453604904683,8001011038548026496719656,64244844347066562427595,64109711201345405012968,957587205938215366707,8004066297176866581884407,61834468438559365171468,689954625745874161939
354,0,4469479999999999737856,4480883630421070442048,4480885737516973571594,0,1,191934390361150671,7972671254741424690300263,7971199323567184416326554,64314500636765359666794,64179357377616120216845,957587205938215366707,7974249036713636920862020,61899678290912765743543,691321673715917073785
355,0,4493049999999999934464,4479476014771802429144,4479473513930817078919,0,1,278547656632035521,7993668388478301503045485,7992192581750499317077533,64321847002359094295834,64186699839507928254730,957587205938215366707,7995253255307588028774146,61905637445014691994469,692865573411604571515
356,0,4503239999999999737856,4500392499761485377982,4500391974201564001399,0,1,283432262748212707,8002719105925180531876090,8001241625004710572050851,64349851838995000544645,64214705414938432123485,957587205938215366707,8004308366498361965106718,61931323478766206419645,693143423062172764758
357,0,4499709999999999803392,4528816108588676267619,4528821491885042573775,0,1,147865049197910742,7999623074555014481681278,7998146180409504597334811,64349874840029568116807,64214728376325392673314,957587205938215366707,8001216343494475189859745,61931323478766206419645,697744831187611472793
358,0,4546290000000000196608,4536629105903206097720,4536627324801269245880,0,1,17194880554319729,8040884397569497766862794,8039399872012915141040041,64364780479977885412921,64229622065617168239101,957587205938215366707,8042486361868782497727941,61943558493924002405473,698630797278461639598
359,0,4493010000000000196608,4477675972127071631094,4477673147852723919593,0,1,60699380985042934,7993635336783689313779276,7992159537091379150813018,64458048774536317641106,64322865562113300690402,957587205938215366707,7995232672899708197572180,62033308518491484268460,699873105616927091197
360,0,4491659999999999606784,4511157041108395957409,4511160645262454258615,0,1,239742639685447109,7992441402033287647321061,7990965825372996295979922,64467762665319381559401,64332581589010633839856,957587205938215366707,7994041740186231861775818,62041655580484798699475,701744114400407096991
361,0,4520449999999999672320,4521626654143145222134,4521626871434090562790,0,1,41986987750844584,8017996157476580851004933,8016515855947753604224273,64472007044292421831802,64336821889980456292098,957587205938215366707,8019602652110281860167410,62044997544245596138787,701859001620008042115
362,0,4592499999999999868928,4571504914700127688630,4571501051126954526669,0,1,15504478856491962,8081662827147881626063991,8080170779125097599337987,64716364188797104055404,64581132410896527098200,957587205938215366707,8083290126616996366622033,62283201255932792318702,703695626565310297622
363,0,4616540000000000131072,4643210577830951840856,4643215509819657693848,0,1,246864474096387512,8102799787136320867733401,8101303841327985088152190,64813698709929882318743,64678465742404980268173,957587205938215366707,8104438245760092710994177,62376189767780429185176,706231993242137814583
364,0,4577149999999999803392,4600464808644277283149,4600469119344161131457,0,1,459041254187298921,8068150283152505414543618,8066660731626212581728350,65020783512471442566153,64885543008865204483029,957587205938215366707,8069791956367272443009138,62575718316741398742395,708904983135069789896
365,0,4578600000000000262144,4562562967773615970070,4562560014217078969328,0,1,218956188687662816,8069414520293356171722926,8067924730340556514805703,65043676775545255169591,64908441050009106130348,957587205938215366707,8071060862954756023571040,62596068703390287057694,710769996824169648005
366,1,4602039999999999737856,4618431272951082038099,4618434302396590566666,0,1,39035443188034980,8090044042756045474494936,8088550444266292394941081,65118733210111563655894,64983494905365208181068,957587205938215366707,8091701095506745522386995,62666505851515902001706,712655548278338910857
367,1,4590579999999999868928,4600191776794618934243,4600193552599694564147,0,1,234574856802277201,8079956501494450769078421,8078464762305053384836138,65155685883097743714537,65020448769606190869472,957587205938215366707,8081616144479173193534680,62699991495074654390649,713849216085638984236
368,1,4590130000000000196608,4618302011461224013975,4618307221564666805641,0,1,145421147995192108,8079593858756395311167542,8078102198829816607342128,65160528117576327630106,65025291817279022167039,957587205938215366707,8081257743397750161126729,62703690856619180040447,717022273372236474191
369,1,4552080000000000000000,4557107381079421838807,4557108309674110154912,0,1,211902569170230274,8045999740614254325690809,8044514269424505777144064,65370323931988071891963,65235081668711821750446,957587205938215366707,8047664167462207615248727,62906572412311248188069,717554839258698548753
370,1,4541399999999999737856,4515145328065652433912,4515140501015468419525,0,1,75386495528821464,8036588061245267396077742,8035104339662283478505690,65382299830729058567300,65247056769764179559444,957587205938215366707,8038255444876752354993945,62916716899348786520019,720619039356447371444
371,1,4516189999999999803392,4499401805284681492595,4499398713885733138742,0,1,225235123016848577,8014231078032749692128654,8012751476723066876553533,65382353445818585176843,65247110871537782224727,957587205938215366707,8015897608663083986761548,62916716899348786520019,724324173420484483431
372,1,4477399999999999737856,4488488999813682064918,4488491048735794057087,0,1,277266526389147978,7979731613898286674401711,7978258379087977651396848,65406321527383548294216,65271067810897659926835,957587205938215366707,7981392745345170603424947,62936219916274861278437,725540088663947787688
373,1,4443910000000000065536,4422777181261718293555,4422773292881487558867,0,1,314898089922217927,7949848750400150774404325,7948381038711258085237243,65505327218983497541281,65370064278032941277454,957587205938215366707,7951510078215336914702757,63030884049331583814134,727599147045746391820
374,1,4471899999999999606784,4479724002054316755296,4479725447438447219097,0,1,500668716445774689,7974825937373144227690460,7973353607132512035794031,65626947825028268282585,65491681788246497923820,957587205938215366707,7976499036776544711410588,63146833053850020178703,728486848921865758665
375,1,4468399999999999475712,4452848416176532449241,4452845551977516402917,0,1,175401315643762358,7971713584779362612415651,7970241832493161254959060,65633331304173991609284,65498065716163389939350,957587205938215366707,7973389366322232082102273,63151803604686285496162,730411120174465638959
376,1,4486550000000000065536,4487558533095467596310,4487558719338099745495,0,1,263710292331322908,7987875070185130583418208,7986400329676762368741847,65690097518201010705162,65554831133772923324999,957587205938215366707,7989558366140796484613112,63204570644127790574758,730529721265195820847
377,1,4472749999999999803392,4484867891945778595988,4484870131106808957055,0,1,86989761141191317,7975588063667713491737306,7974115594290299985370735,65700989611773761478838,65565721489893803324161,957587205938215366707,7977271908132948896203103,63213731534263066396283,731940787909828252384
378,1,4501200000000000000000,4481113153655981137125,4481109456915556842698,0,1,98446394907572285,8000925861795607989922220,7999448719179871485336772,65714204251846205464222,65578930061072327258500,957587205938215366707,8002618706056834288825493,63225312445689057147096,733948919472427559920
379,1,4483489999999999672320,4511761718934391627017,4511766947695866830290,0,1,116657141547939272,7985189975561340969955955,7983715745304319838989418,65714484920047151417063,65579211551259368771113,957587205938215366707,7986882134647114635169509,63225385199117436918279,736378091288177683791
380,1,4483420000000000131072,4457313650677717627211,4457308851048389775409,0,1,64303342655142292,7985122240842568424144946,7983648021101665470551505,65754120520919765119675,65618854411920371218577,957587205938215366707,7986819188649989651393425,63262509764944074034731,738662740722134812080
381,1,4481270000000000589824,4473567937179640936325,4473566516778061885651,0,1,205508537657617012,7983176320328050566647320,7981702448385413501796861,65782792109853706773888,65647532225971611448506,957587205938215366707,7984876075090726271813335,63288745601225208277114,739439132257762273091
382,1,4481280000000000000000,4510270524775289744491,4510275886695024130491,0,1,106564972155203786,7983223769398055746535259,7981749902903732636991965,65785752650155058101276,65650493311069903208971,957587205938215366707,7984926916338620247983097,63290987105361017175839,742102738050711427496
383,1,4463500000000000131072,4491469883568331502371,4491475056455805628397,0,1,90557707360981395,7967368295392009458549978,7965897355203625017223312,65893967333595288778234,65758712695818902987445,957587205938215366707,7969075254195366672823429,63394692832328849244425,744783934485288389452
384,1,4485640000000000262144,4491353121522056048156,4491354176822694825697,0,1,14977318929991889,7987066511984216518260494,7985591921332279400528689,65895651573818825660155,65760399612795864811769,957587205938215366707,7988778747598237846886941,63395846863308012023006,745301238717715770803
385,1,4497640000000000262144,4504359934679755417265,4504361176022440540663,0,1,15674763523589060,7997743499405492619016248,7996266937768170501115554,65897607649030140562493,65762354669904600502321,957587205938215366707,7999459025293957485334812,63397319131324617720457,745817019670645966242
386,1,4447770000000000458752,4468289081520327724379,4468292874862296563722,0,1,70456538343062786,7953299109729772063996799,7951830760467574882851896,66056518962479829986073,65921243571379235454848,957587205938215366707,7955010609364834311873587,63552213782769666930729,747286682109850521289
387,1,4308970000000000458752,4319719135112601050629,4319721121246557895975,0,1,161996706799294706,7828202966504369278057541,7826757707263263339573458,67346421298066985803469,67210968076052286478345,957587205938215366707,7829900729598847618564684,64830052687207543978250,748150685683083175063
388,1,4196989999999999803392,4169407570844548449132,4169402502707190893815,0,2,596038449154446732,7725851078332858677278068,7724424728778582290411963,68148714918459009726135,68013139167491689612557,957587205938215366707,7727547517499755279653868,65615601792069237256382,751986154606937170455
389,1,4185800000000000262144,4202352221163987822450,4202355280654998190556,0,2,753411982103316392,7715517977139769636310279,7714093525369879161239677,68163564275292320219550,68027994982688920802399,957587205938215366707,7717218723635717130153150,65627160155376827159578,755233387410212142450
390,1,4171270000000000589824,4156767366258347625329,4156764695241620455427,0,2,591332078413997217,7702111734461622969668369,7700689756551401266762852,68216625957435846535987,68081057274331123493178,957587205938215366707,7703817958240881602941378,65674459084109772778475,757908899573830554853
391,1,4138749999999999803392,4122761947310795035455,4122759003574023119055,0,2,644853514061273053,7672032170758080995036137,7670615747199829294490472,68234721716417474530433,68099144340170917703997,957587205938215366707,7673737926791896541121428,65689306667240608171652,760808545257924429298
392,1,4203109999999999541248,4197514928902604684503,4197513896768414803978,0,2,681780636194123408,7731441595749356111807028,7730014199214414145677648,68594762734005309521420,68459145520039894640669,957587205938215366707,7733175404052135942316980,66035478830610961036051,761776932590554463361
393,1,4191850000000000458752,4174197380606640592667,4174194131240601401065,0,2,326750139329723320,7721093981141816099598243,7719668500715598809201125,68596523001947444807155,68460904822174900680362,957587205938215366707,7722829761912761037610718,66036185894721657039239,765032702070118913234
394,1,4208630000000000065536,4232669114781488224586,4232673560081504950897,0,2,374879327230383196,7736546487880975454218060,7735118159804033808357746,68661787943872255554296,68526170081743094313381,957587205938215366707,7738295602213633117098431,66095596602292106393019,769040698398017311901
395,1,4195760000000000000000,4202352286409870269158,4202353504196101139818,0,2,136244310218314832,7724679298658621873003293,7723253150840547471259251,68735855933366189529476,68600242157892097326217,957587205938215366707,7726433309979316431431475,66163228988686523314146,770191102492902198363
396,1,4184029999999999803392,4192891662871383554577,4192893300100492467983,0,2,218687718004739819,7713875817324480881872472,7712451664785415823134190,68754265941630548560126,68618651208782036662515,957587205938215366707,7715631818338839815279456,66178656049401951830119,771641559104293275989
397,1,4155789999999999803392,4169269220996974322311,4169271712037781068637,0,2,245260105269286663,7687805217087307894711359,7686385879889705222139384,68830181219423715949303,68694559140160434841294,957587205938215366707,7689562567440718746127152,66249250868923450115448,773589411770283489904
398,1,4165970000000000196608,4141997079824159087392,4141992672196320163353,0,2,314060885790271127,7697237415770877912217486,7695816345276530447639633,68830784181235948121404,68695162900986696582521,957587205938215366707,7699000588608625300726300,66249408123170044101139,776812038445026084241
399,1,4149489999999999672320,4163886422642892081468,4163889083337759253444,0,2,390044734764520545,7681977264193488857785729,7680559003498128609966984,68833920931851418680699,68698302766550210764570,957587205938215366707,7683739786181757477524071,66251567788456305294405,778662145968597950581
400,1,4176939999999999606784,4165754412856293009292,4165752351516269906964,0,2,258337884804724293,7707339931343018147228279,7705916986438229561446739,68843359711627542106021,68707735951003296264119,957587205938215366707,7709111221038627686430040,66259433384730626278685,780016277590333114248
401,1,4183590000000000065536,4160595992807770490839,4160591764337501247533,0,2,246514052157710118,7713495175818406508004297,7712071102761631370896190,68860958838539592440330,68725335904933401514196,957587205938215366707,7715272116781161035548981,66275176215450101216939,782395660213177581496
402,1,4168329999999999934464,4164917463506027529842,4164916833746111908355,0,2,268842910519734323,7699385920922247447487429,7697964442187681857417886,68864278222371263773018,68728658309292235699437,957587205938215366707,7701160642944729742629071,66277786034585257210289,782706842828895910638
403,1,4163880000000000262144,4157516165811649164585,4157514992036049850293,0,2,232831940300729285,7695276597069590963006520,7693855877600503311864761,68864337922486892785540,68728717925952084279074,957587205938215366707,7697050961571439641577256,66277786034585257210289,783213647615952535409
404,1,4154989999999999803392,4128736639616721973145,4128731814765653343336,0,2,274344145548898417,7687093750344245414954665,7685674555014858599923621,68864692890955188748076,68729072499252759300208,957587205938215366707,7688868274989666392409775,66277960161535655721925,785079372395323003778
405,1,4064199999999999737856,4040631959380005573912,4040627626338230642188,0,2,418833672663709870,7602639138671149186193991,7601235533172381676252034,69100570252007398963017,68964871326937123075592,957587205938215366707,7604400892642145838429841,66509035129572294104271,786865364508956787696
406,1,4010310000000000065536,4006228359088554895365,4006227605962669325389,0,2,663564498974989832,7552035695499286839696357,7550641421037445240849340,69154132615705588482605,69018408554966679597304,957587205938215366707,7553789657100855271501119,66559217086493790123349,787328079623027785488
407,1,4004530000000000196608,4020760914680205825952,4020763914855064870806,0,2,718791398104792208,7546605870997504509040661,7545212604335207293974539,69154302218333009561310,69018577975956342898215,957587205938215366707,7548360637047313253767610,66559217086493790123349,789194424056126950358
408,1,4006230000000000065536,4022987249432825833927,4022990346997015121955,0,2,588856917732687914,7548208542058420856042709,7546814979877595486196923,69166670073162141976626,69030948644894739026134,957587205938215366707,7549967007973676322555577,66570034044078295922048,790967542231012617527
409,1,3913800000000000262144,3891517058097781147160,3891512960998255156345,0,2,567543933430391741,7460640085724646485045214,7459262695787683833957391,69872760540201302067830,69736948262099050619885,957587205938215366707,7462390122893967220045528,67266297199878944689873,792993842554627601698
410,1,3876829999999999803392,3868460390545386978724,3868458847546592339874,0,2,777911338770131094,7425293717816874444277152,7423922843999602388273506,69886031335139540326343,69750209219281159546345,957587205938215366707,7427039066017877494253831,67277337006786133046589,794282029166581496058
411,1,3968400000000000000000,3945505510163760807865,3945501300861450377057,0,2,798532639607562973,7512501002375917704876913,7511114038134028242328446,70496968830935891950292,70361053026781429028943,957587205938215366707,7514284548369915343441143,67873952681602472606210,797581798436889142456
412,1,3942499999999999868928,3923402960041246091133,3923399446472993513149,0,2,320013382093354373,7487936211796495487813935,7486553779312119101843523,70497512372674330295035,70361594947603869047017,957587205938215366707,7489717567040930661643490,67873995575105763032544,800742733963001782013
413,1,3908749999999999803392,3886796754688723024426,3886792717974976893412,0,2,375681873382558949,7455824458912831129542633,7454447957739525531029863,70510560659843150826892,70374634581773469189383,957587205938215366707,7457603823390289757713647,67884801195715742830378,804112873043319660075
414,1,3948729999999999934464,3947220364988242694174,3947220086304314291494,0,2,462126332774860653,7493828204491103845067118,7492444676124119937494961,70744662786510369332950,70608724242780470773086,957587205938215366707,7495626335492228490740100,68109438770047195602125,804343676782089106280
415,1,4027200000000000000000,4019535046286724456148,4019533632924830491493,0,2,153033333171671823,7567924683190596169580976,7566527476171887227577287,71125325167528847865120,70989319024109162157256,957587205938215366707,7569754865897598094059325,68477259656476155033605,805595372393148929429
416,1,4035000000000000262144,4052626008279384890427,4052629266583263606990,0,2,108037378827751832,7575264581416638718980321,7573866024657285871234457,71139288345636873487519,71003282181080199419448,957587205938215366707,7577102386237120012041725,68488490815424149031833,808698377469727912490
417,1,4021810000000000196608,4029903247789362314134,4029904743011193279775,0,2,203817440458835467,7562858925928271662117503,7561462654304590470355037,71194367707361315243494,71058362975596774167349,957587205938215366707,7564700310278038639870594,68538350555567190745823,810070957356432662416
418,1,4010649999999999934464,4033022778379757578787,4033026915404601171231,0,2,107837894685079904,7552384059816707531804771,7550989731450628132452845,71216019327280640902678,71080013952576579759160,957587205938215366707,7554229380572449945198507,68557002201981803182306,813551508503810799624
419,1,4004840000000000262144,3980312353018782346261,3980307844659349750772,0,2,119207732565774470,7546918133589114271262303,7545524816709608521083092,71262409718441269989824,71126409349421392922886,957587205938215366707,7548769203285934101372003,68599595774476235234496,816834027009200837559
420,1,4021260000000000131072,4015634127594182702886,4015633089830917421650,0,2,108136044019688739,7562339813852095706530115,7560943637341947599301387,71361434032857182668406,71225437296196520514898,957587205938215366707,7564201422055095872457623,68692674421120289791397,817646303765517643910
421,1,4004920000000000262144,4019855542617001156503,4019858303128632423591,0,2,45111063530981309,7546970979192579848801016,7545577644251813020549691,71368167634085366730233,71232168351871018861570,957587205938215366707,7548832431342183169967216,68697884643232638908631,819757039445215135263
422,1,4021190000000000065536,4010580464091286270671,4010578508850929006331,0,2,63236174491270293,7562278737848682408387977,7560882574365355041482379,71368271771475485055079,71232272039643439997698,957587205938215366707,7564145438219460214820375,68697884643232638908631,821057827287515256836
423,1,4005289999999999934464,3982411430113847283189,3982407223557187332746,0,2,13478907294015233,7547337476247507774122834,7545944080236646068726664,71369915568900003073879,71233914319812253824490,957587205938215366707,7549203566723451061553561,68698950137794324030790,823552197138605790900
424,1,4016599999999999737856,4016066977216620069052,4016066878800310434618,0,2,132290939853692897,7557954934767220936380827,7556559567126079251016889,71438950593844952242229,71302953658220984375433,957587205938215366707,7559827463745163733382309,68764235296451479381746,823610478986560297700
425,1,3994800000000000000000,3996544256354824833433,3996544578478210841640,0,2,58019798849033945,7537416882721753960673195,7536025306924864375626073,71465511770904217723023,71329509686357499130341,957587205938215366707,7539286881284451444584625,68788430327529979616275,823805404081025567320
426,1,4023559999999999737856,4044557932841623637040,4044561815292439299814,0,2,50676747850084221,7564525948362474030557303,7563129377007234684571123,71508428614339265745075,71372417579680554679877,957587205938215366707,7566407699237135674253072,68828501606173739257691,825983842657425338480
427,1,4041090000000000196608,4029320566703063053031,4029318398151397781010,0,2,189420017932015818,7580969133282751116914607,7579569519674067040690523,71509125892452425925797,71373116290221226008244,957587205938215366707,7582856757579055411310073,68828794685845939034280,827341372460179441757
428,1,4144199999999999737856,4129227807490175703785,4129225050275070196204,0,2,96268711623502908,7677080056901007970393682,7675662700727820251092002,72267521768169028093028,72131401182854024793545,957587205938215366707,7679005410889621856940105,69575116095004953114184,828934985513384183298
429,1,4123939999999999344640,4129611854339856796727,4129612902044416740325,0,2,434417734250983458,7658280631880236969435156,7656866742531254802254581,72269093618651005112864,72132971105699383841034,957587205938215366707,7660202828138835756346361,69575926345139599275368,829747536564460130489
430,1,4110300000000000131072,4096779154119702804022,4096776663572196489857,0,2,435361533753931987,7645613767288831145356128,7644202219687367553249095,72290092027217124062619,72153967910206930594951,957587205938215366707,7647536786557760687881095,69594570330125279523946,831393150242080589657
431,1,4105709999999999803392,4091167331653842942011,4091164653395390548681,0,2,228379772431557745,7641345276833169550316603,7639934517899364876844541,72294621351240933343136,72158498926843446298236,957587205938215366707,7643270084519972947918772,69598006463214922397573,833157649096824863520
432,1,4168080000000000000000,4182442736930199227013,4182445391383826982219,0,2,193606741355059654,7699165770847099573263003,7697744336720678977245546,72628474974383492495230,72492314378217921550534,957587205938215366707,7701114805435013075941702,69923741731283316099960,834649348037974651411
433,1,4191600000000000524288,4204259687577699457836,4204262027033743467136,0,2,475035404031930104,7720855326019538228896790,7719429886552657076921296,72633091299105376125193,72496927172311897038289,957587205938215366707,7722812864425312076065199,69927111085062157758026,836378237716271895254
434,1,4218359999999999737856,4200472465452071067492,4200469172917066928154,0,2,521372383512996839,7745470523761261446923435,7744040542988412049773985,72643945074524539516615,72507775337198455862826,957587205938215366707,7747438396207548545810477,69936172450742533674122,838658437909711683669
435,1,4201949999999999803392,4177238876075882326356,4177234333156452411872,0,2,494490173001552743,7730406538920811130176888,7728979345243122735671123,72644064593461362227615,72507895367330053554620,957587205938215366707,7732373474947966117034535,69936172450742533674122,841378532287167153558
436,1,4185340000000000131072,4167347184629749248734,4167343872862123554127,0,2,324973362806391892,7715096895119955960405313,7713672522152599167590323,72647684695269922980569,72511518865250759599865,957587205938215366707,7717062728530224889429711,69938923317920525930860,843285893600975665161
437,1,4168199999999999737856,4143590511453240634174,4143585987297924455685,0,2,253475888175837118,7699298959152145946780788,7697877508678030098091887,72647724991191912126080,72511559467280380854658,957587205938215366707,7701265465511660001604809,69938923317920525930860,847935473032447212287
438,1,4122020000000000393216,4114912771496948193653,4114911460799126625305,0,2,87061937133150068,7656498717741786111537380,7655085157758552571323531,72673796927520903036004,72537615685230006846843,957587205938215366707,7658454612963024211948464,69961074939886674209047,848606797572893583983
439,1,4161739999999999606784,4176838873538581254739,4176841664168048087698,0,2,86304441823193900,7693309235781604093559068,7691888883353956114686159,72796931596159267553645,72660734551535314420033,957587205938215366707,7695280414350159536468752,70079753969452811264517,850021314609908589882
440,1,4146640000000000524288,4162803582054079335813,4162806569667630259697,0,2,226022889952581768,7679341713555171492442983,7677923940551489751500158,72847475547130609698119,72711278477239752090298,957587205938215366707,7681314567540206869099639,70126865645427423088395,851848448362643410253
441,1,4130840000000000262144,4141529281035056013171,4141531256155508928133,0,2,139191801981021701,7664689297063109825699502,7663274226224990053141593,72904398731299034449214,72768201750894177608164,957587205938215366707,7666662810069897821708885,70180485997887821709368,852959042382427990845
442,1,4148310000000000589824,4152455157294515064768,4152455922915798288907,0,2,10967060965245674,7680874356557974024693076,7679456295587742373465981,72906968180863471949328,72770769228467577307052,957587205938215366707,7682853123664633445301737,70182381212483985792733,853370221146355494089
443,1,4300989999999999803392,4311126339719670326006,4311128212562135021425,0,2,74019203049270526,7820950232935256368635133,7819506312468690441161825,74114556781375135190600,73978122212788287677056,957587205938215366707,7822979263603204733904021,71377020486445854217765,854248853860546538585
444,1,4330649999999999410176,4313077884130369575514,4313074649208545439459,0,1,552127358324910087,7847881657526253108239774,7846432768899134769593923,74134584876946379258090,73998142760463382801655,957587205938215366707,7849923462104429420038777,71394049956905314054385,856976081229661642896
445,1,4337270000000000589824,4329534951934292669367,4329533525518957912387,0,1,555386867292996087,7853864554151574780312479,7852414556119912369318315,74165298874620211656302,74028859323730381329952,957587205938215366707,7855912174481324011294212,71421539266088643893493,858005738450833892537
446,1,4350989999999999803392,4374677505977908434004,4374681885967456505103,0,1,585267853733137706,7866302585666214863852538,7864850300830233792887849,74189326344744599193364,74052885560153142648674,957587205938215366707,7868358872609434735319726,71442974148073972609646,860832361081463747060
447,1,4379840000000000000000,4369951738070783588826,4369949915232705843546,0,1,658755173296652204,7892314903000379568791861,7890857806879192615863502,74190698581153532626611,74054255214783235735723,957587205938215366707,7894379893892805696328618,71443708268343314377732,862061971521211851163
448,1,4378909999999999803392,4354761886639948787847,4354757445997629515890,0,1,623490010333578084,7891502070818417362458533,7890045134028089644535249,74194835459666273379291,74058393014675784231235,957587205938215366707,7893570417905544800652180,71446873621983600704616,864660260900174761854
449,1,4381869999999999803392,4359764741907362923230,4359760675488113155110,0,1,502427427200868921,7894163883367938802928782,7892706453332209108970922,74232835880071686037140,74096398906671707819209,957587205938215366707,7896237832205998971419253,71482164173666279050336,866848979061179853424
450,1,4440850000000000196608,4458184159622244734989,4458187363605057539544,0,1,516416353963697887,7947103718849550340193925,7945636511188575428093393,74570172509054969049529,74433707399062762739666,957587205938215366707,7949200086691074933117604,71812513956846853321347,868317285933100167432
451,1,4498960000000000000000,4521653703799037470160,4521657899610547561181,0,1,705684952801298462,7998940115365978302843624,7997463341319747851986186,74653057241261931993577,74516563746908778771909,957587205938215366707,8001057754125102298491091,71890580957901062874976,870994344973311679490
452,1,4487970000000000196608,4500355672471356947753,4500357961142036327810,0,1,772128275542238242,7989146592063900049290103,7987671619584535867914937,74708891519828757614594,74572401573650678340524,957587205938215366707,7991267706106337540114473,71941973156805931506698,872621876862583382702
453,1,4504989999999999803392,4528539039342834939416,4528543393494385807287,0,1,627738187582513756,8004300716574118288222683,8002822953535459297808470,74709951419319683960034,74573460230507446947267,957587205938215366707,8006429246789782113391256,71942469622742672397291,875452863838925266463
454,1,4466340000000000393216,4444159015605770263593,4444154935014680653001,0,1,669614375863533114,7969888416720184409873351,7968417006039410176878634,74900503271391340487513,74764003393527876950588,957587205938215366707,7972017578788140519143446,72125810708128847994079,878014714801933015656
455,1,4482729999999999410176,4482036706118595544052,4482036578112244604189,0,1,193671952888897524,7984473746359781351646354,7982999633802111999690126,74975035405411898255045,74838537603686543957040,957587205938215366707,7986612302876834089098176,72194933760320949986136,878111334552834791374
456,1,4539439999999999475712,4512667370767958776566,4512662448922030851241,0,1,299651872909643934,8034855018499702790958555,8033371617380902439452080,75137694256439996538381,75001167154195692578656,957587205938215366707,8037018455632797864159977,72349893992043877172496,881726347720988272221
457,1,4523409999999999672320,4552070271684677360164,4552075572347483688800,0,1,376965574423822813,8020660754916321374251456,8019179976164010467438883,75143362385609866299300,75006839437140706158991,957587205938215366707,8022825413167442000184094,72354172257971657709101,885377416968913651669
458,1,4517189999999999541248,4547973785858336601635,4547979479937188722475,0,1,465563604995910242,8015150624718889680477692,8013670865551032982287569,75202641266128006745182,75066125319301176030556,957587205938215366707,8017322175629130111517247,72408979446939757293712,889281626832959266453
459,1,4490880000000000000000,4520530694842964220131,4520536179045071486824,0,1,440604434733107093,7991771927686300693549026,7990296483661385379159185,75362072971549453960431,75225559186742180563104,957587205938215366707,7993946715874669765042685,72562127364346620150993,892549622710158156017
460,1,4501899999999999606784,4496486462050096446980,4496485463307167644609,0,1,269601118829159693,8001529406520383886456086,8000052145631847140826915,75379132040152457793284,75242625127912785471336,957587205938215366707,8003709428619851333836695,72577194746878851075242,893126955918251744910
461,1,4487459999999999868928,4494154681109639367986,4494155917786657606428,0,1,130491107241793084,7988687282039694981562172,7987212392379410872417205,75383164280809770081808,75246655732934302716951,957587205938215366707,7990865413793912910273462,72580309039281009159780,893810386850774245266
462,1,4458540000000000131072,4488657566349468848358,4488663137115085634218,0,1,116492780675485785,7962946525641768835790448,7961476404113684503430468,75446172480433689126275,75309656657516969154619,957587205938215366707,7965123393533785663260905,72640200205297461285475,896439039948457146197
463,1,4470600000000000262144,4474820374300655997652,4474821153803966606676,0,1,79391039277799570,7973664537272042423580589,7972192420655119109069441,75462368326256295895763,75325859485649415733051,957587205938215366707,7975846081943976390064580,72654990188348910120153,896766330190793968258
464,1,4489810000000000196608,4462618433819152885094,4462613435554585371220,0,1,17503577828427331,7990813411976966851177531,7989338142557075864699937,75473538931460374745837,75337026865003233580898,957587205938215366707,7993002679118579808223011,72665078974802018400737,898715484559504470602
465,1,4534149999999999541248,4555448867762139066089,4555452805344721231087,0,1,101429903430223154,8030158900316995621658768,8028676361379915926064287,75727364826101238257730,75590841648250859215497,957587205938215366707,8032365164272152845953826,72914112368637643926734,900109768811438497186
466,1,4608109999999999803392,4626977238609499433230,4626980726126775616800,0,1,373385565553582804,8095381691634214866060489,8093887109211000283673380,75861045683407138699542,75724477722979231837629,957587205938215366707,8097612977716611251264540,73042660289869000219525,901951245569632950422
467,1,4552449999999999672320,4564285247486439273262,4564287434360341910273,0,1,547173127058120411,8046332284316318206291172,8044846753781342678927427,76126254504861772830574,75989662197664212758984,957587205938215366707,8048560099765918254969923,73299214100109470124816,903342633476192831363
468,1,4534290000000000196608,4553821233861688819546,4553824844306625317274,0,1,203368349600761654,8030279370788926154353481,8028796808319633032083056,76169892150655308069442,76033298128114298098479,957587205938215366707,8032509062492340688120245,73339043995288871298356,905836721858110167507
469,1,4489140000000000393216,4476083394548298868760,4476080988824334851696,0,1,152668274126317844,7990188784821022375721241,7988713620257345965783803,76374291026287059452298,76237681919930966054604,957587205938215366707,7992416160870880139236092,73536145282956809748547,907316293352286755237
470,1,4516369999999999672320,4501296424013006109528,4501293647552144673541,0,1,159765412942333777,8014388087970596135547308,8012908456678291496226757,76454719765944380793508,76318105457973834656084,957587205938215366707,8016629610447278366976263,73611167159323522275398,909325162233291285609
471,1,4539560000000000262144,4540507654670118868268,4540507829669822340071,0,1,50485305783377635,8034926119284906254269097,8033442692097283884597693,76526682837227359755532,76390065729543718654580,957587205938215366707,8037178283570068380053857,73678369326789209000341,909442699989672914770
472,1,4535609999999999934464,4521819078272994594069,4521816537501360981051,0,1,103048049832069044,8031438915949984194568064,8029956135997287310693274,76527852172479098434744,76391234932414794596301,957587205938215366707,8033692414164726128110113,73678929445262085565878,911147662814171080018
473,1,4574329999999999934464,4562999083330233654292,4562996994892558374779,0,1,19673414540607936,8065644665868399426651478,8064155569622044387116638,76662253560808499155099,76525624586735876418242,957587205938215366707,8067915045854446694048004,73807350473836895118703,912438873211389427692
474,1,4676130000000000196608,4704953746285863899767,4704959076955538859339,0,1,179958290031769654,8154931986683970209256225,8153426417904015600577216,77273670800759449078671,77136951794328693244903,957587205938215366707,8157243704709658942606288,74405960842662532820229,915647513626224628183
475,1,4726180000000000393216,4739896166062163840008,4739898700676343637848,0,1,503012311295793351,8198428058359610077113834,8196914448214179953774079,77294435262742213443677,77157701973070743279490,957587205938215366707,8200757736727238449965961,74423393229542950110114,917815900523129694522
476,1,4686950000000000065536,4706172843861652082845,4706176397117016444659,0,1,553043997567807887,8164339857644910936867886,8162832544075333574348475,77423211769404894547241,77286466963231970639724,957587205938215366707,8166670700730135112327113,74544216444713399140241,920716086914466082773
477,1,4693159999999999737856,4669605042871839572615,4669600709686122155922,0,1,393754200393289596,8169755507296358829144435,8168247197105246873053596,77431041173234174254439,77294299191212556787264,957587205938215366707,8172093102870973931443395,74550189248880858767619,924066419418208567834
478,1,4681659999999999606784,4699254279221537285140,4699257531166389500548,0,1,231421946988095580,8159728416129957249660573,8158221952923540765175682,77437821273144812615133,77301082919883059933625,957587205938215366707,8162067235182423755185297,74555295294582207582141,926470801824381995339
479,1,4712569999999999934464,4729491297246641480217,4729494424674102156639,0,1,308323837839023642,8186619576565113469668933,8185108148204191876708928,77446014525048875613940,77309270652806075431203,957587205938215366707,8188970025906460694905743,74561771856258068269020,928647684092269472158
480,1,4515020000000000655360,4493312123820397906505,4493308129789209083316,0,1,382037884243106326,8013202268721897601739078,8011722860808483272651810,79603364718528107887076,79466284022474828537781,957587205938215366707,8015531735021269701582917,76693423433546689756661,931308885773371879733
481,1,4482130000000000196608,4505866273503653749428,4505870662348886452905,0,1,309470802726975024,7983967196896298138363549,7982493188117806170699023,79609560907174266970869,79472474647968334404451,957587205938215366707,7986295728842893378045546,76697251297537531904876,936380772104966742662
482,1,4450749999999999803392,4475695205544522706737,4475699818275639113300,0,1,268792712257346261,7955973010750745615863385,7954504171513869472322370,79760202778160820210621,79623112547544630771569,957587205938215366707,7958308462953223147088570,76837528554369715606241,941091203192161705237
483,1,4446749999999999803392,4447420450542582591749,4447420574350283011907,0,1,327936842244577792,7952366062318498672143415,7950897877557481584009679,79802048907302291268656,79664964243651363634056,957587205938215366707,7954705630101255862811073,76874330128367873780449,941209155054339072007
484,1,4465720000000000262144,4462918356665016595443,4462917839566928685800,0,1,383293989829750093,7969310923679988305518436,7967839610654806138877462,79818845122168760277666,79681757129862676906583,957587205938215366707,7971658901239583699380261,76888151377444407485532,941664080911031342675
485,1,4489409999999999672320,4495112562572291236605,4495113615921631277407,0,1,313430962014393408,7990422202447863699602386,7988946992257406268456498,79853830638618865675720,79716737556799511050312,957587205938215366707,7992781062366230383393673,76919310352524163265185,942485089110565296654
486,1,4448979999999999344640,4451911383297609060456,4451911924685664584558,0,1,169810214892838984,7954360236600987077253246,7952891683821690525686262,79959640584060769533780,79822532773634861194381,957587205938215366707,7956715216939030471210004,77018765821288798324001,942893469984097735036
487,1,4516249999999999934464,4530125189432886250323,4530127753541698713007,0,1,292154293767859408,8014279846435402995228731,8012800234474148817984888,80165887455794150320749,80028738072205950053588,957587205938215366707,8016663312560766000823071,77216167701189155918339,944773449460763413633
488,1,4527859999999999868928,4555151556563064742800,4555156603698232420581,0,1,15628791252811796,8024601241380392570533208,8023119733736698977285965,80166138377000246700198,80028989515227265115208,957587205938215366707,8026992267885763871135699,77216167701189155918339,948902102311713400833
489,1,4452449999999999672320,4481518580516503732572,4481523956952213078409,0,1,95782822722670553,7957503339992774602207367,7956034222296384638766215,80683414697121080399266,80546220593446640466667,957587205938215366707,7959892965052577936607966,77719054554156016998870,953045882445110485483
490,1,4428140000000000131072,4407941495372075694728,4407937778359264824634,0,1,146170454166026588,7935728686260754062768150,7934263580771167296460690,80825837421529453298554,80688645538866028887693,957587205938215366707,7938123150852992345588771,77853268639544714840304,956168500113179879579
491,1,4375289999999999934464,4389371908869507167706,4389374511274460115952,0,1,324432997890893865,7888219513219837578205111,7886763175095913919263145,80880344188856989032496,80743129882019337509194,957587205938215366707,7890607537907955643638459,77902367807482517514327,958540140981010800752
492,1,4317040000000000000000,4335363122187553792662,4335366509253947220388,0,1,364255479642577774,7835541502839073602139206,7834094892979488741355399,81150766151611944702492,81013521213778182000755,957587205938215366707,7837927362262252783274759,78161895406472533706710,961352921115330620656
493,1,4340870000000000065536,4334093489999013009046,4334092240138299592748,0,1,471700455322047966,7857122559520943870025396,7855671959718895046671422,81152348791058854525661,81015101613917986189842,957587205938215366707,7859516906060574097872798,78162614147867308061189,962413247626969846428
494,1,4371270000000000589824,4395892568819075194572,4395897121921737511839,0,1,474173859336483254,7884615766315309909143297,7883160101233885179149059,81224247018130068926675,81086991421249661558913,957587205938215366707,7887026684950617981831509,78229558901260984642571,965642789159704603933
495,1,4349699999999999868928,4358868988272243739008,4358870682276769260017,0,1,164206719110067183,7865111759853010330199935,7863659685789837231625434,81333957846882855634532,81196703506138039727534,957587205938215366707,7867524665392531871134812,78332634854027973525643,966962579303461038150
496,1,4325960000000000262144,4332470762660308007162,4332471965366890700799,0,1,271816087616529456,7843616972959265424725287,7842168866524466641242284,81390269393474547228521,81253010430856032806887,957587205938215366707,7846028802379506697464990,78384369172655991443056,967879079746772831755
497,1,4345140000000000393216,4348872770887570086066,4348873460315879890525,0,1,343261955753827520,7860984358516303658145409,7859533045122325201944664,81398647544858893919743,81261385442794370564843,957587205938215366707,7863403696328040782503932,78391069737737133185768,968371265149781419957
498,1,4105300000000000393216,4090894522697044655622,4090891869638400944282,0,1,253273997807784383,7640963507544899274963855,7639552819011472229347434,84571889363672927201604,84434058863870646734067,957587205938215366707,7643345785927835418620780,81536270753926759941245,970099198722516425299
499,1,3998130000000000196608,3978269410169805275357,3978265756460383675811,0,2,671841601400986441,7540580957159774951099831,7539188805758674498638017,85067782193787075782929,84929832104157699151807,957587205938215366707,7542958923150816109996382,82010539064422205436071,974852838953617772378
500,1,3836620000000000131072,3826540377998665791856,3825695481904071633221,11172683466266412,2,747773343801054342,7387501991573716420517129,7385325682764119592337908,85526632659930600448978,86143243601844934896048,1015302612059720983228,7389059718640757838266800,83187363281230240615559,977789718739256090240
501,1,3797139999999999868928,3850028808349816879494,3820545069701191446152,26172683466266412,2,817118585877859879,7349563287729986371595553,7347255997300494573640122,85526632659930600448978,86194795373038617985209,1101749147882678593197,7350987575360462683663646,83229900362448045115036,985319602400069398775
502,1,3762989999999999803392,3859410669522563169578,3772268006811072292452,26338072843884501,2,729103937548924372,7316849522213446608512375,7314113216167590763213550,85526632659930600448978,86405451398157724167696,1203420891631419854512,7317846503783023583975018,83424676669608904415296,987922053314803575401
503,1,3843630000000000327680,3845387754585974480960,3829527399567258798105,22914475984896662,2,690784489235706195,7394397787140527563615107,7392074547192061092982601,85526632659930600448978,86729982192558959181906,1331731611651386345478,7395870293302574413683432,83730355966808024460821,991669927674563182402
504,1,3828710000000000065536,3831866495218308919526,3815115808579845627657,23043586015611775,2,702389320206699883,7380184313541381511648749,7377712721608440431969324,85526632659930600448978,86730024217026395983427,1454901130765029774762,7381503243668161754606671,83730355966808024460821,993800391407235131489
505,1,3764480000000000000000,3851409160537695522821,3783856812350908583592,23103894623707752,2,714584019065291371,7318494057959433994941198,7315579685491217010521356,85526632659930600448978,86893274995417710255891,1619597512183373501420,7319355806166738600905738,83887222194263028755421,998251470754969077721
506,1,3751090000000000196608,3739041110789739599377,3738018187590858575786,18128401683482524,2,602985151143105712,7305995481231972173937271,7302544648340867890212427,85526632659930600448978,86962324048844870023447,1733521328288359232421,7306323855837551355106089,83949278174156656278601,1001047968797387456161
507,1,3785260000000000131072,3764023275459469482963,3763655935914943923553,33128401683482524,2,725383865898659738,7339564268763975361139540,7335748837869012435331765,85665096675062996756652,87106956045804644409368,2080758968599953517788,7339559755171726693960048,84083916980238684719327,1005596220862164911117
508,1,3831600000000000000000,3843474672153273567162,3843480854771621773184,27552539136062957,2,595256768394116681,7384333519067965193299706,7380493802380820005726080,85957359792815027701793,87402280347709817226668,2080758968599953517788,7384343425432140953826442,84366156804201394863052,1007857286620249506287
509,1,3822140000000000131072,3835807225383690995291,3814484299336044618620,12552539136062957,2,247931539673777989,7375261589549814681997858,7371372036801164529859754,85957359792815027701793,87430846358247530292497,2106769033716652967331,7375223057283693879955278,84390171230239988690276,1009474454297133857883
510,1,4036940000000000131072,4015406589117855964886,4015395295784162067505,0,2,265907512743314341,7579684729852705112979311,7575695655526679435578600,88432189548886415691029,90473431408585079786603,2106769033716652967331,7579701051581635280735612,87390658249284510086564,1013712555342637695878
511,1,4138810000000000458752,4163224278628142752561,4163237153267002330742,0,2,230152532095612138,7674729270708219457180867,7670690181901434884180263,89311203241259157699905,91352145757537619184911,2106769033716652967331,7674786296347944590933781,88236205803376636605952,1020233075952934309902
512,1,4156169999999999934464,4168755300211523152789,4168761932213038063482,0,2,435686332487096699,7690783565771695073391949,7686736002127325152680090,89313968031171002471517,91354919179624381430195,2106769033716652967331,7690846917294715023368459,88236756275164243538523,1024135266811079850620
513,1,4144169999999999934464,4128803245635503894081,4128795176555762425342,0,2,442121551737507662,7679677314268998448289116,7675635600409416266015280,89347554036461270751488,91388505568381574109999,2106769033716652967331,7679751236564680658487642,88263779058115977279516,1028229803842012178463
514,1,4181500000000000131072,4200406377583036159078,4200416344270131363742,0,2,314233139243077677,7714194720947464354148991,7710134847667724121722795,89502652175112950196644,91543569859984780598694,2106769033716652967331,7714286715696349580620236,88405717172824547347952,1032846993064171821220
515,1,4084089999999999934464,4062089791087886404421,4062078253398086440148,0,2,421916322819744945,7623820764199051980919396,7619808462310979422366277,90254196890115080741328,92294845988055808559629,2106769033716652967331,7623945734089296808546147,89128445078095469813910,1038268655307328666716
516,1,4139379999999999868928,4154937612949054065239,4154945812744184500219,0,2,45708549553563537,7675238050762446829613952,7671198673503866276458142,90595040853299980737981,92635613249219426352748,2106769033716652967331,7675390467348136043960642,89446832489494811769471,1042636022018189377443
517,1,4256149999999999541248,4229590686766502705248,4229576767094168133864,0,2,211388453755430714,7782767051849454834709005,7778671109157713707796196,91158564438609446482259,93198747893603009429929,2106769033716652967331,7782958695550120911679939,89981376236062891915267,1050339559030954020071
518,1,4245159999999999737856,4238373192938211677410,4238369623525587442406,0,2,320715290457743993,7772676853197146417977097,7768586183408478756728385,91171681200285605861805,93211881247372654168072,2106769033716652967331,7772874534110300600377942,89990107265789102680160,1052265037016355734247
519,1,4157090000000000196608,4144419919875048987012,4144413263509423741230,0,2,333379625593795316,7691634894677724686447776,7687586883167427034831340,91532202459508938305030,93572181426486973752128,2106769033716652967331,7691853494680919905080695,90330743025867918282435,1055370369752708097296
520,1,3983989999999999541248,3964420951485457051527,3964410685104092581243,0,2,77883088662235572,7529807572949268814435770,7525844743911075564325428,92999232512964573476810,95038320095008628293962,2106769033716652967331,7530068037471624795300825,91756921129614415543786,1060443683865381294691
521,1,3974849999999999672320,3949908437047364929482,3949895365576006658378,0,2,254850648986242296,7521179692858982587053500,7517221419737193936384623,93005721583696902196623,95044818542715077058355,2106769033716652967331,7521451454836825450201104,91759972161057346119248,1068529064490547749866
522,1,4088499999999999868928,4112174522215375483744,4112187006414800741374,0,2,276550702194269658,7627939722696701511486101,7623925257232450816620422,94139702458433382154123,96178420155062248368744,2106769033716652967331,7628261059401054117878685,92854676328145629600008,1074992843738827560921
523,1,4105569999999999672320,4099672869467022780439,4099669767587064320144,0,2,72344728740564167,7643817060043729142076625,7639794207174958163755646,94142171099371008590828,96180896825863721634316,2106769033716652967331,7644143260865318767009388,92854970168790443343737,1076914908732845562311
524,1,4126890000000000458752,4149124565389328664861,4149136289088560217186,0,2,46886645944231355,7663664001032174369246541,7659630729944688223346333,94184113790107906160289,96222827030089183406224,2106769033716652967331,7664005015875775031719846,92889173726150763092967,1083138844398296535382
525,1,4083659999999999606784,4108255394701110253819,4108268365249182602449,0,2,141329234434690224,7623425969502971899025347,7619413882280274469529991,94425136467164068881434,96463808466574072627619,2106769033716652967331,7623789214674837394038247,93112715095840593066507,1089729069799756076200
526,1,4124840000000000262144,4102669227476998549793,4102657600233447147308,0,2,41128672561543211,7661760499008998544785244,7657728229881134841419383,94440681165790225286102,96479320643041156958127,2106769033716652967331,7662135190780127396454699,93124111183542938586416,1095235233911506654034
527,1,4102899999999999868928,4083341696982914881087,4083331435116689739331,0,2,26554393293559077,7641350966482222173349408,7637329432347210545120323,94440684187756971277694,96479323975451590263945,2106769033716652967331,7641729376295992166241509,93124111183542938586416,1099931590484108301877
528,1,3983760000000000000000,4004947700163131357879,4004958871685856845821,0,2,28945274131387324,7529593879995242661136852,7525631167268824671639897,95014422230789172666858,97052643333092300538251,2106769033716652967331,7529989586412176302930428,93676220949197436261251,1104097366495509317963
529,1,3984599999999999737856,3991230035315231415348,3991233527917402494584,0,2,230000293328671595,7530363785049704350167414,7526400642023909353538488,95038843835355200334486,97077078826329361937219,2106769033716652967331,7530765145965904818673597,93696420578459130641188,1105488380547984653708
530,1,3987789999999999803392,4010635406087263193387,4010647452887384692591,0,2,261825397684683299,7533405646133658210127052,7529440931779646779317320,95039543977688383946957,97077780021227242887273,2106769033716652967331,7533812025547724539734307,93696481760153643470162,1109692269165257086117
531,1,4017010000000000196608,4021712650983206311528,4021715127963438089931,0,2,180669152630946389,7560925737037869481420771,7556946508224105202081995,95041927799524918445803,97080153584645776363544,2106769033716652967331,7561335478665044668053677,93697795092978722495384,1110481351156648601413
532,1,4005580000000000131072,4028139459721503802220,4028151355450791874416,0,2,131961911656221715,7550189621672160521375557,7546216073091034219868975,95057175373552060907844,97095397804721617631812,2106769033716652967331,7550604536968505639048358,93710636013294944136466,1113818327208537522777
533,1,4063889999999999672320,4047198573972315904117,4047189811944101672601,0,2,101026062654169894,7604931968538142987505746,7600929595314133910553767,95131395396503603624716,97169529189704435801760,2106769033716652967331,7605356712591721539231172,93780224341210440158597,1115980016905461293362
534,1,3909229999999999803392,3884369363969157835889,3884356335743365003295,0,2,5458463332515576,7458839511786507412425232,7454914048333368992067421,96253054866444347456455,98290458392272617165269,2106769033716652967331,7459275621345148027746327,94885386785181945835318,1118957944136956239698
535,1,3868860000000000131072,3853070432668896884355,3853062143901256545419,0,2,473328623820160863,7420204197812177408023991,7416299044115479548145295,96267900849783680635466,98305271693702468046851,2106769033716652967331,7420644299091611055113716,94897207626539068264694,1122067345556832056367
536,1,3895500000000000131072,3903054723786757527265,3903058703774380076024,0,2,525110348059971019,7445695132312253534454211,7441776550384538652330349,96379530317339752716650,98416886247438118148786,2106769033716652967331,7446146070499146758082718,95000888642034620449874,1123460044504043720397
537,1,3934640000000000000000,3926156163031441058418,3926151702963037483052,0,2,287795498034695520,7483007767282645811047804,7479069549044223453475029,96440293974951123250141,98477602559616760184816,2106769033716652967331,7483468459833479505698444,95055796119714820598336,1125043763042692609550
538,1,3756649999999999934464,3776792725355535989309,3776803346014554176843,0,2,188203781595676522,7311817809006090913900301,7307969709012363244231929,98220554806684699011417,100256834858058780533366,2106769033716652967331,7312300351735085597243282,96807278863372184918323,1128619785590678115942
539,1,3778729999999999934464,3755915224837779615023,3755903265839280881448,0,2,491981682724448746,7333281618965345962196345,7329422230670458798660571,98220795863688701725830,100257073153081116569730,2106769033716652967331,7333771382203706054096437,96807278863372184918323,1134017727227053819620
540,1,3798720000000000000000,3811229063467044175859,3811235655729545945372,0,2,522053278610876679,7352629292453777840737060,7348759696804135753124819,98338822488154344776274,100375103960905765789886,2106769033716652967331,7353132216488851405477793,96916080413097314468642,1136665891379052320195
541,1,3828620000000000131072,3823840958450988116416,3823838444328387851284,0,2,285875913209582124,7381500580653116980496682,7377615781434410429793333,98357947100860039355721,100394203987031247715976,2106769033716652967331,7382010269192004954034934,96931494350599357204873,1137693051689906579598
542,1,3833190000000000065536,3852337602245305350804,3852347697285592505324,0,2,234932176483767962,7385926181732845849580875,7382039075958754991181615,98363452483113829836261,100399709435311805664231,2106769033716652967331,7386441557447405679838566,96935225959838955187540,1141288602410600444717
543,1,3872429999999999803392,3878275768850375147871,3878278848194215898124,0,2,117838169229399541,7423613506237281682953943,7419706544166685717534644,98388564415095051454792,100424782871101555747830,2106769033716652967331,7424136131205547975900382,96956786416316879865750,1142319782456626367450
544,1,3894460000000000131072,3910815747321595978074,3910824368728317644775,0,2,15459055650064451,7444714011497110419920003,7440795959436479221344542,98404702604884199610830,100440906417396208191305,2106769033716652967331,7445243493636446307742840,96970253467265223605321,1144997543512968788094
545,1,3883929999999999934464,3865069548651782150273,3865059653599830356348,0,2,104658930001606353,7434648236622186747494223,7430735488031939270553414,98448928164412793191526,100485136957007068093237,2106769033716652967331,7435184285494611019825455,97010187075724701344664,1147983834302994062036
546,1,3879360000000000000000,3869584206079664027151,3869579068218128140694,0,2,76353947331552204,7430256889306893142464680,7426346434897657744820578,98461578079830379742235,100497797762367783430033,2106769033716652967331,7430796555164006846461005,97020499001560322588047,1149570811527175145913
547,1,3895159999999999737856,3875473782324490145525,3875463455580609505647,0,2,56153399982763561,7445390593778386061406037,7441472193573270229725188,98501967123671385453782,100538181823895565968801,2106769033716652967331,7445937725325833897813974,97057292146414793191632,1152327575334419130470
548,1,3890630000000000065536,3906406671065791183618,3906414986931615894367,0,2,26622587007450344,7441051261210211130497117,7437135135644637712785716,98516137452894319284550,100552364039628453098273,2106769033716652967331,7441601863386845934045892,97069597675527930448360,1154244034084582422333
549,1,3907469999999999803392,3910717638713437102387,3910719349164538957199,0,2,124006579774093890,7457122980068026059116613,7453198380793244933909783,98516206499675397580906,100552431974741612958307,2106769033716652967331,7457675308164761345345604,97069597675527930448360,1154639939330095612529
550,1,3889600000000000000000,3881675871455424093696,3881671705260704272590,0,2,144494216281886038,7440054866348619484426883,7436139253223038950127764,98543472060754035712821,100579687589007799401542,2106769033716652967331,7440609013391698657481055,97094621626160275539990,1155479423988019693197
551,1,3925489999999999672320,3922931991561752536810,3922930645260510589685,0,2,34956559322891467,7474297884662444447102663,7470364246169210851591776,98661176321920051111980,100697352403648923990981,2106769033716652967331,7474859559312966354253723,97207615660829991821737,1155754215680192018631
552,1,3980670000000000327680,3969329390349755015952,3969323431543857124401,0,2,179672000827282310,7526654337847956915940397,7522693152381300188678702,98862021954544719274407,100898101763827558507961,2106769033716652967331,7527227844074528012359724,97401907774258003753551,1157049469753327919531
553,1,3987989999999999541248,3988764439074404959383,3988764846887402582417,0,2,354749600101871602,7533563861111438922281549,7529599031220856902120399,98882737212416349063729,100918819375538112364781,2106769033716652967331,7534140279957021445621076,97420337553616519557445,1157144411618071930114
554,1,3984310000000000065536,3996313463845251421858,3996319789215582875457,0,2,415695388765035134,7530095665163996811439044,7526132669469460684201835,98883912392756126613278,100919994152350488114302,2106769033716652967331,7530673712566321375321096,97420997871104978044295,1158520682317738012876
555,1,4028340000000000393216,4014124695688358457273,4014117230226953120772,0,2,439793287875752805,7571591578301233885242152,7567606747255016195743054,98944214023852360200314,100980240147369478421006,2106769033716652967331,7572177530575591596603235,97478044002695453154725,1159965089782929502904
556,1,4056780000000000131072,4059683182870953164598,4059684711861539663286,0,2,497173918497082578,7598260829582942689293611,7594261950879809422936686,99050333457540013596181,101086341058056271152825,2106769033716652967331,7598853230214489569023539,97580067025394676327968,1160241962312997482813
557,1,4036640000000000000000,4060443683820140281710,4060456236461498600134,0,1,614932391091862603,7579408738252673256122749,7575419815113908187749424,99081031830331393697430,101117027334939814547809,2106769033716652967331,7580004650548811008920639,97608302599413257140150,1162755014575653079207
558,1,4005449999999999934464,4018792376800866628632,4018799408285278037128,0,1,616685271965608735,7550047770343936193789433,7546074276099519634150157,99256522844355811006207,101292505527360041415895,2106769033716652967331,7550647591251501387110337,97778807333754038763862,1163974386097394843418
559,1,3982599999999999737856,3971692488779393515346,3971686757065495535406,0,1,248602215479766394,7528478158056208100455834,7524516012123817152882038,99333539832029254020259,101369511759974588110833,2106769033716652967331,7529080992664573123881812,97852207161202804117341,1165067379128989237840
560,1,3980860000000000131072,3964652403003774389939,3964643894727624985268,0,1,44139968477634155,7526841963142449123977332,7522880687344104907948976,99338541008082800295015,101374516563522026667144,2106769033716652967331,7527447521807512309813066,97856172775783711297987,1166878300997937364528
561,1,3924360000000000262144,3933214040249410354932,3933218705113016584532,0,1,82235942957287745,7473226370994007972902458,7469293301000844826596945,99436014701742703228150,101471898027402504398908,2106769033716652967331,7473832512487496416147376,97949660154336016862620,1167764036307659230552
562,1,3893859999999999868928,3875285489895325351057,3875275744230316135777,0,1,241772522191123485,7444145435997802789546486,7440227688354193149377651,99530110799588509729967,101565966788921124808721,2106769033716652967331,7444755161990766515428996,98039735835352191491725,1169660289559066454111
563,1,3891639999999999737856,3909270263740351678231,3909279557731674721949,0,1,451015536937362611,7442020811016196681055826,7438104179153736845772939,99546609054926085095691,101582476061061531303912,2106769033716652967331,7442634489828693580974170,98054232267739726404323,1171773416459703692621
564,1,4084000000000000000000,4089894129618013585136,4089897234385150455432,0,1,218263258600105358,7623710941220604461498552,7619698669984364146923376,101368727641551623322941,103403437649392471098191,2106769033716652967331,7624361508310927118481917,99855421634820372718797,1172463062832071012409
565,1,3998000000000000000000,4023378652475468350199,4023392037159370743590,0,1,383543048979283537,7543050413242268330642785,7539080630334731021506877,101855652014674744326744,103890138275208143773312,2106769033716652967331,7543717699846589306041378,100323731418229556751760,1177628433990837676993
566,1,3875040000000000000000,3889998930517818840238,3890006814971385486271,0,1,142504453061423968,7426126493237768811555881,7422218220882415881947947,103165662606806298713295,105199691338810857286707,2106769033716652967331,7426817355249839591755862,101603337627396755714790,1180850255907954678928
567,1,3861600000000000000000,3854892569377839057111,3854889042078567526762,0,1,196219077798099750,7413226144169734202937902,7409324649576060121214900,103215413724612715683130,105249443786534936692120,2106769033716652967331,7413924766948401135303569,101645899594959295109647,1182570790923838673268
568,1,3870909999999999803392,3889110243518952671815,3889119838390754907654,0,1,265143840745125415,7422174713866626351782069,7418268528261929484355358,103231365163885212271746,105265393867940917555756,2106769033716652967331,7422882344764652147068584,101657995554474292905175,1186881408343023780468
569,1,3831100000000000131072,3843294057912445792437,3843300483991183879531,0,1,151868370824543979,7383898769250082081411617,7380012716182543245216061,103439826109387181851809,105473813515758100020944,2106769033716652967331,7384618407901485668847705,101853516436770737366587,1189624930937898413533
570,1,3842499999999999868928,3825244521504727898090,3825235465999860570182,0,1,256841922546633184,7394885935811332027014157,7390994110208185153640159,103439865575763838376350,105473853602323920911607,2106769033716652967331,7395608683611085413987906,101853516436770737366587,1191629163723432424882
571,1,3804569999999999934464,3817198577096038603290,3817205232385773354091,0,1,297477172510138533,7358288770613233126873010,7354416196619618476701612,103466879743991083319592,105500829970257162274555,2106769033716652967331,7359016308653407230389977,101878471910095097262308,1194097023394627264888
572,1,3806179999999999868928,3820890613835586466330,3820898367416925415311,0,1,317125888841831594,7359849115671416900276622,7355975724259243726970621,103474567415939565148761,105508522867572799826765,2106769033716652967331,7360581217642043483637701,101884269654168323162132,1196610257998228394138
573,1,3828019999999999868928,3836772502772943894456,3836777114175041067788,0,1,297523615727632251,7380925537045922346707523,7377041044014814639431248,103477773581425094880642,105511720372916589930725,2106769033716652967331,7381662084868667736817091,101886422074279131877166,1197897615160422633424
574,1,3882400000000000000000,3873410752003903149294,3873406026799918112888,0,1,206858197932305912,7433166699278518849930829,7429254712501184845347606,103607631000752376057180,105641483060737258195751,2106769033716652967331,7433915822797865224589457,102010165117593646586309,1199108030210817749687
575,1,3864640000000000000000,3867135766460075766978,3867137080857751045769,0,1,15571512892632111,7416141143109160513397206,7412238111843716373281982,103612394859785975707993,105646239289476533704716,2106769033716652967331,7416890075281972043185415,102013734975716546004544,1199447191998281080722
576,1,3878400000000000000000,3888086820707083974624,3888091924638992620814,0,1,45921709106655778,7429337340417643018590900,7425427369815640578145645,103620251209346372257744,105654089669254125205784,2106769033716652967331,7430090093160154274050543,102020249569209686217308,1200591199082060401285
577,1,3861280000000000000000,3871525717474023836358,3871531116095259327807,0,1,66868806775480692,7412922687505259045795915,7409021356516299217772253,103664604022701432946338,105698435963940781345076,2106769033716652967331,7413677974918486326271401,102061564626391797324343,1201751582050366320813
578,1,3858590000000000327680,3839878901809516084839,3839869085064557121968,0,1,30320790235224863,7410355476716554992163957,7406455512992081448798634,103674979730397206169208,105708814854229876121130,2106769033716652967331,7411113852286794831570377,102070570892494687898908,1203721239295373826775
579,1,3892699999999999606784,3882325921714707824919,3882320470008136409392,0,1,196008524453218255,7443021883087274625716612,7439104711354968028629582,103848639909680027546478,105882448602397411741251,2106769033716652967331,7443790496225665521618001,102238462523745259785495,1204849569725879308272
580,1,3950569999999999934464,3964279933033090925683,3964287158471775316047,0,1,57704040514388613,7498147406386472273538719,7494201227573480345265206,104133238854385888133830,106166943613002589692571,2106769033716652967331,7498931242318816598916114,102515157344732451305754,1206414782118245241537
581,1,3947969999999999672320,3959380131377689707749,3959386143900665919185,0,1,360818606825704967,7495676170133959776513236,7491731288281855724819586,104149164099044301031584,106182874553067362366144,2106769033716652967331,7496463790759364854312520,102528695197352808692140,1208069052043772314768
582,1,3890160000000000000000,3902792997103574728522,3902799654603430278632,0,1,330997326490168665,7440596341577646589858610,7436680449694551715391475,104438484406749198930750,106472092391562854799100,2106769033716652967331,7441388501645728884540058,102809331917045576332184,1209681133622538441574
583,1,3927600000000000000000,3912174568857428076751,3912166470305504217607,0,1,23781124400997711,7476320453937170301915726,7472385765792399974947255,104476002591443195122518,106509570642631302589853,2106769033716652967331,7477122055920435384684668,102843352154429480813036,1211839642415746790146
584,1,3936099999999999868928,3948735361401481338188,3948742020085427326642,0,1,66079524458286530,7484401223769123242335467,7480462277693935518002651,104510780279170006529401,106544353634687169463825,2106769033716652967331,7485208234271805933948860,102875150497697691129080,1213394937694728600486
585,1,3922019999999999868928,3931206302624644317355,3931211142648796776130,0,1,220104606509513908,7470998355914464733137205,7467066458886536865943548,104553817218726151571392,106587389296663754458624,2106769033716652967331,7471808468193955725736367,102914799835755095647827,1214557946265838017989
586,1,3929780000000000393216,3938742166496621387693,3938746888356655077628,0,1,116492864338139711,7478385393178582834921180,7474449608162014364992707,104553940315553431537746,106587513164966177594042,2106769033716652967331,7479197524530142127317189,102914799835755095647827,1215607379881442962936
587,1,3941250000000000196608,3962182826499058205590,3962193863615912695221,0,1,152921396569112009,7489312577389110099787155,7485371064034475801622305,104554319592372072450682,106587890815580130170145,2106769033716652967331,7490128320420882744936117,102914918042845461215374,1217757705377008392112
588,1,3934039999999999737856,3938936754074232251246,3938939333340128336107,0,1,263598820820090266,7482434286689702630978014,7478496367204987824053520,104601843659987875737865,106635427003156750215361,2106769033716652967331,7483252648409364683687571,102959575441340807176294,1218257328830942340297
589,1,3958080000000000000000,3932786276531746877675,3932773021656110735248,0,1,96459699907114019,7505298278273535563082371,7501348364734936914358100,104623895390801868903135,106657461175219372770309,2106769033716652967331,7506123562520396539808317,102979715610911478152568,1220754843555228550366
590,1,3954840000000000262144,3962445678902091350494,3962449685717730420101,0,1,52945328547916674,7502190730064559622288215,7498242415105454590651950,104653219960661306179451,106686805652451737698705,2106769033716652967331,7503018297892548616481175,103007086160880601358946,1221420114861087756298
591,1,3932540000000000131072,3948834140063886890536,3948842728875926297864,0,1,226567099224165645,7481022212482507673158729,7477085051448767416310306,104706890916879918877193,106740462683193307516667,2106769033716652967331,7481851681135462442941801,103058012183372928870812,1222908165071693579195
592,1,3952210000000000196608,3968261198912016559004,3968269659494386742369,0,1,116298487804862987,7499707746771271373006588,7495760751133293476950867,104707575479805216028207,106741143407313006485742,2106769033716652967331,7500540943849556866121047,103058407302380740815405,1224267717116883562286
593,1,4045859999999999868928,4020617366008457527769,4020604136393626716758,0,1,232126242408518688,7588064145432396857709751,7584070671674197916488901,105063311319427244681580,107096613744544338165439,2106769033716652967331,7588915735608791701571639,103407747513312247243408,1226354493910279559359
594,1,4075409999999999672320,4101699885114403166902,4101713750736226481896,0,1,456120539803941090,7615726511124781828113847,7611718481292504966050965,105237730579856953892787,107271025975473391052368,2106769033716652967331,7616589213725331392743469,103576744683017168777923,1228898333652520543094
595,1,4068590000000000327680,4085717492663403443853,4085726520893217704769,0,1,642832916241947093,7609329027237404973229772,7605324340608635836244443,105300213479421563383906,107333528095565400916152,2106769033716652967331,7610197460688541394884856,103634964025280504501293,1231085360887234973473
596,1,4159439999999999475712,4144144690872962355755,4144136659122790645477,0,1,522587768535948981,7693812716981100351889729,7689763563612501102332172,105607780101462993772724,107640856884772212865662,2106769033716652967331,7694701215501787119999653,103933933825778746958077,1232873538170696301919
597,1,4205529999999999934464,4189196363810255214399,4189187788157131517330,0,1,636444825108562040,7736323672196672631844415,7732252147463569208048569,105816859481083578507913,107849881319962752316037,2106769033716652967331,7737227164556679105414075,104135104434166865608474,1234990396030170182632
598,1,4202180000000000393216,4186762643001738786132,4186754547111794184176,0,1,700446104927730512,7733240217501537475768506,7729170313890485519218332,105826116215992025808382,107859145427805314926722,2106769033716652967331,7734147133738761212802005,104142633112981010767229,1237041529179083160000
599,1,4162649999999999410176,4164108466724577535249,4164109234770682274127,0,1,681726571703421934,7696768010593804413592238,7692717288281867296777576,105858212805875354891051,107891203649562572113201,2106769033716652967331,7697673589939571084556609,104171970948594382895357,1237209994776087561559
600,1,4173779999999999868928,4198294276787126346325,4198307204077329208740,0,1,500310520974459638,7707083785559373554941765,7703027668781665257178353,105863397667365975010930,107896384958338105110231,2106769033716652967331,7707994298037708033440343,104176092258245597398194,1239855045614187027628
601,1,4194899999999999868928,4189876289265246077041,4189873646328288553757,0,1,580533429964310334,7726526987457688852093480,7722460604666326179677758,105864029488664876040305,107897021264436496616259,2106769033716652967331,7727440746627416166586770,104176346481635301947031,1240410317959882852882
602,1,4120920000000000262144,4115211431360490031272,4115208428548410899789,0,1,510497139104796402,7658093030135866962669492,7654062663842911761386160,106127647727042010945704,108160480733285492934232,2106769033716652967331,7659006030321499670131621,104433236914090882240986,1240971741336664020159
603,1,4094409999999999934464,4084052489174138611188,4084047045619613319157,0,1,29630631388334383,7633425205673330666591843,7629407826283851262979132,106152151410858851403496,108184964468690382679155,2106769033716652967331,7634339131634312837677590,104455185066655504817532,1242251856302193686639
604,1,4117300000000000393216,4128681530398281242937,4128687527662023966252,0,1,111093335597383336,7654734138632314438736427,7650705545821721717827159,106215051660828377120024,108247852286635294192932,2106769033716652967331,7655656067864383780263744,104514004474302480041838,1243626572047763239650
605,1,4112680000000000262144,4119930305877078206344,4119934125322763212070,0,1,96619192925722343,7650433944797359352257487,7646407610581096758936017,106229472224722715369703,108262276045979522837684,2106769033716652967331,7651358327720996925332137,104526376511343048302633,1244550477553826153380
606,1,4097079999999999737856,4083404195094938043266,4083397011930141813628,0,1,51470581424190567,7635918258064751526864427,7631899571393837068967110,106258997201150826971514,108291795322232860733683,2106769033716652967331,7636845011832054682730198,104553324121089553333052,1246089396917657944334
607,1,4040579999999999868928,4058515140892163940319,4058524595387629071539,0,1,126163933739716750,7583092637496416725537255,7579101760684746368940090,106364354500573032578513,108397062035825854930453,2106769033716652967331,7584020045063483272868380,104653758586036055477330,1248172252443117464698
608,1,3980360000000000262144,3993013040293418165994,3993019708242008448969,0,1,231083726713427097,7526363077169611774396953,7522402046903009874877935,106720075861582150058418,108752681377992618787942,2106769033716652967331,7527293749781753504240579,105000771255486548251145,1249613165455085466352
609,1,3998729999999999934464,4002262047376097609151,4002263907642460719900,0,1,441167929208924205,7543702007595656600631059,7539731842848961792200403,106722006059722143292746,108754606059516886146981,2106769033716652967331,7544636040772717031150726,105001939354840191041293,1250080521105992061987
610,1,4025800000000000262144,4022893754078075110784,4022892224577239043815,0,1,378177304527031827,7569192803659357224166671,7565209223139086782023418,106754540120361849714090,108787117843150497355329,2106769033716652967331,7570133107539200253210352,105031710892052516277879,1250422752729559066031
611,1,4012300000000000131072,4019637916586717408993,4019641782249153418819,0,1,236834198697260441,7556493652245458611162988,7552516757944999159496821,106761107585534097994703,108793679959180521666856,2106769033716652967331,7557434373509305337796671,105037097446006103985841,1251238232731897623171
612,1,3952189999999999803392,3949903524779109368412,3949902321322008800116,0,1,251063479296581487,7499673684504017767175359,7495726690925327990251504,107029553574259785675301,109062015164935278760143,2106769033716652967331,7500614035354277525755216,105299090465255891636981,1251458649841096955210
613,1,3906499999999999868928,3914232161089840869662,3914236234595788429132,0,1,491947696845606101,7456200336149419203198771,7452276225609363839409772,107143342432014659937983,109175737864912391749921,2106769033716652967331,7457141469945287496401197,105407650418045244861232,1252407576257352807316
614,1,3904050000000000196608,3886356602574870105075,3886347317544142919472,0,2,575260859369706303,7453877436160600249061147,7449954564519459403545500,107149663768832246139277,109182060924514303616144,2106769033716652967331,7454821738941473887895185,105412708567588805197792,1254597036668569463536
615,1,3935590000000000065536,3935036931322841225371,3935036640126458913912,0,2,631299360589445948,7483906740813856364321593,7479968044889252318900292,107297915984592441450303,109330291364625798313136,2106769033716652967331,7484860937522405281045377,105554934968233623913492,1254664736093577508511
616,1,3940489999999999934464,3954661577250881063359,3954669046220719206660,0,2,284136397425977477,7488576249935226974363163,7484635109171094735384387,107299711096012430719893,109332085723055370456235,2106769033716652967331,7489533606623107269150399,105556017282337568791969,1256507867892411238486
617,1,3881379999999999868928,3891863117078747950636,3891868640854676731305,0,2,167336073618705099,7432191965815956024184423,7428280493887464327456872,107624731906321509453292,109657001085218632313180,2106769033716652967331,7433152363599488563706786,105872100796361707944507,1257807860375582137082
618,1,3774019999999999868928,3795202083249904280038,3795213252627044276353,0,2,380602326814177264,7328705006942210117401095,7324848022096363489508125,108490809057432321732804,110522702348378784755723,2106769033716652967331,7329671586399589535287445,106721876806673929551477,1260850153224164635751
619,1,3686179999999999868928,3663576531650409701471,3663564684257881772920,0,2,579625195634517835,7242921274646959929219464,7239109442650537964352866,109259968141132418213769,111291611887872948983303,2106769033716652967331,7243899921670178067264972,107471912048691948677053,1264867879805770757104
620,1,3804960000000000000000,3820817784979316023276,3820826143834451202845,0,2,725342200563301055,7358671713331545614193958,7354798943908038053653643,110578866972865524677238,112610041771642169926831,2106769033716652967331,7359702875156011546723220,108757284713408211159785,1268457916707738361643
621,1,3829270000000000065536,3811832082371033341215,3811822931559745070434,0,2,161436685396569729,7382144931217090725549015,7378259811585247680508301,110583372650066351557474,112614536165002113557117,2106769033716652967331,7383187050643654303941383,108759346384746729339438,1273549811657753531241
622,1,3831100000000000131072,3813490120572226934343,3813480879819024389988,0,2,179121248725895463,7383909039421631985882487,7380022991746062668663027,110606836907872224691635,112638010411224876177273,2106769033716652967331,7384960796284930337591810,108777899714090460353027,1278017638921183229290
623,1,3873400000000000262144,3892040226833124770202,3892050053927133594878,0,2,173742616272439611,7424562492015961901827706,7420655050776176147694362,110832341271834788857685,112863466174275651202779,2106769033716652967331,7425636985087882063913329,108990440725639337569576,1281970583718815583748
624,1,3860219999999999606784,3839063035555520791873,3839051940879923623467,0,2,62209228419207338,7411926596480065834067505,7408025812298900574973404,110894780110863964305644,112925910546455046388414,2106769033716652967331,7413011407307699067110541,109045539605934572888818,1286790599671654451348
625,1,3884889999999999934464,3909575590381196483281,3909588609565368459510,0,2,83491881894651272,7435582266107537145995389,7431669041990551877349460,111025655265525767398585,113056780544521219090241,2106769033716652967331,7436686444457545341337859,109165967121618357852855,1292263166200588730310
626,1,3847090000000000196608,3861294309638789123482,3861301796038481533238,0,2,107726862613441956,7399295168254295381859867,7395401015643472449995154,111265754279153407195192,113296852405084416785485,2106769033716652967331,7400411809832164430161504,109391490082582202316030,1295592772707893904980
627,1,3860280000000000262144,3860729835211080028377,3860730072085856827540,0,2,29805910584547004,7411956227092875746906700,7408055397908185855090901,111265818227931343296904,113296917267050250045632,2106769033716652967331,7413074987065189013846053,109391490082582202316030,1295752035652310443765
628,1,3859600000000000000000,3883902220895282882787,3883915037706823928227,0,2,31470341968557250,7411339865835759221457113,7407439399390054713589104,111265897591849828514938,113296996622459470192838,2106769033716652967331,7412463473862120270304965,109391490082582202316030,1300386001954354968240
629,1,3876349999999999803392,3870195901982948548523,3870192665306483682334,0,2,47239698632470929,7427370190681193438549078,7423461251754272591437278,111269414839441231355767,113300523949345426603392,2106769033716652967331,7428498670813118404730424,109393668523499847736467,1301470740351595603755
630,1,3893750000000000065536,3912830828156538945543,3912840887754872531559,0,2,5504653066588927,7444041249044250492036816,7440123557242566586869917,111303671768683760512846,113334772288666479723694,2106769033716652967331,7445178967806212145625002,109424195981129782865043,1304440907574968150161
631,1,3879179999999999606784,3861273024384767251838,3861263627869871770622,0,2,150490322824734681,7430098477663110066333794,7426188121312212901033632,111372960387745104796689,113404065674313868380180,2106769033716652967331,7431242241551974528052789,109488131166513352037597,1307263314363942296832
632,1,3872960000000000000000,3890454265282914507877,3890463487550698951970,0,2,57725661365297297,7424138243155781086530536,7420231022523359978202200,111381436280750911618298,113412550755003093273870,2106769033716652967331,7425285917010921060658632,109494658162560766232662,1310124915298087585789
633,1,3880189999999999803392,3875503824172438411519,3875501358828879786464,0,2,56323522834312621,7431047152049529562226468,7427136276940264951130525,111387919074294675816606,113419041769792762390903,2106769033716652967331,7432198260275246066783777,109499519209564222965496,1310861107553654724541
634,1,3906140000000000131072,3905720792321809631424,3905720571599127430740,0,2,8027023255882114,7455853135277024225355907,7451929203641336592237609,111445701904051268000903,113476803521042763639521,2106769033716652967331,7457012511407978632721305,109552935296979461855564,1310920922115745516416
635,1,3890499999999999868928,3867968036834816107937,3867956223884266192214,0,2,119297281665691358,7440943090974688330820288,7437027039306350360568704,111459882799593716111945,113490976543074704048745,2106769033716652967331,7442105354489839240315742,109565006825960297962578,1314012124175368657211
636,1,3853239999999999737856,3856460869537966087379,3856462565892417783194,0,2,56114693322994670,7405195177155003184384968,7401297906901837562317922,111473354638358501621937,113504419742095913167092,2106769033716652967331,7406354398115229077618213,109576433165340642091876,1314464377109939178167
637,1,3856099999999999868928,3848875196984390111909,3848871397999988232400,0,2,106638883397931347,7407945465941789698407377,7404046750989560358155781,111473362747424379061483,113504427923266697131334,2106769033716652967331,7409105708935710975879587,109576433165340642091876,1315046980725203377957
638,1,3906249999999999934464,3903441296211776040277,3903439818042278525042,0,2,142331702062195660,7455958587360239713253399,7452034600722588244941741,111677421900779934733613,113708406893146203469000,2106769033716652967331,7457133320783886452189548,109771594259761431812678,1315359825427615900718
639,1,3737040000000000000000,3732875260340016990857,3732873069164522643120,0,2,145006626740422307,7292683780222188417998003,7288845723964575057674605,113407572171740726832800,115437616541775152113921,2106769033716652967331,7293853996762132911264425,111481210625480094243916,1315882299595407460390
640,1,3714489999999999934464,3710500803716452614950,3710498704834943290383,0,2,409551264354589396,7270647696309176622140321,7266821237306177401881685,113429727555994594214828,115459755000990508488183,2106769033716652967331,7271819138361413896891212,111499520226544179074707,1316728136142980352383
641,1,3711680000000000000000,3732831977443908114095,3732843131184840501806,0,2,451597072065512936,7267925352657830813754324,7264100356132553059658670,113429819281024522781598,115459847004444658235595,2106769033716652967331,7269097277446147310172614,111499520226544179074707,1317545042951373408814
642,1,3589030000000000065536,3595473281651468057185,3595476675985920904720,0,2,339587714433957991,7146808753068186946595863,7143047471028302945242839,114808597119890378398640,116838108850113342293464,2106769033716652967331,7147990656187724439594279,112831141974561988695401,1318734385310936221061
643,1,3630969999999999934464,3634379487136744004365,3634381282877809221241,0,2,578607606545042663,7188442776258512079758714,7184659580509008145349688,114895321229187921825554,116924770659501614743769,2106769033716652967331,7189640914601807229862822,112909211369395368049986,1319549038240733642384
644,1,3603780000000000393216,3597073321527626082918,3597069794952842669505,0,2,406665954854193538,7161479704075291123306137,7157710701123022593642243,114959316871358550482618,116988740097323190287952,2106769033716652967331,7162681897526299848038577,112966168811497249034968,1321085441866738423681
645,1,3641969999999999672320,3655122969263910511478,3655129901413968935124,0,2,471579180799301272,7199334114802021677938922,7195545198532696064586176,115097781941710369633734,117127154172459226340839,2106769033716652967331,7200555378020920216170826,113094736141695164633332,1323926653343689470190
646,1,3493420000000000131072,3506779683046482331849,3506786724516075657767,0,2,226614488732855517,7050982450870835259776987,7047271611617930645532816,116902404897091523209148,118930978583671141659573,2106769033716652967331,7052217340359807125199541,114863666649315788043322,1327019562839372506683
647,1,3528599999999999737856,3546417681698489565855,3546427075701960741350,0,2,486747032289674484,7086406051843076076850187,7082676579670918497140940,116936488447115359789060,118965022145035758238600,2106769033716652967331,7087658577532285830869320,114891304771540973596112,1332144629135590207545
648,1,3506849999999999672320,3490885725531155544445,3490877348026714580696,0,2,342615189401650056,7064528261977932188287914,7060810299543893161841591,117047652089886266152141,119076179751329818106886,2106769033716652967331,7065792101828032854299873,114991616634603580344501,1336493009223212274032
649,1,3229350000000000065536,3217623014067914018618,3217616855874193948370,0,2,433360868274397937,6779251074332093345037908,6775683242537246906605287,122187351343988427980339,124212857395793141454605,2106769033716652967331,6780536855563995519737093,120063153433086933959964,1339671077942190445680
650,1,3286849999999999672320,3282120274385141558914,3282082039853150334153,15000000000000000,2,691835852712860595,6839366243529610812625734,6835729584878622840919517,122574740000876045159363,124600111801886762545143,2143966679404611257318,6840658962880363242248765,120419313729319358468322,1341780894191713692398
651,1,3335270000000000065536,3322757906583660548181,3322751268755323397393,0,2,496319961869730226,6889569268505115273996989,6885905899608944833686157,122796974192323678444447,124822550095026579717646,2143966679404611257318,6890899052234352537012505,120619757641716309492390,1347043674890899226235
652,1,3331329999999999672320,3335836954004077509811,3335839352566761537442,0,2,379990244515090614,6885488109730169059073690,6881826899647432129129602,122802687687969780422469,124828269411311565085541,2143966679404611257318,6886822127934253224523536,120622174871943626864747,1348776585979643662810
653,1,3322670000000000327680,3331913517555468287945,3331918438631298917443,0,2,340838705921432670,6876537720888025073650907,6872881275363041362845437,122816132589019225992686,124841712049881920533347,2143966679404611257318,6877877563392862872796986,120631173786949250956433,1351891871768512597132
654,1,3398179999999999868928,3383156927609621303148,3383148961694897031972,0,2,347364268984036318,6954246185901097761015313,6950548431634512626790839,123153261670671397674979,125178611330741931526112,2143966679404611257318,6955624626422775399457752,120949259620278078017779,1356228129072412445224
655,1,3455059999999999868928,3438182071208444984045,3438173124896460222820,0,2,170554041558960138,7012209844843221209681336,7008481273833622629004889,123540937540240396139219,125566167829908092683206,2143966679404611257318,7013624621086200553826154,121316999389678059308362,1360956565436011879656
656,1,3425030000000000065536,3429211192334722402358,3429213417456389636848,0,2,6326031784185002,6981650048547757269214123,6977937706109159411488763,123553756791554852435840,125578962873527372671610,2143966679404611257318,6983063411406166412455978,121326173490914574240893,1362112589627422538970
657,1,3432950000000000065536,3445702143114063250407,3445708933694108949785,0,2,32194300331586827,6989728241916278613922885,6986011615453981492688587,123554794258010395179342,125579998553804334269092,2143966679404611257318,6991147194672741197023168,121326308758959771094734,1365162642734668934677
658,1,3380329999999999934464,3371622210914671767281,3371617587228779230066,0,2,22764798622747540,6935946212200812824438053,6932258176554886511970966,123872887192522916227018,125897987773567150088725,2143966679404611257318,6937370196548764890935382,121630344152115076026359,1367038762502022355556
659,1,3399219999999999868928,3387071415659846447770,3387064969815807584630,0,2,203318453719751660,6955304341881380526858745,6951606018674775082258678,123930664068335650546480,125955753357894815247828,2143966679404611257318,6956741775774481590505125,121681497036226437193648,1369924168705280289668
660,1,3299760000000000000000,3293424574719538020359,3293421209057377451743,0,2,140906992902398270,6852786205915688823105804,6849142386065131279216399,124514907495129010141213,126539601024868088060778,2143966679404611257318,6854222299793394708568779,122247346980952399526361,1371272117907520950865
661,1,3325250000000000196608,3321741444425646208086,3321739579311534776741,0,2,374853042102467026,6879201285288960703896554,6875543417437531602541325,124594435825869623255270,126619103962064229401840,2143966679404611257318,6880651838605852400960188,122318771921748919505126,1372157553153616931453
662,1,3313960000000000262144,3333389517769229360612,3333399869612778223977,0,2,252342361914191237,6867541487893087520021616,6863889850031810976821028,124599157724433302402681,126623821090423862555322,2143966679404611257318,6868995929709249610836057,122321662873111076128876,1376674134169640174615
663,1,3344140000000000131072,3357036363157536034787,3357043230777869031806,0,2,200868700809354995,6898725028450311105666307,6895056791821388450882418,124608098251819038936619,126632739635622418614049,2143966679404611257318,6900190980149028208761012,122328383342365547296494,1379322096344385340141
664,1,3357010000000000196608,3372059649609360469321,3372067665155757768591,0,2,94037391801049760,6911991719004037837633523,6908316432886418266531561,124608098305103221200765,126632739720238438539638,2143966679404611257318,6913463431098192835470129,122328383342365547296494,1382242982053330939297
665,1,3258780000000000131072,3245174015295830983602,3245166799448584166476,0,2,26194922290299022,6810112353017022215574888,6806491236550479801191435,125602095478690390849870,127626346583567506263190,2143966679404611257318,6811584332636062811643224,123303192819434189374150,1384605611217368399384
666,1,3295360000000000000000,3298614446599764851027,3298616178430608580164,0,2,401346277700528244,6848213497885207908785298,6844572106998085328758309,125803702151781396918610,127827904452125950901057,2143966679404611257318,6849706858285145005041803,123492344687028162349013,1385393044943457685951
667,1,3442360000000000262144,3448380648167653892298,3448383852622380763397,0,2,174632151581743866,6999292041817336918342172,6995570320083616634612478,127395601380501269625333,129418918054023678993698,2143966679404611257318,7000855003345113782366274,125049667672124244063744,1386816442951139265170
668,1,3434400000000000000000,3441343360226806560825,3441347056041137310979,0,2,225898956138597481,6991195788036524269231078,6987478372262728951983794,127410024172711706484067,129433339772648658073625,2143966679404611257318,6992763497688915326496202,125059664420657394833933,1388986073534532487336
669,1,3452610000000000196608,3441722709267819281157,3441716930815861237192,0,2,203683429885591222,7009710936246388516795712,7005983680936661248117028,127419385179878921496060,129442689655121624556458,2143966679404611257318,7011288785542019774784895,125065978864171900461849,1391924108424277372002
670,1,3446690000000000196608,3462082508734117763365,3462090706854617782177,0,2,204598433589323462,7003707425382826328389427,6999983371492190371402346,127421206129505666347441,129444513876392902687577,2143966679404611257318,7005288583293735425234795,125066655078380133266472,1395431576731333267776
671,1,3411989999999999541248,3409073094771957222792,3409071543940194874851,0,2,258252591578512151,6968346215760842816979136,6964640946648414752018459,127606232798043074270216,129629502257627053397382,2143966679404611257318,6969930466864111357784704,125241216142964316926661,1396041540993584036999
672,1,3376499999999999868928,3360209922098055257465,3360201286988491596284,0,2,41938128782630908,6932030298502581296764302,6928344360460999573017178,127686102427973448611599,129709321853843878451673,2143966679404611257318,6933616852131394300034371,125314119808195221377278,1399549170885706226519
673,1,3388809999999999934464,3388327527947948845719,3388327271294642669269,0,2,123862368963586402,6944634869308767902224505,6940942207541261832435438,127748458432664096082273,129771682501610048165249,2143966679404611257318,6946230739689455103180067,125370138296379268866806,1399655525682329950754
674,1,3401030000000000065536,3413774741679224234052,3413781528373199585685,0,2,14264785861842260,6957156877108761418042460,6953457569941050566995971,127760634900306588632751,129783852987390583453518,2143966679404611257318,6958760858410466810785289,125379702880446103628448,1402259609541177517905
675,1,3375239999999999737856,3356660654246029212654,3356650810685052041815,0,2,80460757748375141,6930742906691238202889601,6927057659700098229027085,127872282665428394313371,129895480473055335870815,2143966679404611257318,6932351807403479558096077,125483907543558501799386,1405823261100019317937
676,1,3422899999999999868928,3419118828328774054300,3419116818369404043664,0,2,134081042425753392,6979478560706734415329253,6975767372662625832493704,128205442761151961975139,130228563366231464637231,2143966679404611257318,6981113216123686596990358,125803375123049783941678,1406603321967360659622
677,1,3428400000000000000000,3422193579049974914270,3422190281648803776418,0,2,96539733720581228,6985085508934690205376749,6981371341429712994689034,128211859011381715103548,130234978986396144714932,2143966679404611257318,6986724853214431437002828,125807780359075157410556,1407956030919484047833
678,1,3515639999999999737856,3530672236296145371551,3530680242155351316210,0,2,106956578331574866,7073412610588700408244679,7069651491083279549558119,128853562932683695364956,130876387574978151442827,2143966679404611257318,7075092839214725300008952,126432194745088648566416,1410676114800847834721
679,1,3579859999999999868928,3600881769668294062747,3600892969872845388623,0,2,392870237292384851,7137739402858287809785450,7133944094334902949128215,129024349753802421239520,131047027636728679559432,2143966679404611257318,7139451040653040405545645,126591851876681894791631,1415408937940344295050
680,1,3583079999999999737856,3603476733158212110611,3603487599864090578752,0,2,509452984909197225,7140946956581007762211269,7137149940571568586819254,129046273985968590242546,131068967724677002848266,2143966679404611257318,7142668587913357941610952,126609452697713342314979,1420286783450830980455
681,1,3627489999999999672320,3626630736257735849000,3626630279200715488117,0,2,513474130400929095,7185035537303384483617482,7181215047632115246767023,129085893786133668177540,131108530507587690485381,2143966679404611257318,7186772938213416252432368,126644153216847156866081,1420463968226749729791
682,1,3609120000000000000000,3627715161131545890475,3627725066689705251589,0,1,551895789369879409,7166843158228106228161016,7163032367048588964793534,129106880285247283293245,131129504755259336074653,2143966679404611257318,7168582989617444882301481,126661815144375697010547,1423968591845932516162
683,1,3610089999999999934464,3601989885522268138605,3601985583425766727139,0,1,553830737344865425,7167787045099737579467294,7163975731699744426155144,129128132743523941494605,131150769737188732894302,2143966679404611257318,7169531277755699912524701,126680210269261280791642,1425276294320251369671
684,1,3519110000000000065536,3506897533777710286224,3506891053533253484344,0,1,386205627634808699,7076897128958735454351543,7073134150893090395810831,129607491301396307157597,131629824243223109522129,2143966679404611257318,7078633899839681455810241,127146991320351121518032,1427157616287662974816
685,1,3558280000000000262144,3537952481083128731063,3537941713011203117310,0,1,61560535156777186,7116191836274026454416096,7112407983735033536265130,129795690092814666199811,131817970759167105594774,2143966679404611257318,7117952354991081614227324,127325019175478969732821,1431134869087156553917
686,1,3567270000000000065536,3571196251724311361013,3571198341110525517158,0,1,56580685295709869,7125147544649865611475465,7121358900236563727686052,129856345344871226395590,131878638484330016010073,2143966679404611257318,7126916496549990317458490,127380202330175596255104,1431863705358593282981
687,1,3605650000000000196608,3597103878183525328086,3597099339637390632155,0,1,171632808241852980,7163378431958162903913506,7159569463298627953538601,129938892244852124177702,131961131437355274077827,2143966679404611257318,7165164638309832722499203,127456587215797159610606,1433403985480167347333
688,1,3544189999999999803392,3557273829993700271952,3557280797158765956093,0,1,254320461830490312,7102071505175768952615802,7098295142619673816547525,130133857654315873318745,132155959998333042544612,2143966679404611257318,7103853633859520068405958,127642612566007900642049,1435643058531383511867
689,1,3574390000000000065536,3569660094482874913684,3569657580617524417171,0,1,62176905709091437,7132255111192809656052539,7128462687998443128544088,130154399057666486222126,132176473728546060542394,2143966679404611257318,7134048554223002022564279,127660215220470214917556,1436453725947609658438
690,1,3481309999999999803392,3483108829511709283769,3483109786633536893698,0,1,112127819787866803,7038776392928239800058283,7035033673640204662040388,130707029231200865448946,132728779011611235559875,2143966679404611257318,7040560127816946016498971,128199458094217828246973,1436737168466038547713
691,1,3456659999999999868928,3451503208888787367015,3451500468488101563251,0,1,229020880337575010,7013814225307704473617294,7010084780949232898891508,130757968391262871089905,132779694756701154847412,2143966679404611257318,7015597661190958620925490,128245412285688680654522,1437720330213072032479
692,1,3416880000000000000000,3418863294557497379584,3418864349846360825718,0,1,320138086613056643,6973337535285804754528608,6969629611780003154495185,130846570599610509085819,132868235905515728897351,2143966679404611257318,6975117445986401373006119,128327682525244753170422,1438090407284193258842
693,1,3438310000000000065536,3424306204703003928470,3424298777306707291777,0,1,406199179769873436,6995185325959015245799106,6991465800519902084155631,130874700796155280164274,132896348084453244281249,2143966679404611257318,6996976847101276639117336,128352291746234875862740,1440609397650671332681
694,1,3428540000000000131072,3426757800155994775791,3426756852374874491824,0,1,371991760519710159,6985225496162124005504248,6981511251425043401194385,130876033913215729331136,132897685174575827204233,2143966679404611257318,6987015418607464091265038,128352957366655958259393,1440889793725029554562
695,1,3549780000000000393216,3545519359810396850503,3545517095142347493029,0,1,354550947324014915,7107659313807257922444810,7103879968605117692994703,131981345950032822847952,134002426811429895544783,2143966679404611257318,7109497713744267416095253,129442023025228940605621,1441465796245006139675
696,1,3427920000000000000000,3429243668259065561841,3429244372533941383100,0,1,208766667557019328,6984593775110146103654962,6980879866164634775829193,132974735645387000397459,134995250690122847529567,2143966679404611257318,6986423209194528255475186,130412814833045792436002,1441730898151710247811
697,1,3407900000000000131072,3388579770825106288350,3388569536007478918857,0,1,182628225082869393,6964195938063058067050618,6960492904984210407125142,133008669337728480931892,135029168570233825341501,2143966679404611257318,6966030077271122109916482,130441539180054369401416,1446488703027088139533
698,1,3414979999999999868928,3415646588862560881235,3415646943512883029430,0,1,280657971059819227,6971398198519618970856722,6967691305938010767861537,133061154649505706115583,135081666813639117913296,2143966679404611257318,6973240778661293617876259,130487637534229648435739,1446647875041755877946
699,1,3452800000000000000000,3448013596350822896221,3448011052578028181728,0,1,170507616657655710,7009896754343592588108171,7006169392732013467824544,133163713085284927936026,135184168748618306994996,2143966679404611257318,7011758842564248150662193,130581993394915166615175,1447713442163513004319
700,1,3538199999999999737856,3540060455829832872369,3540061445744067198506,0,1,45136863434080107,7096055598650009092488212,7092282422374412396954612,133755056414898089159930,135775231419916804143036,2143966679404611257318,7097959890576217164609598,131154632826600202797171,1448096058435374100112
701,1,3501159999999999737856,3484988596085859510734,3484980022553554637519,0,1,226963752870574263,7058833662238870007649871,7055080297768572528587219,133862783579037297730624,135882906752178303226359,2143966679404611257318,7060741124707555275475795,131252986247016785767953,1451951586077738388911
702,1,3387000000000000262144,3391211901677312506002,3391214143154441028699,0,1,37790472251339624,6942781342171429405970478,6939089667384188678153041,134568704172402106900641,136588330270664753744306,2143966679404611257318,6944682155621553070324063,131935722263402054105986,1453000420657815613985
703,1,3197059999999999868928,3184560045705207260047,3184553415108193269327,0,1,211146555655987193,6745311838318842855779032,6741725176063176105257857,137499559988754081066402,139517693354005402551574,2143966679404611257318,6747214652656823423931637,134815344106493259217829,1456425525244790167928
704,1,3230060000000000131072,3241658751832563822164,3241664928035662177568,0,1,522041373575629494,6780032846150300492165362,6776427719559217009989102,137670127981875788184718,139688220695752831252646,2143966679404611257318,6781968141711581013428870,134967493117541757929716,1460951009028195449502
705,1,3227329999999999672320,3214836615611481241282,3214829988306165633558,0,1,345686051234198543,6777168907573438667249605,6773565305791571449659742,137686753034372416488992,139704851203976239898374,2143966679404611257318,6779113584978616380601392,134978641716202450039925,1465677012894838833301
706,1,3214349999999999803392,3231552404025645730397,3231561568122664129233,0,1,384888556704400109,6763537994294714072846904,6759941652503959123830202,137686772407618960421758,139704870043136938247516,2143966679404611257318,6765486080100238732725467,134978641716202450039925,1472943485930731485697
707,1,3143409999999999672320,3141764399063885190002,3141763523929047274293,0,1,326525679837986921,6688463103002404839044936,6684906655344534700449283,138326173133430430486151,140344061854524058255210,2143966679404611257318,6690415570919012719960519,135598389324158253074611,1473445608811105562349
708,1,3195079999999999737856,3183619839709321426561,3183613759191050464547,0,1,469448274411320224,6743220712295203881497137,6739635159766641062916260,138564856561733475844290,140582626265816096275918,2143966679404611257318,6745210744267947034463142,135819155887089222410596,1477265145116733772334
709,1,3206400000000000000000,3215771486396131615686,3215776475775257680207,0,1,315224727781868344,6755151877958261350517766,6751559977364835498477222,138607782316241540867254,140625552183879978355180,2143966679404611257318,6757155509017729103513687,135854954331930584460189,1480183145051106325415
710,1,3110780000000000131072,3125241219886891885536,3125248922349000890150,0,1,202490457605205140,6653675589269539586553810,6650137657896850228845418,139524201666493645719775,141541569875974234341134,2143966679404611257318,6655683842047056368490159,136741054671970919931755,1484502686422663351340
711,1,3177539999999999868928,3182412805901964181522,3182415399284874545959,0,1,380128257087314550,6724677263534014324842122,6721101561621963017600809,139755718409216206640902,141772894792269608633100,2143966679404611257318,6726725287883789426020095,136955616436628745362807,1486048335981471548654
712,1,3174729999999999934464,3163444240048236764794,3163438251919002642273,0,1,183281513784461618,6721711865405108531409044,6718137749506493525770000,139760627097695384395143,141777804179374909072940,2143966679404611257318,6723765012205790781185753,136958068271982364831152,1489621973911714056276
713,1,3150480000000000000000,3166850591675847424611,3166859312311182427965,0,1,226106038798386061,6696002809323594743115976,6692442376228279294898027,139774742099606568162198,141791898673247965876783,2143966679404611257318,6698056480235393758954224,136968501920298126405625,1494271258532085505067
714,1,3184340000000000393216,3194276655692843347032,3194281946228763298163,0,1,212639590694183378,6731875083330402159812930,6728295560714340740329217,139800266052790524594642,141817383550658676002244,2143966679404611257318,6733946474924956536499069,136989760476703941458012,1496681085024406925724
715,1,3195989999999999541248,3181628273851833995140,3181620659030650603432,0,1,98871723881808083,6744187137360480076963459,6740601077559003986378003,139800508462420727988043,141817624337054945777903,2143966679404611257318,6746266006558135362545314,136989760476703941458012,1499955909535617424486
716,1,3166460000000000131072,3172749925512721330841,3172753273487104830532,0,1,142423267000310434,6712943971135355233373265,6709374509566430719095299,139819671796904041628373,141836758301856689406334,2143966679404611257318,6715017628996282789741812,137005836898431761255019,1501246625273293113305
717,1,3201110000000000065536,3210723219895174414856,3210728338075689017641,0,1,175443791615302327,6749577567197929296864446,6745988631044236649524189,139886484995222996199990,141903520137712875766727,2143966679404611257318,6751669402514872565788170,137067530359723630779621,1502964431617163265354
718,1,3217900000000000131072,3233393333777189409374,3233401586313494365832,0,1,14606560962434201,6767267281650292148227076,6763668952038344639581972,139890702016788189210899,141907728900793077133391,2143966679404611257318,6769368730412669411005436,137070444706033371098332,1505760948787865468133
719,1,3167480000000000262144,3169289258798048715308,3169290221482206171461,0,1,114245067675654752,6714022060579844023805855,6710452022537498938757405,140246706429740919127424,142263632208971927788709,2143966679404611257318,6716118627932730237975242,137415153077203527519590,1506079029378418158082
720,1,3103489999999999672320,3117104954653719548669,3117112205898473210002,0,1,167583672281645222,6645872741099445580380861,6642338956630412643565027,140612367579172588777794,142629109508653420289333,2143966679404611257318,6647963734360059643964945,137768057195324036170062,1508806012473430553919
721,1,3089360000000000000000,3093603610882153819648,3093605869307548642855,0,1,332312303633061523,6630712035317593838468838,6627186296977706441774186,140678622173997462467051,142695363337577549597796,2143966679404611257318,6632805016243597910517716,137828492104219851944714,1509709924243123561776
722,1,3093250000000000196608,3109625843031864408178,3109634566676694228447,0,1,396371924216784327,6634906846636772917428654,6631378900697964011652232,140678633011142475979476,142695374307748684498485,2143966679404611257318,6637005404862540098867377,137828492104219851944714,1513949542064879629286
723,1,3175070000000000327680,3189854242678113526902,3189862117206360314307,0,1,296484265046289904,6722079266430174904876861,6718504963116167754932002,141043119144516179008809,143059568501160786883799,2143966679404611257318,6724218848280059986098978,138177327667837147782655,1516565708983467837372
724,1,3196690000000000196608,3198471095483673830170,3198472043179157796023,0,1,83747093469223169,6744908827617128889475898,6741322366180943957111418,141046982706345099273884,143063421107624432302028,2143966679404611257318,6747057590609388372073719,138179728594341723478284,1516950299154796496023
725,1,3202060000000000131072,3203081009168670294336,3203081552400710651470,0,1,116047335222606205,6750571534423344574213710,6746982061776339328516031,141048043919021947192493,143064481195628763643138,2143966679404611257318,6752722981124201024539664,138180106818605167408952,1517144590167074899574
726,1,3118820000000000393216,3134219289980824367537,3134227492675058990710,0,1,135195842424335453,6662270744193867842718896,6658728244985604682220615,141639887256812995409171,143656017359877784532735,2143966679404611257318,6664410496322817735635746,138758263953228799952364,1519728770844664510094
727,1,2979409999999999672320,2970352987813240567504,2970348180374636433417,0,1,180106666163336804,6511655922217533464069845,6508193495790467916047174,143728537378665089864555,145743772613703717154986,2143966679404611257318,6513779175758781184085522,140817621180954988446165,1521504566492982640085
728,1,3028590000000000327680,3018674351860680518498,3018669089588191348686,0,1,546367257404786624,6565179902494154076381293,6561689017190820643590807,144037919670521590750658,146053041951119943664384,2143966679404611257318,6567341741869198806756211,141108754086698222831273,1524575666845687902151
729,1,3021789999999999803392,3005158976375292807448,3005150165052836987493,0,1,335457136447941725,6557821614263892477802598,6554334658715541122787632,144038792007325733519452,146053916773244368380275,2143966679404611257318,6559986982714414555696657,141108754086698222831273,1529592891261920276960
730,1,3021400000000000262144,3005066679291249801457,3005058025056475710610,0,1,363842476480958997,6557397533986210805902775,6553910802995567455718291,144062603699639841048151,146077741704622883039181,2143966679404611257318,6559571555572368222296595,141128168824345948462339,1533975764643922266975
731,1,3055229999999999803392,3038289711243940938078,3038280736346680606834,0,1,364061206706236020,6594007529194957658058597,6590501333102364232844300,144288508192168016667552,146303604638245771989339,2143966679404611257318,6596209041454125979408146,141342628371937323940016,1537837035971107793931
732,2,3105040000000000000000,3104141020664896465714,3104140542501372029696,0,1,191519325911838547,6647516281334213556693707,6643981606107553948099390,144680942090386695047717,146695936504090833635436,2143966679404611257318,6649750608018760701160971,141720455259659212053270,1538036657362760644010
733,2,3144809999999999934464,3130018337391154847142,3130010495851720149657,0,1,76494206312660665,6689970736713343692020836,6686413506908669299479655,144822625538302814884897,146837547966547814925893,2143966679404611257318,6692232657387828727483981,141852501725455474457109,1541581729734737909251
734,2,3122659999999999868928,3135541674250391703593,3135548534507511220821,0,1,162320013209799644,6666364799647672849360672,6662820117055442573486928,144827241751202199679084,146842151908188720131947,2143966679404611257318,6668623271961938438946601,141855463696992164055061,1544459295780203456498
735,2,3071820000000000131072,3071074000824341295439,3071073604016453333570,0,1,181329329210581668,6611860629384002129102774,6608344913269145346662181,145175649875357984785058,147190448992927346287247,2143966679404611257318,6614113190028771075111258,142191534197280723883362,1544605075728137107499
736,2,3084000000000000000000,3079957269370534349122,3079955120707068685241,0,1,101363351417140388,6624957302517393368721379,6621434623988702894741035,145190258728437275305639,147205050976420199041737,2143966679404611257318,6627218065775652358718280,142203272842511575428823,1545495800854488663631
737,2,3082230000000000065536,3093506028564585148581,3093512033022175701333,0,1,59877250618213652,6623065514307265584521458,6619543851914313225786849,145190709186661885058205,147205502047123295493107,2143966679404611257318,6625328250048739393913443,142203281074157887451072,1547669516270029223946
738,2,2971609999999999934464,2958499339500768140073,2958492387586725409069,0,1,6995686608602187,6503135041626357819924077,6499677154864655819459352,146504493863359871951730,148518714950438059770445,2143966679404611257318,6505380382473080058163680,143496111440913610266205,1549963268105207833084
739,2,2878960000000000000000,2867108902249842659486,2867102616817473159539,0,1,426091450007140124,6400951619280040328262971,6397548063957571563087697,147098772785415653767455,149112575454731355830568,2143966679404611257318,6403186157295980917912603,144069734416193553720096,1553132843807389748511
740,2,3023360000000000000000,3035563253342210032793,3035569752156090508052,0,2,576698583531276405,6559513313356209392757701,6556025445899070058790705,149407732855894767305508,151420498478483195094928,2143966679404611257318,6561855395826764010785293,146330194367183025831444,1556743688026446710589
741,2,3037219999999999868928,3049829573535452527516,3049836288926983304204,0,2,9573989265968864,6574532292660393003615805,6571036440032478324558363,149407977520194825216774,151420741097494206401224,2143966679404611257318,6576881368698248402394176,146330194367183025831444,1557997192382644247989
742,2,3037239999999999737856,3053620626640435565500,3053629353048658009305,0,2,24332690157323174,6574563608665086925146360,6571067749652981474857575,149422039363852708569193,151434810430520241935078,2143966679404611257318,6576925912611858316322142,146336827836299701833371,1563770277902558451982
743,2,3021360000000000000000,3025425525915613581742,3025427689550067418482,0,2,34440742628142697,6557331525921819788508039,6553844806021357375777862,149514501098425945872253,151527272737390434416354,2143966679404611257318,6559698759242272453759032,146419433991274959643200,1565023905231458613823
744,2,2953420000000000131072,2966369724782706040782,2966376621725949655729,0,2,51852997010266020,6483200463438991449068551,6479753176059911963496388,149984722779949022016667,151997272295412517784421,2143966679404611257318,6485565087108237404375251,146869500515118995810432,1568769746095404550080
745,2,2845100000000000131072,2849535943629412458242,2849538304522553032656,0,2,215474429569717853,6363187274347262216641742,6359803786997290264262082,151370582473641842290464,153382549406048780223880,2143966679404611257318,6365544960592944666233119,148220603905592938955575,1570132203800623360214
746,2,2831609999999999934464,2841337435833505754815,2841342615381489310262,0,2,445111185656554021,6348091276679739026632679,6344715824171135785502711,151402183990725552312212,153414142413627144404773,2143966679404611257318,6350453370756005771613193,148245818644087143753066,1573656845044983471407
747,2,2806400000000000000000,2803642226068157415573,2803640759982490684343,0,2,458482513647894339,6319760844863191699998880,6316400447352066799854174,151523108997260489678511,153535038738499594442366,2143966679404611257318,6322124286904832196974048,148355765457777413356286,1574527922911975500127
748,2,2716800000000000000000,2703232237006528702882,2703225045872012451209,0,2,521377599355302369,6218075636956850466921824,6214769328276911693781800,152292628115989902976444,154304123117290067355873,2143966679404611257318,6220431576918772541837559,149099388025440918862512,1578658013990321663226
749,2,2685889999999999672320,2679181268638578106762,2679035968242888291598,11748235646401298,2,651440158071892564,6182750742040213440405626,6179300034654296849234557,152292628115989902976444,154336091994501478781164,2190159698010254835217,6184938872665980209319372,149125216388935977718547,1581143980326264969311
750,2,2702599999999999737856,2715776873547436570188,2715784241315598920126,14975554671423348,2,676762323526696929,6201967099169237109083284,6198505474770325969847783,152351347161827742648996,154395511976616480528720,2190159698010254835217,6204174054196086573766696,149176742512249486504575,1585478168255778736757
751,2,2750720000000000000000,2737638216686739458384,2737630937069403034433,0,2,484194195314839896,6256936015507852412473020,6253443709428033615258148,152479181964524201906796,154523221209813839748108,2190159698010254835217,6259177884600161975627869,149293590727905594462766,1589639433835071359522
752,2,2764649999999999934464,2775271747436145924811,2775277684994132611682,0,2,374448955492529278,6272752683729444314562168,6269251542571963621335100,152554770349154479305643,154598808329886974636602,2190159698010254835217,6275011146533962901294738,149361335073403627739206,1592688464078686929749
753,2,2751360000000000000000,2759974634398647233072,2759979449127642802497,0,2,197111369276770408,6257653730890210756565014,6254161012921827891586418,152613342163048760250742,154657376401789230450134,2190159698010254835217,6259915990294311482222096,149413104703776973675348,1595133248771052506933
754,2,2755000000000000262144,2762036383315639970134,2762040315392750505531,0,2,243593024974666202,6261789187977628947349870,6258294158946496824191393,152615889601249906070549,154659927344418295707812,2190159698010254835217,6264056012995894057246563,149414378921995132080130,1596929188039848793918
755,2,2733789999999999803392,2743635312627036539975,2743640815828141032780,0,2,232254083253752589,6237643708384697088614858,6234162161776937585383244,152698276500696568892426,154742291068346422571466,2190159698010254835217,6239910157774595382132052,149490585806409081559207,1599095780805224069081
756,2,2738030000000000327680,2729692155256366181299,2729687509512661438136,0,2,299516024610439252,6242476177493327356137695,6238991930486920899783805,152701540134188793931884,154745559281603137783338,2190159698010254835217,6244747239758188904365125,149492699528264117383400,1600800227861375339713
757,2,2749650000000000196608,2745242917219224703886,2745240458981236719399,0,2,350538617563995863,6255703198920937817530170,6252211563363869381960192,152743037522040735938966,154787052888937339001969,2190159698010254835217,6257983673617581877952495,149530428313032920248033,1601629890196144415806
758,2,2769070000000000327680,2760036498806094596456,2760031466273954838775,0,2,232754873407466562,6277761820713796336006220,6274257880179240257805994,152801643143250651827835,154845637938210692547409,2190159698010254835217,6280056080233317435784298,149584891470770626266783,1603204057928040453744
759,2,2823500000000000131072,2834160074293495606177,2834166033177541247278,0,2,123680343729686302,6339163518374530588511120,6335625309519679876535736,153211160777113065543805,155254992657193223024711,2190159698010254835217,6341492190450809095679945,149984256773235700541915,1604884095139804795320
760,2,2792800000000000000000,2786625745835386245059,2786622303456548414728,0,2,257466769012158151,6304599038190912957809339,6301080113350107012400326,153381478468299118246507,155425263979056701969391,2190159698010254835217,6306924841630386414686117,150145993185984283797899,1606156989336218602594
761,2,2814699999999999606784,2814038709413862626952,2814038340171701615184,0,2,2215146453299942,6329265985183298051512146,6325733288159463552254966,153460978321373869321410,155504739043494414229605,2190159698010254835217,6331607278505752318977449,150219230810942091041494,1606304039250033677704
762,2,2835859999999999868928,2844839370827318227934,2844844389452085272299,0,2,123376814888257959,6353020015175008352624425,6349474068580999037289110,153508362579523279423535,155552098462913523641372,2190159698010254835217,6355376656322295102812039,150261988305373395615481,1608197271667473496141
763,2,2822189999999999803392,2823369589745426798840,2823370248573207970824,0,2,243549082771452740,6337681667022367278969368,6334144272868446225426418,153558980812093259562624,155602710775241115490170,2190159698010254835217,6340037625976616708047852,150307842197364241876445,1608446467499946231842
764,2,2801840000000000000000,2812943393418149183143,2812949600403100148451,0,2,118064834423884177,6314802937524625152326281,6311278326815211124825236,153605232524913083092768,155648939490907687308517,2190159698010254835217,6317156878308597614986587,150349846093044733896407,1610651470929139877776
765,2,2855869999999999803392,2840659405097618192685,2840650944502497263812,0,2,56795153190622003,6375409025949283539020506,6371850599356606228501808,153788027385491265838204,155831579092564681544870,2190159698010254835217,6377795945213011396466477,150525055014002963190739,1613354885241599998058
766,2,2829250000000000196608,2840844244497494206983,2840850726094444589855,0,2,194433306714782147,6345617026190327734322546,6342075217537783458134968,153800874867975931330424,155844400406103439618183,2190159698010254835217,6347996868534741758847534,150535884362954825306580,1615399964242054573575
767,2,2802400000000000000000,2812602693028868421250,2812608396049578033950,0,2,195350040464787952,6315432048600187181760550,6311907084607900788286441,153947427100074490237390,155990919898020726740459,2190159698010254835217,6317807921853049121818185,150676665378184578891344,1616946498220523136968
768,2,2845530000000000458752,2861054802300751017916,2861063484150783525977,0,2,8481426693668869,6363857979611437260406863,6360306001183374277126168,154055189207479394030698,156098584334920612327755,2190159698010254835217,6366259538799079952761542,150779355508232613618340,1619297176533251781224
769,2,2958800000000000000000,2963988653258946234280,2963991552207224959178,0,2,249058513064663376,6489261258199387727362195,6485639262108067770064857,154970615846337503312196,157013334741073991910590,2190159698010254835217,6491728145856441615242582,151678282157876166321803,1620176872298246398522
770,2,2953289999999999934464,2960042797711097111428,2960046571062945923228,0,2,536950391008238520,6483217896377371901845748,6479599275343217230711951,154981212667040825494868,157023931377047106555976,2190159698010254835217,6485686660807296404908089,151686299473380035526023,1621785481097112322919
771,2,2911709999999999803392,2901194303462666577880,2901188446745457318549,0,2,511260436754249376,6437423146161551569063361,6433830092625782940606136,155199310707609271765359,157241941443358901787654,2190159698010254835217,6439886573040587530335039,151894526960652027365588,1623944044771872573397
772,2,2902770000000000196608,2907219019509040653244,2907221505080045562395,0,2,165709754901294058,6427524310310383696821428,6423936772189048050582269,155199547577208252868518,157242179944362163219120,2190159698010254835217,6429985355851867297303604,151894526960652027365588,1624961853824033280767
773,2,2891079999999999737856,2883243261005388184091,2883238893371840578704,0,2,188266960864938092,6414572856648017871936310,6410992551904412207055489,155224395663506020571842,157267021790405624675704,2190159698010254835217,6417033742811325653184105,151916143860267004235403,1626526314358803491206
774,2,2894880000000000000000,2902372210505536159302,2902376397343890799236,0,2,54382608447670156,6418786539158566775013636,6415203881926260141415751,155237412722664081274304,157280041371570066252188,2190159698010254835217,6421252724292116208381879,151926908341448942427932,1627955591767517176494
775,2,2922310000000000065536,2915551381790791195640,2915547613896123317665,0,2,144893080928710548,6449123901167423829553809,6445524309895263471743708,155275194622463736203994,157317786271390040225985,2190159698010254835217,6451606566365911639956245,151961130161019203820668,1629171778909523323145
776,2,2959200000000000000000,2967456811442825696202,2967461425792202646229,0,2,206140238624829469,6489703692467566107409825,6486081453678564884207279,155454327147434253599144,157496849954744459709639,2190159698010254835217,6492210492650452068895917,152133148275760063348716,1630503765877780109186
777,2,2926560000000000000000,2920899104286100375084,2920895947467583196689,0,2,402308059308997887,6453810470314839941329130,6450208261773494387824293,155609693814129336337989,157652164703342203564800,2190159698010254835217,6456311993192428132392063,152280964115797242142762,1631545920976621775551
778,2,2944199999999999737856,2949267734065390695459,2949270565432125291248,0,2,112480629399175617,6473230955899329630397831,6469617907056782924701460,155660778486158301733781,157703234752633938148240,2190159698010254835217,6475745653584364044151353,152327386856787464414543,1632544262845600545482
779,2,2913789999999999803392,2904662808645785009777,2904657723421876160241,0,2,227313257548901096,6439719430231065029923654,6436125092107003423581546,155778677928053424691127,157821087083938480496445,2190159698010254835217,6442229732675306142907680,152438429745950958103734,1634304048413519471650
780,2,2927360000000000000000,2936681533312072711639,2936686743196778634168,0,2,10235504157370499,6454697642316811668037020,6451094944321498785148026,155827560731298030925993,157869964582858541438162,2190159698010254835217,6457220354455784612510488,152482621043617950320253,1636192315969634471827
781,2,3032790000000000065536,3031971372797912097668,3031970915716341497691,0,2,131955556704964965,6569895491940787696663244,6566228486919498329890963,156679217157705491141731,158721051871295816446684,2190159698010254835217,6572482721785863533277471,153315471687099005398387,1636357950487113173077
782,2,3026960000000000000000,3030987224908345776370,3030989474718220067929,0,2,414404552678607632,6563579116365799280663260,6559915638398880955246372,156681462239723482722596,158723295291257967809896,2190159698010254835217,6566166120230727962123966,153316448216141981218307,1637367755330944749164
783,2,3033650000000000196608,3036501302298393919213,3036502895023516125541,0,2,408921347577398509,6570827594638793923032073,6567160070104259549158521,156682095597939268511048,158723927226279825548273,2190159698010254835217,6573418636556911585415179,153316511505481417943654,1637976785821773134923
784,2,3033889999999999672320,3038325749874020462572,3038328227987876877900,0,2,423638544315658037,6571088535527218995152649,6567420866495579677839969,156682703576402838749424,158724535606546410155028,2190159698010254835217,6573680994072788018830414,153316631700221013104081,1638802112379611672089
785,2,3028550000000000065536,3036079825577365576092,3036084033329162475601,0,2,429164474065346591,6565306356479972378422685,6561641918477371979934186,156691226634962784329420,158733058220242660068297,2190159698010254835217,6567899301486930433578701,153323590263246392528402,1640003068889510784817
786,2,3011260000000000131072,3021559402665858989334,3021565159428566684330,0,2,409590530050231904,6546543350923568202310085,6542889390540515432605356,156746365218890772282460,158788184638585622577826,2190159698010254835217,6549133728934523185567188,153375318856790195594097,1641421299596701277443
787,2,3032099999999999868928,3030132470122126999376,3030131371861776298856,0,2,276267754689087070,6569148366331011523484950,6565481778639362029366907,156756323273886421835244,158798126248359997224141,2190159698010254835217,6571749317187223184636820,153383916173809770074196,1641676519460265604268
788,2,3015559999999999737856,3011494513264927678480,3011492245132662191181,0,2,320925124495141760,6551207772468832292925277,6547551199645968065286558,156775354528284596281218,158817144020420835577565,2190159698010254835217,6553803807481423960630265,153401243203534151312143,1642152704660375261601
789,2,3008670000000000327680,3019008048094803990503,3019013826480766492559,0,2,140614531960671014,6543727475812101285626876,6540075087211087035394188,156776074748255948772219,158817862683352745015063,2190159698010254835217,6546322065496251975330044,153401637328001878670033,1643339146603728373600
790,2,3002050000000000196608,3014729940395152938513,3014737029156755037519,0,2,192958340450642614,6536529305605569928269818,6532880940136240938451827,156802000116462310495595,158843791192656717111316,2190159698010254835217,6539124145845476524211605,153425781532792363632803,1644655847780493419394
791,2,3034360000000000262144,3039467658470950196919,3039470512116579389882,0,2,146217166895939498,6571598071439005706805116,6567930118644970373924654,156836602612480110848082,158878349321316262334532,2190159698010254835217,6574209133248084026071797,153458593033593886313819,1645123883109225392058
792,2,3074860000000000131072,3069010784262426556456,3069007522347975674930,0,2,325414823009375252,6615309350719465764557712,6611617001108229371539840,156947431265481820098844,158989098149885668995673,2190159698010254835217,6617941876438046090326976,153565978671384298484423,1645702727538763755335
793,2,3050829999999999803392,3046798302315299838762,3046796052988855179192,0,2,477985173018665755,6589407815477327467455956,6585729921140406714234231,156976509239923008287871,159018149497957234944169,2190159698010254835217,6592032446134796333801812,153593091503371792763409,1646139760550141465704
794,2,3032189999999999803392,3044010107078836531864,3044016714612470573934,0,2,231842033628930171,6569257943493735416880738,6565591308120894966401416,156995477358630133946952,159037101206000454806887,2190159698010254835217,6571877482619920200006929,153610451535465690699346,1647443843071178843468
795,2,3023559999999999737856,3009654215378511019723,3009646476315155448511,0,2,202155294188762805,6559907821144142475212990,6556246410135870556392328,157032736415219457991266,159074363453023891767032,2190159698010254835217,6562526956134689025127821,153645728140749246035433,1648774871345388595314
796,2,3005910000000000065536,3002659352014567941815,3002657538116744320224,0,2,110504261901074638,6540716683897788860618130,6537065966109480077431700,157034003379338752382493,159075624484085772274293,2190159698010254835217,6543328962230522726077171,153646580747848173867875,1649138212921596367329
797,2,3001110000000000065536,2999682099744055190997,2999681302597283511391,0,2,163004990768097045,6535491540588816925554334,6531843738366560265013949,157034221000174541662493,159075841474612027772927,2190159698010254835217,6538102035154387851576630,153646641710486500906603,1649282771658022222165
798,2,3008880000000000000000,3012624653594802512387,3012626745501278449758,0,2,187071443377487016,6543947482973755798784758,6540294962250130118207788,157041888376370545386133,159083505901597091279957,2190159698010254835217,6546562501274840005765746,153653494658170677107232,1649612423231284941953
799,2,2989609999999999934464,2997720976981660687251,2997725509743724677370,0,2,35107581174453571,6522963597010181567429236,6519322793766127414209614,157089839887144777887579,159131439327380915645995,2190159698010254835217,6525572914019505408493383,153699470908853086778184,1650309985076872933611
800,2,2990249999999999934464,2999213556302039794005,2999218565877293723924,0,2,177754217280105497,6523663079912300309065216,6520021887722336078019446,157094917469448880198972,159136520227664554120569,2190159698010254835217,6526274091520410548787517,153703903032391842085979,1651075894255312714667
801,2,3002809999999999934464,3007980018657084347845,3007982907171035430176,0,2,157546583977375699,6537344549374963354390677,6533695715383266931593754,157096091075867706271287,159137689911688277151294,2190159698010254835217,6539961694317090759636727,153704810769025354262427,1651458206878737755172
802,2,3006300000000000131072,3012746648283135208816,3012750250436003984430,0,2,35043910807162567,6541143775358444331816854,6537492822306406939003019,157096346278057223143056,159137945849010212506024,2190159698010254835217,6543763015471947081253616,153704946380524065063859,1651910434022491249627
803,2,3003949999999999803392,2999080483371684914620,2999077767228817324797,0,2,30445336037517539,6538585097299947819022846,6534935570595111909378788,157103334594502456613682,159144935977836168075737,2190159698010254835217,6541204191983218766737255,153711368133806176558877,1652221090562071779980
804,2,3029239999999999737856,3013501640838707702857,3013492885822162716610,0,2,151011191073183347,6566071416034247098785536,6562406570199623659520936,157185509341259431929350,159227079726429002964765,2190159698010254835217,6568704548353538515236542,153791561698227645353048,1653243861663430907387
805,2,3035260000000000131072,3048414926705622127205,3048422281211640163175,0,2,55455557081711033,6572585618471371548267908,6568917129020825628817083,157228032821060438195189,159269613803633639005786,2190159698010254835217,6575223749014577916628760,153832589876527186674551,1654120855547940943676
806,2,2992249999999999934464,3003474122411219928133,3003480396554862916602,0,2,373126357346260982,6525848486867748271762861,6522206079492004289916571,157510127756775985644201,159551624446678486727326,2190159698010254835217,6528473748195170697777745,154109835974343638883126,1655104580741905759352
807,2,2826449999999999672320,2837122850278985977416,2837128816305551621630,0,2,90742460621898876,6342474244392635800397467,6338934187657431708925873,160436081716598705341330,162476146414752993349234,2190159698010254835217,6345046717560733901681512,157017223680604124332162,1656368528148328902901
808,2,2840240000000000000000,2826387031498990615688,2826379323447629308111,0,2,639860146693642252,6357935313760922344715247,6354386636012695658321811,160437040028610184725566,162477100527133252650027,2190159698010254835217,6360518245187381484523611,157017399836419374597469,1659803602475395167301
809,2,2838219999999999606784,2833837252463636874513,2833834807691995331611,0,2,656116909934664158,6355656911387944569665611,6352109486265665903415898,160450906935003894712765,162490977793234728936237,2190159698010254835217,6358242543518696365595933,157028622968998840678986,1660777024619978826877
810,2,2745750000000000065536,2736186228143064454212,2736180901085067663686,0,2,597219746763718362,6251272700459065588773948,6247783546164454474353326,161230092614611182966234,163269686016415041734869,2190159698010254835217,6253834861032298285307779,157791001206527249587528,1662640009068686715438
811,2,2741110000000000065536,2743634610804632512408,2743636021034650216255,3203669983968369,2,741364983662542333,6245979659552432149356459,6242493449708310140623298,161232616293946229965102,163272213752743437453930,2190159698010254835217,6248541649501629580382996,157792210793072414682899,1663303748203448280249
812,2,2799000000000000262144,2790254440789332825762,2790249568163239764214,0,2,686324043549602773,6311597107284528122146860,6308074280764989054228407,161547525573752491156644,163586931070558133876336,2190159698010254835217,6314200778590796135742422,158094531144226515381205,1665317625096973766276
813,2,2804960000000000000000,2794897145660092128961,2794891541052022178080,0,2,370461236869042761,6318315743282598589544222,6314789169498210373847006,161569347972880166935389,163608755783387513811735,2190159698010254835217,6320928106098078359181689,158112853511662863691653,1667719949983254840433
814,2,2806269999999999803392,2814692883497839410863,2814697590905019764573,0,2,341297094059049011,6319787883573343285015764,6316260484645838648184784,161582375297937757009761,163621788699206656786795,2190159698010254835217,6322404961615377206335516,158123513077474477186564,1669453173854958336279
815,2,2826360000000000262144,2825255614999664482028,2825254998420777580874,0,2,212434201725797976,6342362124297411843570814,6338822117714240558000649,161595940590077519592860,163635335458961288425086,2190159698010254835217,6344991054097487753995286,158134824476114662701520,1669668493611454395243
816,2,3007159999999999737856,3009975841745539099695,3009977414661169578210,0,2,143821956615611366,6542076271677610267883405,6538424794762857158312289,164780079062599336065328,166817718958763591494579,2190159698010254835217,6544819878334850955072511,161288900607724199197572,1670131422990279024919
817,2,3016749999999999803392,3001249975787765031371,3001241352979320188375,0,2,461909244634166953,6552520506750518506182109,6548863223795086042261577,164784218346069467487316,166821854008787491860444,2190159698010254835217,6555275335087964454430855,161290989352812517550683,1674864843563302279505
818,2,2997190000000000065536,3006079391602225915774,3006084359688892738484,0,2,421317474841415240,6531228846114839571623120,6527583430909990929754631,164785714357221658063886,166823342844878635924802,2190159698010254835217,6533978220738041081345688,161291398425943615346049,1677242464859448617514
819,2,3031559999999999737856,3035054488230047874921,3035056440339824758226,0,2,431600474133463277,6568564119814512867749564,6564897859051829853915572,164844211064830762365397,166881784010048355744392,2190159698010254835217,6571335937634109295055253,161344027401947117139317,1678045839500328176750
820,2,3058800000000000000000,3068542091670442657832,3068547536609706973780,0,2,494632896033633021,6598016195971967760860790,6594333504540905559303517,164894302870493162370789,166931839593546568482983,2190159698010254835217,6600807815929051178554378,161388926575379576113440,1680167460875509776290
821,2,3074099999999999868928,3082157862538600145503,3082162365514924786093,0,1,560259597115935176,6614494429656604555362635,6610802537872318608509648,164897010435484432404816,166934540343007020198626,2190159698010254835217,6617295955271665622649002,161390449240820648727798,1681884832642748878330
822,2,3087500000000000131072,3093034676813321327258,3093037769118220626401,0,1,585791848837547219,6628892021862295731841295,6625192090666652522151067,164899495393039773441680,166937019724833872962971,2190159698010254835217,6631701753580616772723241,161391906028505977956815,1682949000533925543650
823,2,3129600000000000000000,3134318859845677627949,3134321496154278174054,0,1,607143945604836941,6673932768441836978896925,6670207696777933225812693,165014722107471711895659,167052162532623798499244,2190159698010254835217,6676768714739827256753854,161500893785158824376096,1683753016584354215003
824,2,3189500000000000131072,3197717257212081961038,3197846499634289973238,3868377645785822,1,680153464923390876,6737633911657937854956943,6733742289761609324143306,165157025842125480778459,167308511492828243035523,2207016102928167755941,6740377137744394455076949,161747730665926199693084,1685214456927878762266
825,2,3211190000000000065536,3222480738711087590551,3222657503451636423164,13581428179157090,1,759551816650395722,6760687807367726502000483,6756604660956929093767112,165157025842125480778459,167323155275966882894691,2288546562415850260758,6763267011039798891788809,161759745236323800518988,1687488873828696965075
826,2,3191159999999999737856,3206551754168147400213,3206686456426460734519,16093604291744691,1,783867526855463506,6739710533226463583089443,6735508459838063567860457,165237390297945655166815,167404375846190294926671,2419907449254895660710,6742158902159903422574413,161835011154159782051004,1690420343429873637760
827,2,3187500000000000131072,3182726232722213625269,3182723257623887359347,11195166613319492,1,657217857049568546,6735826873381668383122903,6731626882092135164946001,165267290996461780369929,167434680672680708345214,2419907449254895660710,6738277678252898449023350,161861977680881091795608,1691247907442384485587
828,2,3209049999999999934464,3201260493226992668736,3227672266778383678998,0,1,472152692154471422,6758561346038200430065349,6754370457784761457249417,165267290996461780369929,167491974800928769711606,2419907449254895660710,6761051124237422872711684,161914902514182506659335,1694280655670800612592
829,2,3120599999999999737856,3135035672446379836277,3135044689543257220592,0,1,521134167654778036,6664781347205117953840124,6660625674722191986516845,165809840928556415365277,168439562577055879647036,2419907449254895660710,6667234928765724370185315,162844322455036575353533,1696871197550768438365
830,2,3134449999999999672320,3136341733413899098739,3136342913881511371774,0,1,91963963281615156,6679537472006249895896926,6675372576897158126113845,165809870073427240731341,168439592607449472761542,2419907449254895660710,6681997108036934551724132,162844322455036575353533,1697487166185456725022
831,2,3171980000000000131072,3183176728644062525463,3183183720659820886451,0,1,97929956543100458,6719416968988707689287159,6715227220414807974872694,165917100193550751622097,168546748726897523067123,2419907449254895660710,6721899914998045434570147,162941291160868676865995,1699599774223995673928
832,2,3175280000000000000000,3176526875741488880117,3176527653768051229443,0,1,292536947307422496,6722901060880138183932514,6718709127032303456371323,165922284828787589521554,168551939297571761881151,2419907449254895660710,6725387135015331995560569,162944892468022123036475,1699848308569197501081
833,2,3132579999999999868928,3142293138367626469766,3142299203277956418108,0,1,247853792310333919,6677552378698487823940161,6673388730948599304552518,166084287745775822177210,168713846893679051591935,2419907449254895660710,6680031038119164896536258,163099312836007054944813,1701553090750666294378
834,2,3107150000000000327680,3119932561770649220196,3119940545251604256789,0,1,30661152929979086,6650399309549784267231023,6646252600055963015217887,166189441687049814561820,168818971339956221557974,2419907449254895660710,6652876331038242316544523,163198331904789982000863,1703808224092409243985
835,2,3039300000000000393216,3048486109163374941389,3048491844883384442184,0,1,91894246651162073,6577380660728537306946270,6573279472464131855776289,166753139078464437857861,169382427362308067298079,2419907449254895660710,6579845569944993798220048,163748719498049577518954,1705383695680576126880
836,2,3022889999999999934464,3006366909590347251853,3006356642838008167931,0,1,375358623276593297,6559617266588805086157379,6555527175694358974706127,166811433405871139464780,169440711344121788712493,2419907449254895660710,6562084069989052539687017,163801855021704185570896,1708725911958249781588
837,2,3041400000000000262144,3028483403788020069200,3028475370574446472119,0,1,488228168074549639,6579659990989376712625650,6575557390723033622980797,166921828611707425561121,169551102765302264666235,2419907449254895660710,6582144426694764222819254,163904853219408858569729,1711425717292225365802
838,2,3027200000000000000000,3039598421786437647522,3039606165313636331777,0,1,338341730714329392,6564280970494556341433922,6560187958035410881492957,166921976031767514523817,169551248255256520618054,2419907449254895660710,6566762273562965250067088,163904853219408858569729,1713842418273048960726
839,2,3039810000000000196608,3051377925251743268610,3051385149564225348530,0,1,263514183054490008,6577936859315232149305633,6573835329693647533057472,166921980015389973807402,169551251950307823799682,2419907449254895660710,6580424918358795595821878,163904853219408858569729,1715414483081409205605
840,2,3042640000000000000000,3052075902911028373564,3052081794715567547424,0,1,181464372681834498,6580994127726783447257459,6576890686852762779494534,166928745062925265673216,169558023947603584021203,2419907449254895660710,6583486652420311212725013,163909920879690821381358,1716908949109793202633
841,2,3031680000000000000000,3023969748236630549179,3023964946845184516328,0,1,176151041580289049,6569128071715938989321662,6565032026496816534735701,166965661803771918095951,169594938916616853666007,2419907449254895660710,6571619928422426071088532,163944063816697095680532,1717953302939092981080
842,2,3039090000000000196608,3043280272009780474397,3043282887303545490169,0,1,321385067719594407,6577147498237947013738646,6573046447969919361536535,166986114183974231288247,169615391559738033431268,2419907449254895660710,6579645102109104179828854,163962391905296333188182,1718534588968026190238
843,2,3054899999999999868928,3066478123507368118301,3066485354160956692598,0,1,156371597606238005,6594243404923669100240081,6590131707589951586390780,166998085083610759549653,169627349600181407087336,2419907449254895660710,6596750610704657961699173,163972808608904889238515,1720071406172942256544
844,2,3038249999999999934464,3035529561583807487128,3035527865389802819398,0,1,16075212158935890,6576237577539231356162594,6572137093510871265578077,167068390014067705102710,169697646526885311276336,2419907449254895660710,6578742076642606362400465,164039342275056677509977,1720433993684152031420
845,2,3036440000000000262144,3034738169138656746085,3034737107779754869082,0,1,176840805868969022,6574278028303659710477397,6570178765613530418172924,167068463916722333806113,169697720658954413135036,2419907449254895660710,6576782148422501851224443,164039342275056677509977,1720672019778962169128
846,2,3027949999999999803392,3039056473639622920011,3039063409532412129541,0,1,181540109613267971,6565091373528664151156110,6560997852386110253576493,167072579063287342136717,169701831955100055223345,2419907449254895660710,6567594125478068892957206,164042647292528399421832,1721987521538464507369
847,2,3138550000000000065536,3149951578033886916663,3149958698154246663696,0,1,139793045738061583,6683915292198070723311763,6679747680697349422486551,167939608604263228265705,170568198102247177680705,2419907449254895660710,6686474899461928114548296,164899692299652779925965,1723133937876867711275
848,2,3060540000000000131072,3044575709002269667448,3044565787593594014257,0,1,443382940812714628,6600338550493821249497659,6596223066063293496537110,168623737313241172264482,171252007579818400563174,2419907449254895660710,6602884797187310529500902,165568055879066283841476,1725947823849971641612
849,2,3111559999999999737856,3103354664002174638320,3103349554668571662317,0,1,81506531140874944,6655108894379515934347389,6650959238085855220728164,169017734315025139273946,171645876842415531844922,2419907449254895660710,6657694341716228426721778,165945891530713524647200,1727915445028440067436
850,2,3134620000000000131072,3123548996375366583315,3123542107278851001638,0,1,128123538533492042,6679728753485483685728809,6675563751754545667938783,169101636896285367205365,171729754653382708586682,2419907449254895660710,6682334352777497275408955,166022046944685864599202,1730681135569203123530
851,2,3142889999999999934464,3128001029279292137234,3127991772811736718797,0,1,190720970346814984,6688542827812545593083081,6684372340700007429428260,169133494989278842111187,171761615637136155691072,2419907449254895660710,6691159680010573372304534,166049494407649434206164,1734067852480037488613
852,2,3102119999999999737856,3111184794958197498916,3111190454789256871604,0,1,205458046345078315,6645007211974678866830002,6640863855972971837599904,169190832751711317629000,171818876836030263813486,2419907449254895660710,6647613962004476980626507,166101756125908881022442,1735864971685694636658
853,2,3119389999999999803392,3122548994012769612636,3122550965469962743536,0,1,115047588880660287,6663472212271514733921747,6659317335027366078870283,169196610967455283002424,171824643474652926497356,2419907449254895660710,6666088277119805648553188,166106040264881218574417,1736438320252443656536
854,2,3125200000000000000000,3141714055913301203024,3141724372939604903218,0,1,164887992329703843,6669697131906749281538017,6665538401019759371926399,169197211378868323779267,171825242619193079627552,2419907449254895660710,6672318748198587906574628,166106206936008192501106,1739103417626294889641
855,2,3129989999999999541248,3138119884043110252220,3138124959728305516012,0,1,248457316712746645,6674788943574210338856851,6670627015937574102986642,169208873913947408632300,171836918365970420770790,2419907449254895660710,6677415646349052778502848,166116047887351665159360,1740353353233307241919
856,2,3123500000000000131072,3116172367602000733353,3116167803801083185326,0,1,221554047477075807,6667864291123870090733124,6663706679952551069630925,169227048841523630239228,171855094545657138825753,2419907449254895660710,6670491211081719715907507,166132263713631411116403,1741331214963656632961
857,2,3118870000000000065536,3131025901496621138264,3131033493181531428680,0,1,57217210546645154,6662928540623985735128447,6658774017017434547609528,169227672463080475497997,171855719889811869389812,2419907449254895660710,6665555466296743745369799,166132529158698582494589,1742915683189708093588
858,2,3246340000000000393216,3242332351287554200010,3242329853154201354333,0,1,148525704339641231,6797712330360097009380574,6793473750857688408910691,170339202900343534467983,172966408314269756114433,2419907449254895660710,6800407085216419118074451,167230448445335328212568,1743411119900935243671
859,2,3358599999999999737856,3346301050628856775175,3346293398174842953200,0,1,536489413895624326,6914257827821639052516950,6909946591524870249126791,171412013677299676806271,174038597056114721570518,2419907449254895660710,6917023015191466802467139,168281986270085836854245,1745733888215374166042
860,2,3318920000000000262144,3319898363947116672899,3319898974412522250804,0,1,687732277387506739,6873280919009691333603499,6868995218661913459628264,171470011366851359065785,174096526321308882704946,2419907449254895660710,6876036370274247119961561,168333502391409402421536,1745966431946948339795
861,2,3310550000000000065536,3316309420746379521349,3316313015724107157381,0,1,539418410774459701,6864611086078551453791587,6860330794775807813803770,171476834311598878410596,174103345901062866174328,2419907449254895660710,6867366394157979123615094,168338272639412950772332,1747235592499264133249
862,2,3327989999999999541248,3332399219388198575754,3332401971297554933373,0,1,517989378050626598,6882667653179251802698211,6878376101703863153727789,171487469815838386866202,174113968220658097318025,2419907449254895660710,6885433266278413208261070,168346692810485624219392,1748068936153997903088
863,2,3319090000000000196608,3321585094101266503202,3321586651131906415188,0,1,550900101302633448,6873457357104004984373014,6869171547253703689718897,171501229672359960690502,174127725173335446362369,2419907449254895660710,6876222008652553413246049,168358145400848656529858,1748501925463619858008
864,2,3328610000000000196608,3318473946018227231547,3318467636395517556053,0,1,471517873161171585,6883315233636383694777000,6879023286469581540604412,171505070101637623370152,174131561505021610744041,2419907449254895660710,6886086508979245145235204,168360895030444491136598,1750067751755380627975
865,2,3391000000000000262144,3410376407846828142782,3410388514397972805204,0,1,446407681840516273,6947544783290483125749052,6943212812183936924033298,171910997919336824239548,174537307572581206396592,2419907449254895660710,6950354135417698183181097,168757233295099635596782,1752570152430959774597
866,2,3325400000000000262144,3334761475441962716615,3334767320357017604720,0,1,650782107553740507,6879994211135799437430368,6875704333224556983751462,172458556897348691196335,175084679116398134890586,2419907449254895660710,6882793095409066649958500,169289674012297004712206,1754271934713801821879
867,2,3193030000000000065536,3197933372353594480845,3197936432837829511670,0,1,216957171573215797,6741667432188104927898103,6737463799247690669503936,174048167877179628071638,176673427155535189512007,2419907449254895660710,6744440301853044433505086,170850923214439082204073,1755333817963965604585
868,2,3202329999999999934464,3207597681011429669146,3207600968971933979238,0,1,228660840634657089,6751478456445146498716939,6747268706400161244073815,174049760865454323211909,176675016933413844795468,2419907449254895660710,6754258083302066735887622,170851252212851964911580,1756828466537284997756
869,2,3193769999999999934464,3185613815887688145791,3185608736841911080653,0,1,191686530981560635,6742452119995930081676637,6738248002174318845967707,174065491353579539815034,176690745074016962849488,2419907449254895660710,6745233510596620039129373,170863531711810531395534,1758856499136345355566
870,2,3180000000000000000000,3178816515776964228204,3178815777584260258122,0,1,252039482678239264,6727895931607691151766992,6723700883289280252005484,174068107639900340321374,176693355004137977545641,2419907449254895660710,6730672894025028536290697,170864864078671203642612,1759128523386738489959
871,2,3195270000000000065536,3196463973216417442385,3196464718229276405343,0,1,271904034938249014,6744029884616007145987041,6739824776286870339218441,174090576006619823444158,176715811381250662315822,2419907449254895660710,6746817049713387844334686,170884031967401217288959,1759367080064949377178
872,2,3238310000000000065536,3241785274504671513795,3241787443378184513470,0,1,176619157639311150,6789299549251997981462936,6785066214976098844140812,174234141659997870748725,176859282374918759236019,2419907449254895660710,6792113741197317805418338,171019996688944093655389,1759997093607639485083
873,2,3246840000000000262144,3241796595666982117570,3241793452657495086637,0,1,38815378270026807,6798236557559026900659085,6793997652128751231641497,174236204455172098111357,176861342113781083751836,2419907449254895660710,6801056380774115609996585,171021104205638473238933,1760954432690086174665
874,2,3247360000000000000000,3245995429777659460131,3245994578664118441400,0,1,38866732752006953,6798779020404360425595704,6794539774358482629863148,174238703107893605564391,176863842033171762945213,2419907449254895660710,6801600190675852727157156,171022702290223050567681,1761175021485359041067
875,2,3243580000000000131072,3227737297744002331454,3227727449433929538192,0,1,60748891759397935,6794841114555461237827746,6790604349096470255386811,174239173764670755607761,176864312065182325065502,2419907449254895660710,6797663198858954490160429,171022833364276837836884,1763379145522195223531
876,2,3071769999999999934464,3057277537111007585941,3057268527020381727232,0,1,50124010508564771,6612432609762400086734958,6608309579236445059300338,176266780372525885862735,178890404726281816397632,2419907449254895660710,6615201508327285418319088,173030881453510756152732,1765297517552875887219
877,2,3074400000000000000000,3058061838382680785782,3058051685374467051527,0,2,564837051701890542,6615267717556083273386254,6611142925469666061792614,176292572803681162385857,178916208285983147896077,2419907449254895660710,6618046374307676377734101,173052245210030606380464,1769436734453787066467
878,2,3085480000000000262144,3081924232582686904685,3081922015988919048469,0,2,560135060591985207,6627155142463633774686998,6623022910330330870771553,176358572597845203357104,178982216004484557812547,2419907449254895660710,6629945535453787020020561,173112288940516899919889,1770208776914882486495
879,2,3090710000000000065536,3089877850930901067446,3089877331841735847223,0,2,409180310901883680,6632768355747990055731353,6628632622306276856442800,176365291275552755157623,178988933886195069058276,2419907449254895660710,6635563071277422042063947,173117224009910345678749,1770378372752340846912
880,2,3095520000000000000000,3096471257997706210168,3096471851551790894333,0,2,357924232050582323,6637927578875189872544142,6633788628523103773173657,176368052849102902113100,178991694246130705334782,2419907449254895660710,6640725652134039082292134,173118974249629026373417,1770548782068385918146
881,2,3120249999999999934464,3113075850863213979658,3113071382497695457456,0,2,311509694908828299,6664394252239990349674435,6660238804514602055324849,176416804589323258135056,179040413146533794871112,2419907449254895660710,6667208360388663715760208,173164003067358992742602,1771676414512664812849
882,2,3110800000000000000000,3123906808902105101689,3123914995097462812410,0,2,191316362123865463,6654304992428050457201545,6650155848484240694132221,176417249463858177085703,179040856000197033666636,2419907449254895660710,6657117087139880820018431,173164112775478668535819,1773584031682601110823
883,2,3109609999999999934464,3110905427913639766723,3110906236240658485968,0,2,113360431221437310,6653017550671685554032328,6648869191343842371524980,176434748024708305859274,179058363636460416075513,2419907449254895660710,6655831201670056745722160,173179690862033220926932,1773757923269994620805
884,2,3115510000000000065536,3110537584518075000804,3110534485847726708916,0,2,188388739724211927,6659328070702533338768558,6655175779041151086623037,176436568994832382053515,179060182831797990557789,2419907449254895660710,6662145580501025576162569,173180938562244935838204,1774374545058480979846
885,2,3119489999999999672320,3112301909507255541534,3112297432475406931632,0,2,190673223776063024,6663582598153817020093970,6659427656542973601512356,176443448840459311674886,179067063154933906214997,2419907449254895660710,6666403618192219868948675,173186868377401785185159,1775132365127521591907
886,2,3116000000000000000000,3126793197705587086956,3126799937617633388745,0,2,172061369027068899,6659859561343625221930576,6655706948039165141607557,176444622792342973497509,179068239218912112702878,2419907449254895660710,6662680322404535080803475,173187702405510831033404,1776105410129730815059
887,2,3085600000000000000000,3076061090345957992991,3076055152648407398421,0,2,18606474510336584,6627290852491075822114265,6623158544263922471386295,176590320586889183638678,179213893503427481084526,2419907449254895660710,6630102346628777022445811,173329749619486211190538,1776949197674749332610
888,2,3085670000000000065536,3068954742173724850955,3068944355632982604719,0,2,363726490925031440,6627382525766084623698715,6623250180927488699344635,176598379082454584646306,179221956945978624666774,2419907449254895660710,6630197158403513129235421,173336663624529455068967,1778896158914318624117
889,2,3094699999999999606784,3087218258050741906480,3087213598518342887677,0,2,398889421754428158,6637053113058852087007720,6632914713925073473277488,176656277746877128734103,179279866401595903977373,2419907449254895660710,6639875402551318782031157,173391816452868830397835,1779686946545787432230
890,2,3064380000000000131072,3077197363779147964660,3077205369133073559834,0,2,198919965062331449,6604469713749608401531359,6600351643223139573792981,176701793477869243025984,179325335261782376326367,2419907449254895660710,6607281889791866972265448,173434956502980169511607,1781023912891418707487
891,2,3109340000000000131072,3114118402870515549833,3114121385354766554650,0,2,266511850619723348,6652730528315044805441475,6648582350219734468121548,176791587268849234770756,179415028136440245232772,2419907449254895660710,6655566863730244919156202,173521674168045257130848,1781483817761353678028
892,2,3129209999999999934464,3113857531765957148636,3113847988357757447823,0,2,71574676592500858,6673971772161130890934753,6669810372198938446477541,176811085400878302795460,179434506391055884456945,2419907449254895660710,6676820582679380379376914,173539492730966884306581,1783192594645547781127
893,2,3157360000000000000000,3170447908147997466790,3170456082399834913280,0,2,69216110138879454,6703917758275079648111831,6699737678803536508943497,176972386561850103213631,179595778204158524561404,2419907449254895660710,6706784757837915360445051,173696646468325768614665,1784411595028909632296
894,2,3011260000000000131072,3010461158847612035043,3010460660534227799907,0,2,402080556999020590,6546962133129827620988138,6542879902483784029928264,179144232843508475347526,181766487554641635960959,2419907449254895660710,6549781942258283150133926,175849326896682260678947,1784512197947873015526
895,2,2940449999999999672320,2927934969335137691929,2927927185921271987656,0,2,365451153537101843,6469542715509206873480813,6465508776494080622692251,179592003145977914038597,182213972362821584003638,2419907449254895660710,6472349123828600710468720,176280608386118058941942,1787533328241875439973
896,2,2964829999999999803392,2949217714588218030792,2949208012305892674873,0,2,528469402810147000,6496315505967900714856955,6492264883168001652721292,179719337585400136230644,182341281440608345524631,2419907449254895660710,6499148316942984291962228,176397474694957332315821,1791902150108990167668
897,2,2936849999999999672320,2926989042932704634943,2926982906000471827935,0,2,416886111826093200,6465575603518161968413572,6461544131180440472071497,179733610294802201644783,182355522926714565797955,2419907449254895660710,6468400723673606700494566,176408575002805779485874,1794428488304229991164
898,2,2924030000000000327680,2918445712849793712979,2918442233699033408592,0,2,464894674798038912,6451442160195307820332119,6447419492770392023932363,179734435318088805704948,182356344020847904338877,2419907449254895660710,6454263166048458565927987,176408695138070706094648,1795761127365678663224
899,2,2958010000000000458752,2965131811006559809673,2965136257116711203145,0,2,484197548167922999,6488821545630358463509304,6484775573190899838681108,179881505978029612414502,182503349003506491552732,2419907449254895660710,6491668713624411894786524,176547461673360295654941,1797236722300116310474
900,2,2963159999999999737856,2958105516964592578208,2958102367411934842452,0,2,206258957965964488,6494465394637876737495474,6490415900189104977433229,179881865218053192897295,182503709639861901734229,2419907449254895660710,6497316590631902984858639,176547461673360295654941,1798342105215865892848
901,2,2945440000000000000000,2951204181696654775589,2951207779841229869856,0,2,231566878779120522,6475018226778191084347040,6470980859139121759564658,179896766797451779333836,182518594537874494636443,2419907449254895660710,6477864439199977625344483,176559937914151596031439,1799451893095454241130
902,2,2962030000000000327680,2949139180243864418155,2949131163696697755471,0,2,258934951600165392,6493240019823716438387389,6489191305722764235545537,179907648649834719271178,182529462364020980811732,2419907449254895660710,6496098260738575463224714,176568986513384330975856,1801625708965718745420
903,2,2947600000000000000000,2939617094609289420252,2939612124046186800333,0,2,268124683410175952,6477394836791932196867194,6473355990830013003841191,179907869310600508106208,182529680596661679411205,2419907449254895660710,6480247506458317779700820,176568986513384330975856,1802787579198378719761
904,2,2947590000000000065536,2946901045183234870485,2946900615406255688401,0,2,314341620111691617,6477377938590642995691955,6473339095797089507355956,179913809283057945158637,182535624279436796892262,2419907449254895660710,6480231759732837546833116,176573861834296837705412,1802879212469731935718
905,2,2928260000000000393216,2934987872852977959020,2934992072914248134676,0,2,243638414780784352,6456108211459290544932923,6452082636233612522577935,179946306394929656486613,182568099635590334579123,2419907449254895660710,6458955686881061371908014,176604148169928290616173,1803680779226633940724
906,2,2904160000000000000000,2898025296527096665388,2898021475035513110627,0,2,314634830062617471,6429485334562148011928156,6425476358694483949489290,180035913659857307521790,182657675302341574136273,2419907449254895660710,6432325207124724451612942,176690333133302966555951,1804365105537403595964
907,2,2819900000000000131072,2805957501765620260499,2805948835073026356826,0,2,490625342838336003,6335543615350064594977568,6331593234771550135669719,180627366022436175268915,183248701834160035456296,2419907449254895660710,6338353811558143817893228,177272114673910637499852,1806143177772988491795
908,2,2833100000000000131072,2843830610765218102712,2843837312134591842441,0,2,712145568180942858,6350346539633129086186410,6346386918877376427810241,180700929252543480189936,183322266378477196899193,2419907449254895660710,6353170773235792866813919,177340273897289291755562,1808219873767572657747
909,2,2831289999999999934464,2826311131308015725512,2826308028995240326074,0,2,412115150577248975,6348308790340216848232750,6344350429110072080489987,180716428715667328396636,183337772699749918407229,2419907449254895660710,6351135676477357815149663,177353221150838483293025,1809223207371955753061
910,2,2835570000000000196608,2836810872467317904584,2836811646756649806599,0,2,463130167800110277,6353102970957680691206221,6349141617534013616998039,180724923475696643757428,183346267862336688879532,2419907449254895660710,6355933975965937772492431,177359964246032118074971,1809456319919887768632
911,2,2858140000000000131072,2845704182352761035863,2845696448756596685600,0,2,378671880626609756,6378351940446000775272258,6374374862220029580333979,180769658557710347399046,183390971792612080487128,2419907449254895660710,6381199913690803165767846,177401109729566934254934,1811550812650955399248
912,2,2964119999999999737856,2971229165679119248274,2971233603884641664372,0,2,303925011344745182,6495519635753904445341958,6491469486812125756963650,182119281299539653072904,184739932831119856355650,2419907449254895660710,6498438847737688341217650,178733358793529287275556,1812583367062523947178
913,2,2780979999999999868928,2776916583988112663524,2776914051524082140290,0,2,306281445852448569,6291652771267772228181676,6287729735826419858566665,185563314271314476878989,188181973748347289903081,2419907449254895660710,6294525978860937591353245,182133596847416146579816,1813549991384477590795
914,2,2827229999999999803392,2814040236012081415623,2814032035494804007538,0,2,298701638791480226,6343770381433649966004724,6339814868579760934630683,185818990978007019736633,188437516988279042040124,2419907449254895660710,6346692101336331128474731,182369409571948216706975,1818674732163233432039
915,2,2907600000000000000000,2901401624633616879508,2901397763535234713248,0,2,173188909379316088,6433292161605811895795036,6429280812150736901634387,186679246119689929554909,189297388945543700657864,2419907449254895660710,6436291231809206176302193,183196305720224699996536,1820930849887034765984
916,2,2950610000000000196608,2953174904019881705438,2953176504661498064233,0,2,70191482068365558,6480695906482496128022029,6476654995542284918303673,186908376318589623589005,189526412514956742889849,2419907449254895660710,6483736921618889838804403,183406877206314907076317,1821901278094319299570
917,2,2964099999999999868928,2961032406812230396631,2961030494367604145128,0,2,185231956357014589,6495493933049968804529656,6491443795411396038586191,186919447405695794684094,189537473451108410947999,2419907449254895660710,6498547091441800934678329,183413938352188054604809,1823036947623577926247
918,2,2963840000000000000000,2975824873762739964671,2975832358908593857358,0,2,202667851153308459,6495221398155001909750042,6491171445842134876058818,186920176650776501841395,189538203235150390666000,2419907449254895660710,6498279148815439295967425,183413938352188054604809,1826852728767955305746
919,2,2983949999999999803392,2978977494084603911733,2978974395521894532431,0,2,238617200181961690,6517208562413489971484399,6513144886780638450383225,186926233302523381157663,189544244948101433505489,2419907449254895660710,6520280424600737045394629,183417690946142504726954,1828269150190711589176
920,2,2978290000000000196608,2988772103799690099959,2988778649537089369866,0,2,247102904841271265,6511032442533126742635686,6506972627594922162225713,186926276659892997802995,189544287888778232544337,2419907449254895660710,6514105308830415766609341,183417690946142504726954,1832137879847141966756
921,2,2988300000000000131072,3002465890826797475869,3002474739659339474333,0,2,276511230134427089,6521973189137007016758299,6517906562507036687979997,186926297004335956647133,189544308788199806731659,2419907449254895660710,6525056001298395304464647,183417690946142504726954,1838147704628374882846
922,2,2980649999999999934464,2983792906925198908143,2983794868363256271169,0,2,320026205562460597,6513602460298195665712745,6509541031482291781029829,186969596874760596754502,189587616643372473641164,2419907449254895660710,6516683372002056762947133,183461171816973816126222,1838767586797853229284
923,2,2986199999999999737856,2995317512644603059726,2995323205577251391659,0,2,203777986285338803,6519670505231598713540894,6515605301117689360707711,186970126822857613049290,189588145397908854231300,2419907449254895660710,6522756396889076897341201,183461257287723772668523,1840433613649873310900
924,2,2976199999999999737856,2960794693548973979441,2960785119246209971558,0,2,251685059938856046,6508759368669496765184797,6504700985839585373671730,187003482015106790458242,189621499584738898296386,2419907449254895660710,6511845823268670213043311,183491429337731216989396,1842970238562505955778
925,2,2977260000000000131072,2967812405633763125733,2967806525139696435536,0,2,32006707784614153,6509904646053596999038731,6505845532055884054911069,187028508383726151498372,189646539524714875089782,2419907449254895660710,6512996130284053296032374,183513597293796251610434,1844587722662366341432
926,2,2977139999999999868928,2963103781665015688895,2963095055203975433202,0,2,71172175657812497,6509783405433695293672172,6505724379430537544864865,187036521079825661359358,189654557340475060439995,2419907449254895660710,6512878377816124407555510,183520187447815989857075,1846704347094373508891
927,2,2972169999999999934464,2963285722416208831834,2963280191782463603070,0,2,38032205927096725,6504336589040415278587561,6500280945732818703674071,187044109373298749382766,189662155530544446090056,2419907449254895660710,6507431382444010447247384,183526555856100112455798,1847883707272478997799
928,2,2980400000000000000000,2985522068969225837859,2985525266100941147780,0,2,39384250719998405,6513330788846260129546536,6509269531291289023826208,187071110454067009090429,189689157268898096399344,2419907449254895660710,6516432390743921649622472,183551610608135334256281,1848459564905778324700
929,2,2996240000000000000000,2988895872476752928971,2988891298764190752033,0,2,200372775653154733,6530618636191042631704761,6526546602271657036198876,187081593529081261793549,189699627546870086606234,2419907449254895660710,6533730559077019426922030,183560868157098719801134,1849303180982874993111
930,2,2974249999999999934464,2981272931039966166534,2981277315369130963981,0,2,223501704028852961,6506609376005580122673560,6502552312103526712654578,187101218364891775756604,189719227928409349907616,2419907449254895660710,6509712051256511680543586,183579029548632565019171,1850010234941322153070
931,2,2990849999999999672320,2988625472675750254958,2988624085524461930464,0,2,136089225933731614,6524737496989600465476433,6520669124573827165346211,187109607971700878035761,189727604616844162731294,2419907449254895660710,6527849913722692321516787,183586539901028316373926,1850215947489999603209
932,2,3001780000000000393216,2998193974157816389251,2998191738772464241285,0,2,200877698634600560,6536649599273585440049274,6532573800191253918804023,187125368281794761606220,189743358429178981576712,2419907449254895660710,6539769120547205215364171,183601188440215301458079,1850519611556076430063
933,2,3020999999999999737856,3016603939634267885349,3016601199842244449874,0,2,282973763275620475,6557543426528733538340657,6553454600219007136222057,187172437641063502646645,189790407696233821880140,2419907449254895660710,6560675102734966589480394,183646444966621472124113,1850871081195137324296
934,2,3029320000000000262144,3034961571296005172241,3034965092820946832822,0,2,417742814716287745,6566568236200827445282642,6562473784022236613343679,187186961750821519132472,189804929018425049033232,2419907449254895660710,6569705755824194022139319,183659908724486413776445,1851337934752899432216
935,2,3048649999999999934464,3035344091205594230270,3035335816600731122337,0,2,522409571639077760,6587498362493347182439529,6583390875830551328115677,187203637116906477276067,189821585394140965981182,2419907449254895660710,6590648207065168129833958,183675417440836165298901,1852471321269074571521
936,2,3051969999999999672320,3053061865025305949509,3053062546322203208528,0,2,524498483578257081,6591068643519958061603797,6586958911178081438921282,187228220838417178327668,189846178315086380437599,2419907449254895660710,6594221517705777723206099,183698766851777158137981,1852551435579093729438
937,2,2980089999999999934464,2979797880506051772359,2979797698260394928531,0,1,615798004790138408,6512989652285563897982599,6508928604456142272944305,187704674230501566751196,190322343408603918419415,2419907449254895660710,6516110822422156123437312,184169803278073739843836,1852574060974281335426
938,2,3008300000000000131072,3023157637665073067488,3023166919060523044461,0,1,168277603998790298,6543763381315859833410381,6539683169854019770088559,187778801872427784298010,190396425781580751778659,2419907449254895660710,6546904852007308348599362,184240259111563359130177,1854444425977344744702
939,2,2990599999999999737856,2978666889280385174346,2978659466289182855082,0,1,127852471338296892,6524477381115125872267596,6520409186573284908114063,187874419583141680174376,190492038068165740468059,2419907449254895660710,6527616103111408477739845,184331103843276677783566,1856172767193282114646
940,2,2963600000000000000000,2963122607973095341005,2963122310154882638507,0,1,136435512520445390,6494945213498069229633269,6490895416943511936515569,187895297659199570407784,190512882624009216457302,2419907449254895660710,6498072294460558758283369,184349561591426491965586,1856250768703059108646
941,2,2972599999999999737856,2979212052471800913372,2979216180153579119954,0,1,213002177564234684,6504803808044875576903650,6500747869333924508285192,187903589200449540612533,190521169516853879504509,2419907449254895660710,6507938084293185372531506,184356404912711870685143,1857250957289050794943
942,2,2927800000000000262144,2922561292462416943945,2922558028320668023149,0,1,94808358952029212,6455599435104831424404139,6451574175044883305909890,188148115316791447090042,190765582065600644722639,2419907449254895660710,6458718108975938875342933,184593647032622234735356,1857999745436386441710
943,2,2942860000000000131072,2945193801458015706988,2945195257851135486299,0,1,356382004379628801,6472179189402209344248431,6468143588766339645217318,188186873441327721943808,190804328524761445579546,2419907449254895660710,6475309793392095060571423,184628875952352884791621,1858400269283848863042
944,2,2963510000000000065536,2976760892162144363743,2976769168879748792161,0,1,193364591921389385,6494862730043170115826511,6490813005028524115315872,188218078735136733346830,190835509386490082479433,2419907449254895660710,6498009526238032988870632,184657061640727648427330,1860565389416434071100
945,2,2944800000000000000000,2947943595216885827585,2947945557090901181637,0,1,1709916983236336,6474312554223723105808272,6470275623884613479308834,188312384552069057317331,190929804957800862695612,2419907449254895660710,6477455325332472397832766,184745976633251858814251,1861098986159203158222
946,2,2930969999999999934464,2932541878918236662894,2932542859775769612033,0,1,147828223863592046,6459090949141327457033331,6455063509078152803057712,188339305951472591719775,190956715772806581525495,2419907449254895660710,6462229465232802512100192,184770051635696331752558,1861365947265791520219
947,2,2924039999999999737856,2932056530327945572989,2932061535423563144195,0,1,221455924821056308,6451456289858205196533937,6447433617484099860356936,188346103767945266728085,190963510915993379512820,2419907449254895660710,6454593695350229659736952,184775513989199174433023,1862623404566778437264
948,2,2924510000000000327680,2934873205850245316915,2934879677378479824573,0,1,223948477166370447,6451978807319883931751258,6447955814182004179137433,188351460146703737592405,190968871048694639694745,2419907449254895660710,6455118869497829041242010,184779852786913166387525,1864004083031844601718
949,2,2944550000000000065536,2936947484801436973111,2936942750638350756430,0,1,197776978638420574,6474042216060118776275543,6470005459878777929688029,188360228935536882392037,190977622633296067899226,2419907449254895660710,6477195039499460146714024,184787504996827168419502,1864885591975997007154
950,2,2945880000000000262144,2959945482589468233926,2959954268775907061451,0,1,176008630984399054,6475517110184260206892447,6471479450501087917665508,188367693754521222778949,190985090719524348323885,2419907449254895660710,6478672950797141118303464,184794065137099709566127,1866274563561625335298
951,2,2946030000000000327680,2931144310218125965658,2931135057992561575589,0,1,48575681292290471,6475684375552267511227804,6471646614569738643449569,188385668773505961176432,191003077168849202516493,2419907449254895660710,6478843343954105298136644,184810555538857254007027,1867824404590709847322
952,2,2940889999999999934464,2939406741658824913056,2939405816575250114675,0,1,181850428752263316,6470012231519843848128088,6465977981671008554700795,188394579723092126175644,191011999507318134670442,2419907449254895660710,6473169759440698214714299,184818325500746277090910,1867995920672956238523
953,2,2923849999999999934464,2924921203199084376534,2924921871604949678850,0,1,99983156782470664,6451240746744818427480048,6447218201367918685111597,188417287519691465298930,191034690453179473400298,2419907449254895660710,6454390868683076706211571,184839402512735230326543,1868109471709424404819
954,2,2959810000000000196608,2947919802556114362122,2947912406409690589720,0,1,212602025559345394,6490803979688523057561572,6486756781676300058149448,188531364440873296875794,191148691849660786188668,2419907449254895660710,6493978208549048323557064,184949949876219474322440,1869316603165680322210
955,2,2954899999999999868928,2967261434039838917100,2967269154634558689240,0,1,16853243590397316,6485418971997400685486582,6481375132924686627619123,188535898883539564924088,191153233084748976275492,2419907449254895660710,6488592628856349679642598,184953732444382522221328,1870618740353818813085
956,2,2902909999999999803392,2887814399458081439998,2887805017805521946412,0,1,170955768374353483,6428119754430020945384331,6424111652773705861784346,188922182708193550918233,191539367679143836347560,2419907449254895660710,6431273904448824103029214,185333201791632056034365,1872221414689888981493
957,2,2962899999999999868928,2964404946822889228083,2964405885907917842528,0,1,336672438847096810,6494178305968862956093289,6490128987839364856821709,189457046709936458677791,192074033491594878007140,2419907449254895660710,6497377402916817174842694,185855862273072582144485,1872461787210370583132
958,2,2955580000000000131072,2968776310626944686949,2968784553238788361596,0,1,104058498399228641,6486167122731920557753689,6482122819608891886753517,189464253481805780175228,192081237300446079931544,2419907449254895660710,6489366774785769924559193,185861242802124824451662,1875147829445318942231
959,2,2963590000000000065536,2950593992539186641380,2950585910780192136608,0,1,123204494759132908,6494949915656521651243969,6490900135683645041168550,189466735506743769280545,192083725661574077611770,2419907449254895660710,6498157140940467655430200,185862795543980980127396,1877445080290091830060
960,2,2921709999999999803392,2908993402167451975174,2908985493968026015117,0,1,16644497700431433,6448894674717148537989100,6444873611164761216465366,189544747167717902105485,192161645271484899272308,2419907449254895660710,6452086141602612245183426,185936052824915263154116,1879561394395668956336
961,2,2924089999999999934464,2917688014789634618316,2917684027031214773786,0,1,191841782866508823,6451509277590784764505822,6447486569471840280506299,189566354196520329100618,192183261515427400357781,2419907449254895660710,6454705948409811755689597,185954908353471132659613,1880714380840572233620
962,2,2926390000000000065536,2939289083746682518206,2939297140591885095810,0,1,134322240695321768,6454057789176131853219937,6450033506598318071614682,189573509156321567359992,192190418578725681066426,2419907449254895660710,6457259175311468936593886,185960661056093536891034,1882759905016384236299
963,2,2932099999999999868928,2947242772082879064860,2947252232129029961323,0,1,5268936147269501,6460357137117723909200672,6456328933954089049690935,189578351893976666338176,192195269137361395488409,2419907449254895660710,6463565117113469356589903,185964375200988736373662,1885085176425714564745
964,2,2931559999999999737856,2916053590919482374464,2916043954606171366669,0,1,55372523042367116,6459763498970805917952682,6455735667557148083692213,189601337464870548104733,192218268023620210277819,2419907449254895660710,6462975522688622647715324,185985166396704035277797,1887215907067363962476
965,2,2929730000000000196608,2922994312523273651723,2922990117249898542339,0,1,144264337364367227,6457728531376823582915580,6453701945864984308562545,189619010452824032033657,192235954948135574946281,2419907449254895660710,6460942564359151741602487,186000814527381762173909,1888198837569133328131
966,2,2925689999999999934464,2922576031446269550630,2922574090132559373566,0,1,90056557246255234,6453271140331707360089213,6449247329948330232880739,189619695897875891440431,192236642100610023791053,2419907449254895660710,6456483716349724761497522,186001146822534105059138,1888604876982497331455
967,2,2929289999999999934464,2934411248640891621762,2934414445284271145345,0,1,93099225777785001,6457241774350192097089905,6453215490085303570712522,189623945880657301681986,192240891892768871786042,2419907449254895660710,6460457642662420151638438,186004648353528735963737,1889170714008590335976
968,2,2947440000000000000000,2946354548812966568469,2946353871765926366741,0,1,16193718088102398,6477213188353105216471220,6473174448368180164674919,189639836371218513779241,192256764666101120997195,2419907449254895660710,6480440489589869155576900,186019186852799289564270,1889284676562699989689
969,2,2941900000000000131072,2955196298289988257872,2955204603468723418207,0,1,120205679024793618,6471139388474608060052975,6467104456048307351416474,189641688128809067658477,192258614706985825292851,2419907449254895660710,6474365411484511865872652,186020594855504247388009,1890586647850925108597
970,2,2937200000000000000000,2926219074027114789176,2926212242046922285059,0,1,194147733789067346,6465963056884166849413344,6461931345694326524942926,189671845117281724547056,192288780630398668686734,2419907449254895660710,6469189180354642949788262,186049081699839611079185,1891587554668140489953
971,2,2942499999999999868928,2958679183560836530334,2958689291916495551771,0,1,98865440499109234,6471807121988275326572175,6467771783014906178065354,189696749054086492108307,192313689989230237101132,2419907449254895660710,6475039524875130183072967,186072273553038908900004,1893231487825861889039
972,2,2948050000000000196608,2937057510334794293820,2937050671109349037641,0,1,169528113300870754,6477894603679810567935185,6473855452757932491396101,189707237469369356727324,192324191774781472253728,2419907449254895660710,6481132595364297518859377,186081503705050129551843,1894503416402647548787
973,2,2932000000000000000000,2920442603440044151047,2920435413899598417190,0,1,18069435350296750,6460238139486442936220982,6456209999524110427914218,189709636052385940287180,192326582389040586074221,2419907449254895660710,6463469283161598984189987,186083308822432576725619,1895861497809273547542
974,2,2949750000000000065536,2945358772087375120027,2945356035376055776721,0,1,143136464331461617,6479752575316483464222019,6475712254050965916479297,189790394173393583914010,192407329955919538144998,2419907449254895660710,6482997398632623827798564,186160670564274855351988,1896369104575001035905
975,2,3041309999999999803392,3037913988544915771904,3037911871482861527720,0,1,66366158253512033,6579548768292462205606308,6575446220093213080913105,190635634756679537493813,193252092474035745660270,2419907449254895660710,6582855431254517273942856,186994883704684988657367,1896776347249896972668
976,2,3017100000000000131072,3023334275380154223666,3023338167074983119224,0,1,477031585576134212,6553311038961349445178000,6549224853858642803508006,190674352917908582930730,193290778649290186950311,2419907449254895660710,6556609369359163192229031,187029853332755143424723,1897898213316995580298
977,2,2957159999999999737856,2968419280078661858106,2968426311641893094465,0,1,367038736011310860,6487896202172145253734219,6483850815461369037871978,191071560222019074614447,193687784461668899738664,2419907449254895660710,6491174392666855984246001,187416353237311298909127,1899781235058822367719
978,2,2933300000000000393216,2930439102540156925965,2930437318876996748075,0,1,24902116903743416,6461658331159416467728217,6457629290924854292107010,191185969064102261488264,193802167484764523967203,2419907449254895660710,6464930435916268109006975,187524200393544556305536,1900322115320607876569
979,2,2930000000000000000000,2921220323757269613720,2921214858269999103484,0,1,150759328154008486,6458029085546747618603904,6454002316360603254419012,191185987191735169626508,193802185454224737033399,2419907449254895660710,6461300346102568416828859,187524200393544556305536,1901291800116535083627
980,2,2935289999999999934464,2932022406997166566252,2932020369985509249536,0,1,190688520441876474,6463850041381011370712454,6459819634839169310179611,191204640397068973375658,193820841549373813243895,2419907449254895660710,6467127920724404312447312,187539310900140831345610,1901860024952035173278
981,2,2948929999999999672320,2950357152242691059414,2950358042778656551136,0,1,118230116139797021,6478850252745717518927414,6474810492100632798558561,191231415975795340538788,193847606899452347977395,2419907449254895660710,6482138615007181033522556,187563446417928468383355,1902082584852238477280
982,2,2947869999999999803392,2931861112230379636344,2931851164716600740794,0,1,2396068068689603,6477709549776668485454844,6473670530069265858089154,191231991881890983781876,193848182858507230367187,2419907449254895660710,6481000067151486046252254,187563650165962540430657,1904442122145634266389
983,2,2976150000000000065536,2991831460956124567056,2991841257788484212725,0,1,111373602294691071,6508705252493883702605906,6504646904100870175417329,191414881206306129492557,194031040878877229921718,2419907449254895660710,6512020068487731162213332,187740204410036545362914,1906621276446973319459
984,2,2986989999999999803392,2992684329695357836625,2992687884191697427880,0,1,222772406820245027,6520528220004131390845680,6516462475324257304225029,191417019042857108127540,194033186030694333659241,2419907449254895660710,6523850919148569750503333,187741494361174934616676,1907602399171890662060
985,2,2969859999999999868928,2971208816626645509217,2971209658275304759774,0,1,226623133854737533,6501801364333029349843616,6497747292941882399467625,191464655700867336086678,194080807758260130329476,2419907449254895660710,6505118092481826445601432,187785774636955020735328,1907802965222000532293
986,2,2971129999999999934464,2970484712328247978831,2970484309786274715906,0,1,69159431376713565,6503191267807350552729657,6499136329607800897961701,191464656272895476994425,194080808342205882051772,2419907449254895660710,6506508788733405238454217,187785774636955020735328,1907886658208996898237
987,2,2967949999999999803392,2957780933448614122372,2957774605092661311104,0,1,63722497697808108,6499719686131030839444558,6495666924449490236466153,191465248348863005709910,194081399861151142462322,2419907449254895660710,6503037014157125772915220,187786082315967175906616,1909131250976864230298
988,2,2974080000000000000000,2964331754092556090951,2964325686940483629579,0,1,37527710940109601,6506427665961701718873245,6502370720648049587459841,191489810026587598258837,194105965341127312468599,2419907449254895660710,6509751450358666795164958,187808741335421903638272,1910255325883648814531
989,2,2999070000000000327680,3003724328070570057034,3003727233123366295285,0,1,19168785150042414,6533699094004018535798159,6529625135644840158218110,191600668192470423693440,194216793312804341574487,2419907449254895660710,6537040919422134563968928,187916005070165419150107,1910733261840212888689
990,2,2982599999999999737856,2970199876246082576360,2970192163722013342669,0,1,291114506408499786,6515746007482889408274128,6511683258588415150044414,191641236098085659412281,194257347035577453955048,2419907449254895660710,6519082733623861220665912,187953991860975767350597,1912231489194866164683
991,2,2967459999999999868928,2968327371152599257719,2968327912361986992038,0,1,10796234949774347,6499173620967399858476893,6495121187931993313741264,191641928023797767752484,194258034644119764124114,2419907449254895660710,6502502366286397500807013,187954322009969793888430,1912347269687170639339
992,2,2968039999999999737856,2953023298587363864748,2953013964978283979126,0,1,3505228382652532,6499829566832417507872444,6495776750751409951911490,191641935639595103643267,194258042283861970759874,2419907449254895660710,6503159566216546869378059,187954322009969793888430,1913255427229375074661
993,2,2976189999999999803392,2970402530968071858049,2970398925324270598625,0,1,123143321690860465,6508729604834412888751495,6504671217108274606678697,191691618347148062967792,194307734185967756739911,2419907449254895660710,6512068160519461767145527,188000229305121786547391,1913895599024448781272
994,2,2974199999999999737856,2974866828375968447566,2974867244446563950775,0,1,32058348619326036,6506550201518030162785610,6502493168923935344318186,191692945936490043461227,194309063469809788217492,2419907449254895660710,6509888128037405517244639,188001141980578077442485,1913968275091282903841
995,2,2985609999999999934464,2980269814974961468342,2980266487602823458084,0,1,70722671711627925,6519021448184674406245197,6514956642593099446381727,191703534969883542764878,194319645079463761461768,2419907449254895660710,6522367323932836016905258,188010699977609092689689,1914481217827883592409
996,2,2986899999999999868928,2979712811483245697481,2979708335356659839588,0,1,120652867858691630,6520431759362433933954044,6516366077039873239437955,191707559924124814108752,194323671566874806335017,2419907449254895660710,6523779554605546534873582,188014149191111746030825,1915099080584031765182
997,2,2992089999999999934464,2988775444477413126631,2988773378180963527732,0,1,113403133550701616,6526090478477242515608452,6522021263122887537782268,191721577003126042313863,194337690060721430504474,2419907449254895660710,6529442347101928585208785,188027246881880879872112,1915343945214737563666
998,2,3001300000000000393216,2996741084083323728589,2996738242929811498793,0,1,210970134929242782,6536127677072470544588069,6532052204322862759733223,191735864359910744319907,194351973230467267418648,2419907449254895660710,6539485909054922631533895,188040652472764280733191,1915664604643171061330
999,2,3019630000000000327680,3006994940965552082808,3006987082477310027299,0,1,291378470983552086,6556069031153690478326242,6551981139962011756727875,191783310239136111490490,194399401342764451467047,2419907449254895660710,6559439871963357049725338,188086584246491222764971,1916493675856427708432
1000,2,3015150000000000327680,3010529816728743604066,3010526937421795818559,0,1,385870556940295597,6551191378314509598916250,6547106512934485479294776,191789317030825356778212,194405415979796664232985,2419907449254895660710,6554560560345903222474255,188092050840424877560827,1916794545867195248184
1001,2,3045229999999999803392,3035489862195637707125,3035483799728121373399,0,1,417311038726246131,6583795072148579523254780,6579689885496879829006166,191897406329757790303715,194513455912281956075709,2419907449254895660710,6587183620775295017079858,188198148173844158137080,1917356791618527353223
1002,2,3084940000000000131072,3072153509683110565066,3072145556774026615480,0,1,590602593653972414,6626588384966782425319928,6622456522657199194096894,192113703823629890180396,194729671974299363787434,2419907449254895660710,6630003346679808951708376,188411033318360462448920,1918245621230616994130
1003,2,3122749999999999803392,3112688443397015260717,3112682180982611027949,0,1,728652567916216032,6667067797370821655220379,6662910687924047389177766,192336084850588566887833,194951984785170613257010,2419907449254895660710,6670509086201118493528390,188628934840241463514296,1919144506725423141375
1004,2,3124710000000000065536,3141039503568855721543,3141049705149894755499,0,1,810660176775471118,6669173734390662473854431,6665015329225483642433048,192348471567339706520944,194964376703933591139654,2419907449254895660710,6672619173637937024994319,188640009357937590430957,1920887518390613031103
1005,2,3124720000000000000000,3133006821204402097584,3133011994939741026954,0,1,848035010357529279,6669167605038420168714157,6665009182768672115839914,192371092468872463033765,194987011699651025820188,2419907449254895660710,6672615905023700069044899,188660730115353497222602,1921838950490312048872
1006,2,3089840000000000000000,3095076372975121759482,3095079641434493861370,0,1,734293058633537568,6631837082025408655569379,6627701932150012535909499,192530658810054650592043,195146516510402938811628,2419907449254895660710,6635271140949334657537903,188815849923499204017113,1922390706599429405844
1007,2,3097550000000000327680,3080231040918742214250,3080220280664198339721,0,1,289971413080518399,6640129768321658555852109,6635989477243786614922736,192531188551063914561080,195147044522424595885103,2419907449254895660710,6643570472601213857054487,188816081837140529120592,1924442469070039050555
1008,2,3100260000000000393216,3088132698318405543948,3088125154084371829078,0,1,152817034745533722,6643020459515660581099696,6638878349396008892406024,192566071161455470186739,195181942971255182661037,2419907449254895660710,6646466365166096325898709,188848651010140764297968,1925818123685333749582
1009,2,3112140000000000131072,3113359333871462713672,3113360094712258122198,0,1,205756622320102351,6655723454062403375691202,6651573407500497191563516,192615963661463532222595,195231835826092133292557,2419907449254895660710,6659178576403345784642904,188896056398637844627594,1925943631643765240534
1010,2,3126290000000000196608,3121480530348717243596,3121477533091821288923,0,1,356081931508467315,6670838966987548447175108,6666679497747361581813238,192630287953340342540878,195246149498256676931329,2419907449254895660710,6674303858924146731355478,188908992367497693303749,1926463004421539079195
1011,2,3146640000000000000000,3157633873798092616705,3157640739075557000579,0,1,398937626349382202,6692523232801754095860082,6688350252978761565259465,192684200862314214268970,195300041680666449608126,2419907449254895660710,6696002928981188098835406,188960447188765249888875,1927522917830098580168
1012,2,3140550000000000065536,3129816253555131435442,3129809573748008178587,0,1,553483238825677403,6686043378644263616242611,6681874438734486366947497,192708797910528997058169,195324643098990925508544,2419907449254895660710,6689522831693369427091551,188983115598454577883855,1928715776146283967334
1013,2,3139000000000000262144,3145732724905318665762,3145736927835507869253,0,1,260493611478834404,6684387288207651260024134,6680219373493262350438377,192715970909154411201605,195331822072210408735541,2419907449254895660710,6687867765465167290887360,188989195416512941354320,1929502276682961016816
1014,2,3134550000000000065536,3140013503722780894052,3140016913994600104145,0,1,343941791053390403,6679646249805983826815020,6675481289648942226327119,192726560062266164016752,195342412564720521322946,2419907449254895660710,6683126140813599197612812,188998518757334838455268,1930117010702546035199
1015,2,3131810000000000196608,3140860477043897314147,3140866127889752192657,0,1,282845541766106526,6676730595111866472224233,6672567458460362842689819,192732271494981111667594,195348125176592074621796,2419907449254895660710,6680210696824528442145611,189003404959038113622864,1931018809187842640621
1016,2,3143880000000000262144,3132711573288352220210,3132704623676649861930,0,1,288485403583003744,6689587913951187292134541,6685416764904731827536134,192733043589966543023169,195348893903420480739705,2419907449254895660710,6693075936106991188520510,189003919174121578096572,1931968462190770228912
1017,2,3185040000000000000000,3175429477589220364297,3175423494981298722097,0,1,183052594756902920,6733232930499329663521867,6729034563834724726735801,192964019006986249852297,195579787127760552015978,2419907449254895660710,6736748645947177877018013,189230792663280694429702,1932726818673139686845
1018,2,3156300000000000131072,3169222830078207710428,3169230901125769124433,0,1,456053536161081641,6702791983102340460637883,6698612605147932329198684,192994609700985353543594,195610339686010994733785,2419907449254895660710,6706295039196044367128851,189259468677271509413533,1934021336634856487230
1019,2,3179500000000000131072,3189760730502213342038,3189767137532476107177,0,1,377805534136938835,6727375601264933550406778,6723180888123997200971624,193003424051360864897368,195619134687565386524431,2419907449254895660710,6730893374348299748247859,189267361614623407544073,1934939408215212270716
1020,2,3195260000000000131072,3193860128673489554236,3193859255553579730809,0,1,485251995846680935,6744019375675181902723852,6739814273953835311095285,193005925401152214778313,195621628651215979860459,2419907449254895660710,6747546508296643213063722,189269356927369037021968,1935069829918439566345
1021,2,3223250000000000196608,3235734066965646111235,3235741863551284191838,0,1,505238028207526082,6773505760195940530212041,6769282288379738919252766,193076965885540216376676,195692629077480442940775,2419907449254895660710,6777051735868302447386056,189338013277532306944238,1936070611645586958278
1022,2,3225680000000000000000,3235371785469283659246,3235377836901862243042,0,1,661877292652415305,6776053509934846985605678,6771828443253792236962284,193085168938826594492479,195700839715493759229742,2419907449254895660710,6779602841655721985309037,189345181288703329868630,1937048925521667289149
1023,2,3225689999999999934464,3209127871794571483384,3209117578210134273790,0,1,656573368114622433,6776078834266724545028352,6771853770254819803527005,193092776594876963830980,195708452120802904304674,2419907449254895660710,6779630441846716022559837,189351944282872260261969,1938460653627801737174
1024,2,3218760000000000262144,3233175424740764173501,3233184428860063074642,0,1,301191785672860283,6768790607429015158420309,6764570080938732510701494,193100376158504457264343,195716063211700190491443,2419907449254895660710,6772340664247820929030126,189358622548964864452229,1939790739804776446767
1025,2,3237539999999999868928,3247691603570027490929,3247697942314374757433,0,1,432482624232927249,6788499667723377329285131,6784266841347208481527169,193101920426936620605430,195717600151843573120863,2419907449254895660710,6792061500342342137129690,189359743820406323200483,1940775318496298545691
1026,2,3271989999999999541248,3258731884208410603909,3258723637381984030556,0,1,498938949790339478,6824527315153177092378311,6820272031597712205264987,193149317187818157364671,195764942556854832770621,2419907449254895660710,6828111595249607107178337,189404896203869946635608,1942011738956142754391
1027,2,3222340000000000393216,3212669810619096794791,3212663790793746201079,0,1,546290518284109447,6772544528538895440607849,6768321649844314762895053,193256086651245005790089,195871597361786090976677,2419907449254895660710,6776105586776624784229477,189508537644443039391881,1942859446342690951999
1028,2,3296050000000000196608,3288171872476419053096,3288166965978946121185,0,1,54495760306879284,6849563623353418229171034,6845292717482991729198471,193818195804525773770543,196433438190101386028570,2419907449254895660710,6853175286360746486976695,190061597878729235068562,1943729770113296446532
1029,2,3265350000000000065536,3280112592632188189507,3280121813695751492017,0,1,412935414091380828,6817602425637481017753467,6813351464042936122371861,193859534575750995044876,196474733485078235984182,2419907449254895660710,6821202870281406177444889,190099512921367713966168,1945935603960811934753
1030,2,3253600000000000000000,3260882617545366350351,3260887163854216598872,0,1,349358877745374804,6805312121527389854684418,6801068807007983771881501,193915562881433071315100,196530765653417335748502,2419907449254895660710,6808910620319994520787447,190151991524329328865317,1946913114289312565029
1031,2,3218499999999999868928,3226882306097279706761,3226887539384861605184,0,1,197474364603158697,6768506052133868152986317,6764285689156096892359124,194060368259837512885295,196675511587445469866514,2419907449254895660710,6772091623274673087499781,190291416108359584829802,1947997625315906855218
1032,2,3162649999999999934464,3151146363927763813052,3151139206188176921882,0,1,31216771877869689,6709528233754291679479816,6705344651990428885419556,194399417733681388893237,197014404318098398510704,2419907449254895660710,6713092820491274191741816,190621936761610933979128,1949549494284760178026
1033,2,3143000000000000262144,3153050060151372221247,3153056335588137753588,0,1,358041719572884241,6688649543435082037303497,6684478976913742916521211,194405019982296467943745,197019993251955756456904,2419907449254895660710,6692206275026429500564305,190626121417088798134291,1951313206250709977521
1034,2,3166369999999999672320,3175877797322015237722,3175883733871935843982,0,1,344472541364158344,6713469444942250361447418,6709283401236727537694237,194419933086704303750505,197034882987986754214033,2419907449254895660710,6717042826769562624299243,190639035206759355307728,1952735047472185874571
1035,2,3139889999999999672320,3122240919725597040774,3122229954613290575118,0,1,178941167956911055,6685357548183367152549151,6681189056775540307074562,194528466064103299916362,197143383876497952997518,2419907449254895660710,6688923791854187208171681,190742317653139026736414,1955286148996445998937
1036,2,3124249999999999934464,3135355827511779146732,3135362762805441510807,0,1,388186958333406264,6668670668426008499117114,6664512561802961908273042,194528810994111088994354,197143732365677801802197,2419907449254895660710,6672230247641831510968640,190742321173485311146172,1957136104475502981579
1037,2,3117590000000000065536,3129250933464850536741,3129258215744060326765,0,1,292799789527334937,6661560156670180193470898,6657406485051521730276449,194555698429590602814450,197170623959741062772041,2419907449254895660710,6665120457510872733353962,190766475900371074262778,1958914127822494622766
1038,2,3101760000000000000000,3100675956733078409096,3100675280554692692116,0,1,318419054349225646,6644614655336060407673414,6640471535416577197232705,194620369207440165690881,197235288508160507610689,2419907449254895660710,6648169774660958131662945,190827438417881711925195,1959060870968590129455
1039,2,3109139999999999868928,3102987047676480153705,3102983214432560476385,0,1,432298845212792338,6652517867583617743026162,6648369823712138219422876,194626548727375712673991,197241465163090257089497,2419907449254895660710,6656079241881757250010230,190832440198926927717282,1959911331136248215199
1040,2,3104640000000000000000,3093299774736171943684,3093292718754801619885,0,1,409791306823906565,6647709744729104586948422,6643564708668420627286572,194626784400885917807590,197241701783595478614423,2419907449254895660710,6651270092765058635951051,190832477224139623442979,1961256993779867446937
1041,2,3116979999999999868928,3106976772024858026610,3106970545855003721489,0,1,452285645481665116,6660905409070955370627815,6656752141965908081653939,194675207967384187935333,197290124110651195655112,2419907449254895660710,6664476529165980704666564,190878296949498006382181,1962346497037735971291
1042,2,3108110000000000327680,3099472985783030323424,3099467608224227123949,0,1,297247228286146875,6651419024442001955832493,6647271669689894585637460,194675318534017138070533,197290235826092462129886,2419907449254895660710,6654986077964579743072329,190878296949498006382181,1963240517671430391114
1043,2,3087550000000000327680,3081784393844908486575,3081780801613279409857,0,1,342507404304854252,6629379590059707914549421,6625245973151588394813443,194687628320057628502378,197302526863336585816191,2419907449254895660710,6632936509332382697263609,190889491584781564484219,1963784677288232785267
1044,2,3109929999999999934464,3126878629099873870049,3126889218058291210630,0,1,442490624617762792,6653384285267321877931426,6649235727694197368656698,194756369521929529504952,197371242820073462630684,2419907449254895660710,6656958338998967248597931,190955563568674111266756,1965349612537838358577
1045,2,3077739999999999606784,3092785274992877867376,3092794673485285606257,0,1,7968753477561196,6618856309613207230668954,6614729275195272508800432,194963950705518669117065,197578783284069612297310,2419907449254895660710,6622419350527904743631782,191157408400878445196367,1967107270085030011626
1046,2,3084829999999999803392,3092717620397723275237,3092722544782065084382,0,1,210840263519140494,6626461353863396671539937,6622329559688628924392224,194969445108852422763589,197584287226669784311997,2419907449254895660710,6630030520086897382567630,191161882535836716942078,1968109536081460751840
1047,2,3083159999999999737856,3074034278408222386866,3074028597345634639704,0,1,211242200540420708,6624669340491520229491677,6620538666027967789837146,194977378095174615330473,197592223425543336074194,2419907449254895660710,6628239570906191863521355,191168773531396846978775,1969093300202811109173
1048,2,3089449999999999934464,3072105385216718644740,3072094609209149991856,0,1,323522741654405644,6631442430556450108144231,6627307556524064565695800,194998120230178889871375,197612967946736613946852,2419907449254895660710,6635019832553291061061353,191187843084701861039768,1970936182314710266477
1049,2,3093810000000000196608,3101897933236305999674,3101902982751759469717,0,1,335058122654000206,6636099468702060127519505,6631961665183568190941871,195039234785817928905765,197654097820501321499562,2419907449254895660710,6639682182014785743458634,191226916391808209513110,1971678550998291964664
1050,2,3092310000000000065536,3100745626704926766282,3100750893444123620906,0,1,20328165582451105,6634491055217733874942033,6630354255217705298510580,195047182759805860052459,197662049194370543862328,2419907449254895660710,6638074768363808836785814,191233865257070896418668,1972544632840843464640
1051,2,3088849999999999672320,3081019365972829998706,3081014489586232236563,0,1,30678016380630450,6630777524216582028547303,6626643038701799587384186,195059428510532753592326,197674298127830797474933,2419907449254895660710,6634360985959190966408236,191245050946891522562525,1973234689095948547051
1052,2,3083350000000000065536,3089817825248413224572,3089821862766394520383,0,1,201211250781741027,6624869820056722371337833,6620739016051705702357643,195059902008392037963966,197674773313437371815076,2419907449254895660710,6628450900710904990170340,191245308221802173859507,1973823904888932148803
1053,2,3093760000000000000000,3089270770394271733611,3089267972526995360825,0,1,99526286725890212,6636041939379394803588222,6631904166864529998756597,195061250571349722282368,197676118274546710411874,2419907449254895660710,6639629782063737992173524,191246323468571945404570,1974204949825269748842
1054,2,3091980000000000131072,3080452934817600101397,3080445762990264392802,0,1,105060497828666906,6634142455742849573893563,6630005879850605437943208,195061887796637376047695,197676756419088039771976,2419907449254895660710,6637730299361324514640110,191246762195415259573822,1975032303780434109566
1055,2,3101869999999999803392,3093062724830116498654,3093057241513456526400,0,1,198601959882748335,6644739089422305392734011,6640595900158687390110138,195101759790196769089766,197716630335290199800702,2419907449254895660710,6648334765242417493571983,191285146172109595311069,1975635289221866847333
1056,2,3114440000000000262144,3100812975355781509298,3100804501126876269596,0,1,19444651349889827,6658198302762393649155939,6654046732839084503807503,195141241904956718158965,197756108146131665395134,2419907449254895660710,6661803670457017782031670,191323157321881204392587,1976558910997807939150
1057,2,3120929999999999672320,3138332265905068722029,3138343138621915533040,0,1,79695534258799692,6665141748086302698066960,6660985860861008523936695,195176082413442089698673,197790956366426414171115,2419907449254895660710,6668753289437416619888143,191356685121379215919363,1977646756246256203351
1058,2,3119630000000000327680,3129980760396487071207,3129987223789633707361,0,1,406199753953032242,6663736831054427807122738,6659581799139884109838820,195205841029466088770658,197820730913125865701475,2419907449254895660710,6667350111570044795799342,191384830909874898130213,1978520082807778659837
1059,2,3148749999999999803392,3131027881837624319138,3131016871409310477655,0,1,287170423440630149,6694783193979338137614787,6690608825527510923087552,195235753848182635469485,197850604433421860880888,2419907449254895660710,6698416178033034194307880,191413289127210985800081,1979891783966356481630
1060,2,3132010000000000458752,3118986705185984289809,3118978605071151872797,0,1,295971117509379253,6676951323267971957177301,6672788058380159220392601,195235835940910665550103,197850688325087884088913,2419907449254895660710,6680575597403649642242407,191413303305523037792432,1980762380604416199746
1061,2,3112260000000000393216,3118072101498906559963,3118075729475172790669,0,1,110210627223554741,6655854539234221719499820,6651704414388563802354198,195239714129401414789115,197854554776880018734462,2419907449254895660710,6659468227017906602089750,191416735873149629586228,1981153111452623885236
1062,2,3127699999999999868928,3128243463764721320447,3128243802857128925786,0,1,96141396315790172,6672341165936701114290219,6668180757596400765866041,195247641693468607235459,197862471418996105533611,2419907449254895660710,6675964401926891971988256,191424110491612444881636,1981184717973173379073
1063,2,3119600000000000000000,3121652926574733034346,3121654207646555581892,0,1,224526715574149957,6663696010921398464751983,6659540993517328245116240,195254018469041476492577,197868844717797088907836,2419907449254895660710,6667315170124377365424499,191429990259038552250044,1981303127160523279715
1064,2,3092659999999999868928,3099796613312126787565,3099801068552114456128,0,1,104953845396969816,6634864754872532868445262,6630727719680289688476027,195326230033578830931289,197941017604161141171286,2419907449254895660710,6638470218698234090235994,191500660713662943516518,1981689278080901779807
1065,2,3113200000000000000000,3097783622079783409915,3097774039274868790111,0,1,200885536290551910,6656877211251976901992426,6652726470676732426852787,195341720610380428942375,197956488209993740745645,2419907449254895660710,6660496468380696612447261,191515305182034512821739,1982654752683851664915
1066,2,3119520000000000000000,3105105676958203438599,3105096714790311271566,0,1,224241067991263840,6663628073597193633169080,6659473120366469847313182,195382444923661943737336,197997223149680749236388,2419907449254895660710,6667253035591519984002490,191554798635988330149663,1983444091889018130086
1067,2,3131400000000000262144,3134068073704057372389,3134069738722075352726,0,1,88250127167504883,6676287195670717554945265,6672124327583991301663694,195441785547829073770714,198056567377292608983471,2419907449254895660710,6679920614530611707154120,191612727333958409601702,1983585420814052333954
1068,2,3183059999999999868928,3190855233663172078308,3190860100237813880402,0,1,281170638257285792,6731137077116525681134629,6726940013975310440703209,195644221373551048710757,198258863119858137364009,2419907449254895660710,6734804230591167193621105,191811936319298398552910,1984106248028605900679
1069,2,3215520000000000000000,3200029406257769683834,3200019776343279908180,0,1,594442792315122249,6765385856088982411296441,6761167456084458408071587,195694362652070645341125,198308953285098681471371,2419907449254895660710,6769075779943668941548851,191859604874151544482049,1985673491219061268681
1070,2,3324460000000000131072,3331960306077308853254,3331964988303013146384,0,1,625169213834284077,6879019320412720655386076,6874730047347838871411623,196945704686652304360067,199559712389798361394652,2419907449254895660710,6882783556263792859197874,193099834579901293451549,1986348027876059990283
1071,2,3350849999999999672320,3360965643120166576533,3360971959226732836339,0,1,833724897745827425,6906272088968885006611829,6901965827303822182123241,196973294411698016923205,199587271205892040830566,2419907449254895660710,6910056372449473620041725,193124138067918497788657,1988115144626157186364
1072,2,3335209999999999934464,3321808376889533357542,3321800040586289982955,0,1,854200157581522302,6890141957586530728776876,6885845761173083682130847,197024261900551675150571,199638231804290421760334,2419907449254895660710,6893924092997161272783373,193170693157658503268115,1990389450750741972394
1073,2,3284969999999999934464,3270135787756409486164,3270126563790834191356,0,1,550496509510353988,6838053801565350399074673,6833790088124872453583720,197130561842837848298491,199744417657532428387665,2419907449254895660710,6841816377820665612681240,193270698743304157880975,1992960848059901316890
1074,2,3345910000000000065536,3334034716920019362314,3334027327445220617908,0,1,232712925425891947,6901182483163402372516553,6896879398837333800870766,197583231530583370604178,200196916509203725364597,2419907449254895660710,6904996265078814753538362,193709209327928522675303,1995184149659114280810
1075,2,3367830000000000065536,3368966173465607691917,3368966882406265237212,0,1,408700657230510838,6923740533588708574866085,6919423370160824746850800,197671263400802108683575,200284932160942510082073,2419907449254895660710,6927573949248789277576178,193790370688666560582975,1995415515598701431272
1076,2,3355619999999999868928,3336970820184485185528,3336959233171125684118,0,1,483732085627910187,6911204929891937926549202,6906895616097909745029830,197684874894170609909656,200298536609470497264791,2419907449254895660710,6915037748784280534317115,193801315650460731160048,1999097517326755079632
1077,2,3286699999999999606784,3282702866903814192935,3282700375290905852137,0,1,305323974816741484,6839837916440143224512428,6835573070311014940582789,197881876132815053136147,200495324949169991017139,2419907449254895660710,6843641677908664487245770,193988851847084558823109,1999869494366021095451
1078,2,3330489999999999934464,3324236193939745549023,3324232297568032840112,0,1,50083346595892189,6885253843800443743181478,6880960681666377036970720,198061641635238450212443,200674997233127526379598,2419907449254895660710,6889093977280647468961593,194158802349323715694208,2001154885511576425780
1079,2,3349699999999999868928,3346374875854782440680,3346372802790565704129,0,1,192522266283110498,6905079892066553929169773,6900774365057167321645867,198111902034643470119393,200725241725359025537133,2419907449254895660710,6908936970402020387873219,194203897986241139740417,2001835042319378343031
1080,2,3330679999999999737856,3338433240926072030596,3338438081138338542141,0,1,261318847314119880,6885451850858935985762913,6881158567271576174659326,198130923756842003244491,200744246577194204208613,2419907449254895660710,6889302408751313919351312,194219948156475432100308,2003303488849979407613
1081,2,3295300000000000393216,3282036640006976506050,3282028389750198783127,0,1,217630430173208496,6848793309070525324887615,6844522894754942649592021,198275702608446134721041,200888967418985761357414,2419907449254895660710,6852632766631413948909414,194357592934176033127637,2005503611038377965129
1082,2,3318699999999999606784,3336358247152412583327,3336369279103715917378,0,1,57705357536786825,6873077231630154245761617,6868791688335759088560555,198381727897293829045221,200994974556716879889351,2419907449254895660710,6876940301098661582727321,194456806121036033126171,2008689714976601118468
1083,2,3295190000000000065536,3286552290664336386811,3286546912034942555254,0,1,158092722050825949,6848670971934498134185586,6844400623899187038814743,198513700375013947690919,201126935003867931311057,2419907449254895660710,6852530119552745689595982,194580672670199337477562,2010376784403742568759
1084,2,3309239999999999737856,3323291052831907156716,3323299828850522075770,0,1,50685406062567572,6863265581824878142083815,6858986145444566653984601,198554302713365848489998,201167531333466882426173,2419907449254895660710,6867140444609434621406675,194616603634715594819253,2013204466327035023706
1085,2,3301469999999999803392,3315916326341686369576,3315925349531796862094,0,1,91695414060583962,6855204424099751432868129,6850930015260684031100426,198591490803785414623712,201204726037740139118519,2419907449254895660710,6859082016060075481377110,194649394665272605676840,2016084227395219473540
1086,2,3263489999999999672320,3277866816841735857090,3277875796682326504174,0,1,57987457867207386,6815659563236811038065495,6811409811982271937965281,198807873717039311676020,201421047883894665555160,2419907449254895660710,6819526535230811845731404,194856649769000448071165,2018621554382987036630
1087,2,3275989999999999541248,3283930285006306383556,3283935242105547051317,0,1,109972187225130105,6828688455887733714673350,6824430566445200287286714,198808153716308712403200,201421330391912986965082,2419907449254895660710,6832564570862999861032525,194856649769000448071165,2020032482611422382255
1088,2,3295440000000000000000,3300522355547247425390,3300525527750682284068,0,1,77739356278021417,6848926900123808572017308,6844656387692303698151367,198818633537781447404834,201431794643607271067833,2419907449254895660710,6852817099422642372967117,194865344658599129844075,2020820893212658793743
1089,2,3288590000000000327680,3285460121884123318834,3285458170486962937846,0,1,14110613494614296,6841803749641350382490928,6837537677143378785355102,198829852176978943827638,201443012238853007734880,2419907449254895660710,6845692089117777681498283,194874830604210496491641,2021273728417295942846
1090,2,3290979999999999868928,3273972816828120670118,3273962246902271667033,0,1,70474761013595131,6844311647641354982949161,6840044039038326807766733,198832263058059304890275,201445423321943402418640,2419907449254895660710,6848204421103989246208543,194876495907809363271962,2023535702206910233649
1091,2,3302499999999999868928,3291292487089265680292,3291285512321728868363,0,1,135438310375140039,6856267257550699620896611,6851992177991150772894618,198896768293790069183541,201509936324901350552885,2419907449254895660710,6860171744271482679197702,194937474512048013552042,2024905560622564496200
1092,2,3329379999999999868928,3345484193011830823433,3345494252861229018668,0,1,10303655138415645,6884123370962963062225742,6879830934886200666829940,199010685463042280274003,201623824404237758621443,2419907449254895660710,6888050032876527661596030,195046963922828131449968,2026741956313250937495
1093,2,3315949999999999803392,3306038911641103452426,3306032741796770907103,0,1,279034895304513678,6870212506608848999962642,6865928729008649276679303,199078209877199971026326,201691352490659668314333,2419907449254895660710,6874136731691801566429667,195110363904664696083468,2028108290362604055719
1094,2,3309960000000000262144,3296223957277061121646,3296215413800619484445,0,1,27587082275729723,6864011605284340306919665,6859731703033703884953425,199079415383811838448402,201692561042210394211063,2419907449254895660710,6867934894794954161290131,195110985275035171202540,2030118808345370411570
1095,2,3315539999999999868928,3307543245986070504819,3307538265689448780360,0,1,28725479774870488,6869785073438509508782610,6865501559006872682165038,199108732230173824439662,201721885607790036983925,2419907449254895660710,6873715309002524325682360,195137722890321721326148,2031176743462795317665
1096,2,3306940000000000131072,3314119053392066260190,3314123534973698304874,0,1,42454698172056917,6860868738328296416117086,6856590782289164936143023,199108760763073044770051,201721913654052109698450,2419907449254895660710,6864795450908121225551882,195137722890321721326148,2032721879927519724254
1097,2,3321480000000000262144,3305347521018692418693,3305337492367877793054,0,1,85580816254714306,6875951510163320545125818,6871664169913021637210285,199112991431464812036171,201726136532028840883419,2419907449254895660710,6879888604067394332904445,195140558829030577818507,2034443354547066319130
1098,3,3333300000000000393216,3333651551368389245729,3333651770713949162794,0,1,13896173077884704,6888154811498038094842750,6883859836743156029878800,199174051897709836212253,201787202904767682084826,2419907449254895660710,6892101719737986997751900,195198843112894177809188,2034477905990275768527
1099,3,3346290000000000196608,3347316770200167924957,3347317410871339394524,0,1,211080831880523669,6901563536159695458165603,6897260200745059332266711,199186404568463655845201,201799547443941941229777,2419907449254895660710,6905519558178377473993830,195209885130409145729790,2034584895306634298311
1100,3,3283350000000000065536,3299928031842875267791,3299938388232612534248,0,1,291092049534331320,6836371653579878890049524,6832108994198166761442060,199504545133288520554730,202117495946263789162983,2419907449254895660710,6840298235051279366435004,195521895468796146844317,2036218275603974893048
1101,3,3211200000000000000000,3205790829846177556394,3205787459226669377039,0,1,88131134740453699,6760822428596327634699615,6756606852451785173019167,200132370843372374964271,202745074689129948216415,2419907449254895660710,6764716816083910595478709,196139468969444791892398,2036861882952440396626
1102,3,3206400000000000000000,3208565114341282909110,3208566465426565585995,0,1,464052227635326314,6755765591990081842642562,6751553166422350354356110,200132401329966674517360,202745105494842499249484,2419907449254895660710,6759657274720259809306524,196139468969444791892398,2037028641272768009496
1103,3,3223000000000000262144,3211967234366487671813,3211960368501879002359,0,1,443132631944444891,6773240376860349084142722,6769017067158729315527299,200149460615952664872257,202762150945358941689999,2419907449254895660710,6777146217969739459161368,196155722340219632534479,2038675667059956605466
1104,3,3214989999999999803392,3218818852632631941230,3218821242239939947817,0,1,414011293141072032,6764809757154427694624431,6760591693287645999128153,200150208826315551874735,202762902091481322507240,2419907449254895660710,6768711641066395415424199,196156072932884709302750,2039174379716711051113
1105,3,3218790000000000065536,3201087687271299937258,3201076688079630197998,0,1,349588696971376117,6768830989158745156765199,6764610448493613871133716,200150208894299087112986,202762902171142363377281,2419907449254895660710,6772737149221258376160558,196156072932884709302750,2041127980773288150180
1106,3,3188110000000000327680,3175584634181071438485,3175576842416843087133,0,1,428935911957752989,6736482525844838266931198,6732282139639020787111660,200164105401349610654814,202776766529755663822969,2419907449254895660710,6740372996587007598523490,196168588092041841247116,2042526322088154733272
1107,3,3186989999999999803392,3189240393165614311495,3189241797477843168661,0,1,527199631672733393,6735286513952184617205119,6731086857757950753772143,200174926709356065916829,202787595898244895252758,2419907449254895660710,6739177901835918087359121,196178070067530375830888,2042786735759425400139
1108,3,3120599999999999737856,3123380195575874624686,3123381930580680652705,0,1,377596369319517478,6664764262396795180493049,6660608579279675532803368,200569307794936035456134,203181747028522827389457,2419907449254895660710,6668622694039944397775749,196565169306696685495609,2043096626940215590911
1109,3,3107030000000000065536,3097089515300157725722,3097083328136520931958,0,2,601134581230249346,6650265412058305730504198,6646118779232883194262965,200592207152113923683388,203204636951697721554737,2419907449254895660710,6654119290854550108475589,196585699497379452881226,2044542950926785157806
1110,3,3030519999999999737856,3038144113234662950479,3038148873057890613601,0,2,659428260466783950,6567871050845310951247829,6563775789240586781083762,200979822843548798661186,203591939724769828152103,2419907449254895660710,6571688041523527301526669,196963935571857796191826,2045675105953874791585
1111,3,2993459999999999868928,3000189336265771736100,3000193537188689608020,0,2,755136792142077533,6527587482616388464700027,6523517337713806126106299,201158958045897731391911,203771001091571525492410,2419907449254895660710,6531390036836229064140931,197135409784498099632918,2046861498900377544814
1112,3,2937100000000000131072,2934616834024164798036,2934615285711492054761,0,2,798681030425765180,6465842225023156374854626,6461810575765038751548160,201524020641812777348748,204135884135613893396819,2419907449254895660710,6469620685871574716431964,197489282673754754695667,2047312587405997970979
1113,3,2978829999999999803392,2962828926187935663158,2962811272460011720748,964002559438414,2,852811330617949813,6511644713760587783137702,6507576094158430181349653,201706032048497391512144,204317794888514888774584,2428337825617029296085,6515454311556336668678603,197661875053652412801902,2050703285683694996324
1114,3,2967910000000000065536,2958811518171950415607,2958805842706016952594,0,2,629625606267573808,6499682427281409161444461,6495621239403236026514443,201708417415810938619503,204320195373581900423444,2428337825617029296085,6503487922462183898520623,197663219339363226295513,2052564061620304549008
1115,3,2940940000000000131072,2954563535433408686849,2954572062998697814984,0,2,636922614085514118,6470092714784808172989538,6466050027453629417786885,201738102466194716723797,204349843093347097736410,2428337825617029296085,6473886494914610017955075,197689754370597210432359,2054975145517800431644
1116,3,3000820000000000393216,3001619306421295395187,3001619806197583155626,0,2,645620172288358895,6535611661635265294645570,6531528014594420154733601,201935254513250420043710,204546798747076644221999,2428337825617029296085,6539451172241807988327290,197879912747436143833481,2055097440816990621340
1117,3,3053760000000000000000,3059608090754047295786,3059611748851913650914,0,2,256250596579400399,6593012697117201267698629,6588893187876335615315710,202179681284831517513733,204791068070077811454331,2428337825617029296085,6596895838543443331005500,198115624554661702651007,2056079044033575928522
1118,3,2980360000000000262144,2987253952162501416768,2987258264895939999883,0,2,60464873510302495,6513297496614420900893883,6509227797493662311490476,202740387066893416632395,205351474567337652841164,2428337825617029296085,6517150292418268835381098,198661251374579720531253,2057438323852988400570
1119,3,3011520000000000000000,3017216657845145079737,3017220221197864307402,0,2,226482175828626726,6547256147385030457845993,6543165228098230408785071,202793955331508441413034,205404990256231230647030,2428337825617029296085,6551135826169353958822016,198709288801945399114012,2058720443364807528667
1120,3,2998909999999999803392,2995657910467311411876,2995655878848351066818,0,2,82745147841254085,6533532299557175429676151,6529449952893522734907393,202824203925048979941510,205435231683235185933654,2428337825617029296085,6537408558871752526780035,198735529755890676786570,2059429587796839355208
1121,3,2984499999999999868928,2968702038551326607268,2968692200609043665317,0,2,165422835556052085,6517838318159118357489555,6513765805016560345342986,202835549163617875799169,205446565712149802517628,2428337825617029296085,6521710760315100694263850,198744608503734211797816,2062633194044903821172
1122,3,2940320000000000000000,2930351597505939359238,2930345380919452817145,0,2,263826008896153289,6469402729332271174208863,6465360463203537056874838,202910176343813726471738,205521094816210559489350,2428337825617029296085,6473254019303421466956249,198813735563901402412441,2064596501496529555162
1123,3,2951989999999999541248,2954097943538042555002,2954099261703507772817,0,2,386285324967948858,6482219470479757200160490,6478169184932473900119472,202954034262961706793503,205564950612680360854248,2428337825617029296085,6486083234044384279550924,198853172771957959666458,2065021385965482961217
1124,3,2950349999999999803392,2960095252160687545598,2960101350121169997530,0,2,236125371697308259,6480426993809338783574064,6476377838741923858810101,202955339834431507273344,205566256285743172711422,2428337825617029296085,6484292280871435649496988,198853752099238297358546,2066887751001800518177
1125,3,2961900000000000131072,2969698205126293359284,2969703083933225991213,0,2,197770210358313542,6493096143437509174782619,6489039068311054193673567,202955641356042021558998,205566555585462054202486,2428337825617029296085,6496970614555631920679224,198853752099238297358546,2068195839386358631821
1126,3,2945340000000000131072,2958176567399202421821,2958184601818996667657,0,2,131790129311412883,6474928943067475666103057,6470883231458764464996826,203010542951681262276261,205621444768062072376249,2428337825617029296085,6478798218094147380775756,198904962047576364639054,2070134170786153694965
1127,3,2937810000000000196608,2951260146380776661574,2951268565301039404395,0,2,194446458815818376,6466648385151881155349521,6462607849431126774734500,203049124061147184260375,205660032092746548995996,2428337825617029296085,6470517423533858853464159,198940705127182451139558,2071992797006606941156
1128,3,2950030000000000327680,2940675074518959408223,2940669239551789938680,0,2,233627932322801250,6480074908206478251651136,6476025972336866555542792,203049264850284439505622,205660174725969256240650,2428337825617029296085,6483953307588715903262218,198940705127182451139558,2073149667854153836454
1129,3,2957150000000000327680,2965875316878213050326,2965880776148363798718,0,2,295507147847253520,6487888996902851753197700,6483835177141990527398301,203074577559390082639172,205685489591232654244182,2428337825617029296085,6491774978650572712548203,198964109533134111080252,2074140596007326325281
1130,3,2953709999999999803392,2946557379284098642798,2946552915447160002260,0,2,57046184709344946,6484112004752879697566692,6480060542129261570332411,203088270157203675493854,205699185892647943945652,2428337825617029296085,6487998045918422787351106,198976335220405311395622,2074992060350747805272
1131,3,2959139999999999868928,2949852238093199357665,2949846444876501637114,0,2,191178625952201899,6490072601835113919196998,6486017418912551380564271,203103000753748899844247,205713917754415379113410,2428337825617029296085,6493964819407191806693493,198989560948692149000771,2076088736131005856369
1132,3,2953489999999999672320,2951725722579781101675,2951724620011403380991,0,2,158035054769465870,6483866048658175562701226,6479814734124896806384655,203104231806778756237028,205715151962298544720043,2428337825617029296085,6487755115030753119939346,198990410651855347775793,2076272165415224564628
1133,3,2957650000000000196608,2956048365772686008797,2956047364804658424977,0,2,136892586995647528,6488430663184011094318002,6484376496477772082353084,203107492406981423576457,205718411739413640099071,2428337825617029296085,6492323146028729418418534,198993138059046454571912,2076416277363551684710
1134,3,2953430000000000065536,2947599860683256971098,2947596220960757860635,0,2,83264397570003237,6483803063721297195371524,6479751792135025682124016,203108128853635944483277,205719047302398383561384,2428337825617029296085,6487693445819012525797981,198993564580437221388249,2076880820422307335842
1135,3,2950360000000000262144,2964819136088010015480,2964828187296369781315,0,2,173024161835913316,6480448528255399261411323,6476399372902656818713850,203108838484057775974644,205719758361905098469135,2428337825617029296085,6484338176994893771187417,198994063401796243019358,2077946192475818663338
1136,3,2949559999999999737856,2957422932263606158976,2957427851606335488344,0,2,49742911506375448,6479556253333553679115097,6475507638499779067430336,203130403938910103133304,205741335851503833969515,2428337825617029296085,6483447220245995108985437,199014404780709418782895,2078564225226388282128
1137,3,2939020000000000131072,2945367662933665618855,2945371633766418582476,0,2,42036664804399299,6467966855752462073258417,6463925479854056428833063,203161905680605079277236,205772834690901161156582,2428337825617029296085,6471852696394225228034738,199044550952852362652734,2079031003344812044591
1138,3,2936169999999999934464,2951432781223524583213,2951442336208365867666,0,2,179970510694630527,6464848027400152381831316,6460808622657616244518664,203169810662450047197291,205780741545526996055397,2428337825617029296085,6468733768807326694004091,199051778611809519520017,2080124538553680349320
1139,3,2933800000000000262144,2939247282324716035830,2939250689659296532613,0,2,87218620820596330,6462219437556670240961127,6458181651589680295225206,203198815389986026641731,205809759479494589772693,2428337825617029296085,6466105188631327461230923,199079574576376580249716,2080492115079218189202
1140,3,2923659999999999606784,2938772240577980096346,2938781701250831528008,0,2,230362952017672954,6451060848369101146605501,6447030057910957329517073,203221614440083831237999,205832554220089174351914,2428337825617029296085,6454941968749297426654899,199101312489559570766525,2081500589930304236480
1141,3,2811030000000000065536,2824980243462183704466,2824988976245522766807,0,2,235870744124953766,6325579713560009010363489,6321627324929606477567468,204783298069938280335443,207393488192606149373141,2428337825617029296085,6329393611841595378555570,200656300354552736934666,2082327187822181475259
1142,3,2814690000000000196608,2828018926071755288321,2828027269442142817203,0,2,750039666123896238,6329694639498188789606192,6325739677594240393099239,204793834573396776076281,207404035959870609267083,2428337825617029296085,6333514673958038357599456,200665237823171200894366,2084374725667772304892
1143,3,2847859999999999868928,2860090629421169326565,2860098284462687527707,0,2,713120522743490749,6366878719056056435985120,6362900519621392237881052,204832735833535561327505,207442880109407500178841,2428337825617029296085,6370725507631565471869893,200701518813644712919009,2085987960016232815581
1144,3,2901680000000000000000,2895883147692560535023,2895879528815547990800,0,2,359255193282955770,6426747504806998720575918,6422731883313358803223193,205000164863267124536852,207610142486950041911657,2428337825617029296085,6430637287788651716005024,200863174560090256467566,2086817373612832922766
1145,3,2890310000000000065536,2903987442297592511372,2903996003818029657527,0,2,71959081309558036,6414158462569487785520850,6410150725386654356543178,205003140117165958786927,207613112025287749692232,2428337825617029296085,6418043561019210663679083,200865291742164938387038,2088894584164007825036
1146,3,2897369999999999934464,2906806305337572421066,2906812209910726894129,0,2,15231649425325457,6421978034860866063164405,6417965400062630152985033,205007318033577034743927,207617298129716786940792,2428337825617029296085,6425870097271417753891181,200868547774737175947894,2090184904301997340133
1147,3,2921260000000000131072,2910050411792134581141,2910043423519931845947,0,2,6247427093598450,6448402991776112690515779,6444373850146952732252344,205027148464868940086198,207637099941472364239727,2428337825617029296085,6452314139979810912585208,200886674894616012762852,2091512549206092361794
1148,3,2927769999999999934464,2912857183488577163192,2912847895356764624381,0,2,33892962415715817,6455593210860052885513302,6451559587957359451238311,205056886586556630676147,207666842999534670765007,2428337825617029296085,6459512122206813444387725,200914555670253780710187,2093046802761973902405
1149,3,2938550000000000065536,2924631422741062101862,2924622751514625502559,0,2,60469544233639949,6467464125711934958867306,6463423081985746960635889,205119233057903074308969,207729195770873862116074,2428337825617029296085,6471393864988029334974250,200974550629787579077288,2094296606785031174955
1150,3,2926210000000000196608,2937168020005719796598,2937174877593725942878,0,2,172528863724801725,6453863352427992165064343,6449830798197780546576663,205119467958469849724176,207729433111490114335502,2428337825617029296085,6457785932868279054957180,200974644912916782384060,2095243574513069653278
1151,3,2914050000000000196608,2925793041667433813737,2925800391047679379715,0,2,279699087850411367,6440441503119916738282543,6436417337450152882940781,205169736763371091623218,207779700198097289494441,2428337825617029296085,6444358918835655977849526,201022929303114610422580,2096238812234820167688
1152,3,2934780000000000131072,2923380561982485608425,2923373455606049729107,0,2,124293449425309738,6463308116884112549626947,6459269662486227025933118,205177336002277881522515,207787282253523097350853,2428337825617029296085,6467241136764143669379833,201029795311834434564498,2097171713691418538979
1153,3,2977369999999999934464,2970273213514419017265,2970268784396112710092,0,2,91152829082461954,6510029784703469294633463,6505962127707484747759091,205449846376666560278398,208059694714322214920148,2428337825617029296085,6513995683132517438099714,201298478390191717399078,2097683157338384902193
1154,3,3023010000000000196608,3026113515468446139727,3026115456348912826534,0,2,455452085168675083,6559732225233568113862748,6555633507944230472496985,205703814378939945312092,208313547041760015017285,2428337825617029296085,6563734107481314794655980,201547197290957477838768,2097994667317124926457
1155,3,3001800000000000262144,3001405875122513010350,3001405628731725977641,0,1,649117350498119523,6536678722189722959414772,6532594408362466132839792,205756987717913319844938,208366695606700587986186,2428337825617029296085,6540669852952695733529127,201597115987564779683163,2098047516739545282240
1156,3,3001600000000000000000,2993398534746252634586,2993393417539122010383,0,1,392634531241286896,6536467062551890878545640,6532382888599314493813355,205756991135641567398478,208366699030969523739106,2428337825617029296085,6540459455053828763158256,201597115987564779683163,2099434866603826647790
1157,3,3036800000000000000000,3032346631883979171626,3032343850610660091636,0,1,314274888895221730,6574677801130136254837480,6570569746527409970569897,205927288057159493901294,208536929970981634475991,2428337825617029296085,6578699115650735772808954,201763655450400332446980,2099977697197602880254
1158,3,3004590000000000327680,2988048182655225365062,2988037883137711048940,0,1,480643076883788116,6539740650585853425555577,6535654454657964817582426,205996413202613772833834,208605998144761569091154,2428337825617029296085,6543746607512777040229807,201829028591662525901478,2102204051371849387476
1159,3,3013170000000000196608,3007059621372807445337,3007055806853058525570,0,1,117524658352057741,6549049959366709989033194,6544957919814745905107747,206053795385634696407123,208663391702965052642187,2428337825617029296085,6553066491820271924636522,201882490498589837950432,2103146034439814192159
1160,3,3007300000000000393216,3023280052339664494894,3023290056646271951236,0,1,215120240064985952,6542687300276949749248595,6538599260767345186386658,206053800611251507376601,208663397092383545685825,2428337825617029296085,6546701563103974623647136,201882490498589837950432,2104772054768242934035
1161,3,2949059999999999868928,2952392610076362276419,2952394694282158851757,0,1,293130239288505620,6479002326217179958714621,6474954051613588170819462,206554159749120335473614,209163576744625939134360,2428337825617029296085,6482988896722657944916081,202369605261297932191535,2105243746903690637750
1162,3,2958150000000000065536,2973218435873493486640,2973227868947382662692,0,1,146851110032646000,6488999786705907934194223,6484945290239438131991031,206557238278151311764682,209166651120837485750934,2428337825617029296085,6492996216009408711773072,202371639791614245241330,2107916499740620901355
1163,3,2925650000000000196608,2916691153443671273208,2916685565065155991094,0,1,25266691903193859,6453242089950633009432110,6449209919304956240302382,206767068942477965312873,209376433187049789612485,2428337825617029296085,6457226163831628630555127,202573378939547859632727,2109438861600961267127
1164,3,2820710000000000065536,2834875428175867539911,2834884295794403693655,0,1,272912324788898248,6336462130906509724454453,6332502943235791036155561,207653914817870767884022,210262623436079773624572,2428337825617029296085,6340395728526982917455569,203442274861101523547789,2112279702673113439253
1165,3,2793409999999999672320,2781592761107367148849,2781585396196953489208,0,1,496141746250058136,6305718510167945991474597,6301778524912854100505208,207825050814864181476047,210433725124851672585949,2428337825617029296085,6309646016084429733193572,203603428459437694254480,2115155298035350218288
1166,3,2818579999999999868928,2804584246000139601932,2804575528199033584903,0,2,593950995935234492,6334069007025085103588098,6330111314330457196686619,207963205823167857395873,210571849164886857483397,2428337825617029296085,6338027463215209250589939,203731904963508939274737,2118779096878406568469
1167,3,2737570000000000196608,2725607384875073417642,2725599930144719882414,0,2,450263601175840073,6242375939576721016590008,6238475533665850701698028,208419603645790148622003,211027844575549673381246,2428337825617029296085,6246296170771138305638184,204172448259220380832511,2121662106924910463488
1168,3,2736199999999999737856,2738068263147440513375,2738069431423849608250,0,2,598148743911423828,6240799166864120027814724,6236899727935832528160884,208431340319636488477033,211039590463327816911176,2428337825617029296085,6244722026980520440127376,204181112293650458699227,2122194316308688689558
1169,3,2756140000000000131072,2741525534004730258290,2741516433129429842891,0,2,521265546406812229,6263519500595432482953990,6259605892491680093883443,208465223173323061169979,211073447753608007315015,2428337825617029296085,6267464949041340087686716,204210424369334984055186,2125891219953177112274
1170,3,2725920000000000000000,2732170358916596074262,2732174269009892444515,0,2,497813876970105547,6229068404956862441793112,6225176300410578832111740,208490596873938704487795,211098776116228526007016,2428337825617029296085,6232996987980180882033244,204232406023804879492495,2127266272728096786024
1171,3,2739329999999999672320,2725433331335839760718,2725424675955912223904,0,2,521330354819633380,6244387467571730534519945,6240485811317405101881851,208495942870069015697855,211104112930410670658401,2428337825617029296085,6248329828325645024117377,204236349853659369654667,2129971092778955473007
1172,3,2703980000000000131072,2701289527039126398248,2701287846155788380421,0,2,539648158506376103,6203946637891668574830003,6200070226040233424862311,208544374240736974026381,211152475146310895244333,2428337825617029296085,6207867693251718523463824,204281125440529657812694,2130438315483655080673
1173,3,2692540000000000131072,2684289582741221290842,2684284436276805944311,0,2,603918106848948384,6190815418279880569491927,6186947219353268700215858,208552519275236026789947,211160611969361049399782,2428337825617029296085,6194731104407971276347455,204287773504132468506853,2131853282797377917850
1174,3,2676659999999999868928,2682327789054844176253,2682331334549480660901,0,2,645256977565828157,6172528582849233135677134,6168671805298026429021403,208558770306334089516901,211166850681553390797315,2428337825617029296085,6176434900210709794592715,204292785196934726074250,2132781298284334345490
1175,3,2637150000000000327680,2623424542163668119000,2623415994269649196835,0,2,650230598656700939,6126820503637528643465762,6122992307593264916690314,208779743262028176260023,211387719937155711819884,2428337825617029296085,6130706201181021751909367,204507481139577601012277,2134699503336692953532
1176,3,2531250000000000196608,2528571717894799013758,2528429954174529035844,2976690800821009,2,766968507559009509,6002689329162746777896332,5998772681031802034634452,209578439882807662166365,212346848568125560664059,2433222573867224728764,6006347395655055623472378,205451586490572157183357,2135213912301350978471
1177,3,2380300000000000131072,2391831762862899468433,2390525862832425309810,17976690800821009,2,858872774303824952,5822575278588128953899975,5817168760337775492172022,210630636834501340466552,214997330842876865124300,2436638787880757167995,5824555189403351318509303,208067818604901313456198,2138021429478263242987
1178,3,2450030000000000327680,2449269504421045363402,2449256037904978154964,32976690800821009,2,917006563489305604,5907242946666955097443505,5901746128158196849815354,211057408571695145697556,215443298741038379178633,2452010007376406450433,5909263313662843633078568,208491004527401928884035,2138323329322429033808
1179,3,2443780000000000393216,2447071577164387480387,2441549371669234230056,34119849494459536,2,588431623224774548,5899750718890928799286648,5894214216925039060817979,211057408571695145697556,215446989981562789374803,2494993780323183113982,5901724855901908728905466,208492509156786910427683,2139207403766593927872
1180,3,2409379999999999868928,2456041586405787595021,2418289090467842905646,32644974003466898,2,591547651734164249,5858347569252446876982048,5852591433110548669239586,211057408571695145697556,215575686574803534399002,2578010811588853183730,5860063261788685509359919,208610278798407884760156,2142310633571543317403
1181,3,2410770000000000196608,2453969144759484887172,2408734738845045119136,17644974003466898,2,535796486841994549,5860020772348464095641773,5854269957899648452238773,211057408571695145697556,215582783154453594077003,2578010811588853183730,5861747029886633428993755,208614942803753112548218,2142968391079087106657
1182,3,2314449999999999934464,2321790131060334098233,2321615074293350655424,2644974003466898,2,540168610391611230,5741768066346169779868948,5736133329382203508570671,213291105366178124851897,216726007545785176507738,2578351740977552663427,5743488452154151685080208,209732930360909064818147,2145090219421631650920
1183,3,2318909999999999803392,2320372375891913490030,2317480885874258057517,17644974003466898,2,733704114166439062,5747306373968459154522428,5741650917304558700898497,213291105366178124851897,216726983054213894272235,2592883753637215323828,5749014570538621419430121,209732946840340714093084,2145598700798383509863
1184,3,2268889999999999934464,2270292994060974386141,2269457946074229201048,32644974003466898,2,735150857808111685,5686029126305823815449747,5679388021710751929888265,213291105366178124851897,217045754487278006421869,2593014516018716446946,5686686918186832243441685,210037250836631465098307,2145777345633060357065
1185,3,2237440000000000000000,2265275849635159143389,2232405712030300659386,47644974003466898,2,784379502732995719,5646743582206169804541495,5639892052600488505010046,213291105366178124851897,217188081865559862820869,2699885111099612419538,5647152260161553781568943,210169421512778171689112,2147416066488551195150
1186,3,2226760000000000262144,2274233814595536328551,2235652194967348489702,49294033813496673,2,789056751617210452,5633456344674341191716515,5626423070329675557084021,213291105366178124851897,217192591405837949071463,2794998334781172901421,5633670715266580464270253,210172098708125955219378,2150319895664865833003
1187,3,2280800000000000262144,2271213909017543985752,2270981878839161773353,44985577894292187,2,711155068618395957,5701376236155461426584543,5694288013398116645295495,213297028771136050925869,217477115742526251637461,3070952725169966425445,5701638622674174287221832,210444381140646430535003,2153085178251923320951
1188,3,2371859999999999868928,2383512944971808530600,2383527469569363424062,43762786084785651,2,716052381049426863,5814079495060412528416493,5806850565365095876445607,214663452442975305633684,218848279527104494831471,3070952725169966425445,5814378155086616115262385,211788647938601580496006,2156233995312916573388
1189,3,2330000000000000000000,2394928714855646169664,2341301115257962580767,28762786084785651,2,4884240710803227,5763072797492443876462085,5755380601832557511176558,214663452442975305633684,219219426678669837682831,3226861578394742045555,5762865921408308003206603,212139663661388356614799,2160537724494601224208
1190,3,2345460000000000131072,2392675117282409170626,2343257982141418464971,13762786084785651,2,51306592528934631,5781920713715329899197788,5774426802589772050786822,214663452442975305633684,219221700138194295983794,3226861578394742045555,5781939283604358650076331,212140381140042096048231,2161362145808343118693
1191,3,2342550000000000065536,2338107031325653392083,2338101493642974252067,0,2,40059731233669872,5778048504069036652994480,5770845510076436468475939,214987207853242033378556,219221766007774228077758,3226861578394742045555,5778353989748347512630949,212140381140042096048231,2161955738538317967238
1192,3,2321640000000000000000,2311776575320822668435,2311764303387425310055,0,2,205105706590718044,5752213218761390370082532,5745042457406439959533820,215023126007106954395362,219257615346928172643280,3226861578394742045555,5752525630095795503813866,212174669400205421622940,2164687040484436898526
1193,3,2274840000000000262144,2267532270706672699021,2267523171428016280434,0,2,300353825839554659,5693935496927239233703728,5686837371327065082900137,215207768429716951070372,219441906052690712475409,3226861578394742045555,5694256779344498904727718,212349357647739059828441,2166667690002061697131
1194,3,2302000000000000000000,2302671578516490725617,2302672416822346526854,0,2,436012506791221004,5727818095525651202003840,5720677713162152231359330,215370720393588013833019,219604741471258756509178,3226861578394742045555,5728151497874832785291196,212502228404909535311103,2166860146862055177565
1195,3,2203530000000000196608,2196512402636907864439,2196503664435945019035,0,2,215385149943967296,5603980159784380580314761,5596994173233143877876950,216727515190057053739400,220959867287905103551394,3226861578394742045555,5604336901535892126795611,213830373427985336865665,2168889574133092981331
1196,3,2231190000000000065536,2235720482154867601430,2235726139841342902659,0,2,495352983119402554,5639038421596258377115239,5632008720363752359966612,216900471323615547002746,221132695564675772065677,3226861578394742045555,5639412837857576805295434,213989459512664100413169,2170643122692328734330
1197,3,2281199999999999737856,2276077443880698523969,2276071060841767695672,0,2,292038600389666033,5701885719916374630881055,5694777674064122461065165,217189518063112740746167,221421309424571656381199,3226861578394742045555,5702283749611532283729136,214261234743529358127673,2172611954265209358601
1198,3,2281739999999999868928,2270883036819299690360,2270869533934154057747,0,2,112156682656103217,5702573161277523379359067,5695464289875759209783191,217193919062659104305614,221425714865267331649904,3226861578394742045555,5702977457012202325123562,214263512872997354287292,2176685989800100045537
1199,3,2252380000000000131072,2258787181886186864246,2258795184829439855276,0,2,130348370437394428,5665755409628075183035405,5658692409618702142675580,217241323083213915940348,221472990996456430336858,3226861578394742045555,5666165273239754078183677,214304872107189111864852,2178790509006871980088
1200,3,2149139999999999868928,2146519127554066129689,2146515859254120197436,0,2,176737082964895551,5534380155253163452264136,5527480917896031798705536,218954359668194399858770,223184135744496109465545,3226861578394742045555,5534813285020743173138378,215986113917569371835866,2179563363041821963850
1201,3,2184440000000000000000,2191418016299836681658,2191426733008814821046,0,2,485149711873751644,5579652671330136913785045,5572697011702560520666305,219168249461128107795205,223397796048686399077731,3226861578394742045555,5580107758264940774494270,216184153158724270866627,2182373186260116260478
1202,3,2144050000000000196608,2139153995996181381548,2139147895430368114960,0,2,259706237761663980,5527825069532107661896606,5520934010276875345408203,219498209477997383671772,223727464716547168467835,3226861578394742045555,5528297253067541384730703,216494643070666256304558,2184372482405490454175
1203,3,2106800000000000262144,2112164216830628905631,2112170916550898809837,0,2,387294585801172434,5479596237261807641407096,5472765302818516489365784,219657299305613623004722,223886296759770876860407,3226861578394742045555,5480080373118291051754588,216640175671630146244544,2186678857770195091202
1204,3,2087500000000000131072,2096526575240997755537,2096537854116587873016,0,2,446345883854855020,5454447998618531134720710,5447648434930866517183970,219751366146202237029627,223980297083987347370835,3226861578394742045555,5454943482352298532981673,216724391826067339478261,2190325452423650172193
1205,3,2076619999999999868928,2074841155142762795111,2074838936269093095492,0,2,480799781014914474,5440203042101914836928114,5433421205999637499267343,219813261536635192734938,224042185052456738159270,3226861578394742045555,5440705163181893875311656,216779027569007982376485,2190977439798087972609
1206,3,1957990000000000065536,1962394490225439177345,1962399990873312917525,0,2,529042286013420829,5282531089319303725285755,5275945816465718957255167,222032128667131292637188,226258204335687861140135,3226861578394742045555,5283060089438249958166271,218958507852507483118174,2192580815420060068184
1207,3,1925140000000000131072,1919234980560439809485,1918903369162455420811,15000000000000000,2,703017773348950838,5238474920641326677651850,5231503831259476368178408,222032128667131292637188,226498508696598045479343,3289855695134751140156,5238578902953516060339308,219181629715921895488686,2195555976250420584905
1208,3,1823869999999999803392,1829612733532622780951,1828206260715051696559,30000000000000000,2,746916899157261116,5100805334068890056205454,5092043010622217804348232,222032128667131292637188,228140750151395134652870,3292185710236213498460,5098977176461109006882612,220781428995405454562507,2197750098352371923452
1209,3,1889869999999999803392,1887815639612132809053,1887764753673358683246,45000000000000000,2,815800448726481257,5192335430187253830918724,5183353761056227891332013,222713629669116052911989,228853756697856630334735,3357160737687907540577,5190448995681087339211033,221459267330244229176877,2198970907896853815245
1210,3,1897420000000000131072,1904630598247983044166,1904643104630341361861,30000000000000000,2,501050592911961131,5202705327144387693660944,5193705714059278570637891,222730377231489047784542,228870653372043669622703,3357160737687907540577,5200824999861128134933732,221470558383438938161734,2203175222471278246975
1211,3,1930910000000000065536,1938200566603529484156,1938213211609352535000,15000000000000000,2,419103378662377876,5248418983850732986599187,5239340295097283112929131,222853571584922343508989,228993516792527283395698,3357160737687907540577,5246539778587172142075828,221579910970029511387915,2206945907914765906380
1212,3,1979880000000000000000,1978069587817687082486,1978066452893635485821,0,2,259693156282891986,5314546246198633769562780,5305353140125700051770600,223154296837948642945295,229293537769415397680098,3357160737687907540577,5312665082813997034767553,221859896119108078043887,2207852542576362730305
1213,3,2064469999999999803392,2055893709118785204958,2055878894548923373092,0,2,91578545825016950,5426901508358795883669141,5417514088766992684606961,224394214619581506874239,230531402514748575633688,3357160737687907540577,5425026312543592476180813,223058254552518979475838,2212001999419604982088
1214,3,2062400000000000000000,2065621082463033256605,2065626666131298915805,0,2,158747646008354097,5424170008301549181292572,5414787278714072931271323,224400983803228008142463,230538190845994257906922,3357160737687907540577,5422300788281622734506461,223061654317471016349553,2213684159271890090691
1215,3,2079900000000000131072,2083746453380128068754,2083753121592822632632,0,2,185623421625458647,5447134809270870873961324,5437712357474412629447827,224433296568195578777383,230570422406550712566012,3357160737687907540577,5445265996738696146796751,223087406490546470823275,2215435728386586628861
1216,3,2026259999999999868928,2031885460459182292106,2031895215016642310099,0,2,238590077325562554,5376438887905284496452365,5367138735821541346829553,224959282408134365248118,231095618529788394193852,3357160737687907540577,5374620515540672799714940,223589346290811424489579,2217830114627325219470
1217,3,2017500000000000131072,2020757701723195741734,2020763348944738371621,0,2,14623675400743869,5364801084058051584546566,5355521051228191009533016,224993135387343067625638,231129458633956508975837,3357160737687907540577,5362994336486505566362224,223616984386470161594218,2219260178867124154545
1218,3,2051139999999999868928,2047697314089776592781,2047691356133336409797,0,2,30323891142704664,5409342945484705670816975,5399985864655440581416630,225143719803837254169086,231279726273347034696327,3357160737687907540577,5407534339603177400612566,223755666860153713555918,2220600046057701193963
1219,3,2090310000000000065536,2088645897955374527964,2088643016126750799967,0,2,84713039600711170,5460747484343127906792350,5451301478780326174964022,225433288704574459023135,231568875955220601017075,3357160737687907540577,5458938012110075430570195,224029549649870437730255,2221216152085731852283
1220,3,2086420000000000131072,2092890031385580463180,2092901251339481107391,0,2,234957505892397244,5455670085144887694481938,5446232883593718619574585,225434064061210306052386,231569647968799714576370,3357160737687907540577,5453865526235338518149787,224029549649870437730255,2223614343844018825383
1221,3,2077659999999999868928,2085925238218200317285,2085939574450766814510,0,2,249810369014313251,5444209209404087999146801,5434791847375393572919764,225470365448627722702008,231605939780861546342753,3357160737687907540577,5442416034099567349975216,224060932748677542937296,2226276142651095932249
1222,3,2083340000000000131072,2080490133296202372667,2080485200127747183604,0,2,204628826538092651,5451636476877964224108482,5442206234467037599397351,225471413491387987727120,231606997639186598566496,3357160737687907540577,5449842396224779498152015,224061245437860512821064,2227087409497829631646
1223,3,2131249999999999934464,2128030954638662199697,2128025383012918262040,0,2,165820937838418919,5513965354798273768456566,5504427296855920927846065,225871910281146435834793,232006880309277945872480,3357160737687907540577,5512164229757966332710882,224448947781608577029480,2227892687081323138323
1224,3,2107539999999999868928,2112175143116925829876,2112183179304889765720,0,2,371954597123477560,5483210085031690552777854,5473725233586377193717577,225936077425543825380249,232070901795259367046975,3357160737687907540577,5481426024619865969223800,224507311078511491858867,2229194969300464495201
1225,3,2125969999999999672320,2130969703207359096372,2130978371781984145206,0,2,251518705249161997,5507133142471564597706113,5497606910591216162048517,225965250451514085007693,232099990326324496575269,3357160737687907540577,5505346194365868505712623,224532849974383032779950,2230486478541819972210
1226,3,2088949999999999803392,2093103587580247998792,2093110788490970547215,0,2,333101842316130451,5458973015900235711220623,5449530087634311106955577,226235902065561467070728,232370284152670268684892,3357160737687907540577,5457213142991809794188105,224792993704011281991966,2231533542219389640314
1227,3,2099019999999999868928,2092058447008988747143,2092046414114659657893,0,2,58413769382374780,5472119819546847941208693,5462654166724366890521607,226241351787920230008372,232375711194637963707444,3357160737687907540577,5470359154839124213349523,224796841159401261941692,2233390755609733494053
1228,3,2064539999999999868928,2064992993994591362645,2064993778985036385856,0,2,51314369448403193,5426981789277880790948810,5417594190266085745398711,226360288065689639626876,232494338608671072281940,3357160737687907540577,5425242051110297268159312,224909419701189075621879,2233496191498689867491
1229,3,2026950000000000065536,2029553981010471641308,2029558494635632974958,0,2,128076117359487033,5377350167663964101582149,5368048425208354392285174,226592699031647978518362,232726357036259183391495,3357160737687907540577,5375635943525249264890867,225132839377916649735603,2234122505863985275595
1230,3,2060739999999999868928,2068881449097101778878,2068895570518342308350,0,2,311749085978823413,5421995531794571201128551,5412616594352467041029590,226750299710049511445760,232883639210093704933272,3357160737687907540577,5420277125103201626808029,225282322378184815838343,2236162002487498577807
1231,3,2130449999999999934464,2122006506795161714667,2121991919516007165044,0,2,29017095088817309,5512939671282047449079946,5503403419708859539793725,227342924708565847607747,233474963715164774263788,3357160737687907540577,5511211673263120451820453,225857977285908378057657,2238476597716682338027
1232,3,2104080000000000000000,2113502496751415181979,2113518842309734645431,0,2,229194378824146760,5478717643500595151531768,5469240598927789709322082,227392215781871932960996,233524089815191356863488,3357160737687907540577,5477008800982323280161155,225901646249766761578820,2241382094791930345256
1233,3,2063809999999999934464,2055110222882929878994,2055095195698278374853,0,2,174289455099357029,5426034312739585069473838,5416648394425134317708899,227776175242360677878227,233907634326348630297226,3357160737687907540577,5424357920281975437006579,226271934928589622725696,2243762774347568827591
1234,3,2005720000000000000000,2006078470800649609774,2006079091986117411926,0,2,140749947494527780,5349114141071751624740805,5339861237565164942469507,228171862769881582306821,234302399962340554817118,3357160737687907540577,5347477612420972518797002,226651696251693632124154,2243882081293655340895
1235,3,2001660000000000131072,1998904135394315998271,1998899364976909444237,0,2,324507241721393848,5343698777968713294244442,5334455246278015286724382,228175110332233506043471,234305642817674402232510,3357160737687907540577,5342066459851881770464016,226653385927916140646192,2244860168113634815948
1236,3,2021779999999999868928,2030329398714334211614,2030344228754928286092,0,2,348815093526853740,5370498820076670156541184,5361208966601002881227845,228262036258976134740248,234392454781985467675168,3357160737687907540577,5368868130285969436908565,226733112429972157510282,2247484991334324131591
1237,3,2017040000000000000000,2019536984058320795851,2019541312169135663755,0,2,138886667028310131,5364188729428834801289756,5354909753361236666662695,228290952541394430003410,234421385294910066949133,3357160737687907540577,5362564918244444428004599,226757838031878818917457,2248271089064615575429
1238,3,2021790000000000065536,2029319510096566895962,2029332569366324151317,0,2,189588006367961857,5370509424399066949120746,5361219543323645911847258,228291787116423980222437,234422215226646502335258,3357160737687907540577,5368886469230124328007835,226758030940968267862175,2250385352067196486301
1239,3,2008320000000000000000,2012331684049280077499,2012338638963389682595,0,2,119292996518102113,5352582669781277117394953,5343323775556963880132842,228364181558535709627760,234494573888673956763359,3357160737687907540577,5350971531294684647161705,226825042223931273242619,2251417089292522089690
1240,3,1949790000000000065536,1954168432049628803606,1954176023252036987905,0,2,214314088784371257,5274009446021400649695062,5264886470104555005113602,229021347920080778052579,235150747121279960240182,3357160737687907540577,5272438259156862215450133,227466902249248203736493,2252516274647972040877
1241,3,1952689999999999934464,1948398828686378322207,1948391405232244253289,0,2,455463976952627993,5277929984138480282376799,5268800226042023161701214,229021725823482433593574,235151128253524901374547,3357160737687907540577,5276359375494560687253408,227466902249248203736493,2253819593469710924471
1242,3,1928779999999999868928,1926098080191963278260,1926093437821227716708,0,2,474590695663785190,5245515358827971033683364,5236441664930196541731441,229088881215212549714810,235218117011770547543577,3357160737687907540577,5243960382161935782959560,227528773971467189548652,2254539135248400472132
1243,3,1951400000000000000000,1957563347518001861144,1957574035791542039895,0,2,547405146802759221,5276189690621112284758419,5267062954527277130037359,229201214252569995057796,235330297159230862719565,3357160737687907540577,5274633977577140804071811,227634310186564948919335,2256147775135700283179
1244,3,1939900000000000131072,1937422503879285430893,1937418214997729452003,0,2,258559786316867065,5260614419119872682770412,5251514606173981183594008,229255239283538097020685,235384293731340443140750,3357160737687907540577,5259068869525202322415315,227683417100857263004222,2256831788262324165787
1245,3,1967560000000000000000,1963152231927914652300,1963144607013709355130,0,2,349704090350158508,5297988073724625750403151,5288823619599643572902763,229413028114750674428063,235541854802891734109778,3357160737687907540577,5296440828152790965323891,227833032416952797252018,2258014762975098995795
1246,3,1967080000000000000000,1961706165209853111085,1961696872557675908937,0,2,139481658214930685,5297343418526668074607830,5288180085146351636051445,229415673465702805877048,235544505851148763791333,3357160737687907540577,5295798862777111562350432,227834625504834137068360,2259455858522509211134
1247,3,1988209999999999934464,1991462404209343995580,1991468042277418266262,0,2,148199538553205590,5325715746273407667744453,5316503323418018781201415,229535569324519739875861,235664278824337522139775,3357160737687907540577,5324169776061452793465229,227948380450437138920350,2260195158129173084800
1248,3,1947980000000000131072,1952553369448791209033,1952561298830462130930,0,2,76642817371941327,5271561240861244715745206,5262442500913138939442824,229856718073192335114244,235984954282854947981682,3357160737687907540577,5270042634942551632327353,228258870107189571539102,2261322693215988251838
1249,3,1924369999999999934464,1928247484824623998860,1928254207111533217172,0,2,173050014244664751,5239516588773351525662055,5230453276344506384370845,229995167005591300668889,236123240944832218829559,3357160737687907540577,5238015895080843891534065,228389733089401533522290,2262384646729487076255
1250,3,1946209999999999934464,1948515336212834345339,1948519332080282289459,0,2,295141958553613676,5269163039005135230693404,5260048438124952583696012,230051794984657641355727,236179728468413050149085,3357160737687907540577,5267659349428897616664453,228441425791673103833263,2263004926594352294418
1251,3,1952019999999999868928,1947733793983626083657,1947726379109149177865,0,2,131139060482237839,5277024429034162950752526,5267896237348034675790376,230053925101364286638649,236181850049922593274552,3357160737687907540577,5275520555933191433220219,228442634458800065895453,2264130695059744750745
1252,3,1934430000000000065536,1935646416491701668763,1935648524628212049222,0,2,136077088115813359,5253191606528701162002290,5244104630753300222655010,230084771208440894826206,236212608601429639829630,3357160737687907540577,5251697795368140790527044,228470471568780871522436,2264406425189975302075
1253,3,1958790000000000065536,1965675421555314557537,1965687363088082167627,0,2,217286265165716362,5286172345397294076050006,5277028346751818699872790,230178116868863471016099,236305775715684470109227,3357160737687907540577,5284675495210710005891367,228558874115584022796502,2265833007820220668291
1254,3,2033859999999999868928,2027865522911462430451,2027855158702536351289,0,2,44126022157148155,5386512988042305614769150,5377195412192171094481243,230961050857641393921506,237087076917633998868513,3357160737687907540577,5385004515724979326637953,229326235974934293282256,2267190295951766394827
1255,3,2057110000000000065536,2056058725265389823023,2056056904317575256431,0,2,367465661129692541,5417207645185808172199271,5407836953998853450067485,231099876908755903411152,237225761781605218001234,3357160737687907540577,5415699262358289758448297,229456734029399128005952,2267493215372464135932
1256,3,2047869999999999803392,2047542924118759780769,2047542357430170206832,0,2,462316558333495669,5405027453281319356193693,5395677830850936309774532,231110636658886956761354,237236498152484395823873,3357160737687907540577,5403524894366685052325029,229465132993501103040481,2267586880296902355720
1257,3,2053380000000000131072,2046112674508912833201,2046100115202083442775,0,2,388674457877653104,5412302440570838124886240,5402940263220712273971353,231116119169781109335197,237241972243981544239855,3357160737687907540577,5410801227406020098665215,229469112933130040683908,2269440016783127964668
1258,3,2056190000000000065536,2064079931980128675153,2064093616755157456114,0,2,374959472311309671,5416005895543171078093321,5406637316881770909340528,231132460427305573246931,237258326021591544027031,3357160737687907540577,5414507601216976311192420,229483234730609352349293,2271149661698028761602
1259,3,2098670000000000065536,2101561643853284439331,2101566656217208299727,0,2,454293091033461729,5471657325994596614132844,5462192451565056223678491,231321369784525563833884,237446758169176148135875,3357160737687907540577,5470151611832593224838975,229664735231797563557427,2271755006760403695632
1260,3,2086989999999999803392,2087427602211211100156,2087428360527483147309,0,1,582590829866128176,5456408757219492531868008,5446970255396629622124772,231354389261396590627998,237479743130909527922701,3357160737687907540577,5454910771977872592090008,229694297350977715190582,2271858731723257032302
1261,3,2087739999999999868928,2092382899922399160620,2092390949608140213865,0,1,433873682037317035,5457392438209154840711079,5447952246359761917897703,231354404537866103230451,237479758307002033029995,3357160737687907540577,5455894776845953431427507,229694297350977715190582,2272431268534392149329
1262,3,2086090000000000196608,2079637477779114068960,2079626322854434559439,0,1,455042222982008445,5455238625383092812806117,5445802170194384548599086,231360591115185785945325,237485949969033704606554,3357160737687907540577,5453744416117123616141298,229698723236092841301705,2273679699219138909763
1263,3,2058480000000000000000,2062542581160429818246,2062549624270914859568,0,1,306894501193593830,5419013684871077564350828,5409639878095304378608162,231431421681009956813757,237556583851821945173587,3357160737687907540577,5417534054357741066991798,229765636488315477545295,2274432381333576140925
1264,3,2090449999999999934464,2094161778432420696305,2094168213053999263072,0,1,124868644737489186,5460932065311416766297187,5451485746396710344176933,231554723177105090974849,237679609520734486226726,3357160737687907540577,5459446753457782318480767,229883775522490766551649,2275099232852018335932
1265,3,2060949999999999803392,2065512513582704716604,2065520423877679275916,0,1,327869310281397767,5422264566325518994709978,5412885138528211396838618,231727940010227796238693,237852593200842342975173,3357160737687907540577,5420797374159000958291081,230050244887877911703335,2276026207837352945293
1266,3,2010640000000000000000,2009413359413836572339,2009411234867188643502,0,1,64773725067387490,5355670997589209619888611,5346406752814160321692927,232213286357636786231590,238337237834141986039208,3357160737687907540577,5354233811354244401628767,230523827212719102530065,2276289851663642057755
1267,3,1941310000000000065536,1939719965803686291597,1939717212290462207552,0,1,273664595587148250,5262525255875827146733959,5253422135374017918114094,232995354858401231299472,239117905631379543651300,3357160737687907540577,5261131874905650909182144,231287508243033132910689,2276721874893410449321
1268,3,1965600000000000000000,1965428128306448806120,1965427830506999860510,0,1,509025046168249907,5295345276190062663582205,5286185382069237110841278,233111632185389277712158,239234006687484663444879,3357160737687907540577,5293952255884223493448306,231394650043434552095830,2276781766416547497911
1269,3,1957809999999999934464,1950596773335765994469,1950584308886405643263,0,1,321163153336821098,5284850686958259535922041,5275708977508056575750560,233121595651359220339029,239243952142548819939930,3357160737687907540577,5283465410109683201606682,231402037817750911609955,2279191261445521707896
1270,3,1970270000000000065536,1967354978813706053509,1967349933285323000306,0,1,373916860841771159,5301633504388559171119418,5292462737894556302532872,233188333900351095717926,239310659821103174134013,3357160737687907540577,5300250841196205768779479,231462645085872377632630,2280095397452390999886
1271,3,1975320000000000000000,1971888766633269475902,1971882828758777242581,0,1,245332650086659409,5308424017078881402982527,5299241506261771519249669,233199166400213053597612,239321487315176095541627,3357160737687907540577,5307042887251593754318754,231471175578721637351798,2281088578303206627808
1272,3,1955890000000000196608,1953009420309893002462,1953004434370072999113,0,1,209498985373221316,5282251095822841196005858,5273113856976800457370601,233242986494084284506960,239365199275769378506086,3357160737687907540577,5280881557711267140223047,231510921653357354998545,2281817599672105522653
1273,3,1973440000000000000000,1976293282366190495021,1976298228318538447566,0,1,307478160280062053,5305896663749126552732914,5296718522600982725649859,233314815335495054453624,239436939052757397998131,3357160737687907540577,5304526739143484176497487,231577669329262033028786,2282513368049575162309
1274,3,1997520000000000000000,1994913954538663499578,1994909443214165709714,0,1,108373563872706631,5338169646713418791876482,5328935678867895512182000,233390974531174973840783,239512930892672420492314,3357160737687907540577,5336797260675013818028455,231648610260991993137880,2283154615741491467298
1275,3,1985059999999999868928,1978670992524116186367,1978659948446148188439,0,1,29242752930701314,5321500338334942050796554,5312295225058472320153439,233407284990050280078446,239529198269288626598215,3357160737687907540577,5320136104631042453864053,231662558165041005030195,2284666433227403692951
1276,3,1985310000000000065536,1991349948618820098989,1991360422594697850204,0,1,87018733708303636,5321834649839543870097719,5312628955592187610155028,233414749047656610069766,239536674268052972732247,3357160737687907540577,5320473233062521209583550,231668496441241611377243,2286033108047532898864
1277,3,1967769999999999934464,1964226678934052676883,1964220547381382087409,0,1,15226380757633345,5298269616540342303058398,5289104671320497963176764,233508722206685336150732,239630567735578336508156,3357160737687907540577,5296920033316650241258217,231757397703260083107650,2286789858070927574643
1278,3,1968040000000000000000,1968921015938109388148,1968922542732322079542,0,1,179676636211831165,5298631076161421501423288,5289465498701970532781009,233511213671744431971811,239633062903458280757093,3357160737687907540577,5297282470108235993289563,231759018787256476647579,2286989404757021002521
1279,3,1997449999999999934464,2006478155476490779451,2006493817118615269786,0,1,135054671279033521,5338088544788292668439298,5328854760231101537220092,233649302157195362484271,239770897662318135939398,3357160737687907540577,5336737377214738534755541,231891378187771006724327,2288744031064401306248
1280,3,1991009999999999934464,1998105784038969440634,1998118090557506481798,0,1,160620881956848126,5329471186446751202272306,5320252290439652646751599,233689201064220546730329,239810807937400185895756,3357160737687907540577,5328127364125499760626222,231927725867208901628250,2290357369088947792027
1281,3,1996270000000000065536,2004908246083036170266,2004923230608735957972,0,1,86908613701630136,5336510435971208532446845,5327279377310326584172883,233689764665230947523185,239811378128601317319294,3357160737687907540577,5335167005360704732917364,231927909506996756110849,2292125225039381402211
1282,3,2017480000000000000000,2009606512388475121411,2009592909249194209599,0,1,139187547805477880,5364783000581719499411941,5355503028459849606605164,233715967500404337436348,239837473125042361889689,3357160737687907540577,5363436270960525474504904,231951755121719195236400,2293580634771289606609
1283,3,1980729999999999934464,1984590910348066077270,1984597603790408364188,0,1,177349808334622242,5315688905117044160740244,5306493829267315417822175,233855160324838484753573,239976295230820876260320,3357160737687907540577,5314359920254492002789839,232086110735733375385374,2294225895726097675605
1284,3,1984729999999999934464,1981452347978485177513,1981446675516577751994,0,1,79561741633958699,5321052896587182007038100,5311848539667362356209262,233855163591654299106343,239976298185652605273270,3357160737687907540577,5319723314155734832932364,232086110735733375385374,2294967996045201380957
1285,3,1940460000000000131072,1945241855904084677536,1945250147004183017828,0,1,108480286324375940,5261376577378114572223198,5252275456119312281084001,234142581928075417400813,240263140766851817425418,3357160737687907540577,5260069029726256401417921,232365091437765238117696,2295739998594674692074
1286,3,1955369999999999934464,1963295471396167156272,1963309218552941696153,0,1,376879454657528977,5281558237885903187046513,5272422229947024076011701,234160386340888311655671,240280885218231616966347,3357160737687907540577,5280249187486648262635232,232380892523905940867698,2297260635333026069679
1287,3,1971769999999999934464,1972509746616150806797,1972511028568394489656,0,1,169419216422343827,5303649872187205489211080,5294475613072429561533918,234172685446418470957538,240293123161873181719095,3357160737687907540577,5302337143447365613043489,232391538809966688847946,2297404163143172412699
1288,3,1981089999999999934464,1987778709124757348741,1987790309093306048660,0,1,73013950213092962,5316176979112602069196012,5306981076390398696321226,234185204894346619819585,240305617211287865628730,3357160737687907540577,5314863895455813688395694,232402512894481449704202,2298589028990003194623
1289,3,1948849999999999934464,1956493517889040472744,1956506775549104942908,0,1,74767220218269461,5272744767126449433670133,5263624002308038917020114,234443032176183249886748,240563150408317761228616,3357160737687907540577,5271450649935204760075461,232653412293560910599405,2299947994823551589685
1290,3,1925929999999999934464,1931468962193201196277,1931478567001534007310,0,1,193930265385157118,5241642627598326698395902,5232575647059135270156471,234605459097804117653953,240725435961735030603523,3357160737687907540577,5240363424860158077816652,232809702612351139214780,2301074339994807820317
1291,3,1940869999999999803392,1942266704410669002456,1942269125053996546160,0,1,349246266444799390,5261928742344969174049006,5252826653342340050689807,234620965881363579169276,240740884230040767798710,3357160737687907540577,5260646888691123129986406,232823177104432691864203,2301371602824814288226
1292,3,1948320000000000000000,1950306560286876339424,1950310003474116364821,0,1,228631597413066266,5272018329920655182367368,5262898789129153960926027,234627347064582635146026,240747249273475441908810,3357160737687907540577,5270735621328588812299355,232828352399433336291048,2301765346136216070125
1293,3,1954160000000000000000,1960576480442073716061,1960587608037507062446,0,1,139807751559851235,5279920141442075466712914,5270786954256529718270852,234629918471539232350777,240749811642595651669832,3357160737687907540577,5278637381007992832921085,232830221256945040174666,2302918714293341862611
1294,3,1960480000000000000000,1954163265768598583489,1954152346651325447579,0,1,28581147206480218,5288450994510848099626136,5279303049929092593888715,234629920072461689319710,240749813630643308132785,3357160737687907540577,5287167038282361215208090,232830221256945040174666,2303780691102253685628
1295,3,1943539999999999868928,1949141502719519394816,1949151215990757160490,0,1,93504903610639250,5265551952773261997362261,5256443614022004964504633,234649477621313128427060,240769297343509248930830,3357160737687907540577,5264276313982618972039962,232848453720871385402676,2304649600241490188808
1296,3,1963689999999999934464,1957605283084684167884,1957594764054239815040,0,1,146224559551363838,5292778238653148622408691,5283622807025708061423026,234686063346179557673379,240805770848789486454553,3357160737687907540577,5291498915153893785009402,232882968459541936535016,2305499704252202905997
1297,3,1963280000000000000000,1961693347285992267668,1961690599606093556711,0,1,27804688580201478,5292219729734473745922816,5283065243666820595562042,234691606139051972715982,240811324616006056547377,3357160737687907540577,5290941507071468244188699,232887756082032703761798,2305711190135645915259
1298,3,1968120000000000000000,1973104472242616325426,1973113114799810806668,0,1,29016153007571229,5298742873548174501192420,5289577116905926092321892,234698691617654055894668,240818403897578166158063,3357160737687907540577,5297464443966236667500726,232894069862840139898426,2306300143575303040660
1299,3,1958600000000000000000,1961051590579424585190,1961055840022737938085,0,1,177712290622859223,5285908861679017194624474,5276765294239925250310124,234734661262742684055617,240854353968682154590736,3357160737687907540577,5284635566559089151049220,232928290561534067026716,2306595229277588798528
1300,3,1962440000000000000000,1966234169346638729919,1966240747057840598851,0,1,10598327211376647,5291089491323621302170570,5281936967386477546158524,234734992549900498835189,240854682660760868832313,3357160737687907540577,5289815579039062588450588,232928451748690962888377,2307053310026140399723
1301,3,1976640000000000000000,1972443523524386261940,1972436263478830423913,0,1,65149766713525108,5310198379699229915496422,5301012803021909902782080,234753485680913110195121,240873120408837848444674,3357160737687907540577,5308921501275780667738200,232945774954075510626944,2307518715362156494111
1302,3,1987430000000000065536,1979979714386491777806,1979966840924569990745,0,1,154246299395674081,5324678581175281411224179,5315467978731388945470769,234791618924159273059817,240911224720821186216826,3357160737687907540577,5323400577090282263127221,232982335107822835193733,2308286919620974867829
1303,3,1987800000000000000000,1995078364469839764499,1995090987952517013589,0,1,255242972675522888,5325173708219341361058859,5315962247585859430974295,234801962112849726848324,240921584107390183007198,3357160737687907540577,5323897105253918447108510,232991891065093468864973,2309004318463453986549
1304,3,1972990000000000065536,1977856938207621132072,1977865376834333935735,0,1,418098198000564575,5305294323294640808693886,5296117233213368343096123,234884159512384246193223,241003732617048250002394,3357160737687907540577,5304025441376022315550198,233071656698325638777782,2309536677030955053761
1305,3,1974130000000000196608,1968417222016964679495,1968407344456001587005,0,1,96255556991683098,5306828354649452825682984,5297648616345950895568348,234886519329042012374779,241006099021497566647730,3357160737687907540577,5305560247623027423941776,233073567586474262100299,2310220125377782167018
1306,3,1975609999999999934464,1983221182397648379589,1983234383743259045192,0,1,44527025660527736,5308821477813745395605006,5299638306467714588365574,234895347727156352455475,241014936414630446327869,3357160737687907540577,5307554643450787777637848,233081543957510754101639,2311099570311302637533
1307,3,1980400000000000000000,1979598182170451090461,1979596793204370812710,0,1,155335984381402556,5315243665300964502553628,5306049351284271995323301,234896694118741087525634,241016293076345703194123,3357160737687907540577,5313975746461715895006488,233082540669725994025277,2311198870084204735981
1308,3,1953550000000000065536,1958881725926635783757,1958890971039435271397,0,1,95171866554150002,5279093812288253925909929,5269962046912217330323427,235012469838779234210234,241131856283312001481965,3357160737687907540577,5277838008724513388801762,233195399971101790023605,2311791060789370188528
1309,3,1943180000000000131072,1940010208914882611962,1940004723038904087620,0,1,190250327673298249,5265060566685916096612556,5255953065142996371842651,235055096863418464553436,241174459495565776799579,3357160737687907540577,5263810520713434638265236,233236016679945245291739,2312196141275820899183
1310,3,1957329999999999934464,1954375953089179669670,1954370840126613981730,0,1,368438973126461813,5284195306268621183569393,5275054704576040006544443,235107276834765323593147,241226582356215009672101,3357160737687907540577,5282943569717466946900418,233285743523594492796596,2312609994070644872805
1311,3,1862600000000000000000,1855253181438282770488,1855240488632668448206,0,1,142935116059157712,5154747042024977954195795,5145830389683022158205625,236597954791406954805221,242714519849115692313248,3357160737687907540577,5153539972474478029250564,234763047133719051423645,2313643577808663519900
1312,3,1885099999999999868928,1882292645202903442429,1882287786066832605762,0,2,638025878485982494,5185779279703298250403522,5176808917930854566141581,236763065605769598487305,242879486399555178112384,3357160737687907540577,5184574564149625864856375,234919257225874914408597,2314469567618465529137
1313,3,1915209999999999934464,1911497956732283201536,1911491533878618155676,0,2,377740397455604144,5227031478021981510023935,5217989761678772691492284,236959448238051975075374,243075587716591569685239,3357160737687907540577,5225827975415644746676518,235105968078629866635524,2315564300631396154923
1314,3,1895369999999999934464,1894182852419977516088,1894180796300526367018,0,2,149146953865051883,5199884932427621303364342,5190890166581250930187878,237006113384717973381385,243122135201906246124399,3357160737687907540577,5198692841803850708269973,235147765779535788166053,2315919314232505650503
1315,3,1856960000000000000000,1850779723196343706259,1850769040814471146620,0,2,237153193860843913,5146933873708214431776851,5138030726516162953357094,237259534126579100403275,243375089903791223361994,3357160737687907540577,5145766247692007193174021,235390615691550522555847,2317669366338217543916
1316,3,1855840000000000000000,1849306193891157025164,1849294902086149296279,0,2,417666434671552595,5145382340601629692046399,5136481880193361187780030,237264329032285705977811,243379896773664630379237,3357160737687907540577,5144218805906578189373199,235393773806340225187333,2319754223194641022588
1317,3,1831240000000000000000,1838839759564973165111,1838852942075238367695,0,2,423183957284143488,5111169399359969362532046,5102328130762387663793050,237325904254000506759061,243441289042986567137203,3357160737687907540577,5110020677385124592176655,235450358996149663402717,2321843210343529249171
1318,3,1825209999999999934464,1827112053693477177670,1827115350428976786588,0,2,465630277236300242,5102737053291161246383864,5093910335465993808007117,237361208854841340333077,243476600527564247986773,3357160737687907540577,5101594153606234536406120,235482223037921347235597,2322327748196224427554
1319,3,1826670000000000065536,1819561739082511834787,1819549457932224720269,0,2,513144122589254381,5104786513398616716048993,5095956281575267843351870,237361246215243161058225,243476638381632787821192,3357160737687907540577,5103643673287132171901414,235482223037921347235597,2322791479002609660500
1320,3,1847609999999999934464,1846533118262913085990,1846531253061047638250,0,2,544015129985225401,5133952915586589792484296,5125072198888023309592026,237511418677465170965995,243626683395787051807700,3357160737687907540577,5132810869949353135751491,235621719936448617755904,2323022797547498368256
1321,3,1852650000000000196608,1860466598530009302153,1860480157401563876494,0,2,220492235727276730,5140961642282858585417049,5132068840527788086976601,237518447179959086255043,243633704027055199291581,3357160737687907540577,5139821216818981854648955,235627356134040552291370,2324780879484865005798
1322,3,1851950000000000065536,1853181231883568027518,1853183365715434036708,0,2,83975522428174681,5139979222017979699299456,5131088081235147144338223,237531972638479549011277,243647249016656522925620,3357160737687907540577,5138841145212392179910350,235639017970887279774536,2325050577425995712886
1323,3,1906130000000000196608,1910855911758896412539,1910864105890065467339,0,2,142846675921680400,5214627636949044080063915,5205607382103765450326356,238049284875562326204483,244163624191639633862108,3357160737687907540577,5213484404856925778321157,236145727084133209467790,2325956076315806754858
1324,3,1893349999999999803392,1892438780142122041587,1892437201752679999977,0,2,281497873788806232,5197113187679712025973930,5188123216038350694739805,238104312466783908767866,244218607797350124333955,3357160737687907540577,5195978683574375477206171,236196062989105786040649,2326197736706890466562
1325,3,1926360000000000000000,1934467299773081123467,1934481362865536332448,0,2,126054797070971780,5242233895873933064097565,5233165913838489326161190,238311136267748000417616,244425093220713955608692,3357160737687907540577,5241100308731075804854742,236394085227697522680114,2328225528797092292762
1326,3,2013779999999999868928,2013105567212651580174,2013104398850594448573,0,2,339748716156035975,5359851145530965470539802,5350579669328478136351134,239392896388737816286497,245504591383037638356886,3357160737687907540577,5358714905159522021739536,237453214982837766739178,2328419204716469732718
1327,3,2071239999999999737856,2079374925678338202138,2079389035703147502500,0,1,566149054522862672,5435791088109144519663980,5426388286764697367285172,239943602431124863645481,246054367229104724006627,3357160737687907540577,5434662679406135939495121,237983070676181498510883,2331273656455954232300
1328,3,2057880000000000000000,2053385487602208260335,2053377712301737152948,12069191681232565,1,673282330871038184,5418224472742710419290862,5408852033238564488227410,240016730290846439294615,246127463968294539535278,3357160737687907540577,5417110256538719959825129,238047389531257198525354,2333089475166930914493
1329,3,2054650000000000196608,2044555396455109744312,2045796494421493148850,0,1,503649538121601318,5413983824909901630582779,5404614920150443181989765,240016730290846439294615,246127723169911129917710,3360722175978650494017,5412873877222165866353738,238047389531257198525354,2340036763472207447434
1330,3,2053489999999999672320,2054016760016849989054,2054017672844450442546,0,1,444614295395031151,5412438947645707974952106,5403076504898561996518939,240029593863452739501453,246137238947168604221405,3360722175978650494017,5411332571307297914795950,238057178124376862432412,2340216061511987753340
1331,3,2057710000000000065536,2050662505321290090911,2050650324873789341566,0,1,470801328371352626,5418005404181349061835268,5408633359995777270664504,240031779488335758164401,246139419711982834234451,3360722175978650494017,5416901162067600082486093,238058241597708188297254,2342347849855045597945
1332,3,2033460000000000131072,2040322137721303144793,2040334038455390196609,0,1,442475916610413864,5385985053735874076332974,5376668397245604135400872,240079557293116390820259,246187047635473422431104,3360722175978650494017,5384893691866784696406734,238101473389949936903832,2344156130436370554914
1333,3,2030249999999999934464,2036597755039294580275,2036608763018842899571,0,1,348007273688752326,5381731163686048305696231,5372421861825486034887932,240096032310013892257274,246203532945381004975777,3360722175978650494017,5380644612295406102007129,238115533194663214386264,2345676508358289143581
1334,3,2027760000000000000000,2024134149824935670104,2024127875400091181426,0,1,311486727248575949,5378425541011567995240708,5369121941991971125733993,240108747609495460522208,246216257821417444743617,3360722175978650494017,5377342276557984078030966,238126392159716282415984,2346436535810432410821
1335,3,2045430000000000065536,2036165144501483611759,2036149145047590191368,0,1,184626354014072176,5401820396641889317199686,5392476369854248719350474,240182710199926365522084,246290136214399264257864,3360722175978650494017,5400738489279797401643439,238196109165408056463063,2348255221822542254416
1336,3,2032720000000000000000,2031729061679555730614,2031727345212057387959,0,1,265337758823361884,5384997473206837875511133,5375682499152652311720223,240184640477442236451997,246292045311850079683869,3360722175978650494017,5383919752904427526260242,238197391735932630225500,2348440283110055173724
1337,3,1962249999999999934464,1963272429033124153379,1963274200927747086851,0,1,213335107706205615,5290831060201477021843069,5281678975380269652833214,240985375434922833573555,247091356340236489981541,3360722175978650494017,5289783790076014529739905,238986547556716304591099,2348615535543837266386
1338,3,1948710000000000065536,1943727820848514141126,1943719204325544449923,0,1,310534745293111238,5272549594480953962844835,5263429147283614929718890,241021907034492532900889,247127833589634812826883,3360722175978650494017,5271510873040634183599448,239019441198224482525643,2349866755334993224633
1339,3,1921000000000000000000,1919761594480481163068,1919759449612701385517,0,1,399564670447810585,5234924419609053117831693,5225869042477618103031494,241112432221444575272444,247218134079197035598409,3360722175978650494017,5233899037962091789816687,239104353724254532999997,2350173214784776675874
1340,3,1929710000000000065536,1929965418352781349947,1929965860955991511542,0,1,494746191763843403,5246778563390342465055095,5237702680045497221696748,241129953654970502486892,247235632766622095545247,3360722175978650494017,5245753427118832514856558,239119355771048799249363,2350237200696148062306
1341,3,1924440000000000000000,1926108750273893683396,1926111642509545133731,0,1,384428175744461312,5239609721343357507069275,5230546240333056990671274,241135337407856374512510,247241008066506320353433,3360722175978650494017,5238587644056270752663782,239123462416275312078880,2350621914865329665835
1342,3,1866560000000000000000,1860592680641047176375,1860582365327909181284,0,1,403956762684188709,5160220322724559948027419,5151294190762884477386296,241771507833073326110486,247876138777152269777800,3360722175978650494017,5159226910599262725887735,239747560535016521953739,2351819848517081381534
1343,3,1863440000000000000000,1855385168701782920607,1855371256661796154671,0,2,637819591233986867,5155911288794105548377499,5146992629553939374720142,241773014856512819208457,247877654122333645294136,3360722175978650494017,5154921868290845454895307,239748240111620232786470,2354121842371773992243
1344,3,1899000000000000000000,1903699666614036148596,1903707815230276732011,0,2,650871590107300948,5204865662614793345863922,5195862293967545394009603,242124262889530411565398,248228520916072956756861,3360722175978650494017,5203879055479615103458164,240088386477556901619400,2355281569108916172350
1345,3,1947200000000000000000,1949186124910633269034,1949189567343573891694,0,2,188650971563563240,5270502791544998449685294,5261385872334466287727058,242460560920804531379368,248564110023195965283164,3360722175978650494017,5269517171708725206969490,240411906996261438560122,2355856157234538407873
1346,3,1964710000000000065536,1968838456342500229442,1968845613886120359239,0,2,87451334973932088,5294149217021709319772309,5284991401919122582098524,242502204951304780428023,248605663509283269564369,3360722175978650494017,5293165544075588285555285,240448560308534331760409,2357178507698861438403
1347,3,2023089999999999934464,2027513329514122015425,2027520998445167841940,0,2,182377119686177627,5372229675139479267111658,5362936797367784607092415,242998389439300999704952,249100857212026977248897,3360722175978650494017,5371249336921489451795412,240928206855046105247037,2358489812728818842669
1348,3,2007209999999999934464,2012110113115212193727,2012118609208675833152,0,2,398029237171349278,5351104590119239146737688,5341848257218982399089155,243066142415379613019592,249168543836727426521924,3360722175978650494017,5350136906525362759108229,240988804696630313844185,2360204898071659086963
1349,3,1983369999999999934464,1985757337574277497006,1985761475595504911489,0,2,293775047791815565,5319228652825061915627010,5310027448525929516159190,243203760160701287377739,249306004185067000250894,3360722175978650494017,5318276712911321727910813,241117234961729077508007,2360981061243827424815
1350,3,1993440000000000000000,1994695299693688524257,1994697475218045403825,0,2,123393735709808109,5332714295001245040842775,5323489760807212425925560,243213699375137800833431,249315915500512783458070,3360722175978650494017,5331762761978508651566643,241124725281794791074372,2361376606997201369459
1351,3,1954000000000000000000,1961209002798561783793,1961221506068201440166,0,2,167339280801741998,5279705843983559210421264,5270573033913917890767370,243494110248006242046390,249595870942051034667433,3360722175978650494017,5278777297856181426028227,241393608229874898017903,2363435060548510650575
1352,3,1939790000000000065536,1937287199621666409442,1937282866977768851866,0,2,44995732337841432,5260465290374154844145295,5251365735468016166455035,243573406143776483008013,249675121610002870927988,3360722175978650494017,5259547183550126749119762,241466617160506498025783,2364175085059616486047
1353,3,1972220000000000131072,1980070696062645034060,1980084313271425796469,0,2,173244502133401749,5304265411822923042254435,5295090123822026344203937,243785165774461313011955,249886567851093312319167,3360722175978650494017,5303352098244924776087585,241668099023896376729038,2366406208015783592742
1354,3,1941430000000000065536,1947158504549291341082,1947168438217631465500,0,2,84266650930836446,5262693170912593828798199,5253589778180913635380602,244040667889181311986070,250141806039410463259918,3360722175978650494017,5261801000631120398529258,241911327307840589776204,2368233576799261777788
1355,3,1947800000000000000000,1954968088129564370672,1954980520408238209483,0,2,95040690604423329,5271322947741301745705333,5262204638211068908435033,244040739383313009614792,250141875216264656362333,3360722175978650494017,5270430111438096826737282,241911327307840589776204,2368961206124101379622
1356,3,2047430000000000065536,2054542919892495719278,2054555255854137947762,0,2,46422745561861100,5404454874982058205047394,5395106271048346837835895,245483453545684400451122,251581697393800024536073,3360722175978650494017,5403569336624588759791115,243347769734396512826519,2370885951153647823643
1357,3,2043980000000000131072,2050525140122976951152,2050536490612447222243,0,2,365145578110635372,5399898376559589331762977,5390557650221741056142760,245501387267790900695768,251599641826265070331727,3360722175978650494017,5399020349466410435666722,243361492146538896870725,2373451734921044130802
1358,3,2027440000000000000000,2025572166699521232862,2025568932361321985320,0,2,340701903420040585,5377999558516852943140808,5368696690886189451972651,245587561846881672311020,251685751477901699316333,3360722175978650494017,5377133564331499006930209,243439828833661347517755,2374086920552748940698
1359,3,2008710000000000065536,1999900790867248131361,1999885576613570675206,0,2,184616064669057251,5353112620688458296490371,5343852845241641758528362,245634321926537305958128,251732412841115868862612,3360722175978650494017,5352259091511376200922089,243481066315820154822910,2376967691294832298251
1360,3,1996190000000000065536,1996918339519385569413,1996919601700316720717,0,2,36698498272577634,5336391157641521802259817,5327160262599206849262753,245636622733581734687903,251734690890169684564532,3360722175978650494017,5335541740799144844468250,243482176151854957872179,2377202599584216026026
1361,3,1961120000000000000000,1952614736131824283692,1952600046278976232821,0,2,19180076873378990,5289319737211518403750668,5280170309258059556058816,245852974884522527576938,251950683888292917426519,3360722175978650494017,5288490121630344352863264,243688568015545018711485,2379552054418424676816
1362,3,1969059999999999868928,1976521705747699670977,1976534647627444206360,0,2,215330695353376996,5300013336206989810185022,5290845400039527463310433,245899575373047146386159,251997287263044476989940,3360722175978650494017,5299189467657037939549241,243730011297497450375832,2381829835945025373495
1363,3,1986240000000000000000,1985535622500878020623,1985534402281810631343,0,2,59730653605861011,5323074929650775206560574,5313867069016905647127638,245915582696112164265250,252013224260428842254072,3360722175978650494017,5322250628254142933875786,243743102076489278144079,2382042134403774814095
1364,3,1983059999999999868928,1990859896083677048081,1990873425019026798812,0,2,3229493384497143,5318822223051691649231706,5309621753905145144551536,245916617552092688155123,252014256308816056639578,3360722175978650494017,5318001350727575116674336,243743466962957965834916,2384125833951299730528
1365,3,1961220000000000131072,1956612395871506081786,1956604425919844033366,0,2,32487670109879508,5289445757679668676102940,5280296081193575402381209,246065382328916862351129,252162898341598236757979,3360722175978650494017,5288637537023639311861684,243885188187641813476540,2385215262625667773759
1366,3,2006660000000000131072,2006866835938036325604,2006867194352292123863,0,2,187911814059661629,5350367436927024731637436,5341112365418539165915968,246492025005118982529131,252588940399998489434597,3360722175978650494017,5349562858373400567975912,244298784068414604473065,2385267531501825360313
1367,3,2055010000000000196608,2056664930459719321162,2056667798698859601455,0,2,131030290239229600,5414442123637666279318956,5405076217158673524573682,246872376566290007891259,252968628307573556691817,3360722175978650494017,5413642626251211247681824,244664997608441581120518,2385747061957969114775
1368,3,2150809999999999934464,2153405785557916814941,2153410284889925124652,0,2,334272858210195298,5539209784272519769733717,5529628056524208839589626,248259556960765136476540,254353322858925250958057,3360722175978650494017,5538423024819013983359743,246021955787155510857523,2386553419762106804228
1369,3,2178929999999999934464,2178010489050950057623,2178009613709978394283,55675861769973,1,560868612007768202,5575302438322473325534392,5565657358688630438082695,248355403049782041465172,254449884421365815988351,3360722175978650494017,5574520487051656022255470,246108431222055493963165,2386930367097661371528
1370,3,2127530000000000196608,2137063506290091811107,2137102621802256128208,4700959019267180,1,600417886013547415,5509193212636373111074048,5499633613739033921066305,248734099437888014341579,254827912719731728877739,3389681938985602271125,5508414397407716708025878,246467833966916491466202,2390617649168138962964
1371,3,2120480000000000000000,2128354622789258929643,2128368323521160212088,0,1,359740656386193229,5500053429543875665188908,5490509610299320630411458,248775822448584046228342,254869759279067042013263,3389681938985602271125,5499285234608692502205534,246503344050351168445273,2393644672921714470564
1372,3,2105719999999999737856,2100830697623394210575,2100822213648468807269,0,1,309878785484981860,5480872213186477693888169,5471361657815523566122675,248854139838057391693845,254948034940505872481041,3389681938985602271125,5480116041093604504039452,246573988353120737191655,2395302782297016134718
1373,3,2138179999999999868928,2139903837450932377596,2139906834507894361327,0,1,151526028203965290,5522951620457469433028219,5513368036385179438455876,249068528818298247823850,255162150009431296662421,3389681938985602271125,5522202533259735936709131,246775952917517639010833,2395862819407200592273
1374,3,2087340000000000131072,2079043135243835560999,2079028756355375760751,0,1,293736639379117460,5456906733874950131710775,5447437788791279009832912,249490444403381382935199,255583380913577504320216,3389681938985602271125,5456186900917831724111414,247180147302141666000681,2398624610015552959274
1375,3,2074600000000000000000,2075138279200559727341,2075139214922596477964,0,1,11461373714632956,5440217493674651665065211,5430777470857508322688496,249493556888903065824583,255586467941806104895994,3389681938985602271125,5439501789229519215278160,247181593986347197950557,2398828585032094818060
1376,3,2073300000000000131072,2069166159716790905431,2069158984856188743711,0,1,29019734916680473,5438515395669671005551876,5429078335624601619965736,249494090842965456058031,255587001511877441896681,3389681938985602271125,5437801872667341481329529,247181593986347197950557,2400178527892826645277
1377,3,2084070000000000065536,2092643513509377809303,2092658431700365010503,0,1,59159835616568782,5452631374546363724446619,5443169850505048764806394,249529198556382745020557,255622082178796416248043,3389681938985602271125,5451922725357200596324832,247212409590382874402372,2402598627973646659684
1378,3,2082929999999999934464,2081207873677462180382,2081204882059308169548,0,1,73317271902801084,5451128839755404743548843,5441669884714385456476003,249543948100782900421576,255636851285364425782300,3389681938985602271125,5450423573115393241947747,247224447570614226725492,2403076823881495704587
1379,3,2051389999999999803392,2044276031816989452771,2044263698232586584286,0,1,1725644074550572,5409708256438187284165509,5400321202295030631947590,249684769026982465780377,255777399850815335954070,3389681938985602271125,5409017704588018257809728,247357724008880663091429,2404869296563304353359
1380,3,1978140000000000131072,1973383370439324449525,1973375117193845848651,0,1,202705500344679046,5312242588968501247033001,5303024645114363311241914,250402956700443861454696,256494078268682594342971,3389681938985602271125,5311583749027276953164481,248057997443109862882476,2406164349539356773234
1381,3,1983640000000000000000,1977228604065449043077,1977217486564172056215,0,1,458829000801861462,5319625629947412344263600,5310394885653609348169079,250420826710781857783263,256511946065861501539629,3389681938985602271125,5318971702043980256017628,248072248685147283670567,2408388210119974803725
1382,3,1978680000000000000000,1975654809948554375462,1975649557468208605352,0,1,429040978709988819,5312965322852959368453588,5303746116928018241709366,250421184301476118565317,256512308527725712727193,3389681938985602271125,5312313564093778155633675,248072248685147283670567,2409300250118754243127
1383,3,1980000000000000000000,1988206228611854478163,1988220507824551477446,0,1,434596848010481866,5314747006533057080583837,5305524743014162969303100,250424390813302051618132,256515517227357914302057,3389681938985602271125,5314098275055770235543838,248074327179681108527232,2411397357668838501487
1384,3,1982910000000000065536,1974283996526501887129,1974269051457815770444,0,1,314879769359302127,5318652369702950975427707,5309423333894835193497375,250429121012247582106126,256520264680552178569902,3389681938985602271125,5318006507322063793971791,248077784113103170062902,2413445606779596430637
1385,3,1988869999999999803392,1987038090952563892631,1987034908849331569293,0,1,382182701120768056,5326627375766061045394850,5317384459616252117312065,250465196932332292428836,256556352111116949276075,3389681938985602271125,5325984270738362188031573,248110543006611579581453,2413860599974172955207
1386,3,1981150000000000065536,1986359793504843483819,1986368855359549676663,0,1,249820376206143236,5316283422008710166604131,5307058468933313111280371,250471049453511794205207,256562188173104190399973,3389681938985602271125,5315643924974550236175189,248115138811892765104174,2414961390536878445735
1387,3,1955230000000000065536,1948539477948498019243,1948527878095934590219,0,1,254274947346980205,5281394831982298366134907,5272230429608385522592575,250635770066715840097926,256726717953823283498003,3389681938985602271125,5280766390525304111385364,248274205504349251611657,2416165285718175666792
1388,3,1969589999999999803392,1975384796630897309703,1975394876819282929616,0,1,464793320893649420,5300751635794891884601282,5291553637864203398705064,250712274141680391384482,256803173922992043855372,3389681938985602271125,5300126712226442865511807,248346102345234779416651,2417398966721172390240
1389,3,1947630000000000065536,1942068559593232210044,1942058913195172276218,0,1,184727226280683672,5271118065223083778808392,5261971487174513161247757,250844198446628676435818,256934964312905006778632,3389681938985602271125,5270504185944878993289391,248471696646969152259927,2418652492665264172550
1390,3,1955310000000000065536,1950872572952632266956,1950864872772667275152,0,1,362880566265510298,5281498528532867175060989,5272333931132977542174658,250874681321574118656938,256965438796994082554128,3389681938985602271125,5280887847509853048480730,248498861391273430855189,2419751913011387740361
1391,3,1951380000000000131072,1942973665357901821932,1942959100413801976313,0,1,275673316188880408,5276197074490958473431785,5267041707148153291415421,250874725928929987893302,256965484688860992474654,3389681938985602271125,5275590429619178880034739,248498861391273430855189,2423110625961994259923
1392,3,1943180000000000131072,1937419113577090259253,1937409122059245303246,0,1,321489377665403163,5265093241956354419620148,5255957119791637351748779,250874733350229385189762,256965493180166369112581,3389681938985602271125,5264487684296426790413606,248498861391273430855189,2424287704751852279411
1393,3,1964900000000000131072,1967066203919570888335,1967069970352199125455,0,1,355340978017366636,5294431874477100306687324,5285244825720299360115762,251006020242686335050982,257096648253405940598927,3389681938985602271125,5293828366381318846304008,248625100626916869751277,2424678357586076241355
1394,3,1936829999999999803392,1935348318032777174230,1935345743986652460901,0,1,33541944535566449,5256478055595548851923166,5247356863951011369298063,251163687812858039481270,257254081146843322457189,3389681938985602271125,5255885300252136642121230,248776588717864585988023,2424978929983483919061
1395,3,1977449999999999934464,1980791322974259632951,1980797133468616253682,0,1,255998346472239312,5311314064100090286114827,5302097724659085970016148,251471179593611463993353,257561077301421791025804,3389681938985602271125,5310725343024906588038014,249074501978995633150554,2425714506320829068253
1396,3,1983489999999999934464,1976863026397757682397,1976851536023838953834,0,1,94205331206367697,5319424973390155859784753,5310194578940371049238133,251472412150933828969558,257562302423682150870151,3389681938985602271125,5318837822771774142251723,249075027706750141154552,2427448715226366209540
1397,3,1991990000000000065536,1997003028907772370938,1997011748266255325009,0,1,64342411904720187,5330807402255960802335828,5321557245452254872695929,251511132694933998042118,257601014747565731035238,3389681938985602271125,5330223622858041972761229,249110261246012571370886,2428585918543910872375
1398,3,2022929999999999934464,2017134390500688037366,2017124338004702101425,0,1,196132420618229076,5372048768001199130903584,5362727052558420887839437,251622867630928101192146,257712480301052392046518,3389681938985602271125,5371467662276808869369803,249216140475597000553057,2429892048198671620969
1399,3,2034539999999999868928,2025952942267241789001,2025938063219676895300,0,1,309378069033707896,5387448848020674169705384,5378100432528205418545501,251672580359729764068359,257762164353659267226449,3389681938985602271125,5386871872473690792545728,249261987574484415587519,2431790174643206866291
1400,3,1993270000000000065536,1992513548747145370421,1992512234224300875321,0,1,355811555493577053,5332515730132212488283505,5323262594709438024053458,251848892322587805256457,257938011450485906360134,3389681938985602271125,5331951400926214886083897,249431638934119977619573,2431943786332756590722
1401,3,2026900000000000131072,2027276810559787087121,2027277465579432756092,0,1,41503246792582426,5377311997246496294838446,5367981129790581220380647,252045684762393838414390,258134477559801745792665,3389681938985602271125,5376750777488692019622494,249620588206763675577283,2432027754103294574142
1402,3,2051120000000000000000,2046884342201661164369,2046876991016571671969,0,1,253180097109093374,5409346966457585011723337,5399960520945655671916537,252138128072055002827553,258226755359064144832394,3389681938985602271125,5408789276477063069504106,249707234427406368565330,2433061617456501548937
1403,3,2062150000000000065536,2070858145843403762527,2070873298710551948336,0,1,347519184728145141,5423881123877025882520409,5414469490016899791132759,252175559397190048151516,258264157862738283486580,3389681938985602271125,5423327595153616416812302,249741061647326368545735,2435084498018562708154
1404,3,2079840000000000262144,2080404192868022308219,2080405173640192914984,0,1,446949001020870346,5447083583417741614241716,5437631646377805006873675,252188312776033397404519,258276846098400281646283,3389681938985602271125,5446529954973774512356652,249751697850554793285245,2435217423042752216167
1405,3,2037070000000000065536,2045490755798612011346,2045505408258984184883,0,1,483520639937545412,5390796931799935761011349,5381442704604452946092943,252486890762727742776855,258574919335017486859571,3389681938985602271125,5390260137242098299109843,250040952341106521537624,2437038714577323474087
1406,3,2036869999999999803392,2045978159993274727727,2045994009899088413856,0,1,153336030443719195,5390534237099235184940031,5381180472487934292764949,252498909811844312019598,258586958262704449623205,3389681938985602271125,5390001654650881787047684,250050944525059793193852,2439173979247685183460
1407,3,2021220000000000131072,2022953911821050253947,2022956926432215372413,0,1,156445473946760733,5369772736967092351794754,5360454953487246458112752,252598400859767154175563,258686403105163857291531,3389681938985602271125,5369247551134746843495261,250145439247745616800607,2439527843004887395718
1408,3,2012560000000000000000,2006857571200094863592,2006847680091129605285,0,1,40481671667568933,5358261782899281718652311,5348963990563727288874149,252616173666334362709374,258704155338490137532873,3389681938985602271125,5357741073679691526388492,250161058686971678143115,2440706701720877705228
1409,3,2018070000000000065536,2024356041518570353184,2024366976710549808225,0,1,159360945157643607,5365592798885544427158327,5356282289357034189311100,252636993294781561054354,258724975627405731897781,3389681938985602271125,5365074919203156890890426,250179596281061745244505,2441960335352340178514
1410,3,2050199999999999737856,2047353036691153417949,2047348093134883465437,0,1,829219965711565,5408132105082394634239293,5398747762134529952198538,252745782993429330698143,258833484081992694351813,3389681938985602271125,5407615818387212783248911,250283265124081276309411,2442524658694358864427
1411,3,2076530000000000196608,2069545407252960652345,2069533297016182318685,0,1,172403264293652468,5442755099486348405715586,5433310699986809148662763,252882012751931716456788,258969523866154510063873,3389681938985602271125,5442242840872471491539675,250413601391172429969724,2443931801792277467156
1412,3,2052320000000000262144,2054378737943316858663,2054382317433259753993,0,1,307074735370232229,5410926883728535055086308,5401537689028330684102555,252929262411942871384360,259016625514418046796692,3389681938985602271125,5410421568173667749894402,250457293999910014999796,2444356652314509681227
1413,3,2023589999999999803392,2020625078540888471434,2020619930454943196205,0,1,156077616374595054,5372920952797168659775278,5363597709741623176077175,253082404617109551579851,259169537264678545309493,3389681938985602271125,5372425850424425066210346,250604369098045969466427,2444941587487872046219
1414,3,2040990000000000065536,2034235692179699210925,2034223980743321653255,0,1,114866326943353747,5395977214826638245533236,5386613984585698550526729,253150233655062943437364,259237283014179516834099,3389681938985602271125,5395485995665019910475237,250667655386855089554282,2446426433255276612382
1415,3,2063219999999999868928,2059753505701377611594,2059747487692450855497,0,1,2820114795821945,5425277977269332191628424,5415863884432664847228682,253285972915742484038197,259372897041270297967025,3389681938985602271125,5424790842386009180276512,250797375647171598655330,2447147128506777915062
1416,3,2072650000000000196608,2076296689610706221877,2076303031242072898820,0,1,177720159880369798,5437662207621235635083193,5428226625944014366112930,253312453229866907884172,259399356159606489240529,3389681938985602271125,5437177506558649132615782,250821099488277935058171,2447921925376281268412
1417,3,2069860000000000131072,2072980649257331908683,2072986075757557035508,0,1,276107543044540796,5434000591607401608549470,5424571361732669283109901,253319001461905012050401,259405905895958559756946,3389681938985602271125,5433518197291465362264194,250826311655786507305718,2448566090659960703754
1418,3,2073630000000000065536,2079991843534594466028,2080002910462195445377,0,1,241197252058702270,5438951864803273853825688,5429514060125628142225269,253319068151316349453110,259405971361439150281741,3389681938985602271125,5438468944086159186321041,250826311655786507305718,2448566090659960703754
1419,3,2118769999999999934464,2117487772583611291948,2117485544771417335449,0,1,289502648933938307,5497826111908357680604796,5488286125663834143464190,253553556140042788561316,259639917627840305085128,3389681938985602271125,5497345821861693604302852,251062378400980910705293,2448774773546459670237
1420,3,2099719999999999737856,2093801575811944262152,2093791309935559899880,0,1,491156254121254797,5473059848212753176278911,5463562855151333633811553,253602132115229998408022,259688397204149896003086,3389681938985602271125,5472586285852800314569422,251107500661191044399164,2449907957805955092712
1421,3,2121310000000000065536,2131094278993902547446,2131111306070220632367,0,1,232122556208714343,5501134855546196206516570,5491589177520581381220825,253719283734089508778404,259805433415266581082931,3389681938985602271125,5500666265922729205324314,251219140674812941770952,2451801968411658372208
1422,3,2128249999999999934464,2121660608788171717947,2121649181467766208422,0,1,418599093356199590,5510118200801130548582666,5500556907080623223660233,253720512274482970020913,259806674541512076818524,3389681938985602271125,5509650955730971918462722,251219734120258651365157,2453254345475561827622
1423,3,2102640000000000000000,2111095670180319940778,2111110382981445682130,0,1,323570897890736409,5476869685832670926192739,5467366101175188359980571,253776032003287295215470,259862031654148390678458,3389681938985602271125,5476410837270160610066606,251271404670281802703315,2454958677872979598708
1424,3,2092719999999999737856,2092504277278626483056,2092503902328678543145,0,1,215761679699346812,5463923814820738874097308,5454442655974714245911068,253828233133691383557438,259914225319338178306897,3389681938985602271125,5463469536774519328022981,251320163302794898301807,2454999269980743375982
1425,3,2101489999999999672320,2103417854784171848407,2103421206638067553031,0,1,39289910921881949,5475361296078113213504423,5465860292556504233189546,253840800219915218388203,259926771648020039627133,3389681938985602271125,5474908114557231254928219,251331035163985573394572,2455358763146525612781
1426,3,2077659999999999868928,2082919975823561167930,2082929124740997847351,0,1,126966947425389889,5444232434798857729957621,5434785460083347708614364,253944114784546794455662,260029933617192817525934,3389681938985602271125,5443787264792477016056716,251429827298937223791401,2456282459619105787570
1427,3,2074219999999999868928,2083490054450608700839,2083506186073207515355,0,1,62518084742576810,5439732709509871516205477,5430293574657210011627734,253956027059456649869178,260041850192844389717409,3389681938985602271125,5439291136628493300546786,251440181907893674529088,2457926976012401025437
1428,3,2075110000000000065536,2070728422416079784394,2070720818246228746291,0,1,56677158049532631,5440889131181476947781539,5431447953309490420649760,253967073957152255719387,260052920333555668827164,3389681938985602271125,5440449424981379743236795,251449941512411991994692,2458595800195644378577
1429,3,2077949999999999803392,2074421685029966461593,2074415559779489142809,0,1,176282430838612702,5444609989256720419414214,5435162351119349231530901,253975322594833695256388,260061172038522945320886,3389681938985602271125,5444171597932708333465249,251457103079405320057090,2459122426142039579209
1430,3,2096590000000000065536,2104561808340837429151,2104575678468431618714,0,1,127502588927213325,5468983449458631409410056,5459493545129678424771632,254052567098354716416657,260138325350795734817651,3389681938985602271125,5468547084215090095999428,251531403445209151139024,2460151071428954318685
1431,3,2096579999999999868928,2089699977373190016413,2089688047707356933631,0,1,191714692130795365,5468967946854569005709433,5459478060892665800211862,254062437705784239999785,260148213040146667810990,3389681938985602271125,5468533916193703099648493,251540018244426666038120,2461215997497801034300
1432,3,2106270000000000065536,2101035348429670496993,2101026266318390727736,0,1,24127557642401801,5481588490082053479444237,5472076693682413886386533,254105180473041968681651,260190943343648047186294,3389681938985602271125,5481156846386508429780066,251580179615601750620995,2462022582166396380858
1433,3,2120080000000000000000,2113560994622491195085,2113549689183928135813,0,1,133553248975857302,5499531724002034016892972,5489988799884068324596061,254161155389530537465230,260246874679620995102027,3389681938985602271125,5499102454348915490707877,251633338936353553152456,2462979011847589006563
1434,3,2094239999999999737856,2096448034351732443923,2096451873469777158493,0,1,243242245789500601,5465908505034045810733411,5456423904905513054887807,254218777312110878233998,260304329625862793291042,3389681938985602271125,5465484953701241612339253,251688167959786899253253,2463298396002527060985
1435,3,2113790000000000065536,2115578892666650296183,2115582002859537805571,0,1,32846434286837884,5491361449504824146077450,5481832681760972636259824,254265361536072607554357,260350812343182563404128,3389681938985602271125,5490938747878739314449294,251732176427790552408556,2463559910968118063243
1436,3,2178550000000000065536,2180454296516868439302,2180457607375483030615,0,1,208850519443498155,5574846060343487858056072,5565172427826276491675886,254864883920538304342322,260949234424955451867437,3389681938985602271125,5574426786246043720080567,252322122249203805175144,2463841838134143347632
1437,3,2236040000000000000000,2244084300063947390210,2244098295605485868279,0,1,537847915900401181,5647933263794960390952259,5638132837993677061367567,255312268824222087126876,261395789136240170583303,3389681938985602271125,5647522333924142092115746,252757475085843231226501,2465540334612161796329
1438,3,2249360000000000000000,2256952653422635402528,2256965862454001936818,0,1,684731672251720730,5664729450092123964809517,5654899875371641894585688,255316173189635962636864,261399666050644311856357,3389681938985602271125,5664320779747984112617915,252759970800724958391839,2467559993612709098257
1439,3,2270300000000000131072,2261923607008204098886,2261909087168390934101,0,1,706543934002541586,5691037384623942390157162,5681162165437729967724740,255340906596599393535030,261424307550299509360282,3389681938985602271125,5690632147766992884896291,252781439236603122331451,2469597773046130262262
1440,3,2274099999999999868928,2277632096555603793613,2277638238591849292098,0,1,715455409487597525,5695790174279766784376834,5685906680139671831720025,255361428276231014064846,261444842638544098875830,3389681938985602271125,5695387962751421962606138,252799351170036357141525,2470348498800216712717
1441,3,2331010000000000196608,2323487919527145625132,2323474876023610057213,0,1,744202700910245442,5766624963231712153577803,5756618574695457397412806,255748250930112640886497,261830904167008684428972,3389681938985602271125,5766230021597658243560666,253175435709336123134838,2471857805428986639446
1442,3,2352949999999999803392,2355295421585325313220,2355299499520410953162,0,1,809438426947008731,5793692954287772918467765,5783639572950003379325487,255863234246463524134107,261945790261965292861761,3389681938985602271125,5793303392018182170321554,253283753644291665825769,2472385769721030719508
1443,3,2320429999999999803392,2324174887606042762444,2324185340957245614543,2096440744522703,1,841812713466932649,5753522513102138129361010,5743533983307291242576393,256023194935542206194108,262105510461519877996738,3394544508164780858456,5753139753300236845738441,253435571604207934127814,2473266112562137898485
1444,3,2328139999999999868928,2323847665737936318018,2327811369963103108970,0,1,540590732993203933,5763073665901417895089817,5753066109553302858413229,256023194935542206194108,262107588949608273694666,3394890250687389259373,5762688840833840906183202,253436713245432780585223,2473344159876332954317
1445,3,2327260000000000131072,2325961116117203629322,2325958858184494820531,0,1,537459299143718046,5761982159467440621264614,5751978933452692506197566,256024745652084767488644,262107629297495463890227,3394890250687389259373,5761599964025335304573002,253436713245432780585223,2473421887061097587846
1446,3,2316600000000000000000,2313400455736923974302,2313394897206765919063,0,1,544491901090201187,5748771800202740190120401,5738791512336357423574395,256036432201502544754757,262119289942321263977398,3394890250687389259373,5748392954289095528330168,253448055681545816685358,2473986896778586852383
1447,3,2320940000000000131072,2326248347177949107401,2326257584169553445778,0,1,395774824826075598,5754156636233578504116604,5744167008163598142879449,256044047143195834979596,262126902895070322069184,3394890250687389259373,5753779586011435228413793,253454403269699475245312,2474865761805309899442
1448,3,2318010000000000196608,2306818740784878645521,2306799348796062184203,0,1,458513644303461843,5750536493996418114510401,5740553196160604780321183,256053094580053115979643,262135954853398266378579,3394890250687389259373,5750162759280152745990965,253462143538151731908365,2476608248956553766115
1449,3,2341610000000000196608,2337700188313188932936,2337693397318814811313,0,1,230814541914930436,5779720985175258685973403,5769686969476726057929768,256214985657225572702029,262297746440171654384051,3394890250687389259373,5779351523664776450932987,253618468025099935347024,2477229537399587413312
1450,3,2318150000000000065536,2312075569274621156996,2312065026080538160286,0,1,404288173693097027,5750698259903033627649645,5740714639978244092683106,256265684710474371767995,262348322468590558320189,3394890250687389259373,5750335093810325920593669,253665752953262171667002,2478276084960027707880
1451,3,2269800000000000262144,2259430176239805206212,2259412204098342261542,0,1,151138413743829432,5690420678905641317100584,5680541739899979595542608,256507917715879106102213,262590015447061862334789,3394890250687389259373,5690070809924655361158687,253900396614930897181411,2480124323272274451060
1452,3,2188000000000000000000,2188812727711931997587,2188814141252532680717,0,1,202366941808200694,5586928406078441741455606,5577229085869400672961370,257228647219877124949740,263309137452305494230234,3394890250687389259373,5586600970193648535652829,254605356035325503999253,2480311904950051650836
1453,3,2186199999999999737856,2194701115467641495448,2194715914068098588564,0,1,467559088013848045,5584640254813008061781176,5574944943173236953334469,257229643070425760480091,263310132649313618806627,3394890250687389259373,5584316158422983676581088,254605602668194309585012,2482742798422525605391
1454,3,2203600000000000000000,2212888322037050166871,2212904492309214723822,0,1,420547113409080834,5606822172257734480695745,5597088357711205984461629,257241119013501467448798,263321550521942204798234,3394890250687389259373,5606501377801575589627099,254614826787965268896329,2485054406796889958480
1455,3,2212510000000000327680,2204459061689947654215,2204445098659634276242,0,1,273156808025195509,5618142911499589607908227,5608389432671021489928281,257241139543107386161966,263321572805094043368372,3394890250687389259373,5617822557396598966305054,254614826787965268896329,2486097304672648322912
1456,3,2166800000000000262144,2170463722127412316054,2170470096376966742411,0,1,311993988579570593,5559797938830441501410394,5550145725672816180658509,257447477408038529227011,263527401042967271989133,3394890250687389259373,5559490681687799933635147,254817107293157527019073,2486892746333530814228
1457,3,2166889999999999934464,2172482050130976939697,2172491781503853453215,0,1,452218694950578771,5559916036312090377992077,5550263627271535856600387,257449364660400087182199,263529291740045575708077,3394890250687389259373,5559610887859650387250006,254818172284105460686040,2488177690073417477767
1458,3,2118769999999999934464,2120001424121054831827,2120003565993848318687,0,1,431687638645783448,5497830745408304783704802,5488286105793254828293430,257880077477304762365047,263959410688409749847209,3394890250687389259373,5497539905055185127592865,255238211758411922577299,2488428994539793641652
1459,3,2141289999999999934464,2138263256150394600565,2138257997952435474023,0,2,604676356429670314,5526972361381717307156851,5517377133763985938263055,257949049992823504410538,264028249539035883143202,3394890250687389259373,5526685956867751071192120,255301893705648885611769,2489172760741943480422
1460,3,2138159999999999737856,2139129487086062592001,2139131173305760514957,0,2,425609697436473059,5522930158326573617969581,5513341943962868718416967,257949051602764793232678,264028250986669394487789,3394890250687389259373,5522644218191399696013323,255301893705648885611769,2489429239299093778753
1461,3,2151320000000000262144,2154923054907708332450,2154929323581564134805,0,2,416826246937323206,5539902216508939768485428,5530284543641294682912190,257971413721666218696973,264050568090508495043537,3394890250687389259373,5539618512085170657970885,255321463641844954743294,2490144502257621772288
1462,3,2150610000000000196608,2156567796729356538612,2156578165070834945655,0,2,252005420553230280,5538991334343475214537651,5529375254500289155002247,257974192901948274855377,264053350508291819329923,3394890250687389259373,5538709653240451191453499,255323410766617016084554,2491280268451111757934
1463,3,2141590000000000065536,2131981405033060122386,2131964751161599655012,0,2,234482084355826750,5527372107598539910407449,5517776229686564188181914,258007752961130963880608,264086898542419298555086,3394890250687389259373,5527095089154377574569618,255354490331328911735673,2492848145616372565129
1464,4,2133560000000000000000,2139278396600661275383,2139288348090875900613,0,2,386340254858991425,5516990790902986936501734,5507412904385271099448213,258008130763800887674934,264087283691831044717742,3394890250687389259373,5516715586299627416052486,255354588310407910766165,2493846602162189628793
1465,4,2132679999999999737856,2139698786375629587557,2139711002742382435510,0,2,296196849338763557,5515855418757522963255061,5506279512017073241488217,258014710460448677665955,264093871762041024681483,3394890250687389259373,5515582455181389958728843,255360108689504001316881,2494958898666541498095
1466,4,2146059999999999868928,2138390958154700633286,2138377656806173291633,0,2,290519655515247543,5533132439406844964834740,5523526543412868249845837,258020805346691433310083,264099932685801475177350,3394890250687389259373,5532860540857984260261778,255365332270426138425283,2495993279530318089408
1467,4,2153110000000000065536,2147272565776960409782,2147262434623128449691,0,2,301715703778658851,5542209633685594249738335,5532587965967325191320062,258053403803183942176286,264132533593211867127655,3394890250687389259373,5541939717530745573585159,255396191827548496998268,2496674806532400402476
1468,4,2155150000000000065536,2163037343762164497283,2163051073136135169239,0,2,156199441851714738,5544838682629622990167836,5535212465070018698540309,258062697804570945520548,264141835383232882604125,3394890250687389259373,5544570410370892420490598,255404598763241923849400,2497542952465151782850
1469,4,2156949999999999803392,2159758252622521393279,2159763138026597275136,0,2,61606049172177032,5547145668535702472019353,5537515417841912723439570,258068205004415739182014,264147357813784093403852,3394890250687389259373,5546878335354808366999297,255409387046164607365623,2497872364381566575542
1470,4,2154940000000000131072,2152253302965052252031,2152248634926358140692,0,2,14953964046071285,5544560358320490992081125,5534934595585693742250433,258071662134463858513584,264150815936174894813181,3394890250687389259373,5544293936146878417631832,255412339618588090000945,2498152199676233950327
1471,4,2152019999999999868928,2155647606396240173591,2155653917802448785826,0,2,92675421314795675,5540803459622583064092847,5531184222218987655451900,258071670273695984770471,264150823739404493127369,3394890250687389259373,5540537841466433541248118,255412339618588090000945,2498763626452644796652
1472,4,2084739999999999868928,2084533603701586503567,2084533244785910049872,0,2,34261967284034156,5453500910486664271282848,5444033229957754285621308,258834295246341782760585,264912258031182773579511,3394890250687389259373,5453245583613496134332437,256173538469754042411400,2498782178555629733084
1473,4,2113570000000000196608,2107782276494344807596,2107772231821780111971,0,2,587087014499812133,5491084993377216554514825,5481552082003315612204050,258965642945760738246629,265043380965359163059913,3394890250687389259373,5490834216473716169153823,256299578067448022309460,2499824547784059992356
1474,4,2093400000000000000000,2087412172500642132182,2087401781500036089051,0,2,298058383996634636,5464821678385145875670785,5455334363607216849729065,258997665914351164022679,265075303855130352091549,3394890250687389259373,5464575912442334957539691,256328889946599885233064,2500938162732663032807
1475,4,2069790000000000065536,2078452576944878276839,2078467657729715043157,0,2,408937671460240126,5433923611133159749799406,5424489959350499767254111,259046486731510253749784,265123982700350134031338,3394890250687389259373,5433684241314588971712273,256374376441192319778415,2502571963726915679436
1476,4,2083019999999999868928,2088841784895330330257,2088851916597880384856,0,2,453889788735637147,5451256061263777623607223,5441792296368571350458165,259049770064737636777305,265127238701307990345056,3394890250687389259373,5451017739682804633296744,256376856786407076017877,2503578424421742084297
1477,4,2063040000000000000000,2072409145049252903213,2072425457354136907288,0,2,317268749101988082,5425057912453403642977233,5415639659377064681277688,259154530040540538219354,265231898444053981238496,3394890250687389259373,5424826508612649948330419,256477381932487497045706,2505102914967194070801
1478,4,2053610000000000196608,2062470707402741579188,2062486133612745993627,0,2,419009060427173097,5412643597015907962622056,5403246891315772597586840,259210712262496369136294,265288080060103331233320,3394890250687389259373,5412417265964492035063969,256530490109864038536444,2506544923432398815149
1479,4,2051949999999999803392,2048587741370141578291,2048581901289727316023,0,2,475027531549141700,5410444828884204141889277,5401051903189263639075230,259228400210441356858838,265305788986492717506901,3394890250687389259373,5410220736785619877800426,256546552649288506479060,2507063176176016916825
1480,4,2044120000000000000000,2048021430205625069440,2048028218395919578439,0,2,547193123962976030,5400112790580909763346575,5390737804274768466383829,259231617777517303230169,265308992585071752549052,3394890250687389259373,5399890411360810957756317,256549087267734135066176,2507657182490147770565
1481,4,2134300000000000131072,2126980081411225421468,2126967384211712872203,0,2,550171108279523113,5517950658892425546023180,5508371117081893886949246,260406128215210166359638,266481275633152337542957,3394890250687389259373,5517735591932030325325389,257712337907647555721050,2508602750917585099566
1482,4,2128050000000000196608,2126277001713253192693,2126273920234528834442,0,2,246998368623158724,5509857810204067450386154,5500292291572143899617217,260406302398534617926414,266481453666677693416126,3394890250687389259373,5509643682351554793705329,257712337907647555721050,2509001082636163270401
1483,4,2154040000000000000000,2160935699411979909441,2160947701274153632664,0,2,240439698150742446,5543408408499366805326793,5533784666466826370695959,260522913767499434785892,266597888600577134067129,3394890250687389259373,5543199606740765373302399,257823619503150384018467,2510293645821344550956
1484,4,2151619999999999868928,2154258976172615501566,2154263567006655975013,0,2,416897120036334849,5540287571907677785174998,5530669226913320022876628,260535839800168800824057,266610825390859374801374,3394890250687389259373,5540081422320096097151979,257834566171986404863401,2510851077382947482765
1485,4,2141120000000000000000,2131998492921208011364,2131982680579942132197,0,2,346465044620031909,5526764169440253903284237,5517169342168514674977624,260561695903321204546052,266636654591146618620272,3394890250687389259373,5526562731243520206289412,257857942563183686854126,2512554464589344175455
1486,4,2165270000000000065536,2171388000764451772285,2171398648055443399483,0,2,125528886242726137,5557838224558567481984446,5548189425926218416815121,260728288220070820483771,266803117032765812130320,3394890250687389259373,5557643235045118352270234,258018087996916001711431,2513706420175926107996
1487,4,2165550000000000065536,2159224384866934822545,2159213408187228922207,0,2,347522477634149287,5558197980747945387338644,5548548558991740981325490,260733323991503244340292,266808162390196361143536,3394890250687389259373,5558005642325462634242931,258021841076987350128780,2515076613077647468466
1488,4,2134659999999999868928,2127839395017868483007,2127827561840455047397,0,2,234396362845676334,5518414928581348349323579,5508834577028949150869210,260823627693255067653220,266898229229641621034645,3394890250687389259373,5518230332427764101310744,258107178163800933911728,2516449293198401698805
1489,4,2115989999999999803392,2121098830507058337308,2121107720604531146176,0,2,18319902503859315,5494226521050865173869385,5484688151700168799357826,260845044529245545070492,266919566323697167089608,3394890250687389259373,5494046453798461448567970,258126021743729140367547,2517562929736118909998
1490,4,2155689999999999934464,2153764638631482233415,2153761292496034403026,0,2,67014517025130330,5545524606553249646066273,5535897167987870345180978,261026440978822025692725,267100554032904484606978,3394890250687389259373,5545349983845126834871421,258300647870068360250404,2517939169935413751860
1491,4,2157860000000000131072,2157478732991056847680,2157478070020258596825,0,2,167108387426328026,5548314540971730319972758,5538682257026334499550435,261028943823730015392244,267103056621067310042196,3394890250687389259373,5548140776077019200859324,258302288949469752438220,2518019863271730253832
1492,4,2164400000000000000000,2163730873763645951354,2163729710361130346192,0,2,190661891637676758,5556716086475942330068917,5547069216982242361832918,261036069319652440406926,267110171111549783052804,3394890250687389259373,5556543462212239945362998,258308135515255570347183,2518143577554286086573
1493,4,2186270000000000065536,2178467465741497445307,2178453932813283950338,0,2,233490958656399474,5584728070101313536136464,5575032600485754847496467,261111037254957925748730,267185016663177351761237,3394890250687389259373,5584559597672904829558414,258379378548283925677702,2519421312397751768237
1494,4,2162300000000000131072,2154265198703018539309,2154251264469396495057,0,2,331163995983741961,5554029297413708969082025,5544387125559475598952795,261149561380797029465319,267223409792916535107685,3394890250687389259373,5553865637376206151959057,258415293338652209847502,2520697461592842002367
1495,4,2172420000000000131072,2181992955050291366104,2182009621642258968384,0,2,67711650299167452,5567014923275187597664968,5557350220709709476437020,261198569662885532505014,267272408437822361840688,3394890250687389259373,5566855616051528555669638,258461177051913085107031,2522294447761492409939
1496,4,2168679999999999737856,2166059610798450853123,2166055057835432801486,0,2,263907858314473316,5562208396301452955971842,5552551995052054578919593,261224610580661401947239,267298469076633361735346,3394890250687389259373,5562052156111554161329169,258484764823837338073234,2522773509183531202933
1497,4,2152449999999999934464,2151333604108009829152,2151331663348255158843,0,2,106862951459482421,5541355213754870684927796,5531735012288311901658288,261252128325885685564882,267325920730216034348787,3394890250687389259373,5541202190375379893834214,258509860901547747145794,2522972765808339813614
1498,4,2122920000000000000000,2131702852424906559464,2131718142415596758897,0,2,25702963451187764,5503223860277556303817153,5493669897716889976796688,261373728089183254769239,267447292914944205193266,3394890250687389259373,5503078331421796392344190,258626568105231755348824,2524486660720364163718
1499,4,2067889999999999934464,2071385690267493983965,2071391772169785315727,0,2,180808608179227990,5431419049975706680125187,5421989711893200601203450,262000862041856747637537,268073633652398566045325,3394890250687389259373,5431287187494931879796759,259242598167568267757750,2525115886773775927556
1500,4,2069590000000000065536,2068459688766266256174,2068457723856472789318,0,2,483632516280905168,5433649424914901527295317,5424216208712933942133302,262001372922160830992294,268074147104757261664264,3394890250687389259373,5433518205365400588260403,259242679612147589464119,2525387551593798462910
1501,4,2048349999999999803392,2051837847900768249636,2051843916177333557936,0,2,494460052672020904,5405696764115392031172819,5396312081887628399483242,262065866788875354958750,268138516485729411185108,3394890250687389259373,5405571150017035673048236,259302980015911905318442,2526119171514452204428
1502,4,2059289999999999934464,2061923636797306349574,2061928218402853102025,0,2,556856344061001507,5420112286406201326242218,5410702574817457888015243,262074771518242642932405,268147391258448433219987,3394890250687389259373,5419988383063495192732439,259310362748895513508206,2526650692600902350554
1503,4,2060510000000000327680,2066849045865281143518,2066860078536654583981,0,2,430608515382288823,5421722874262528889675085,5412310384934510720374631,262075090286583822509138,268147711538688185152332,3394890250687389259373,5421600388038814822647097,259310415592587456275944,2527826878896245531945
1504,4,2065190000000000065536,2058913730218876050281,2058902840135984816699,0,2,367145445844589584,5427876397566412996608017,5418453224888896692074575,262075527796050819113579,268148154114340509527366,3394890250687389259373,5427755097203469781846694,259310576054342077392853,2528862830709423955212
1505,4,1991200000000000000000,1996395359175578762970,1996404400284941196868,0,2,416263081524020433,5329755055379718104198100,5320502222485998802892703,262820580482140581875947,268891678071621345066570,3394890250687389259373,5329647121892938318635355,260045283503523505519167,2529679975698684872970
1506,4,1990380000000000131072,1982055488038595005391,1982041056459388927523,0,2,662956704640679018,5328664691394606687812166,5319413776360677090746066,262826645998558139548745,268897751245356465045883,3394890250687389259373,5328560070011530522009686,260049977094217891539679,2531575663790628710003
1507,4,1990400000000000000000,1990590062541110731477,1990590393085465999885,0,2,698053456823335510,5328679769253705645505489,5319428787447175132725172,262838402412437188804744,268909527964160355063162,3394890250687389259373,5328577023712775949646034,260059898640120814101310,2531617169626966582246
1508,4,1991950000000000065536,2000238177559712874172,2000252606460396494548,0,2,582501815270332415,5330765670268772300516540,5321511107045131650831722,262838713209041241162440,268909838070344157708348,3394890250687389259373,5330664801864447153280349,260059938323769894375444,2533242533474691864607
1509,4,1988170000000000196608,1984379865142015733087,1984373283188158280872,0,2,451714781015164529,5325696283233739709278053,5316450489377769442560337,262863093190505147628920,268934233781995144643719,3394890250687389259373,5325598437056814734639775,260082089145123507065304,2533937502451736011550
1510,4,2006099999999999868928,2000498816456823389060,2000489095920340782740,0,2,527366429905519121,5349659655337869586854348,5340372269031881755365839,262942339705099821206532,269013390933747761752799,3394890250687389259373,5349566351352691766557593,260157361758298502168544,2534951098430304360083
1511,4,1996640000000000000000,2003176506677213681155,2003187883575414745211,0,2,311061045108400017,5337033187407384518018029,5327767728174383047331056,262944826725875146529822,269015861156544158959800,3394890250687389259373,5336941969340096741121350,260159151265822678153426,2536114055122978653562
1512,4,2025750000000000065536,2033603099711313291758,2033616770216183112941,0,2,275912799209692905,5375800907501452704943708,5366468154820967435751227,263029207100275184632075,269100009677837219006896,3394890250687389259373,5375713783280048834176338,260239991903142455172901,2537312154778576419837
1513,4,2019560000000000000000,2016559355929107135337,2016554143356383144833,0,2,58684250329516145,5367572757154275355714002,5358254259378786239027142,263061424429350834110378,269132233505087425729413,3394890250687389259373,5367488835018954717252720,260269672435115278283436,2537849020974110362216
1514,4,1993740000000000131072,1991963812328139154471,1991960725440255197704,0,2,96875860479121274,5333149326673888020165546,5323890587204231196370544,263147765500332089953082,269218385532194287479464,3394890250687389259373,5333070359254446782334229,260351934362145614644821,2538167641599955335291
1515,4,2010180000000000131072,2005741625135731422471,2005733919197551893166,0,2,278686497547414025,5355094990384535689316042,5345798161140395059744271,263203237429409197690050,269273780012980473879231,3394890250687389259373,5355020056015537407298827,260403884212435082177224,2539016706648552900267
1516,4,2004960000000000000000,2011294945630391469187,2011305971394406592085,0,2,128555745808418128,5348140849227163268348541,5338856104628627656507752,263203338990799883815017,269273879409205451757901,3394890250687389259373,5348067320798638062017622,260403884212435082177224,2540172560006957092377
1517,4,2002880000000000000000,2009315442816042599295,2009326643641452462365,0,2,69308819541114966,5345366202559439535575246,5336086275726890159546601,263215084135648192484439,269285634844213121810440,3394890250687389259373,5345295172707500608051434,260414234811782677031054,2541227042744155078641
1518,4,1991849999999999934464,1999173759030237536277,1999186507435555387042,0,2,89339572991717739,5330629348136383873180499,5321375012857702996234188,263265869684372962610674,269336396988880462958108,3394890250687389259373,5330562081767695328724421,260462512335184104157128,2542270439480426958585
1519,4,1994790000000000065536,1990842006284969809516,1990835150569005724693,0,2,194190281178040336,5334555576560956700547974,5325294402988142592876711,263269083001102899788179,269339623390443648768956,3394890250687389259373,5334489412670775832293423,260465119657639936225343,2542813090179358203027
1520,4,1983520000000000000000,1975590143990887539193,1975576394682734659272,0,2,275218316065082941,5319472926282729859221259,5310237965258502855121244,263278110432387772056295,269348618312611745306524,3394890250687389259373,5319408951768295066265758,260473188277148598069644,2543834968773198842896
1521,4,2034700000000000131072,2035481517106849303137,2035482876368557257324,0,2,404865135322310482,5387653295100952389099899,5378299931219866036705087,263863450995405826997234,269933218601089801508224,3394890250687389259373,5387596614267875889274249,261050487485524981926272,2543938294432806041574
1522,4,2058400000000000000000,2049937660863857001427,2049922989555198815862,0,2,226921526234862880,5418951295829686849278175,5409543635869714527068286,263948368208348675229803,270017978280107875656205,3394890250687389259373,5418900789931526573917635,261130702386172511639443,2545673841408352671991
1523,4,2070150000000000065536,2077253191860233225590,2077265555568982907039,0,2,313045909745541352,5434392274783196486503352,5424957795909066577629681,264013763793634955244398,270083355606684480477355,3394890250687389259373,5434346996534435727900450,261192121112546066492122,2547046408061220541536
1524,4,2073829999999999803392,2082833949925387266522,2082849625621506320760,0,2,448294993985655034,5439225134546401084883138,5429782282094586728273902,264015613257494866366909,270085215209155925264382,3394890250687389259373,5439182403409228777522531,261193254913596629093746,2548891176841474176587
1525,4,2022670000000000065536,2014917983418943204323,2014904540784046576451,0,2,473034959508979190,5371712451902990000190880,5362386796532205199363114,264592501450956085155714,270661397663004297356996,3394890250687389259373,5371682732151561060187007,261759077018348280777163,2550306468727673212764
1526,4,2025569999999999934464,2028191817666898442187,2028196378728923420368,0,2,108251812061549266,5375553131281077497657608,5366220777739244077417913,264611182074333533458779,270680093077085749962428,3394890250687389259373,5375526907841370205592419,261774918560039053442173,2550991995713239441974
1527,4,2065679999999999737856,2063879519445410577743,2063876390292887697168,0,2,14924527430263958,5428514515118944551025889,5419090214588146096856445,264838795862365502868098,270907255914579113930047,3394890250687389259373,5428497589952650419767484,261993448644368641323025,2551430713737214330089
1528,4,2054689999999999934464,2045807708508664297562,2045792311582703563171,0,2,196533050120997362,5414066830327281050494813,5404667654345758784786691,264852272669690347272636,270920700184998088519984,3394890250687389259373,5414054637650259345337722,262004521524972658095311,2553715288009914916211
1529,4,2040000000000000000000,2046038107635879498082,2046048616239377722650,0,2,64920562246045779,5394671419855521616719018,5385305892100543554088813,264857722575050914605386,270926111861373503946617,3394890250687389259373,5394662233409187908554032,262008529959895589986299,2555209464191305713491
1530,4,2053739999999999868928,2059322995842333511986,2059332711792913116693,0,2,66467414455585443,5412807357650963489440226,5403410341430663263981794,264867273985547865657846,270935620639860964082257,3394890250687389259373,5412800950695157955001711,262016447917868880359154,2556377588959045875367
1531,4,2095349999999999803392,2098667516419954573798,2098673288175651885840,0,2,160377443378300144,5467362426904745633984042,5457870687677640863310683,265072841663545626770000,271140719801899628154709,3394890250687389259373,5467363783976047194005626,262214865886035071085973,2557025369116267320304
1532,4,2104360000000000000000,2113263675649593941415,2113279176343001730637,0,2,376243486023007035,5479115135238876183913416,5469603028883715174071071,265077866930844619407625,271145726163552257433197,3394890250687389259373,5479119794290537087726958,262218611004483365904646,2559006271778934315356
1533,4,2101840000000000262144,2095171931638525871759,2095160362901539939834,0,2,438447319312608682,5475828203868507549871351,5466321785482954675739889,265097977153003802816279,271165855842141981265612,3394890250687389259373,5475836720642102811704307,262236279742608410623919,2560415271217580330152
1534,4,2130099999999999868928,2131012580936868571203,2131014168170308835320,0,2,255692150737919972,5512510706093817798701082,5502940580615428649202731,265286334040950854962150,271354011343050419896780,3394890250687389259373,5512526727082238398132440,262417350871178881258472,2560602157530545217113
1535,4,2134929999999999934464,2135767523893828836222,2135768980568910443208,0,2,425187681626142293,5518756953554811651579884,5509175984058754619534718,265288660961700578011111,271356332340408219135476,3394890250687389259373,5518774076999711195195800,262418792117115649121800,2560792154681323369896
1536,4,2134800000000000262144,2125201974413203340554,2125185338977918426963,0,2,444735314913541577,5518602827967325903029163,5509022174297529443098727,265288802590074833293432,271356474148851435390733,3394890250687389259373,5518622062461054180365829,262418792117115649121800,2562685833593360708325
1537,4,2141070000000000065536,2136965606211245497880,2136958478571950214901,0,2,326637769379587606,5526689589844868538179856,5517094857172390023306598,265327031163440034671785,271394716711217641542950,3394890250687389259373,5526712559057258732083153,262454072704218812873057,2563443001034108912436
1538,4,2140219999999999868928,2148791801923105556227,2148806724006838003823,0,2,391747379777709248,5525600931359394182628224,5516008118154130839588733,265328630621486910873036,271396320399465205772336,3394890250687389259373,5525625944484303734252197,262455106789250927422273,2564907379497100253964
1539,4,2055909999999999803392,2053461800210025530787,2053457546372600035302,0,2,453861043937891714,5415662184888619730648705,5406260198499069407132618,266650447620542997617122,272716257423958353782277,3394890250687389259373,5415702214092977610438437,263761777167358281943384,2565308229259232793167
1540,4,2055729999999999934464,2064981860739003601033,2064997968680023469129,0,2,268623463535516697,5415437790881369618820077,5406036238098521117520201,266651272617537476921020,272717084082372922642628,3394890250687389259373,5415481081151994456086523,263761952357477491975517,2567896877545343424161
1541,4,2032800000000000000000,2026447534669411846922,2026436513091838037337,0,2,183334077257426627,5385143710964048331246330,5375794726459285221308554,266817350382393481069205,272883038233127783616273,3394890250687389259373,5385196685480108123026102,263919725808991573974735,2569524939222759733122
1542,4,2059480000000000000000,2068589755266252163772,2068605615489792437611,0,2,355087969278720830,5420374415013078894492515,5410964290320618407618592,266994491825505944084481,273059991130203693594568,3394890250687389259373,5420439484824586822179957,264087556226945161842940,2572003760432411526924
1543,4,2065320000000000262144,2068727756947094333373,2068733685800501844999,0,2,66701190587828858,5428042790813923541959578,5418619313844833150384279,266996189763536858641817,273061702590630594531609,3394890250687389259373,5428109978154941328561047,264088267144427987040502,2573022171103557342811
1544,4,2057209999999999934464,2051024401444513218822,2051013668425903918340,0,2,65836282281181717,5417379318495117450344096,5407974369019389249680793,267017297991265814799657,273082795811521808906143,3394890250687389259373,5417450885736668463974312,264106440536978339049062,2574588573784578149679
1545,4,2054199999999999737856,2054988389404878604685,2054989760619198772410,0,2,168074746974340656,5413408620941996933234074,5404010543913238499880738,267018917630876520550953,273084423595546746389135,3394890250687389259373,5413481110695687113258498,264107281050305360906092,2574780842310677252313
1546,4,2065940000000000131072,2072101333995646353251,2072112057120023882409,0,2,135236223029809819,5428861640364510325235453,5419436756303277993722282,267038088705064658497616,273103556582518240133045,3394890250687389259373,5428937979429207388093951,264124117501092609654143,2576075169967257918235
1547,4,2062940000000000131072,2065745725155877659043,2065750606233931363447,0,2,5973097833550958,5424913758822393765573108,5415495712029603563884041,267051403119290975565135,273116878945467572804233,3394890250687389259373,5424992519223789042237272,264135533730226687226459,2576654215972881064889
1548,4,2051170000000000196608,2053573912980178947894,2053578094834929165750,0,2,45754020187279849,5409415514372263566043692,5400024372548160471919397,267085306323239511775346,273150745882049850369756,3394890250687389259373,5409497195001283841565032,264166743956375586407066,2577100801468722825147
1549,4,2052420000000000131072,2047977592558803975515,2047969879366700245220,0,2,145228354892373817,5411065782409214039151407,5401671783405106787751283,267085520002368062677046,273150960738664625332897,3394890250687389259373,5411148473952284005358766,264166754367182983033762,2577878727439380254446
1550,4,2053600000000000000000,2044714416361084199253,2044699013773696206971,0,2,191040658627134366,5412630598739499128715335,5403233916230097404192669,267090605351207367703302,273156051216297804881005,3394890250687389259373,5412715615227526894487233,264170946732078562033012,2579265125336023959694
1551,4,2049820000000000131072,2048288280135841651606,2048285617828084325808,0,2,219788314019926758,5407634538711101128371774,5398246486881933650651491,267094809320664771496892,273160273278480007840759,3394890250687389259373,5407720406800135825715661,264174435702443894824081,2579478838548247580946
1552,4,2053650000000000196608,2062678660251251126474,2062694379181692795032,0,2,166385582213088435,5412696788597209024501390,5403299992212740957190420,267099433271539454639878,273164893792956105386837,3394890250687389259373,5412784516132469165445686,264178394122472981278926,2580569473291410269320
1553,4,2051769999999999934464,2056179287761002114067,2056186960045351004957,0,2,33238681165252974,5410208815497852243136377,5400816304046199340704252,267118448677785795368232,273183930786993367001118,3394890250687389259373,5410298452601826911065163,264196020623975457144833,2581125692435436155232
1554,4,2056070000000000065536,2053584966479579027967,2053580648700077837673,0,2,52739200776531620,5415872945170443118466703,5406470592986340896977086,267118450590378881910024,273183932973739349973579,3394890250687389259373,5415962882941254422396338,264196020623975457144833,2581329658972063759636
1555,4,2064469999999999803392,2070573060611689439425,2070583682248470807992,0,2,88438925156133688,5426929764490574979938910,5417508233937761366173270,267137408972444270354066,273202873499805294435658,3394890250687389259373,5427021721656650563424621,264213477054261024485814,2581949045651203671553
1556,4,2065219999999999868928,2062027009272426499553,2062021462816097504186,0,2,155805125970548354,5427911160200751466299650,5418487910988668368525171,267141955605155871654410,273207430245406093751593,3394890250687389259373,5428004106090510075578670,264217414249419974828462,2582308487679072269765
1557,4,2056409999999999934464,2053965821925220912232,2053961575068500835422,0,2,20546568408553050,5416320689292202919779498,5406917559678169356309331,267146993166286557014933,273212449148064846246664,3394890250687389259373,5416414320014834375507943,264221838409627095523571,2582574436187018148009
1558,4,2036950000000000065536,2034017818854380400395,2034012725034665878478,0,2,97172834422628166,5390632642508663077103380,5381274110772743765300576,267193624736673907353068,273258976625335236726819,3394890250687389259373,5390727929983882278345029,264266683525170452542385,2582881146402456768895
1559,4,2041849999999999934464,2050390717003558446864,2050405585632018167134,0,2,325299516240956277,5397122840265636516699502,5387753077014993119403829,267203589289831856019919,273268936847233078243552,3394890250687389259373,5397220208177310391143590,264275700429116650871027,2583881450842783354879
1560,4,2053699999999999868928,2057043360962057231348,2057049177746602333878,0,2,65176345057235726,5412751449474479995824517,5403354519216621601863235,267205348922715600470238,273270677663471785323422,3394890250687389259373,5412849947826846913161529,264277041206723349813216,2584301684966643358869
1561,4,2061710000000000065536,2068107524665032040934,2068118659188530424937,0,2,25721682583709615,5423301507006159193144246,5413886277446138820018671,267208829974611080816068,273274144004677130777413,3394890250687389259373,5423401497863500119280157,264279973234178362546815,2585040135022647282263
1562,4,2109659999999999868928,2119248191192165664772,2119264884885391624571,0,2,164608166458804289,5486012468809280346900954,5476488394736600571581311,267480200804774299349560,273544897098223983370424,3394890250687389259373,5486119529412481605301278,264546541844197064936664,2586105314421642726216
1563,4,2128689999999999934464,2138511410992484370015,2138528511030754546366,0,2,526342988369272193,5510700396113461013766433,5501133463693345969510018,267493813097791928574573,273558437644010362058108,3394890250687389259373,5510811262080585570376903,264558537740394203850246,2587759428458816978830
1564,4,2134510000000000327680,2129005130396973585801,2128995575473832876336,0,1,601535324274378520,5518218574069848827932556,5508638554845915639175873,267496232594360347235375,273560873608327236237853,3394890250687389259373,5518331250203629710564724,264560259247655652857675,2588707534208507605149
1565,4,2151699999999999868928,2155376490081389601775,2155382886573451985707,0,1,466667663370463721,5540391546345937934386411,5530773024240765276417385,267574097940159478218939,273638669588017511678406,3394890250687389259373,5540508923941601762912815,264634457064197306263554,2589290895494581211165
1566,4,2164940000000000131072,2165397464309622207144,2165398259924736264429,0,1,581292109005984239,5557409185325535943964819,5547761112438028470668985,267587713875245751714767,273652243668413002370842,3394890250687389259373,5557528669175757044385324,264646420160703629682556,2589370064571182458063
1567,4,2144460000000000131072,2141623389608030873853,2141618461382112000384,0,1,617712899543028601,5531061785514209704837696,5521459457760003612378243,267652983100806997380056,273717404509695575837002,3394890250687389259373,5531184536863274831497470,264708306770835601359007,2589826231774168326633
1568,4,2107289999999999934464,2104448264669878837968,2104443327635777958980,0,1,300875222585846910,5482917254472771863974401,5473398509309498478185901,267831994411509202042156,273896054157683696717598,3394890250687389259373,5483045302754158824180835,264881478529851168523019,2590312044376524164599
1569,4,2108460000000000131072,2102443399221126677246,2102432958235314462209,0,1,47311687056929399,5484443493388292123286901,5474922113666858953713062,267834480994530713774744,273898542543000827618222,3394890250687389259373,5484573596435345837535845,264883153407235666564689,2591511601589495544191
1570,4,2103960000000000000000,2109716927517722836793,2109726946201788155121,0,1,63365410784978964,5478587276468171918445522,5469076061888277010752858,267834837083840494184863,273898902927207918064981,3394890250687389259373,5478718502557189966846710,264883245518527904700638,2592500191319812077173
1571,4,2089610000000000196608,2090189437773572725820,2090190445539767718357,0,1,7899910187208813,5459866991635893975264429,5450388259278788834255773,267897425157043746594252,273961444324319088149808,3394890250687389259373,5460001038122510361649064,264942653926228069855619,2592592645254039226284
1572,4,2080199999999999737856,2088978705651053081002,2088993988738563869693,0,1,168603885596575132,5447571618494855314882074,5438114273554608366285398,267913053132728389486831,273977048309039516316597,3394890250687389259373,5447708434749161720171037,264956654525387922033779,2594008961235172303908
1573,4,2113300000000000131072,2107265483478325338888,2107255011417526017238,0,1,179141308518003782,5490734701843644556730827,5481202400168294626668381,268005016442678537565874,274068735954607410733681,3394890250687389259373,5490876874551613613531559,265045198957893358813736,2594849859351946282834
1574,4,2240010000000000196608,2237089651129774527485,2237084577346919194667,0,1,36884979534114654,5652941755264240224831039,5643127834846302283606451,270642240983915924617309,276701810453502010453432,3394890250687389259373,5653107661653177455701525,267663455491285616435680,2595274142736205408011
1575,4,2234689999999999934464,2242462564298633039994,2242476093265166355137,0,1,611401922439047211,5646232233776786009887584,5636429986948879343814913,270643053933482589163296,276702618565383161980240,3394890250687389259373,5646400959179547546804810,267663545789409040461520,2597574934295714870266
1576,4,2253800000000000262144,2254715833296012204773,2254717426177414699248,0,1,622044868893829993,5670314351576708575666016,5660470267276521501140762,270661080190030721051201,276720570497615085052841,3394890250687389259373,5670486992775918965699334,267678622187724775485566,2597812386381338972534
1577,4,2247449999999999934464,2256553834784579158726,2256569683229397024356,0,1,647822411791546489,5662332214452004750303680,5652502027481395307886342,270668454021286631409525,276727934750006597922582,3394890250687389259373,5662508492667794965687240,267684268154767570427421,2599949166561713245288
1578,4,2215520000000000000000,2211480230684935042046,2211473214777410767870,0,1,651997815615100116,5621956203843127957622540,5612196080584899851363649,270905128258452541649748,276964378977401881327300,3394890250687389259373,5622140388374432390857338,267912604934061339321228,2600769250955771227770
1579,4,2211469999999999803392,2221227122918679053023,2221244110171522401281,0,1,227908523656069151,5616826616673230704389702,5607075437861846750298244,270905128273478607435890,276964378978882981513787,3394890250687389259373,5617012977765547799011707,267912604934061339321228,2603082156824825154164
1580,4,2190310000000000065536,2199683414897388759243,2199699733571738854129,0,1,275594214971217892,5589889497910142476468681,5580185080925827769843017,271042408031290692494506,277101569992636042725981,3394890250687389259373,5590083507308036003327018,268043455259980852775772,2605074922208354161149
1581,4,2182960000000000000000,2177383759911787891873,2177374080930342358038,0,1,98671842167022053,5580494492685863613960559,5570806357739454191615010,271083035964662424413629,277142206281435283621285,3394890250687389259373,5580692874354607668746202,268080570958333271737524,2606244906114778631338
1582,4,2181679999999999737856,2174366926973595062230,2174354240905949295317,0,1,61438865985893678,5578861463888203788043544,5569176175450827142269926,271085745569313690525423,277144923395535262468124,3394890250687389259373,5579062245157956275737257,268082368708953459616915,2607775784816468085121
1583,4,2180300000000000131072,2188239537762198795233,2188253357926466291507,0,1,82835686387138492,5577098109411054082036351,5567415886968584770588106,271090921967517908589760,277150112958890257461481,3394890250687389259373,5577301369718582277721656,268086452955864038337571,2609209981513832814674
1584,4,2218349999999999803392,2220482202611656425805,2220485911602622602180,0,1,35786824893454021,5625543974636456941909182,5615777616867198710165455,271222256621355291967467,277281098456619381560741,3394890250687389259373,5625754628798244193262261,268212557376687959877464,2609576678794185465221
1585,4,2216900000000000131072,2213594050607478389550,2213588307696807069653,0,1,256245655617124706,5623706053528223203848785,5613942889709614510208777,271224089101704349087254,277282931542636056737196,3394890250687389259373,5623917959547497616265211,268213700265383410829877,2610206907498295981989
1586,4,2190469999999999803392,2185997556235907965802,2185989790175307569136,0,1,188348250802979669,5590083838550977956202150,5580379050082046080805108,271301147086656163728186,277359817745106604988117,3394890250687389259373,5590299225025577683895547,268286792914015777021050,2610972276161913231184
1587,4,2186750000000000065536,2197000724377937473280,2197018572220911130864,0,1,54425959507271655,5585347451276041705985250,5575650928390226283380558,271301229777667688302855,277359902005617125929920,3394890250687389259373,5585564685541511743756585,268286792914015777021050,2612832888144603072064
1588,4,2180059999999999868928,2190329574051366292047,2190347454816601547445,0,1,38101231181010454,5576797333132506815394598,5567115654322221146571093,271342999092979081376889,277401686371866131197761,3394890250687389259373,5577018922896091757179128,268325642549625238171355,2614577388647690985840
1589,4,2216480000000000000000,2206196362652389584154,2206178540837960127516,0,1,22991040746057904,5623186947910893483387043,5613424732624319885439981,271442007435100786119638,277500386907887672248371,3394890250687389259373,5623416039556806534564802,268420589746163812992573,2616150340485116381288
1590,4,2225280000000000262144,2221519661815442891690,2221513130542107633198,0,1,121388335153386473,5634325428033618004256225,5624543829755304433324698,271494252256946875668292,277552638907299497535301,3394890250687389259373,5634558471500873965212583,268469919673195784065625,2616724102468594943894
1591,4,2254170000000000196608,2263130763141785668941,2263146362226148084286,0,1,242068845224311868,5670790812212638485009697,5660945939068864012603040,271645150974318916578269,277703336367442150017133,3394890250687389259373,5671031593725946260041155,268615933258041546379269,2618029650096343231400
1592,4,2246230000000000065536,2235969824005733705391,2235952041885178239912,0,1,471180628348876501,5660798410282657985714472,5650970897434919183242695,271684909822884524604264,277743099217102469801008,3394890250687389259373,5661043715569117891379166,268652598433730917291022,2619869052158365643304
1593,4,2238389999999999803392,2232476811189654432384,2232466548022970556382,0,1,194739198494227195,5650900990905013942442136,5641090626391618541353520,271685736468757995432370,277743936605453741226115,3394890250687389259373,5651147475213432212553371,268652959148936690046164,2620993039962778454978
1594,4,2234000000000000000000,2240737849808157787428,2240749576393540393377,0,1,161492095998229356,5645358372161721831928197,5635557635103082906408858,271686064744189226058908,277744268743504537375147,3394890250687389259373,5645605996014775256347204,268653031760494936737497,2622106857329660779380
1595,4,2247389999999999803392,2249874629468827107161,2249878951666458748383,0,1,221690607122481485,5662245927918719617178091,5652415853593890526207022,271692284209277305313005,277750455508464531281043,3394890250687389259373,5662495693824410943353187,268658234668325216412238,2622484618577568474681
1596,4,2250630000000000065536,2244090839374205429481,2244079492001513064353,0,1,287949367404785803,5666331141494695256903455,5656493992759296786644272,271692364021454010597019,277750534272760665624983,3394890250687389259373,5666582124441750156108545,268658234668325216412238,2623402903259811883769
1597,4,2316960000000000000000,2325770160677641159022,2325785496929870752349,0,1,211215283850061021,5749227441548411801971562,5739246393825239248879197,272426234754674447134472,278483362824382440663727,3394890250687389259373,5749492490450920846792240,269382817973539724816687,2624477109953672896559
1598,4,2286000000000000000000,2296848807701165929776,2296867697158178941518,0,1,600314946291319562,5710692422254489603082522,5700778293774369732501502,272638589104808854860636,278695510633991252776214,3394890250687389259373,5710966433204903678746152,269586695250158571044560,2626774595609601159791
1599,4,2215019999999999868928,2216569234082403625670,2216571928816446520100,0,1,330131461005483798,5621319787703909372863133,5611560762373913381054094,273563319100033489498367,279619053839379402618886,3394890250687389259373,5621607538906977328019833,270493875218224071824015,2627124016133707072992
1600,4,2219010000000000196608,2222252849433221423700,2222258491112753947773,0,1,149930979547853108,5626381614606985740891895,5616613805588181138349608,273564170925755083060909,279619902308618306229652,3394890250687389259373,5626671290460968432278430,270494000885862479497947,2628076352571713794636
1601,4,2205570000000000196608,2202129287564954280829,2202123310860732267966,0,1,115827920514069356,5609317142377102351060196,5599578959269680205030939,273603985720137152721215,279659674766835030711211,3394890250687389259373,5609611131773959718111507,270529508405045976847651,2628961960695514206163
1602,4,2187420000000000131072,2178681717509189800574,2178666566462579843933,0,1,213325882664175412,5586198950838018918001175,5576500935523573735503370,273635349804134750695113,279690959047039337215034,3394890250687389259373,5586497538800284916527691,270557249676710010934257,2631106581385842750597
1603,4,2199249999999999934464,2209738989825060786072,2209757252890586289799,0,1,317515587342514375,5601288849209290539490212,5591564652893294536346747,273697168810992585505720,279752762110658584327407,3394890250687389259373,5601595789142614148506278,270614030577032480076207,2633601235920377766973
1604,4,2191900000000000131072,2181605915093412794281,2181588075938175638101,0,1,92442125159547015,5591920792219139197684051,5582212858290592705690641,273743093564924541870853,279798700673560022876145,3394890250687389259373,5592234217886360650477990,270655499579437408704712,2636129835966675373929
1605,4,2194600000000000000000,2200283730086202671970,2200293621024659112874,0,1,232141397928165619,5595352998475931766991750,5585639068467676607733628,273767759404702325706998,279823391548051427046340,3394890250687389259373,5595671310077115353561789,270676883665950825587280,2637537148747717095983
1606,4,2187179999999999868928,2183856006587525406833,2183850232455688282553,0,1,99647452327590168,5585882916106039540852717,5576185416220931021479175,273792672484068019688697,279848298823006052277334,3394890250687389259373,5586204605787161569857975,270698664657989244781064,2638326348769674461133
1607,4,2187960000000000000000,2193348939045341982547,2193358316685626348116,0,1,189754909078113870,5586881466797119559461788,5577182242420749066890688,273795134149224569558933,279850763140784525921080,3394890250687389259373,5587205354986440414928163,270700196153101002271296,2639530682610389560495
1608,4,2210289999999999934464,2215414104459444787087,2215423020921830226338,0,1,113850782974068038,5615318058808257724216444,5605569464801524689686240,273836687561961842250696,279892198325945932612984,3394890250687389259373,5615648098953206416793193,270738299180713870655803,2640562027003285052427
1609,4,2263849999999999934464,2266493398293185163844,2266497996752393451031,0,1,50597450519268283,5682943490100871870036838,5673077483637393861781370,274168966400813725251374,280223776859869673299383,3394890250687389259373,5683287824225997400363815,271060862095937660450903,2641085088742278623741
1610,4,2370599999999999737856,2364658991898383019258,2364648679393977271680,0,1,319687867502128197,5815391021949942236047382,5805295089319308911542919,275635113860524775217069,281687246732964587600774,3394890250687389259373,5815769333115824195702511,272502807856628926339794,2642490917709588939815
1611,4,2366960000000000000000,2357224518249283423292,2357207639695341613226,0,1,580117785226070491,5810932374806291674532369,5800844209656268484934701,275635800979185841046092,281687938823804865334336,3394890250687389259373,5811314235790371810498327,272502807856628926339794,2645593506807404305412
1612,4,2379170000000000196608,2373766224938166000137,2373756843312781809108,0,1,528977304495808224,5825892382847353715569439,5815778216260055219800675,275698337493786383302074,281750463282784463474157,3394890250687389259373,5826282947935499019992606,272559145331826977359820,2647113248553838491823
1613,4,2375440000000000000000,2383915178605485394906,2383929930876118160791,0,1,565700496447718557,5821329218717883671589340,5811222993089610616875513,275698699023207854619815,281750828243103842337066,3394890250687389259373,5821722096724488344106970,272559145331826977359820,2649286001401398890742
1614,4,2365859999999999868928,2354560824729678130741,2354541244976691692209,0,1,588715878649513448,5809586264864573242936976,5799500451595338029575952,275740672615731646822798,281792797205684549303569,3394890250687389259373,5809985169609292541606177,272596918290292030321820,2651880747807647751356
1615,4,2315000000000000000000,2324538139020232627780,2324554743812354866487,0,1,345160909761789020,5746796984956114295733676,5736820162906571158767590,275946924023495396954098,281998488505594978505662,3394890250687389259373,5747203119179918656941905,272793992162962920792714,2654126089089402576506
1616,4,2323630000000000065536,2328144847499399871820,2328152703056409526074,0,1,133431583221365445,5757489197846345577207519,5747493780584227819528619,275947033909898549031035,281998602248529375360925,3394890250687389259373,5757897367185458709011554,272793992162962920792714,2655195931101977315513
1617,4,2330040000000000000000,2327273357636722865854,2327268550481174483935,0,1,152394110300502916,5765423377698212400195130,5755414180228476108789142,275947511061158987848790,281999074629218153695074,3394890250687389259373,5765833076134886489808565,272794077175700031510316,2655766949359297613812
1618,4,2317500000000000131072,2325974187675428423980,2325988938547661494012,0,1,145274112575961712,5749896593925626044496162,5739914381810136467802142,275960239914577499262074,282011768913743418325591,3394890250687389259373,5750308418800581544756580,272805077829137430211292,2657250555835968508635
1619,4,2338329999999999934464,2327528610761290294675,2327509891381545172937,0,1,132991444654575496,5775685067422260882801723,5765658105087531377531660,275980504769801849646221,282031950186595025219438,3394890250687389259373,5776102260223117737336962,272823466292475224581735,2658865501328488631912
1620,4,2332689999999999934464,2337039138382712961043,2337046705467480052341,0,1,145884632959546110,5768702494399315811838921,5758687609297043377377087,275984042860824884385216,282035507829709254449980,3394890250687389259373,5769120430353186141332990,272826326296417663011187,2659429636493264020182
1621,4,2376070000000000065536,2376924727683659764539,2376926214268551298011,0,1,228293631169390829,5822091979692848872493874,5811984398135666372707693,276183694409115866720744,282234734851660898505872,3394890250687389259373,5822518682572756965357197,273021212207075839953443,2659533090712908670670
1622,4,2360790000000000065536,2349810074340934291543,2349791046003288789116,0,1,475411542355091218,5803357140557656574477031,5793282138460801298017513,276217348461487726704982,282268336648078053216261,3394890250687389259373,5803786608327079502252596,273052389382571602332852,2661181515040806502154
1623,4,2358409999999999934464,2354460312925167407356,2354453452696686694240,0,1,175241256557766368,5800417392907071690760722,5790347446782837415829607,276227024688961394710214,282278038947950512403882,3394890250687389259373,5800848712049984892218983,273060647561477992011558,2661825695705346381506
1624,4,2342409999999999934464,2336760829319105875871,2336751022693575324025,0,1,207910954615996540,5780710403074489254397280,5770674677296711747946051,276246050034663961822715,282297009701108273088147,3394890250687389259373,5781142821216925408972752,273077927071343781206702,2662637209755964857709
1625,4,2336610000000000196608,2328896475072713164957,2328883093823459040753,0,1,25507964374707770,5773552893084450135601110,5763529606040339722523130,276246053041596012055725,282297012325189561158421,3394890250687389259373,5773985592721762777648251,273077927071343781206702,2663434173365610153350
1626,4,2339920000000000000000,2329525191626244715284,2329507174466492452308,0,1,49900659735129254,5777647221523187576886039,5767616848718485468133589,276262157611699715849411,282313128082992363985172,3394890250687389259373,5778083380916152156204417,273092131934569925599695,2664797651775521269477
1627,4,2360550000000000065536,2353615649501530276416,2353603616649125361099,0,1,42678304452118809,5803052659675426806759668,5792978153258924186546477,276389126963934775031314,282440025244437214697180,3394890250687389259373,5803495065541344881748780,273215569484670715419342,2665578427338384171996
1628,4,2349120000000000000000,2337907762921308494936,2337888333775335869280,0,1,203129223871467654,5788996455130267528356349,5778946387015586962372652,276391772149222105030345,282442651734451433263562,3394890250687389259373,5789439770197882379654386,273217644193208627746167,2666966142535263582273
1629,4,2326310000000000065536,2324090189841835123171,2324086332153369902443,0,1,19153922584927274,5760806435303593858057300,5750805251933095718136804,276409581417174652269376,282460370715096535144230,3394890250687389259373,5761249359030159400321675,273233985050651307628479,2667247911179393728962
1630,4,2335199999999999737856,2328537715153314701828,2328526153666358299859,0,1,120851826943141545,5771808639520482976930443,5761788373681766183335142,276425989471783485632232,282476761688316957984618,3394890250687389259373,5772254646944102749629766,273248991063956748368682,2668076385845500011224
1631,4,2355739999999999868928,2362773960433491352662,2362786202279057462811,0,1,65321876437514220,5797137488148007948326270,5787073251472832272404614,276523740110673761037298,282574426074211582387454,3394890250687389259373,5797589287070227777182558,273343693805379154403493,2668844838714366625446
1632,4,2443600000000000000000,2452398119824843283378,2452413434345864222862,0,1,262742287926434033,5904256266957818028581519,5894006074898714117115810,277358754784846752578923,283407734318852730422779,3394890250687389259373,5904728596291843858724085,274167837583508980080526,2669991119715438407097
1633,4,2429229999999999803392,2427973512991003073066,2427971328692358589526,0,1,616831506961429781,5886860875739270397354492,5876640850949921760536421,277425054749392337744833,283474006294978038167767,3394890250687389259373,5887337213007624658709525,274228982254198340358845,2670268025287169633361
1634,4,2420099999999999868928,2421681804890617151166,2421684556246706896904,0,1,403607967028426537,5875788011653526430291384,5865587210579541533171567,277432803570999749575988,283481737379663395502357,3394890250687389259373,5876265508332157215546298,274235030972760199716198,2670611815615569990298
1635,4,2406280000000000262144,2396849331716275659557,2396832979229890422648,0,1,349338927831797895,5858998106060420419543081,5848826491622017901301478,277462616965258867459846,283511509615915593607934,3394890250687389259373,5859479004786400793025825,274261893468105313551345,2672402838072570146599
1636,4,2404780000000000131072,2412158073792905790384,2412170914793826448357,0,1,142837492076030165,5857167243609909650560146,5846998792334208873180305,277470606110493207347609,283519517868851146899828,3394890250687389259373,5857650959535815981379480,274268337486188641978763,2673811382955797564660
1637,4,2354090000000000196608,2363829286375024038449,2363846241413267546268,0,1,228625175019749031,5795112834772818069847973,5785052133543562507923233,277900737245410729006910,283949089897134776177415,3394890250687389259373,5795603783848927140260344,274687918214698898081593,2675601948653800512426
1638,4,2364659999999999868928,2370519517151903975401,2370529713713566307924,0,1,105996512620404306,5808100530422738278266762,5798017254172286531613465,277900826877115196316203,283949175757438217623692,3394890250687389259373,5808593999403733537080974,274687918214698898081593,2676852488827490618965
1639,4,2349590000000000065536,2344428330590566348292,2344419368788238289338,0,1,58628734901670761,5789562477396603746481618,5779511381289431569886196,277957743111420649897528,284006048310811363561474,3394890250687389259373,5790059350789271635166468,274740838746681175419324,2677832134395033491221
1640,4,2351500000000000131072,2357499844283033506016,2357510285229590530522,0,1,213761897680286809,5791916389095662656905389,5781861210593645039024493,277964310514221432219539,284012620964370113635430,3394890250687389259373,5792416017605815561749839,274746016923304872832350,2678989927073386132914
1641,4,2341000000000000000000,2347737310316984108828,2347749035559442717506,0,1,106035194170371797,5778972063100811289309887,5768939361295809954402825,277999944583946191279985,284048238046596901410170,3394890250687389259373,5779474804780412330094557,274778646207736936164609,2680209117529421115954
1642,4,2317040000000000000000,2305904734311622795215,2305885439024558479689,0,1,170664826139742900,5749333022047684624179906,5739351812980165473247178,278124435921296313037816,284172607590871349269978,3394890250687389259373,5749840150865689154699926,274898043222155333717676,2682036720477598616414
1643,4,2330429999999999803392,2331660409127585283784,2331662549206448773240,0,1,393984782571353889,5765905046649733836426693,5755895010130714008409011,278205108225984978003217,284253267284097804673530,3394890250687389259373,5766418691379002232192102,274973883378851699596726,2682274940271301373593
1644,4,2331849999999999934464,2332481320722016356015,2332482418721951032088,0,1,165813208797240165,5767661299431445442591454,5757648213413668415268277,278205112992255617391157,284253271935280453909763,3394890250687389259373,5768175199604170163695227,274973883378851699596726,2682367502318726203019
1645,4,2300619999999999868928,2293593234070092784130,2293581041925965744649,0,1,158741758104408339,5728915192199843906549426,5718969395372481869954203,278340582404549501214672,284388515419892932294386,3394890250687389259373,5729432196037393225830258,275102389985037947588227,2683543563502655529126
1646,4,2264429999999999803392,2273571791848774015992,2273587706317309004297,0,1,372588492718960135,5683681995829387672834136,5673814743942360035311686,278456922797520539542911,284504557368531108472624,3394890250687389259373,5684202368160302944166963,275213136218726305985491,2685312902409966939722
1647,4,2287710000000000065536,2285785651079080276909,2285782306572446402454,0,1,457234058260773701,5712812410395768110833644,5702894547675694337265521,278484366202511371413988,284531891297991125166701,3394890250687389259373,5713338521333002875306524,275237865154765127878491,2685681107156790248627
1648,4,2299790000000000065536,2293263668649557168466,2293252342961722039720,0,1,328391925654107909,5727880764602356366284335,5717936760429029284994295,278511078097142162217538,284558569595798882971925,3394890250687389259373,5728411920918202878208338,275262090156391816111578,2686834340021573946303
1649,4,2309600000000000000000,2299152413730793692988,2299134306201614124799,0,1,249179081466321369,5740093162546849150668460,5730127987864316911010971,278547231133360646227716,284594710104835959721343,3394890250687389259373,5740629755382644679103882,275295621784791816933168,2688488166805748359297
1650,4,2315230000000000065536,2317753841034660471221,2317758231426751930800,0,1,183962416242813704,5747071163697614243531269,5737093826455959058674736,278582115833893489217857,284629613003781303569532,3394890250687389259373,5747611086131862988962719,275328193079447146436220,2688847709298855671494
1651,4,2333040000000000000000,2328224021914186053335,2328215659473727743454,0,1,7565695256171913,5769135827312567483521018,5759120191917155152249393,278613277927030161173662,284660703071669098227487,3394890250687389259373,5769680750157289256603729,275357143022632878467415,2689543637239590883761
1652,4,2315280000000000262144,2322847641509734042625,2322860813098153396908,0,1,103048439985045311,5747140017782251203487845,5737162584605272842448634,278635606993278570283606,284682964661182440106826,3394890250687389259373,5747685665533618345812204,275377703308149540203474,2690566361453272809126
1653,4,2312840000000000262144,2305180952146236482382,2305167665506502677247,0,1,42521516928385147,5744111109558248890163419,5734138935657936722343307,278648992317855625203273,284696361868087982178807,3394890250687389259373,5744658642559024186340192,275389858110538678471357,2691494507105666898627
1654,4,2319679999999999737856,2323457924578948482711,2323464497419044884595,0,1,140674797538589209,5752592657158424791347777,5742605737848288752374488,278677261828503695840565,284724634208592671805168,3394890250687389259373,5753143327225087597541036,275416274612603512775137,2691968831299810108924
1655,4,2321199999999999737856,2313845292826892945653,2313832532770352632116,0,1,60281843806153059,5754482417987447863314770,5744492236453401892327501,278677941794501872971348,284725316949842353179115,3394890250687389259373,5755034528775282030481809,275416657657313792207300,2692918874487871154661
1656,4,2311289999999999934464,2314275952576119837568,2314281147104592445020,0,1,43761010381548404,5742179315504882245245705,5732210472066944666773897,278678818147815567222705,284726183071249253330732,3394890250687389259373,5742730935039010238484332,275417218753717988708564,2693286173847230018149
1657,4,2299340000000000131072,2307458475552837829365,2307472606799824986519,0,1,38379795193369708,5727323461639190846348952,5717380435784000075928069,278708831010895333848503,284756164605973099078666,3394890250687389259373,5727876090389028573571890,275445655854248166459987,2694130336076922602453
1658,4,2328159999999999737856,2335817273985011327178,2335830601647903981424,0,1,122729460495741129,5763103733773049047824869,5753098586812419757521739,278766298422584102178817,284813453605815618310725,3394890250687389259373,5763662598833116035371505,275501091033949756335768,2694862093607004619558
1659,4,2364620000000000131072,2375757498047868486311,2375776889987191019731,0,1,213377204431438128,5808062989842677961198383,5797979818965064891637610,278875342734726381749226,284922207273438063616257,3394890250687389259373,5808630938629619352878467,275606749886727092353506,2696134712008628708698
1660,4,2390400000000000000000,2384053908287006635251,2384042893865545696653,0,1,471654869513042882,5839627075301298764053085,5829489069109907004691494,278902900983138116490274,284949644635818553116442,3394890250687389259373,5840201256671391786717553,275632144273078649851919,2697072749568389858161
1661,4,2399500000000000131072,2398162729658741890821,2398160404994996632216,0,1,510530142464381230,5850726996933351272378752,5840569703332934767714557,278933402335156913376479,284980136616251452111970,3394890250687389259373,5851304562682246257842474,275660539485244418899993,2697255312524656627497
1662,4,2404800000000000000000,2402510775380435821669,2402506797053497451352,0,1,573082365250841371,5857185393269283891883563,5847016888933178040530558,278938995017194041309796,284985723505882747458905,3394890250687389259373,5857764782588941913939059,275665252869716878309584,2697558440646768338423
1663,4,2398699999999999606784,2392968620553729556464,2392958671051356624788,0,1,591917765734498350,5849755548613701925137475,5839599955263055261542703,278940837624438162698816,284987559078703084676327,3394890250687389259373,5850335328807353853532588,275666645354443740263357,2698227494126216001050
1664,4,2375409999999999672320,2382160744925367079851,2382172493443031709427,0,1,428966803140064175,5821289089677011365054834,5811182922020262827037682,278980304475263437432988,285026912938858074894999,3394890250687389259373,5821868774219425840508732,275704157722542099942363,2698976381111699400740
1665,4,2342000000000000000000,2352387919707969982071,2352406005290179078740,0,1,256808693016479812,5780214411536987035402187,5770179581331033488239435,279189181472875656050410,285235548293742820882415,3394890250687389259373,5780795486351360195662600,275908715843544526273044,2700091352650880401232
1666,4,2345389999999999803392,2347311751269171159062,2347315094059035109285,0,1,98287350131459587,5784382596375088292654211,5774340482451898555558792,279195599191131884459757,285241987978232577384812,3394890250687389259373,5784965240768614835264032,275914231451694446644877,2700339749623000656541
1667,4,2330080000000000000000,2336152412012944939333,2336162979386105752453,0,1,146987683403545533,5765476729940274788156332,5755467453267573748778876,279234724756351432700706,285281060717949531043980,3394890250687389259373,5766060182247479589208977,275951359176040506726907,2701040864599511411492
1668,4,2334300000000000131072,2332646282872891343153,2332643408435799106289,0,1,251854254824543812,5770690761775117693019201,5760672417462062949892376,279235178651044690978501,285281519006955946667928,3394890250687389259373,5771275137623665769064631,275951603726545636376500,2701227259203083262626
1669,4,2314130000000000196608,2319591391058405240335,2319600894532755296116,0,1,284471014427306940,5745708880522471954739266,5735733919202973454889305,279280795215922519822391,285327042297064264931697,3394890250687389259373,5746293137992753282887415,275995367580277389583506,2701772233979526665597
1670,4,2331270000000000065536,2323504881116970826296,2323491410665274544129,0,1,399551374880102865,5766951932553821596931637,5756940105728792149604602,279298976863069348164784,285345162778074228399756,3394890250687389259373,5767540333076926115567114,276012357243709338175046,2702550512922382887555
1671,4,2309570000000000196608,2304310365476746210080,2304301234138771549537,0,1,324288338225697175,5740044863616333121694541,5730079734541816547839755,279324939921607128732984,285371030828773399828149,3394890250687389259373,5740632277931539477308318,276037048034469019075836,2703025904467501008914
1672,4,2312900000000000131072,2322329394921655598378,2322345810225936407960,0,1,484712719931685203,5744189601837037654458522,5734217305499754865656184,279334879982543051895106,285380974780797176982710,3394890250687389259373,5744779281485617708291390,276046103507909630338838,2703963814989201232248
1673,4,2329059999999999868928,2339103190811190039918,2339120675676010183918,0,1,176221157030076748,5764223123141411546509232,5754216052177654400964403,279340914649199708705410,285386969579450700593128,3394890250687389259373,5764816694335665179766495,276051404772723395495978,2705032366027034806167
1674,4,2324980000000000131072,2327597989360290238120,2327602543570672812014,0,1,40488406778905161,5759159668837340043764188,5749161345262497302728384,279367318369198798614433,285413392566814890472108,3394890250687389259373,5759754631426612166821640,276076195177544443393632,2705330367114700777402
1675,4,2322349999999999803392,2312391039393517148178,2312373775674273125557,0,1,94049840291518139,5755913764783800533174774,5745921119299207422044532,279370984208277667623559,285417058388699421215713,3394890250687389259373,5756510083003868527949552,276079277507173800912200,2706415198316999331823
1676,4,2316190000000000065536,2306613820146005340710,2306597218044072071943,0,1,246437697382428220,5748274019623795773255904,5738294633988790901570644,279372920365368374110819,285419008805462731312618,3394890250687389259373,5748871077671988276254276,276080777542910075288644,2707486118269735292866
1677,4,2319489999999999672320,2317435437321988510234,2317431866624441371916,0,1,299351759695563917,5752355721615233563020966,5742369208989809235715218,279395202743409112740827,285441310057535185900338,3394890250687389259373,5752954767869252222043433,276101711461805751890111,2707700022134314782278
1678,4,2317400000000000000000,2320397326461046361048,2320402540778117124614,0,1,125396201485008152,5749764164675791645966693,5739782153394396206511431,279395202911472494083411,285441310193200704257923,3394890250687389259373,5750363274996664473019680,276101711461805751890111,2708032231729030887659
1679,4,2314699999999999868928,2310506703850670948849,2310499421246867830204,0,1,79018952382051858,5746414828329180117758558,5736438635775007014585553,279399543931481857323655,285445651602946552229241,3394890250687389259373,5747014462506813362025991,276105584918150950396871,2708408518662296294491
1680,4,2309120000000000000000,2316951676213140946953,2316965307776110541567,0,1,207511596586423861,5739490132608853152051763,5729525982193241217573477,279399802512357444906714,285445907031548974458264,3394890250687389259373,5740089870411395337368150,276105719144470232161160,2709095186831836909326
1681,4,2310809999999999934464,2306011339493060067876,2306003007200333292330,0,1,90761133877055365,5741584932553060452900545,5731617127623662584303962,279404858825940103257042,285450976968219678405339,3394890250687389259373,5742185815163086353215069,276110255289984295020398,2709494759216145383798
1682,4,2320280000000000262144,2316975766411850991805,2316970026191596057790,0,1,238032150073501076,5753336137472892907344332,5743347925884967732147525,279432223683572237869545,285478326330845797074855,3394890250687389259373,5753939758734615831001066,276136394426103855019690,2709775796071685583718
1683,4,2311000000000000000000,2312457770612587126729,2312460306211748612131,0,1,39512665053600652,5741818154613269077355568,5731849935012598752891283,279437010260392863529871,285483095434198414676839,3394890250687389259373,5742421211741109530980629,276140662807974717285890,2709901948112017346440
1684,4,2332130000000000196608,2320713006826500406143,2320693224699890546137,0,1,108700537154818558,5768024880602981170381146,5758011223468541985957182,279488748836972197532226,285534730818830811013371,3394890250687389259373,5768633154706224960942184,276190844602278044954806,2710776861614366169804
1685,4,2336760000000000262144,2331149937944930413519,2331140199129658229414,0,1,39855276901581669,5773734487112911216369582,5763710871891069906947997,279523019066120525404513,285569026243805054925685,3394890250687389259373,5774345049615415415711132,276223867302018011404263,2711206030786199048560
1686,4,2348900000000000131072,2359170159432015885799,2359188039709869360395,0,1,198875226367881588,5788722582602221348270855,5778672980267454753984608,279564653740316758916835,285610634430858716890974,3394890250687389259373,5789336933004596241899287,276264103515300523011209,2711983455428531774221
1687,4,2368550000000000065536,2376338914398441332214,2376352471182810214954,0,1,472537606501135110,5812879276213499063416208,5802787715457730007137383,279576094355918341304835,285622011598502440229905,3394890250687389259373,5813497934146432697906052,276274599815651162074227,2712754141513890147273
1688,4,2370340000000000393216,2359498820919985660711,2359480031935516312531,0,1,575957709963877252,5815082804685929237888420,5804987444270299638375674,279580738341966627659047,285626668472545479268301,3394890250687389259373,5815703499206699258159389,276278599219729581761348,2713885215773308674027
1689,4,2395530000000000458752,2390593535482006650975,2390584963806580370241,0,1,285194812760183905,5845887828535353026328136,5835738946099436056183965,279748576071204567389767,285794390940689953243176,3394890250687389259373,5846516389429938100983525,276442411195011133387692,2714431881354897394095
1690,4,2316800000000000262144,2311081024130740674569,2311071096752229613701,0,1,489276002314545774,5749022967418972478745614,5739042253984762317122060,280455087824436253344091,286499514836633685676038,3394890250687389259373,5749651554586618007932208,277139266563346653417550,2715180063768930224301
1691,4,2320659999999999868928,2312589124380104316658,2312575125072114283130,0,1,202666456245062463,5753814508708208980406126,5743825491869191591203707,280467392671404378287622,286511823848027803703237,3394890250687389259373,5754447397366914737926920,277149506771132635539938,2716886819611245138569
1692,4,2275199999999999737856,2273139694028997840743,2273136113403206371917,0,1,190121011689499890,5697171248176870562858554,5687280539943941261673064,280656598522156134225143,286700560955110759666796,3394890250687389259373,5697805117444511355826667,277331907774510048739581,2717263616401906285256
1693,4,2289349999999999803392,2298123405998868072450,2298138678383985998892,0,1,388163030567299540,5714869672431694183123882,5704948272680566602134617,280692669530608984469025,286736585307559017888851,3394890250687389259373,5715510684778007018985653,277364588146029315190471,2719049246488491162426
1694,4,2303989999999999803392,2312302230797543881631,2312316699578017457968,0,1,173656179887201840,5733112167131626218680010,5723159093046423786984557,280697327726019081427923,286741211205713853797827,3394890250687389259373,5733758175466757995918997,277368033476015669570630,2720750117618853759135
1695,4,2291019999999999868928,2280450989181404940302,2280432672442219038914,0,1,64738077623775079,5716958514179578046686558,5707033504795253020446804,280758426485263446248150,286802286470656921624434,3394890250687389259373,5717608887115854542129221,277424991932299081418110,2722774485250335957217
1696,4,2288099999999999868928,2296287558699658036878,2296301810363626771026,0,1,249513010432123505,5713307944844758769509648,5703389251719953894937934,280766434252765243528828,286810318731504783515106,3394890250687389259373,5713961186834278827947085,277431403868387866321443,2724442414980764154949
1697,4,2275300000000000131072,2283312269982888284496,2283326216332880436698,0,1,119667625651486444,5697304663893025260949166,5687413752564524422083609,280826473523143531725937,286870334822129195484298,3394890250687389259373,5697961764793510041738054,277487325092332456621753,2726004312625004200117
1698,4,2279790000000000065536,2280376365781485136360,2280377385591837392856,0,1,199773381646376504,5702914565830067063299459,5693013884906348565780265,280828172517510051840648,286872044313965675370005,3394890250687389259373,5703573066761419513804388,277488377828534402997662,2726112146790703506517
1699,4,2302000000000000000000,2302644147512401438025,2302645267823378251762,0,1,218762998441191638,5730626499193552655703850,5720677708336836755058732,280891977591524879847320,286935732581469491260900,3394890250687389259373,5731291757361788268723348,277548732789304682451247,2726214202031122417029
1700,4,2289570000000000196608,2287941359624908038614,2287938528781553660304,0,1,6529703855932816,5715134167199218186325403,5705212273237617945581233,280915139884160104866156,286958858614180660122475,3394890250687389259373,5715800035832330072622302,277569746003975275361302,2726480646105121332049
1701,4,2311630000000000065536,2303389735518715150518,2303375443334198578804,0,1,124730798862315505,5742609606318273086206288,5732640043490797642440099,280991300911268897246325,287034905686386330850469,3394890250687389259373,5743283733465326941246976,277642150767660672532272,2727770786970610791218
1702,4,2323909999999999803392,2316060547893298412162,2316046931626410604575,0,1,19456588540236106,5757841606466636048897508,5747845596585748091073556,281047917819052721849563,287091503410685841669986,3394890250687389259373,5758521886863693828374934,277695620486242774570652,2728965475853632939491
1703,4,2331869999999999803392,2325987214089875506365,2325977002776686395913,0,1,126814856020151671,5767690580904474626834522,5757677459844260936222605,281081282713770448319450,287124867975015903161378,3394890250687389259373,5768375204118275411227134,277726673828960219744001,2729820341275016876528
1704,4,2272369999999999934464,2273924405968011117759,2273927109687617220416,0,1,206499755870873896,5693626690529434013630815,5683742135036020063553197,281468367705347446167155,287511135489678841777002,3394890250687389259373,5694310047121839160715563,278106490296258101228300,2730037608272090070651
1705,4,2233360000000000000000,2229419967843581491683,2229413124845510248399,0,1,230679947801567644,5644545469352676959504394,5634746128971007707898053,281696972591989987116180,287739373651646759942221,3394890250687389259373,5645231125093115272643768,278327718840810753937258,2730761361053661976092
1706,4,2252329999999999934464,2257445098564616818815,2257453999250765005700,0,1,439360919472339349,5668468399521945447973175,5658627532188181714214951,281771035390110232990205,287813352271480963342928,3394890250687389259373,5669163041397903333316278,278396771380994632798828,2731853742850274895435
1707,4,2252739999999999868928,2261106358948591989969,2261120922333068524325,0,1,197780332034050739,5668990393431594320341151,5659148641022718101194427,281774120169095938401892,287816443344649822089996,3394890250687389259373,5669687986879827933302648,278398811268828433320956,2733679743804868709972
1708,4,2259940000000000131072,2250573875396821480377,2250557637587068472460,0,1,167865442627962774,5678045007001150734251801,5668187543802659962628378,281774309122382894699186,287816636708485087589224,3394890250687389259373,5678745740795702886026203,278398811268828433320956,2735458054149326733622
1709,4,2257760000000000262144,2253069440913192332702,2253061296331091392547,0,1,232811827970708123,5675296580029178011799775,5665443856462968985858587,281781518810915873021706,287823866494900275880636,3394890250687389259373,5675999091968652396394301,278404739369697869905556,2736286278357309309414
1710,4,2265530000000000196608,2268624526451729717042,2268629909960956065773,0,1,206515970213011717,5685052107626806109845342,5675182441686274587356219,281803134754544994629368,287845473207480434290917,3394890250687389259373,5685758223048987079022968,278424435643544363211553,2736758192478251895986
1711,4,2261650000000000196608,2264755550150799433089,2264760952847566848560,0,1,43888581299665459,5680181858487075028419053,5670320647703637515369954,281809866277412866696955,287852203405791142861022,3394890250687389259373,5680888894070670250724539,278430110245994677226178,2737225816529441637498
1712,4,2257420000000000131072,2258894854419557861760,2258897419748210903840,0,1,80078976424699581,5674866472096168120472265,5665014485623260968447396,281817332432921868665124,287859667564416616083274,3394890250687389259373,5675574023356527979382995,278436597655838768891440,2737422865966356249401
1713,4,2282689999999999934464,2275470557718818059695,2275458032285441598525,0,1,138328699151923199,5706547711215713458186010,5696640747573686270401063,281895659834648255370394,287937842036768483346603,3394890250687389259373,5707262969408325832426217,278512049192773064709455,2738285650240867534577
1714,4,2279849999999999934464,2284598554401834292420,2284606816883071234183,0,1,59383694988528459,5702992649616494844217387,5693091843689072621081443,281898295392834505011151,287940488105009363178643,3394890250687389259373,5703708593548332116437852,278514140870723666800069,2738868339380162683361
1715,4,2286460000000000131072,2276314566198604953667,2276296981206916130888,0,1,154038982838822664,5711265075574469945990567,5701349946394204189298294,281898768945657094187812,287940956646667358328622,3394890250687389259373,5711983465036538278793863,278514396530352441392786,2740031962220379763292
1716,4,2307829999999999803392,2304652377746982687227,2304646857284016258234,0,1,42094178208546034,5737879852052624238569344,5727918473374761028396443,282034371139301979059574,288076475576136015890237,3394890250687389259373,5738605423956196552113022,278646520422423558133050,2740381115005144333053
1717,4,2304900000000000131072,2313938153436018976404,2313953887031628669289,0,1,310203566661732774,5734245932854267503913721,5724290896312946963488740,282034379413145864702868,288076484208013530750576,3394890250687389259373,5734971610598213927727314,278646520422423558133050,2740922200582707360333
1718,4,2295640000000000000000,2294839003693431157544,2294837611051484017813,0,1,376888909446555358,5722704724649029342866452,5712769686686161649409543,282079468208582994325063,288121571856605985891959,3394890250687389259373,5723431832929538419140312,278688193146319339441456,2741019483637112797353
1719,4,2304150000000000065536,2298947815945652346349,2298938784215217121975,0,1,115405179197312931,5733305597859963875647984,5723352168411895133322498,282091218366943141527305,288133305132032884226306,3394890250687389259373,5734035907488053631904634,278698750074429161602849,2741677778231234340059
1720,4,2300960000000000000000,2306966325737853580943,2306976778117034042831,0,1,156099415036506301,5729336669859572716321641,5719390134950408256537792,282091766531801520703370,288133857270786025671074,3394890250687389259373,5730067383480018770739226,278699069034085861514244,2742350017092226412264
1721,4,2302329999999999934464,2308105886235073505477,2308115937341828602953,0,1,236525479322045559,5731041678736191784289048,5721092182521508540589231,282094665758552788401049,288136764515447134846841,3394890250687389259373,5731773722849715066821247,278701471600565187046393,2742958232749347765168
1722,4,2309130000000000196608,2317498318301861429871,2317512884770740738212,0,1,248476630023929932,5739503723999658924317895,5729539554026595516300460,282094806939448850719136,288136902697803595618619,3394890250687389259373,5740237710811437477621891,278701518454839841687283,2743709071120052740637
1723,4,2311270000000000065536,2305702062108000117486,2305692396478458337907,0,1,347320060570670634,5742157450599538631702472,5732188655466447134413335,282100005176568202705473,288142116178527205072457,3394890250687389259373,5742892842603866317120165,278706153251200278697129,2744203057283969959944
1724,4,2317080000000000000000,2319219127038704562490,2319222848039452904512,0,1,127996039434990025,5749366581874820320630677,5739385258781132601378722,282117419724715455031947,288159530115402314051179,3394890250687389259373,5750104138161266032374528,278722521657850957647735,2744397166469856678810
1725,4,2302040000000000000000,2301569687747639552249,2301568869956401998810,0,1,284872225471580134,5730676261050374214231097,5720727383712471280745044,282157016691390565840381,288199075400800466285081,3394890250687389259373,5731413093261345884928201,278760489617841197070940,2744441765061443833473
1726,4,2309500000000000131072,2298776228881488774780,2298757644355627024698,0,1,6477343659170070,5739969688521022552082747,5730004730949433414916336,282165505692587321968881,288207551415333789859530,3394890250687389259373,5740709640122643213016037,278768156816382960574043,2745521207422981021430
1727,4,2319800000000000262144,2309410207409097476682,2309392199437547031782,0,1,32721118256153889,5752754034699844301412651,5742766878907608225117603,282225107094226777939479,288267155061925173191815,3394890250687389259373,5753498506950048909593273,278825835560194669770186,2746444662719746388288
1728,4,2328420000000000131072,2339428616492039826248,2339447784115881451095,0,1,120433302971352600,5763433786049132592660079,5753428094758166041952501,282273522173140305355095,288315578077191973714626,3394890250687389259373,5764182358534844570287672,278872523413939733894656,2747404888401377503001
1729,4,2335500000000000131072,2333324711422037509360,2333320931040354589285,0,1,408978363680427236,5772174112733895971812157,5762153194131897645642112,282275560336139798049255,288317632587153536839723,3394890250687389259373,5772924530387241240128928,278874107999643956159114,2747653168505485709894
1730,4,2322880000000000000000,2314144843425553557699,2314129695121265769532,0,1,306939117393675405,5756567450741548944289219,5746573659743184464195299,282290043492829043566947,288332080159397693403324,3394890250687389259373,5757317854055036767033980,278887497094698867469426,2748552608746964758310
1731,4,2385090000000000196608,2379479787603336166423,2379470048170657405841,0,1,29752021097564109,5833136328731542832496365,5823009587085608330414683,282954914326352050309867,288996084523714994643705,3394890250687389259373,5833905388044056308368180,279544372092492809825365,2749184307203566314693
1732,4,2362849999999999672320,2353495213773056887483,2353478993352396697782,0,1,473164246889781247,5805884210823927549811393,5795804806473666814239184,282990611302273881341922,289031677944960447438127,3394890250687389259373,5806654235327118920966647,279577128154726026167792,2750808805962527643588
1733,4,2337360000000000000000,2327672062394896752900,2327655266671370434312,0,1,215437666978597004,5774483969836839709906051,5764459082203082590456821,283024772374401870018200,289065711416466674050763,3394890250687389259373,5775254544006779064901047,279608374708241879634829,2752551151160576481545
1734,4,2350199999999999737856,2354000833940733752414,2354007446619735882784,0,1,7152602594409915,5790312360262836159544050,5780259956711483760189095,283091919217455485480143,289132842157662033764172,3394890250687389259373,5791089995305088266492534,279671271041986819035485,2753254622733669534090
1735,4,2356219999999999868928,2359386643939920279822,2359392152880790702613,0,1,176424399826527939,5797722928839659104317836,5787657657969624051781294,283092562681819964545597,289133480680697532396950,3394890250687389259373,5798502595301776669416565,279671490840050324969310,2753857833060627903117
1736,4,2347320000000000262144,2352574900232385374903,2352584044110908988780,0,1,208673874716654527,5786765196604260055070347,5776718957188706947745490,283111579877213043354112,289152482154582131942023,3394890250687389259373,5787546324301141850744850,279688464416523851633333,2754743606572762262565
1737,4,2382380000000000131072,2389519930345050080759,2389532356654149019507,0,1,142108786221460195,5829823992155899780930585,5819703009587728271358039,283227081299984089808292,289267711875924206695777,3394890250687389259373,5830616538475796565038630,279799443554344774761424,2755803669146602869279
1738,4,2380809999999999934464,2388577860787008214724,2388591380840160509619,0,1,364141378787493066,5827903940450267663414973,5817786295412568901880732,283236795687600943428030,289277437038368292676552,3394890250687389259373,5828699093538072848722312,279807635956301347039793,2757138024342985539779
1739,4,2379849999999999934464,2369836790320563552123,2369819431502497243842,0,1,353710408293859093,5826734066473011073327835,5816618470533003391045817,283246555928008185331678,289287210488374362699926,3394890250687389259373,5827531844581839627368698,279816097725426331394917,2758602382869654794603
1740,4,2381619999999999868928,2375989608270847058221,2375979833894085772810,0,1,147502039046665687,5828891592752780187925519,5818772220414424990441084,283264479779016790322602,289305156110977689695222,3394890250687389259373,5829692280476469768574679,279832250080500229277766,2759437775529294652602
1741,4,2372019999999999868928,2367425485365733144254,2367417506708683904613,0,1,194990769538969194,5817130638834310027602599,5807031679698749351074327,283266512842642869273348,289307175671015777991421,3394890250687389259373,5817930863285865628178238,279833748954754821487362,2760051153943997303522
1742,4,2360769999999999934464,2360574721663712007431,2360574382077613120479,0,1,95050144102548669,5803316798187144132418140,5793241811422526689616493,283272262150257533519367,289312901264244416850905,3394890250687389259373,5804115981361641326466609,279838669062346965118523,2760075584403227353318
1743,4,2376829999999999803392,2384399331197051018526,2384412505450591939602,0,1,14909046998180685,5823030284935835458272206,5812921099636353474328426,283306541311164149609724,289347122348681509507017,3394890250687389259373,5823834907201577906615207,279871084310644578311391,2760922533893581646794
1744,4,2371769999999999934464,2374852109071925190416,2374857470889750301919,0,1,241278787003559158,5816822574351728817580870,5806724144804538794209055,283327048404838117715809,289367636458947628312256,3394890250687389259373,5817628327264447572920580,279889991705880703148588,2761310726679023458396
1745,4,2410720000000000000000,2405923204285853000291,2405914874686501966456,0,1,120276971983124927,5864392648039915993541867,5854211639170698957722103,283491771721908615253182,289532024274585259690305,3394890250687389259373,5865209817470690802376801,280050475500406920668027,2761876364366016654737
1746,4,2359059999999999868928,2361023275694623680824,2361026690725123256207,0,1,358596781995676258,5801215127239498951208458,5791143790857255770181702,283772354917225820957031,289812021767209978609267,3394890250687389259373,5802030201423981643079605,280324634663544591555274,2762151390625461853302
1747,4,2348610000000000196608,2340999722620077111159,2340986519876841815887,0,1,70664460375517618,5788359077595684119304623,5778310084987263444921289,283792460921902357783962,289832103882395692531105,3394890250687389259373,5789175803994314565694156,280342611923467008985560,2763453264160649597766
1748,4,2351030000000000327680,2360018491229715402091,2360034137991062648227,0,1,204373880279730664,5791343378347517903512039,5781289214904501781376027,283805693802551422447635,289845348663441801593425,3394890250687389259373,5792163796823879900133558,280354107584135804540645,2764970832383214960422
1749,4,2322420000000000131072,2316229474899214438987,2316218730569539029948,0,1,37531745658745566,5755992348705548327924397,5745999538466018467650009,283991263688295689760701,290030749369722166449815,3394890250687389259373,5756815167467671192858259,280533313900652885185212,2766010402291012647451
1750,4,2344590000000000065536,2354117635719584331443,2354134221993275125971,0,1,301159473809833229,5783407405892477900884470,5773367024563213160148284,284098333966203978203400,290137715262376736233315,3394890250687389259373,5784241694172244887599384,280634681741816678661986,2767864821855117648392
1751,4,2330059999999999868928,2340192741030322929341,2340210381959872414122,0,1,17190146455955299,5765460674183254300448967,5755451455536473992222024,284174375481892962961236,290213728934155239327726,3394890250687389259373,5766299774330052704811206,280705501523043148325612,2770039917203378409095
1752,4,2294820000000000131072,2302395304159137778025,2302408489191319908319,0,1,101538915685595576,5721690242371167835902903,5711756992294328617144066,284448541193900801578436,290487629467055745265532,3394890250687389259373,5722533619580286031542347,280970616769991406369358,2771575747711499346144
1753,4,2296150000000000065536,2303173061399589610640,2303185284498401935072,0,1,296498909412605565,5723346953480107710897651,5713410823427951556656036,284453819400950167741188,290492920751839818038233,3394890250687389259373,5724193488316297555180569,280974526104267421151496,2773110707841189177338
1754,4,2291209999999999934464,2297812860663996838716,2297824351928779850768,0,1,289669943886740533,5717186208551481021021881,5707260771388887577908675,284473200765919568375782,290512307923115227776081,3394890250687389259373,5718035330691096209628670,280991654833658003303311,2774345908920464524919
1755,4,2278929999999999934464,2268775103115105995312,2268757501971130505608,0,1,318791424882528756,5701852983684175822979535,5691954194926637019918358,284521731072290781938630,290560812716614636385034,3394890250687389259373,5702704672668824114724180,281037039716645527621036,2776015450996339402893
1756,4,2281159999999999737856,2271967828247957747777,2271951890635028935648,0,1,460752488537985709,5704639420387280383240891,5694735785184807831802417,284542864703129898501912,290581969829565519361945,3394890250687389259373,5705495431161741688950311,281055923648629354807860,2777653034406964218097
1757,4,2295440000000000000000,2294736381737905178877,2294735158362068310730,0,1,422196883584430774,5722455413525997228568987,5712520808316552354646238,284618430972843984709166,290657507915534470951799,3394890250687389259373,5723317902403556369501323,281127803832194285666449,2777763827152667420923
1758,4,2293170000000000196608,2289974273296136779866,2289968721450174152638,0,1,165555645108846930,5719626519704742251554778,5709696830260681305449358,284618764325358550235078,290657840169898447085447,3394890250687389259373,5720489355458127958174673,281127881651926860165825,2778280989266968352217
1759,4,2316170000000000196608,2308429866246346044495,2308416439247956328955,0,1,200898458000187211,5748244919538873884404182,5738265569563120005625202,284711725375994982988174,290750679397591200271262,3394890250687389259373,5749116965675574626866615,281217072232713421487067,2779383777904877258277
1760,4,2307389999999999803392,2297993668350606046779,2297977377284844808131,0,1,7009129961925464,5737343427615704349695771,5727383016937087431044033,284711870967897940294009,290750821008484699531253,3394890250687389259373,5738215336002383856850777,281217072232713421487067,2780731305835285910137
1761,4,2315530000000000196608,2307134410835593744045,2307119849921633500782,0,1,103169284296218633,5747452121282579066239928,5737474152618991433073791,284753391350896674137745,290792346648968858383054,3394890250687389259373,5748329134313126254482360,281256176615620582365386,2781868218388463072897
1762,4,2314790000000000065536,2318384719138702003550,2318390973119302116734,0,1,3050636177415640,5746525911000334096123641,5736549523403374337058075,284761274281396069987733,290800245906994096347020,3394890250687389259373,5747404224769895097217883,281263077527845005244653,2782324272736365255189
1763,4,2314790000000000065536,2307455732472062841366,2307443007876768192404,0,1,112998689038259601,5746531415474207567753523,5736555037432396083623280,284763003890692378450248,290801978521905059851509,3394890250687389259373,5747411074602599435108123,281264363311680740962770,2783213245343728793852
1764,4,2317640000000000000000,2315345023221521573006,2315341035013027080015,0,1,16973733588819656,5750061396853549979284963,5740078867834570196738548,284776943870921626315109,290815929173676294371140,3394890250687389259373,5750943081714553712775917,281277090756182078590420,2783484519357923004327
1765,4,2332320000000000262144,2333541607658787921786,2333543732426820283862,0,1,74838074461756990,5768242670412225647228456,5758228575594843007245786,284815417805037573899700,290854354429680676714655,3394890250687389259373,5769129155249938424319140,281313694268384499072928,2783618456736448341653
1766,4,2326610000000000196608,2331622843674926541219,2331631566175588503786,0,1,256062342010228185,5761180558479460785301769,5751178734909681009301113,284821790891555980578192,290860720347191656636491,3394890250687389259373,5762067350891018547736637,281319256799460163058168,2784197292229847013808
1767,4,2327689999999999934464,2336813203648918120215,2336829085292394177367,0,1,226365445428284735,5762525243583065713777552,5752521112220541668550429,284823843716289837773182,290862778700399996033361,3394890250687389259373,5763413564182114145774255,281320909779056536646157,2785100733245936160415
1768,4,2327489999999999672320,2335076700934448623395,2335089905666566523081,0,1,280466251238574358,5762274280611056860032160,5752270573159964459811957,284835354938849986254248,290874309043148211496001,3394890250687389259373,5763164132565229522315398,281331554139185810694882,2785790167110560636001
1769,4,2322739999999999868928,2327497741608214709886,2327506020003832917655,0,1,246190266101850683,5756386773039794128489366,5746393270713992342336351,284855545821959915190617,290894507930243074031143,3394890250687389259373,5757277102491298372811480,281350745940749107809047,2786171200072040419273
1770,4,2347659999999999868928,2337476967274972639697,2337459315785552816157,0,1,95337849413271067,5787194328449286015974677,5777147378917826317635718,284909363990865749218510,290948188367624031231253,3394890250687389259373,5788091797670277424992846,281402993696244856345778,2786944078873014582380
1771,4,2365469999999999803392,2363642625313220736652,2363639449183263398371,0,1,238127109927162777,5809091196173727890714058,5799006186117107271801650,285012272064205020475677,291051048156992082264027,3394890250687389259373,5809994415615926690585389,281503703167904764966714,2787087747575726429773
1772,4,2371350000000000065536,2377731166082270759443,2377742270992669430715,0,1,486312352616389163,5816311545858881803790132,5806214017468847579509036,285019977415921070219701,291058746482862314758343,3394890250687389259373,5817217278040742062742829,281510648665088668623303,2787706354494636849204
1773,4,2330420000000000131072,2335374039648742679730,2335382659766696480622,0,1,573561162088657697,5765895725087809296162507,5755885715342809962414120,285311113437750919048834,291349512159693856301469,3394890250687389259373,5766798884599916320461820,281797038519526088255557,2788210444467134786912
1774,4,2330570000000000196608,2324236400216798749613,2324225407996725967103,0,1,19208617340904680,5766083373527822199418380,5756073045258964607992844,285314169660328767189143,291352574023773371738678,3394890250687389259373,5766988108142921101836236,281799429334186350800792,2789081940081343737247
1775,4,2335929999999999934464,2330127608797567268336,2330117536738738367529,0,1,122623452843656880,5772709296286731907118608,5762687461891142030590310,285332343429612728058425,291370750452095083986673,3394890250687389259373,5773617391645653368380200,281816049580941015888393,2789842806817610936697
1776,4,2333199999999999737856,2327979245623680479372,2327970181514966104293,0,1,53425832948046143,5769334187246236782494804,5759318209357070334128466,285333595580719855456922,291372008643716264242744,3394890250687389259373,5770242745890213051893900,281816933038219131484141,2790462213076018162869
1777,4,2340349999999999803392,2337541162246355222345,2337536281821560497206,0,1,77793846834457144,5778164791726030539064494,5768133474304663574833127,285353883221598247205220,291392290831623941947232,3394890250687389259373,5779076330673600670040332,281835926111381434220087,2790754411198155240979
1778,4,2339769999999999934464,2341282957825481523067,2341285589425924737316,0,1,50053803773275135,5777448017374531851489174,5767417941756180734783655,285354539171222908511908,291392948514626807144704,3394890250687389259373,5778359819901214305979915,281836357636172006111410,2790906116411020863828
1779,4,2309219999999999868928,2309708311958745768787,2309709161223664943176,0,1,99111498120357003,5739606217035409711673312,5729641836641600200811625,285490958183319894858386,291529152895384819754644,3394890250687389259373,5740514977857988448048197,281969907948432824811202,2790950747099432792227
1780,4,2294769999999999934464,2290352614404011376516,2290344943273216105454,0,1,274876340985489250,5721622796847751735201668,5711689646112014975433978,285521069839310415030374,291559215682189387883981,3394890250687389259373,5722530973825066133191418,281998285791058680636328,2791462882843606451875
1781,4,2286780000000000131072,2277773119557948768410,2277757502136131218751,0,1,419022822625892036,5711661719849215000303097,5701745891659868196132988,285522809710648906097124,291560945088039032741021,3394890250687389259373,5712569884139811228920602,281999582343298444581380,2792564694691811887166
1782,4,2261600000000000000000,2255941982417411391594,2255932161100695623409,0,1,496141577925777280,5680122188259096981425216,5670261091895502170511018,285558861540061653059183,291596865103525061088391,3394890250687389259373,5681028017068257267151741,282033671122632884030620,2793249748305857023618
1783,4,2285139999999999868928,2276610553328465045140,2276595761449998862524,0,2,604219237782871126,5709612113863462735933251,5699699839989323201733909,285676887451516286248352,291714765901807709917854,3394890250687389259373,5710527665070023831065692,282147809696917486428448,2794367210493390038306
1784,4,2275139999999999868928,2272258395425516936133,2272253388816616857691,0,2,294794831835787635,5697096686100068830812411,5687206109255411951592879,285677184774300306573714,291715056769350793717723,3394890250687389259373,5698010836329740648970357,282147901261470952714525,2794767769024057919358
1785,4,2301600000000000000000,2299400296063485229776,2299396473320876925622,0,2,326844113948340986,5730129193964125906006387,5720181268546441867759754,285795094617914229478199,291832802343676360277811,3394890250687389259373,5731052564059024476512088,282262177430235741136129,2795040548649542841065
1786,4,2300869999999999803392,2295071438569181765095,2295061373432629001587,0,2,3708460750650109,5729224312610397902048793,5719277971694832410367507,285795387005233035062177,291833095744226796499404,3394890250687389259373,5730148553011355794124686,282262264385914646170786,2795844470500482245961
1787,4,2301640000000000000000,2303247084754433113712,2303249880112965410969,0,2,40901437291954924,5730178680400917739116446,5720230668008356316175002,285801237395747727669316,291838953915637692610908,3394890250687389259373,5731104096203201351848727,282267293760073917261857,2796043698803147350018
1788,4,2236139999999999868928,2233850046826104980952,2233846067448921075785,0,2,52581478860221851,5648055972523145935355335,5638250532582181548995662,286418517730422090583604,292455213192997680817795,3394890250687389259373,5648976145712061315162281,282876900796517775551651,2796308729165975124319
1789,4,2256110000000000065536,2262024183538989348729,2262034475598080955395,0,2,448629440828124970,5673224204428625652775199,5663375084881963825011140,286488239937300686329961,292524839368059266567479,3394890250687389259373,5674153857519424861787812,282942334599539055387677,2797418761486664451592
1790,4,2258310000000000065536,2267501412127821559116,2267517413108934331313,0,2,178222108774847010,5675996437893629772607412,5666142529301870554413087,286490155944244990265413,292526762654742040455426,3394890250687389259373,5676929112647798202819758,282943507068930430124500,2799220684668386550122
1791,4,2241710000000000065536,2236139722458343672629,2236130053319394814026,0,2,130324738092452051,5655089600770451000910878,5645271962552140365397076,286582661722746037102576,292619221800356418090624,3394890250687389259373,5656024358584436065650245,283031478296480182262132,2800193450243242284038
1792,4,2264860000000000131072,2261579642236747507734,2261573943598558982051,0,2,318127878691949997,5684211575497114846972549,5674343369368250459982849,286698382856438384373936,292734820329211010986956,3394890250687389259373,5685157293616663462859743,283141667868258898211746,2800821473859425667180
1793,4,2253289999999999934464,2263659006320555936383,2263677059721475216633,0,2,92654623517217092,5669687584915446431928388,5659844640176882763833908,286707939606574670681285,292744347400059565123013,3394890250687389259373,5670634532637014582439497,283149594289539762088515,2802822877272408128523
1794,4,2298499999999999868928,2302789831701830407705,2302797295602246665792,0,2,75078630977646309,5726270803580272539264709,5716329582982569483790232,286874933628944068771121,292910877466995234700281,3394890250687389259373,5727233801371546089610976,283310755611658860553454,2803532101756105813649
1795,4,2298689999999999934464,2309121079522285971653,2309139240709504082966,0,2,205366000491359614,5726519657564628578014923,5716578047228278385865049,286877206615771254798061,292913154769637763629246,3394890250687389259373,5727485496528344218178779,283312231863438131535254,2805511004066993568749
1796,4,2283460000000000131072,2286808476601165097928,2286814302050651455264,0,2,242602551399664898,5707504473172767703004591,5697595828988531940682252,286966303496156366320671,293002222208936172048273,3394890250687389259373,5708472095347634351162422,283396923011297199153963,2806089431160897178443
1797,4,2273230000000000065536,2281734807545435491795,2281749612029655496061,0,2,39865878590922269,5694713585908548917144656,5684827176792521455898009,286991550456843586490009,293027446904703610540031,3394890250687389259373,5695682910037774631568041,283419802398744692365544,2807565517392112836772
1798,4,2265209999999999934464,2256015729169853397144,2255999788269951557702,0,2,3872276510058120,5684661024680789670699069,5674792073896071347697265,287029091940881126648084,293064990149857441744665,3394890250687389259373,5685632640623607687794660,283454774165144814683087,2808975544311129470334
1799,4,2257610000000000196608,2263888542531148797003,2263899469095273270074,0,2,204717127180338033,5675110453759569808478611,5665258061665841919557368,287029445952124972052282,293065350651521678958463,3394890250687389259373,5676081757032570971306737,283454860714718887040854,2810009128277312227187
1800,4,2222329999999999934464,2226003199539182270314,2226009590217144936429,0,2,122863937934955803,5630589451302175170588736,5620814338626001909943973,287271054021912791228668,293306664947661487865856,3394890250687389259373,5631559994002126358225920,283690197025981934267213,2810573033920590234545
1801,4,2222610000000000196608,2219005061840580830132,2218998800159211291499,0,2,367709710577642740,5630944084970814800806637,5621168356398744406287841,287272692047841767414278,293308306290276450172720,3394890250687389259373,5631915949380612939948280,283691225163812597438056,2811220852067181956983
1802,4,2223769999999999934464,2214795961509675533152,2214780402170849310312,0,2,404215403575688233,5632422970283944575890972,5622644707781163232290198,287275931493050103205557,293311548625532385410546,3394890250687389259373,5633397329474031176393843,283693685296918347271737,2812663057814149267477
1803,4,2227159999999999737856,2230192782571005865375,2230198058659641954883,0,2,427656859451440106,5636704259645556578589284,5626918529074616817903560,287297767331694071458435,293333401606037945795711,3394890250687389259373,5637681585815152903858647,283713731587780941269155,2813096068578376967608
1804,4,2194150000000000065536,2190689954662899777919,2190683944452958167068,0,2,221369596288288364,5594776372121781584607904,5585063432979887810240513,287483425177849668771201,293518790961278992322567,3394890250687389259373,5595752066698390559690564,283894256846900269144563,2813588075022961853616
1805,4,2175790000000000065536,2178973847689619855190,2178979386724749146094,0,2,458731501959661158,5571319234234244800823456,5561647017538956828251693,287515862028221332020151,293551145470250132289082,3394890250687389259373,5572294037388209349969465,283924091638953701884831,2814150586430546714520
1806,4,2179349999999999803392,2169690287965371364635,2169673544810333613707,0,2,511320014124508757,5575887495969168307440434,5566207391005175160634770,287515882795108825613608,293551165594984623198066,3394890250687389259373,5576865785751039732839838,283924091638953701884831,2816796789874036954431
1807,4,2179170000000000196608,2178506511808431548910,2178505358204663347884,0,2,552084182727337908,5575643536657380452178184,5565963807705397629534946,287529129440975304185813,293564436098757888543013,3394890250687389259373,5576622341888015550171785,283936865909243433220560,2816899861609836003602
1808,4,2180159999999999737856,2181588469302318283463,2181590953950907028229,0,2,419752890067738658,5576910138636175470356078,5567228211584163918296352,287529530731205544853494,293564837251697357643741,3394890250687389259373,5577889611717913700496688,283937028341267351285783,2817105674021859039278
1809,4,2181110000000000065536,2186978432691634327633,2186988645309884887494,0,2,371782807377403510,5578129804497545697486000,5568445776458798957222541,287529564278383814770059,293564871089309941411768,3394890250687389259373,5579111087216674108567222,283937028341267351285783,2818659522518161803556
1810,4,2185849999999999934464,2180701166999132035409,2180692228552036176805,0,2,282779323077145448,5584186568461191110089266,5574492021433252220047604,287529750211216785874935,293565060073311237459401,3394890250687389259373,5585168847647480039094096,283937218302968198813438,2819249345720383818790
1811,4,2191560000000000000000,2201220321191294731858,2201237139894198764798,0,2,341343829251209445,5591485107743973235921950,5581777923364675999249641,287546994776580232541154,293582303123569801872512,3394890250687389259373,5592470875144661992419153,283953288116275778887408,2820257386059113796069
1812,4,2185860000000000131072,2191254616700127697427,2191264004232098813123,0,2,21589082025205493,5584199700872987031647076,5574505132292475823863479,287581222974226607571816,293616546503471805558790,3394890250687389259373,5585186674617537473913226,283985672437549463713689,2820897288620833269365
1813,4,2191869999999999803392,2185788695006501496119,2185778141106539992825,0,2,138632705426132305,5591872430269545977008022,5582164545271940553362305,287581278086791458229435,293616599854391400539159,3394890250687389259373,5592861531971533326367701,283985672437549463713689,2821589530724748518742
1814,4,2130249999999999934464,2132189398661181780468,2132192772224625969089,0,2,200559290437399909,5512705240256971050365908,5503134778596189154167621,288037745051294558062262,294072103399693935805932,3394890250687389259373,5513686398059848576393809,284436399276093245816213,2821798950453020380332
1815,4,2117829999999999803392,2110684749915744928009,2110672355176297978689,0,2,565708027625555436,5496618659264662159142166,5487076150362483709004693,288069118292736797419619,294103436842900778226824,3394890250687389259373,5497600536478049237599204,284465400282434723109341,2822976295105380436499
1816,4,2120000000000000000000,2126844445180632985192,2126856357916477264762,0,2,643848252715039792,5499433239454212508157997,5489885841785250386212828,288082449106501383447520,294116780029256033815263,3394890250687389259373,5500418422390280436146024,284477104977560593732122,2824142303297936573139
1817,4,2133270000000000065536,2131971285753051059340,2131969028201234177887,0,2,418008938939085739,5516611150402098858295799,5507033906698685803181976,288088724223560036780628,294123021011570168514995,3394890250687389259373,5517600734559133261974940,284482292322010512638502,2824363214614343473118
1818,4,2106659999999999868928,2103472563193704389291,2103467026247230635906,0,2,349171506955757365,5482097924045123328947256,5472580602422178045092694,288186471669612371722801,294220581458857181324083,3394890250687389259373,5483085640422319925391921,284576214545066415294398,2824844874971001811821
1819,4,2124000000000000000000,2116324017263209450021,2116310704281749964825,0,2,506658931975930807,5504620809345458478443513,5495064412186325539219391,288251366818419725992618,294285399068086608776881,3394890250687389259373,5505617413163068472664916,284637583493370078583000,2826143286687077019327
1820,4,2129120000000000000000,2128879288705547727980,2128878870121757924927,0,2,334683023931856356,5511242365892326863190375,5501674441937567187212827,288276400431016482897170,294310441404614701076734,3394890250687389259373,5512242303875277203989370,284660526258798111442163,2826182759286746968795
1821,4,2130139999999999868928,2124474311997587334060,2124464478536982980726,0,2,180710275673263319,5512567225413780665938546,5502997018348808789349637,288276641941295577715276,294310682655783109907910,3394890250687389259373,5513568489852386461192506,284660570067569914283180,2827063011041465062977
1822,4,2139900000000000131072,2143962133159306879634,2143969200942215320350,0,2,217881164638550286,5525179278992601796127691,5515587168124524439288918,288312791158294135973447,294346815305120224894294,3394890250687389259373,5526185555704089036154504,284694562187060707882900,2827621626276865212412
1823,4,2109520000000000000000,2116345523904790237979,2116357403729160234821,0,2,14105127288289694,5485823491407214348119329,5476299721313385796608489,288492646558581407345066,294526431564575110526658,3394890250687389259373,5486828631006699465409387,284869401801540374187088,2828618624233056371501
1824,4,2108929999999999934464,2099787911860683051914,2099772064736249594779,0,2,230679346309638413,5485062073477245452826369,5475539645334709518094780,288501093999061742912422,294534891332772520957964,3394890250687389259373,5486069793451190782398705,284876632563693753437973,2830099865215264407610
1825,4,2111809999999999934464,2118540110526070061938,2118551824141194524439,0,2,343606048615609899,5488800051826353618087844,5479271113476056694542363,288523456250749295823921,294557273821559750794970,3394890250687389259373,5489811545376990801821455,284897005368933365785340,2831185714246362028985
1826,4,2110630000000000065536,2113641074824405754582,2113646313233372911791,0,2,123906302419733048,5487260819915378046480042,5477734534508561410146692,288533054265925292213198,294566883518641818438352,3394890250687389259373,5488273857762175916498484,284905278600080559333426,2831686255850842706080
1827,4,2109989999999999803392,2111019890997891073472,2111021682293089016046,0,2,165698347251408195,5486427583536852684506506,5476902740414735261657058,288535104150464290408504,294568935715519746583518,3394890250687389259373,5487441165132491485489923,284906784906836059888772,2831839609642613440450
1828,4,2128219999999999868928,2124984555253303503719,2124978934942062877179,0,2,190061599208939935,5510079000018655046169671,5500513101260673760082742,288580458555921691176692,294614201914082359827432,3394890250687389259373,5511099614465275437441138,284949905375056329774583,2832258842228259768221
1829,4,2126849999999999934464,2128664792110944031020,2128667948877495876297,0,2,6358695215706314,5508304118841170974504502,5498741297610087604769519,288580988707432422983578,294614734340414356881101,3394890250687389259373,5509324884568678026417041,284950191983061082327815,2832494794898335174217
1830,5,2135460000000000131072,2129120594547391409712,2129109594332488173516,0,2,39423653713668959,5519447923626400820035085,5509865775363387643393317,288587996991152424427865,294621723948183793538561,3394890250687389259373,5520472280200321014724215,284956412626671909731768,2833220285483955931043
1831,5,2137829999999999803392,2137664050130037859611,2137663761544597908164,0,2,45742974352056746,5522503804330570901508597,5512916329670402421434297,288599500999121404080729,294633237071414665863876,3394890250687389259373,5523529613082487252408561,284967049440125957923457,2833236800176421191838
1832,5,2128239999999999737856,2134065747301591417238,2134075885754402769615,0,2,166415828124717745,5510108443111431656511421,5500542505573841395868368,288612946727814079819203,294646658637107495456426,3394890250687389259373,5511133421494692383115151,284979585657926990343256,2833790703789662586608
1833,5,2144400000000000000000,2138157048267379791219,2138146214951863077179,0,2,97712985102593547,5530989073566995023086756,5521386888246198572962194,288629081256320653986867,294662733491355379907107,3394890250687389259373,5532019382862500334972815,284994823450870939281899,2834324597466022071684
1834,5,2133590000000000065536,2130973206173305295278,2130968659519508989832,0,2,163604247361129238,5517025675896779833583375,5507447715266244231527065,288632234339640313650810,294665866201636055142282,3394890250687389259373,5518053960388790239639269,284997612762604213912590,2834532033735405093688
1835,5,2113489999999999672320,2113037362319007359617,2113036575266610336032,0,2,10982034508649265,5490975942328146899358808,5481443202461045833696501,288678816720408452805246,294712343628148226542863,3394890250687389259373,5492000776884557515070579,285042839687544697316727,2834567481164007523029
1836,5,2130860000000000131072,2138488912907717551629,2138502192171806190332,0,2,271388654416805644,5513502700770984766608813,5503930883239603621913603,288727436933719165115338,294760883738039583826032,3394890250687389259373,5514534088915325806523912,285089809994997480803538,2835250284462754085411
1837,5,2141239999999999737856,2138273890288451076105,2138268737317225857482,0,2,132431282790527483,5526907777664847927319503,5517312661978812090775252,288728578834604249818681,294762012671470805792009,3394890250687389259373,5527942338282414604954527,285090638041385520369074,2835588784311231704989
1838,5,2132249999999999934464,2136459415706348154276,2136466739887819143112,0,2,128888569613940836,5515294564610385458899906,5505719615022924005629538,288734065783930995732961,294767480741215552859837,3394890250687389259373,5516327954446986708142157,285095536509235469391245,2835996614825857164937
1839,5,2136550000000000065536,2128251343664947011044,2128236953671629650021,0,2,94868129407310640,5520860738161447262918151,5511276152257795855415066,288734067024480442537593,294767481787443090995723,3394890250687389259373,5521896110912578315092085,285095536509235469391245,2836918334592530144890
1840,5,2126780000000000131072,2122996126239465464564,2122989554529445830596,0,2,56766793004353009,5508215154469536788747962,5498652493530991226726035,288734396333394765767076,294767804128064211322818,3394890250687389259373,5509248370243066011875857,285095709693699226305811,2837236131385355010063
1841,5,2129110000000000065536,2137623613261000766983,2137638434024185150795,0,2,146125140767686434,5511240385796437030286080,5501672503337533521310138,288740093303113572789419,294773503457539612538474,3394890250687389259373,5512275329121129096364756,285100917653313399585603,2837889899874351371312
1842,5,2117739999999999868928,2111566186596045034960,2111555473287717869696,0,2,124790116840141672,5496499874071748004866492,5486957564478368347330780,288800097294368800013338,294833492190052925935695,3394890250687389259373,5497534358491761720883509,285159159677653739081842,2838425391296525302393
1843,5,2063800000000000262144,2054468512072328432702,2054452338915597310020,0,2,248498379563295155,5426057088418585206402115,5416637100720960040198779,289155195012095788488497,295187816241908325827697,3394890250687389259373,5427084761791226126635165,285508978112238963432717,2839455994074776708323
1844,5,2064310000000000065536,2062518548780068568415,2062515435311227888144,0,2,598698748013266252,5426714062744059323027882,5417292887915449861607349,289170686510030617175662,295203331837267297901697,3394890250687389259373,5427744006904307824304597,285522652815920016584148,2839782917042065465204
1845,5,2068869999999999803392,2059918582848461553450,2059903066141573279473,0,2,482733705647027984,5432716738397178156167151,5423285185026649684587351,289177106593376806704497,295209747069391914061271,3394890250687389259373,5433750376934256091702437,285528012606472549718649,2841255661543049663013
1846,5,2026800000000000000000,2026196357334016007453,2026195307778143058907,0,2,496590342481264329,5377183934570410274056029,5367848746134944297475409,289353686103920389533541,295385856218124706669806,3394890250687389259373,5378211929602451716349416,285699818930846242989555,2841343878267564873794
1847,5,2029809999999999934464,2036103109493127676791,2036114062280720622123,0,2,643580443979724350,5381181666163215873138350,5371839559545178474867388,289355821805422027366629,295387989451619073512993,3394890250687389259373,5382212171672217918968224,285701311186948488851188,2842440030963565184394
1848,5,2058679999999999737856,2065923208594711867095,2065935816288391805260,0,2,492120993867873119,5419316707622425795624807,5409908402386308846546335,289438195816878674926300,295470140247858289705747,3394890250687389259373,5420359424468980749742666,285779993214096827344454,2843604012824349804288
1849,5,2075689999999999934464,2076140792868259900500,2076141576881655044723,0,2,127677965643421654,5441651049987115020196179,5432203941779885780626675,289453326803687463453784,295485205902873134628808,3394890250687389259373,5442699962407496473642345,285793339515706409521396,2843686818910370127209
1850,5,2115699999999999868928,2117119456115482677121,2117121925096430413763,0,2,27493628069641751,5493846327041273117830243,5484308604938119453357227,289697985746702146611351,295729430327146287689419,3394890250687389259373,5494912310704666488904781,286031293784726633896722,2843925504963070766061
1851,5,2117110000000000065536,2107367266860292591354,2107350381966159066448,0,2,273383197773777248,5495691004657727120537741,5486150129716642760341268,289697985760406795470455,295729430348903890676914,3394890250687389259373,5496759323293947746019560,286031293784726633896722,2845877559067785257990
1852,5,2119070000000000065536,2126654835771558148650,2126668038309898653655,0,2,177557509187831174,5498228496572261804574344,5488683196088386104162417,289719063320803954705537,295750532246361852417551,3394890250687389259373,5499300944559392168637661,286050147302959892667257,2847276303414926334392
1853,5,2124329999999999934464,2130822061971679133655,2130833360899527993487,0,2,299872449318670651,5505045798863611987658653,5495488654825462886319970,289719886578842416230239,295751363430694035763303,3394890250687389259373,5506121231895305845202839,286050532917753086676282,2848477064497980142489
1854,5,2094030000000000327680,2096959230813891931825,2096964326802305172831,0,2,325239626997934045,5465639653499563930770144,5456150903830367136004708,289927149130356664252186,295958392159051901434313,3394890250687389259373,5466713931484877168116753,286251766301098340144869,2848965695038655600196
1855,5,2098699999999999868928,2105497561990676845853,2105509393157244171452,0,2,17482110114722154,5471736671776949695733305,5462237357430464391278243,289927620082358103781288,295958859543763512905610,3394890250687389259373,5472813764159880087517646,286251903901021436149529,2850242619578726513766
1856,5,2097849999999999934464,2088529525066993010952,2088513370038696529654,0,2,55416455517881367,5470634906013401166089478,5461137526644001692709587,289936674554701392976835,295967926234355943692405,3394890250687389259373,5471714736704583191095048,286259622124764458198385,2851839598737280362389
1857,5,2093689999999999934464,2102503492205634222592,2102518835813578270631,0,2,96269274495281870,5465206637471401434327362,5455718676760843851276444,289940835019238874583008,295972105552745857025612,3394890250687389259373,5466287819175205761924166,286262881187195141381002,2853336004218387243184
1858,5,2114360000000000000000,2114933875951725017703,2114934874043254131177,0,2,37809629435627576,5492106001647312636284465,5482571299980001902384156,289962544327420661684472,295993720959769802943495,3394890250687389259373,5493194597122562557838860,286282621295832167315498,2853431582329645634562
1859,5,2113560000000000000000,2104246727721274698278,2104230584733250695643,0,2,146383205313174505,5491080228490831300862350,5481547353933909545508057,289962834162134792702943,295994010711711767319980,3394890250687389259373,5492170326100665313389846,286282690599717965980742,2854896294765415858717
1860,5,2125560000000000000000,2123392830904741510760,2123389064883465974229,0,2,28987598710006097,5506633602994299878503316,5497073682650408662816529,290032741637370963440683,296063903112019686784497,3394890250687389259373,5507730360679238272494113,286349357152266355520191,2855224467854393556464
1861,5,2120080000000000000000,2124665836386189543742,2124673815898062677509,0,2,201078522320692035,5499533068474900545103059,5489985483842394353644155,290034417550307220232334,296065572316834699799651,3394890250687389259373,5500629643914218443931353,286350513704147045261311,2855934829607021964634
1862,5,2111489999999999672320,2113648997408410490096,2113652753066848922488,0,2,211950835298059708,5488377951459216545464657,5478849724276247667483129,290060965417705701220522,296092106105025031418880,3394890250687389259373,5489474369354275423858739,286375289456101400437692,2856225841626959078902
1863,5,2091719999999999737856,2093012702482548743678,2093014950960336780724,0,2,64164979423172079,5462623075910538159191564,5453139559510783606656998,290135234731368859423055,296166271747119401652690,3394890250687389259373,5463717380415899944589283,286446716852194444771154,2856396059851429446943
1864,5,2093679999999999737856,2094108947756840113772,2094109693775189593991,0,2,162566626500308633,5465181559681687145345263,5455693600759068069373158,290135304149265757087490,296166340578215578530364,3394890250687389259373,5466276531347908759549719,286446716852194444771154,2856456872949602699186
1865,5,2119150000000000065536,2111224788252944283262,2111211044321644882966,0,2,147219563948237919,5498333156062171272638298,5488787676918092029991680,290232417881336983277732,296263279902932343584342,3394890250687389259373,5499438787210822348888570,286540798426474867420632,2857406238914394140016
1866,5,2085329999999999934464,2081834788616669131558,2081828717775235742672,0,2,75890812959122997,5454274462440409499112357,5444805445609398208250291,290336256326117162778890,296366828745503959038381,3394890250687389259373,5455375000067539762524203,286641339785619757082536,2857851462592583312357
1867,5,2071929999999999934464,2075708125605066692812,2075714699114963916565,0,2,228215708185909750,5436722411453311880669549,5427283867450244335530519,290351712979127278982899,296382239700901079458290,3394890250687389259373,5437821509087295887317164,286655292903184706138788,2858427853848111050612
1868,5,2071539999999999868928,2074413407861496198692,2074418406719915531188,0,2,278646811660493499,5436209759672016342964373,5426772102371002568328126,290354458520493673280831,296384989118810713783739,3394890250687389259373,5437309736548482703866292,286657456996291249747650,2858826732581923910400
1869,5,2067469999999999803392,2066892202001297531307,2066891197367787423920,0,2,290198546897725288,5430865562567433738430129,5421437178836164422555565,290362089663325224507001,296392617967872402640983,3394890250687389259373,5431965365545930862333490,286664251354327306426733,2858896354320364019672
1870,5,2081289999999999934464,2072039049880836384642,2072023015382324166718,0,2,360353268216425244,5449000100019374222636647,5439540280126829391007534,290394911748752780793152,296425387660301935226778,3394890250687389259373,5450106263116309398377394,286695437130912587485171,2859923925687024239611
1871,5,2078190000000000065536,2086218470351340398260,2086232446090803527115,0,2,260033641961894684,5444937163740880402926499,5435484385615914904761161,290400891774630455143431,296431388515128569522806,3394890250687389259373,5446043977148091497777522,286700773192033156807230,2860736939294009381863
1872,5,2068769999999999934464,2063010082833319973852,2063000086764479062195,0,2,17872662203264702,5432577951103262354012437,5423146612686525488021522,290448794074682230448293,296479283966333502078987,3394890250687389259373,5433684796258856873633526,286746761699608041769178,2861357542736313854935
1873,5,2054630000000000065536,2045252971082953319329,2045236719515037742008,0,2,283580271359505283,5413989238971676828532250,5404590202754302668173977,290460006187600420818283,296490449982253603297314,3394890250687389259373,5415094575293845229720879,286756908657574344803519,2862532942052233654219
1874,5,2022499999999999868928,2027240912682489705106,2027249162405377779982,0,2,425002551027653764,5371480488514837094163606,5362155214259561360833771,290544037469378889344987,296574216256655421543989,3394890250687389259373,5372580908990065387474164,286837883250133987474892,2863178761783285348032
1875,5,1979209999999999934464,1970389921617651465009,1970374634074320659714,0,2,535408316143625184,5313693020457046962104556,5304468102726120657143004,290925923897960777251457,296955569113702949867330,3394890250687389259373,5314789760508200445062952,287212968497847698678547,2864424775465171385544
1876,5,1992890000000000196608,1997879166884388597219,1997887848943116218592,0,2,730887280491087299,5332015990260321461936537,5322759230977815070826358,291011851001773865708433,297041464309394558336166,3394890250687389259373,5333122410465873994418311,287294033145636828780616,2865473193668534478283
1877,5,1987449999999999934464,1989363908173050576950,1989367237439854809872,0,2,394629379759232357,5324730059749105230325035,5315485937051471150643044,291030083266548377345927,297059695158189115776519,3394890250687389259373,5325837752927795162813312,287309906697199597532834,2865904500643564642885
1878,5,1987980000000000131072,1985944474175660459499,1985940936930436393271,0,2,434476126915210470,5325440076175899416033470,5316194721122025900427383,291030405635901706537027,297060018517561331955911,3394890250687389259373,5326548617963031342089163,287309945383201742215134,2866320770083923987638
1879,5,2012449999999999934464,2012853126709773443240,2012853827819814072414,0,2,451581112962688411,5358114517925974012428277,5348812435293017297879336,291148138545985634186166,297177578614846424382552,3394890250687389259373,5359234690420977905640149,287422937372389311561746,2866392321371247665143
1880,5,2007980000000000131072,2014701724027750378650,2014713423515017313689,0,2,135484614576817025,5352168004761213404759110,5342876271565447108812142,291152069363869072444449,297181503736364550950038,3394890250687389259373,5353289181177495286898692,287425917178504605793570,2867681669407167708685
1881,5,2000829999999999803392,2007206981053107145336,2007218080054611118231,0,2,115983959315545748,5342629830962463051589784,5333354654278171345401801,291183948253343715672582,297213380799398203722368,3394890250687389259373,5343752411007590955539374,287455468624101470731915,2868742885799475840543
1882,5,2005689999999999934464,2009577140541274670112,2009583903918399875176,0,2,183002348622225442,5349110234141397562550429,5339823792223657043338043,291184330457747735472392,297213767941642945172595,3394890250687389259373,5350235011068660434855757,287455615952475568734541,2869338690320653193501
1883,5,2005630000000000065536,2009680578019100416737,2009687625910611454158,0,2,150510123726845372,5349030439667051526772792,5339744137025417623109535,291186915064280064295768,297216356901973611110361,3394890250687389259373,5350156280816810647311251,287457666293364303926436,2869880747913091664819
1884,5,2029329999999999934464,2026473107468226401829,2026468144322414597225,0,2,148890975254279815,5380540260195092468547786,5371199249360257688869860,291250587735323064472680,297279873221084878608969,3394890250687389259373,5381675319082115260909248,287519101569907349910479,2870206807929383358540
1885,5,2015280000000000000000,2018289753867260512949,2018294990065632694771,0,2,93697138366813895,5361882074051613338781065,5352573455754869676520444,291271149075817141038715,297300380717280112359258,3394890250687389259373,5363014949080881938009831,287538283563176488566982,2870576954893458307094
1886,5,2012560000000000000000,2003557697841281567679,2003542094652335020891,0,2,24179956384992775,5358274387022655986427448,5348972073479820323877740,291276562514630007078346,297305794625509250090824,3394890250687389259373,5359408229252524895086389,287543023219450636785357,2871610848862365834045
1887,5,2014950000000000065536,2012432858268323926730,2012428484833952224371,0,2,206372635151060397,5361442609387606023759091,5352134752486563047498515,291298107568295581358812,297327361398409322561434,3394890250687389259373,5362578849038213090837253,287563154017854906630113,2871919980222887871293
1888,5,2014440000000000000000,2005784067104102403920,2005769062262963969086,0,2,65209349948648816,5360775433174519209328296,5351468774037968411330201,291298773480446095265557,297328029056016577863560,3394890250687389259373,5361912791362022082225325,287563581838556591012989,2872922796908420629474
1889,5,2015520000000000000000,2007283019459545566074,2007268738596717734835,0,2,152558111997721472,5362211086127954178283875,5352901930479734640475542,291314489270807771245458,297343766075199836829331,3394890250687389259373,5363350753641372761573022,287578208466312928092997,2873818776919851127260
1890,5,2024470000000000065536,2021787335796048821185,2021782675039022770786,0,2,124649240101457245,5374093374287292289479890,5364763555188895669732072,291363319905227996918593,297392593323707554592072,3394890250687389259373,5375237497673450030041462,287625374202127556021012,2874076952304668024756
1891,5,2026560000000000000000,2023604846191730551295,2023599712535935359430,0,2,117620333678625239,5376866931809141228999057,5367532298478650358842225,291367056412702899586933,297396330641621221184966,3394890250687389259373,5378012454671525794891405,287628611977125950800146,2874383904412798135384
1892,5,2020400000000000000000,2023099428014764229275,2023104124141123155653,0,2,144673421167901376,5368688626930153179092444,5359368190925456019449498,291368742303255369610052,297398008222235664562141,3394890250687389259373,5369832949994483160792366,287630004205717872181428,2874629640171161809759
1893,5,2031369999999999934464,2036994379995302949667,2037004168088606341164,0,2,133309608140778152,5383247804922474494143427,5373902106817598133844749,291379942311659584860222,297409176067384915245740,3394890250687389259373,5384396322218852416317646,287640555888270343349006,2875060120705883655083
1894,5,2022059999999999868928,2016637816231931683184,2016628405555422469871,0,2,343433546006988341,5370897327227927177766085,5361573069410042890222375,291416295752928846526004,297445513807065656616061,3394890250687389259373,5372045004844131009986117,287675591727535777453156,2875528826126111244842
1895,5,2021180000000000131072,2013243920236098856393,2013230159395333398507,0,2,52944219383014384,5369734043065540024079005,5360411824052788244504164,291419693243924425927709,297448919483885061969099,3394890250687389259373,5370882805194140517423703,287678500929963436655761,2876356362575298283170
1896,5,2008550000000000065536,2003440865003585278943,2003431996729904965163,0,2,105042017401319791,5352924471305110131826812,5343631413957433068540797,291423339045226301137322,297452537672648484656034,3394890250687389259373,5354070584003317474293935,287681698674624191381528,2876839417683770145949
1897,5,1997609999999999934464,1992868646052415321919,1992860415106234010380,0,2,246381819630791598,5338326078355765501846831,5329058362909953051593904,291429007873694345124282,297458179483962267409965,3394890250687389259373,5339470096305139511755605,287686804328771741947762,2877293657204788661329
1898,5,2005040000000000000000,2000493816538506590715,2000485923775538822080,0,2,372715935920728100,5348244337978060357175397,5338959402577635650626361,291453793279597443862004,297482955438477359503496,3394890250687389259373,5349392148213788191827136,287710375536550023240748,2877740118804792576110
1899,5,2007289999999999934464,2008197345584994332828,2008198923722017123606,0,2,201660993320253128,5351241011906346865863029,5341950862569066807834214,291461487188765199900183,297490653870822568026970,3394890250687389259373,5352390209675362378700648,287717413690342017407723,2877827212557915819220
1900,5,1974569999999999934464,1971766130899517410192,1971761259913508303897,0,2,47161828885866356,5307448840576522946246622,5298234721863635859209830,291650675469615003056558,297679531284959214236410,3394890250687389259373,5308592048977790995576432,287903482453996996011221,2878088359459927911252
1901,5,1979960000000000000000,1973140188881339475502,1973128359304619504597,0,2,446190809536801648,5314694364777597891871582,5305467690106646169136409,291662100396216335182057,297690949969173092805678,3394890250687389259373,5315841216480198701456929,287913764402371158805734,2879019300528394690409
1902,5,1966019999999999868928,1957817608549564258435,1957803388571013774580,0,2,419578205248191182,5295955831870972310935089,5286761701386008472876234,291670751872449955011311,297699557803825403855431,3394890250687389259373,5297100478766085377480976,287921565377357415431618,2879981817811913422227
1903,5,2003009999999999934464,2011454083707592509963,2011468784226439619979,0,2,532775448822089393,5345544623351951070904109,5336264403943042129034706,292018738195524121230432,298047161159399554451968,3394890250687389259373,5346706765847932486805608,288263850663629459897754,2881005080568974617352
1904,5,2004800000000000000000,2010393467510170403725,2010403201858245934560,0,2,146300504817573976,5347925985095769865938156,5338641608436224566491033,292026078093522571606560,298054520671748109059595,3394890250687389259373,5349091010234012564340663,288269902196304715400088,2882068042636334067568
1905,5,2001720000000000000000,2010197343643109885126,2010212102136097376638,0,2,134758502461712103,5343823107041007344130709,5334545876674655424664677,292038565197522413748237,298067014032614246194707,3394890250687389259373,5344990058752734981173090,288280961032003633706144,2883440410241771593457
1906,5,1979880000000000000000,1977145136619390927778,1977140385374476759084,0,2,132277515145184401,5314580354516439739599329,5305353854724213787674305,292191983561848879429572,298220314068885729180349,3394890250687389259373,5315745549479786179027269,288430153788231393347964,2883821739215702861421
1907,5,1976600000000000000000,1977620304717118915005,1977622079351320797509,0,2,212113676077384029,5310175195794134085003399,5300956339887607805617251,292192034036371207362183,298220363581413411220490,3394890250687389259373,5311339699961703970206998,288430153788231393347964,2883997759352454429671
1908,5,1912630000000000065536,1911941098142297953737,1911939900402066424431,0,2,205859406800073870,5223540046417683459680042,5214471595212360499468823,292921101803660654373327,298948204724792552923233,3394890250687389259373,5224695175836715821882754,289149852919069034621600,2884099348833237001128
1909,5,1910040000000000000000,1909148324047212229440,1909146773883658594749,0,2,571478522863996908,5220002160987821124995139,5210939852012923991145081,292921747566070660212558,298948848554489669109146,3394890250687389259373,5221157172367282657164981,289150052100104631390428,2884310077239756953519
1910,5,1858140000000000131072,1862224308201039276427,1862231415098896527830,0,2,581293789679214755,5148597218444024724888355,5139658884007409170111701,293393748402367001208694,299420001707961202998148,3394890250687389259373,5149747732723231957156413,289611728382299873034767,2885166134471538837527
1911,5,1826220000000000131072,1829702420207221719072,1829708479349562936154,0,2,712970003980639067,5104182382172271773030212,5095321152440507907939981,293636940528400849945096,299662866555646331661142,3394890250687389259373,5105333149656059674318824,289845783375082530135815,2886077934573699427266
1912,5,1876299999999999868928,1870535545109254679415,1870525543336831356908,0,2,772547852508283579,5173698222116103062220601,5164716320968007767640816,294045953805332760978344,300071062230335992896774,3394890250687389259373,5174879228901340192019635,290241832219925471559125,2887678133808793117325
1913,5,1876449999999999934464,1870980606704064987139,1870971115759613486856,0,2,357319225025663047,5173904409973635540068490,5164922148742704588675037,294052399269022985379230,300077518318780524066991,3394890250687389259373,5175088944972568613313448,290246475494830419382255,2889346927897746158112
1914,5,1835040000000000000000,1829773801866502820668,1829764663213510085306,0,2,353299132006772296,5116496199473217016104143,5107613602345544769310731,294293017204068114593429,300317592900056703323793,3394890250687389259373,5117678342235512904043889,290477791225775234348191,2890715179915410001721
1915,5,1801689999999999934464,1796712600259612442698,1796703962072867825409,0,2,512358695856924091,5069789052876880067963077,5060987541305928711111747,294444627020075589717757,300468841784751382905817,3394890250687389259373,5070970263377859465851871,290621173037782387630601,2892190932648895167594
1916,5,1811369999999999934464,1818984560149773485138,1818997816490652520243,0,2,605758809258921792,5083396439908983977146527,5074571326883822940081890,294486572901669775208922,300510764415997861540486,3394890250687389259373,5084587845207070192879414,290658448809016608349998,2894549490170443349079
1917,5,1807819999999999868928,1811864462975604427934,1811871500609597771729,0,2,393586292695973701,5078404667725543405872102,5069588192978136274109356,294510635086228878968307,300534841726787579696713,3394890250687389259373,5079599609430547620901414,290679050945225116713145,2895794695482333251255
1918,5,1776310000000000065536,1769918029210586223386,1769906943049417686691,0,2,422181154200909524,5033957280052273883922375,5025217986635838563963426,294757780155956636501787,300781654452740172499498,3394890250687389259373,5035153272643430309201529,290916508657228404149944,2897538796706142204374
1919,5,1750099999999999868928,1743533453440554161310,1743522065816995096377,0,2,565977962456699493,4996681177189130911334304,4988006600092926797376345,294836974169581350191699,300860623051684191131995,3394890250687389259373,4997876645207715447408576,290989556782563532874072,2899591701607827133280
1920,5,1775529999999999934464,1774681983525039739594,1774678276247698728317,5244178776474182,2,634580338604941054,5032847050605869371157409,5024106502136043753493981,295045021619969580415494,301068458528758355984043,3398050088920596767410,5034058528309872271637946,291187332376201072734752,2899864305533640334600
1921,5,1775220000000000131072,1772930066346350984208,1772926086359621238670,0,2,340660211111235901,5032408579062532371648551,5023668794472731645393213,295045079416829098792966,301068517023234978883070,3398050088920596767410,5033621262001626900270139,291187332376201072734752,2901116825703017668585
1922,5,1769410000000000196608,1770787859057196285698,1770790256616507507701,0,2,348349214710741410,5024166045732063942833439,5015440573637152787858598,295047560009595134590580,301070987717010854201948,3398050088920596767410,5025377424160736177777910,291188258268205744009514,2901508735897221526716
1923,5,1728499999999999868928,1733987194023482175315,1733996747794215453536,0,2,359112590628655287,4965751127058028204036286,4957127124539559053384107,295410198615930584335362,301433037087078352772587,3398050088920596767410,4966960099380016989387313,291540675471217136423000,2902869099604632417067
1924,5,1678400000000000000000,1672684024797945079199,1672674106046983412014,0,2,520845753780414857,4893257605072055770636074,4884759505179248001763714,296059560499191794435933,302081490478807349392019,3398050088920596767410,4894466062659131087093527,292174768188164882844983,2904464142355857523344
1925,5,1662539999999999868928,1659162048600079722348,1659054112330840921982,15000000000000000,2,682436652634726098,4870228349829619781351641,4861621096640568170045001,296059560499191794435933,302103933293919178156098,3436176340375332033834,4871286735090512418327710,292193624649736031678865,2905738739817041456332
1926,5,1582680000000000000000,1583634145611713505926,1582793277271611088146,22256456667764057,2,708515926331202451,4753078544192262934641295,4743417753140995155066274,296119913041265239603284,303420915137156878279546,3436221411467973500645,4752874296072640513047949,293487718685686186892817,2905779298346910952363
1927,5,1573600000000000000000,1581910008929669981397,1571856270612080084402,37256456667764057,2,812498358057800045,4739489711241151826433369,4729792164042320272633132,296119913041265239603284,303440977092356936218501,3477006363966652175718,4739226624137624746369322,293503618442064329077497,2906586800200904582408
1928,5,1583470000000000065536,1582699989606811866379,1582680193492828614783,46144891457687732,2,814320354604386256,4754341055339803681588655,4744601596425738864340949,296120490406224951214452,303473115844633337467581,3504310210418544469454,4754070814931380566876511,293530902194837694508553,2906918545900538816779
1929,5,1563099999999999868928,1577563264507854427406,1557934836753897149870,43852868571044175,2,804863627338298408,4723884002881916823033809,4713991483054860461151873,296120490406224951214452,303564432087257569339973,3628524204084460041133,4723408987813993289371418,293614946800570352284016,2908869160659745344934
1930,5,1574880000000000000000,1580535682400300933752,1577856098017944228846,43754314820747826,2,812355841419065858,4741608246175124735721760,4731716811331218649869195,296120490406224951214452,303633650262395913684083,3632314855281782749844,4741177347078600403688296,293677703374878500567944,2909987335619912510125
1931,5,1558630000000000065536,1586128337839216037276,1564195412251598515477,40653270324959494,2,766159895864036422,4717255043326121596800581,4707247381370097338363935,296120490406224951214452,303722089328227105185850,3690331838836612557467,4716668100176898567541014,293759159900424908650297,2912035043691857301960
1932,5,1560310000000000065536,1579867437715746537903,1554074514451272273809,36587237890071236,2,672073036514646690,4719881846947808950625193,4709785558151853509377292,296120490406224951214452,303725730845876420527842,3787632763978164027250,4719214827684308767481788,293761454825768426199045,2914164724110027721563
1933,5,1554289999999999934464,1578843419071958032161,1553269800589595556870,36900621310677378,2,693576692640299473,4710849908714616415121104,4700681943879269113167542,296120490406224951214452,303725742141319333263691,3803875350526400581036,4710093464040066389045281,293761454825768426199045,2914587405088376545065
1934,5,1569349999999999803392,1574421563441920046436,1564879816735666362822,35279865219098791,2,697403626590993626,4733597418075914388184205,4723404780837486615529422,296120490406224951214452,303788371506095388635035,3902987053309705488193,4732867309836512194032445,293821348572493123131215,2915793257762799750077
1935,5,1594800000000000000000,1598555951470993385014,1598564060146907569708,34920322720399234,2,715486188829282099,4771822298730928719422619,4761548720758427071042963,296219141965219162157367,304001867381871249275478,3902987053309705488193,4771096292401774551978085,294027495651368726380592,2916734521931999599866
1936,5,1615109999999999803392,1617019873760019586631,1617023995753722461409,19920322720399234,2,241901406179826956,4802108598222644354427017,4791769804137054338284456,296282853421743085512060,304065379081784820846495,3902987053309705488193,4801383368079171087200651,294086414374929732122155,2917284130933345591845
1937,5,1630000000000000000000,1624036293205897232343,1624008735374255365021,4920322720399234,2,2632510905794555,4824222665040979485216143,4813814553532944348762894,296321400174578435887264,304103818321340163281962,3924754362923832365158,4823477754381810424291548,294121254910646690867295,2918982948195714220378
1938,5,1630000000000000000000,1624386357147359851824,1624374251048821035335,0,2,82742049070572137,4824221740265590797987809,4813813586702632501002161,296329502048774236420762,304111977741617337444552,3924754362923832365158,4823479782231162918087578,294127856213375792264320,2920419510311983011576
1939,5,1613120000000000000000,1615083859058840159639,1615088106510063525285,0,2,87036510337774251,4799171074999233460322166,4788816940722244872067101,296358561396980910620424,304140912328179288118478,3924754362923832365158,4798435884369729246931861,294154425292775686505817,2920853416323989324756
1940,5,1690400000000000000000,1686024630337042364808,1686015188546164005987,0,2,52092076744708383,4912786826577243226118296,4902187582027478960999552,297634332439283385905225,305413784005950937802995,3924754362923832365158,4912050644865161691133823,295414438765527216736897,2921755295504835488432
1941,5,1679480000000000000000,1684159542895686049148,1684169667820268691328,0,2,505366758255555414,4896893418741345893748913,4886328466625248455423195,297643591380459457220826,305422996384252945436646,3924754362923832365158,4896163197744552063999478,295421571163889994100527,2923248501691287108189
1942,5,1672910000000000065536,1674584656004324978781,1674588277768619495449,0,2,481586866304007768,4887301774886500614581090,4876757498780181034166161,297671031869055969713031,305450426815500383893694,3924754362923832365158,4886576556478189053440866,295445904639757267139581,2923713313698360611342
1943,5,1682950000000000065536,1677502188921952422569,1677490438614128438482,0,2,352142437010091592,4901951280333275036836205,4891375423304509283310508,297686246697051993024005,305465595641742891197332,3924754362923832365158,4901227414508795389134640,295458975025090117292826,2925091684236917410631
1944,5,1691299999999999868928,1690950578506146644246,1690949823121962599596,0,2,371854861207255974,4914090381729887232484436,4903488307086626283062854,297727464797499183175982,305506795184645746603728,3924754362923832365158,4913367869488942680321597,295497123585672416963344,2925169569006761068626
1945,5,1684809999999999934464,1681985974646207628614,1681979876375918612386,0,2,460450857899291340,4904654636202328290174176,4894072926372125194487376,297735579164806764995399,305514890056997373802601,3924754362923832365158,4903935448000545922978171,295503905119088874174533,2925776547462732151387
1946,5,1690320000000000000000,1690821591517360500417,1690822676113823182237,0,2,315172863573199698,4912666502993884493187376,4902067500467415984922168,297750581019776370743899,305529881515327628670198,3924754362923832365158,4911947928103177974054921,295517215568805103610007,2925877519425479179873
1947,5,1669220000000000131072,1668500671807519931706,1668499117016231363637,0,2,385997806940483098,4881908249886716308164397,4871375608076559534763646,297851472678557116712166,305630565546964906104051,3924754362923832365158,4881198395336973920296557,295613997145662208820279,2926013757820799492352
1948,5,1679529999999999934464,1681778453757716199608,1681783316880364411307,0,2,59139218124308019,4896962667804054345904209,4886397550559025088442265,297878044388257462934005,305657087429231112912051,3924754362923832365158,4896253382174516228093840,295638259252274136758452,2926475965140121861193
1949,5,1671410000000000196608,1672969613407676669016,1672972986312989626474,0,2,192730200725859568,4885110125377702436439622,4874570577374513187984529,297901398292545317968116,305680412745582813025635,3924754362923832365158,4884404984376386331530572,295659495651333694865545,2926794017858656509282
1950,5,1635700000000000131072,1630428939683042798652,1630417570481702105975,0,2,73879581619875637,4832648471672180461663478,4822222133752762481888842,298208017209361467025111,305986424898967073914723,3924754362923832365158,4831959014249462308381606,295958992981170702689396,2927790587612035861039
1951,5,1656489999999999934464,1658416146315029485099,1658420312143861782541,0,2,318160251067790237,4863257841362869818885714,4852765440579162766294611,298360887777165863272476,306139099834957915234428,3924754362923832365158,4862571129111905796512696,296105168176656910261209,2928271714728753988249
1952,5,1638920000000000000000,1633737919290030785851,1633726741498596168052,0,2,26763174641549526,4837402616072893449211766,4826966020171867639641457,298445447623763543345409,306223513095077459331652,3924754362923832365158,4836726300862717885282149,296184354344305395692535,2929677744808110000264
1953,5,1630109999999999803392,1629954710343416237849,1629954374608005409124,0,2,208167179342340643,4824377346139812420895992,4813968825907565848271636,298448427972471787587194,306226468736618756894194,3924754362923832365158,4823703946744932618331584,296186299313755482853561,2929722286486352241362
1954,5,1639369999999999934464,1640387853244226903729,1640390054337336101771,0,2,234137051035102523,4838060843600181816640938,4827622802414291107279604,298468490944491920486190,306246489854975629148950,3924754362923832365158,4837388160674039293779596,296203985207594157971939,2929976913172041841453
1955,5,1619249999999999934464,1613367272141063312052,1613354587556786409225,0,2,115663177162103346,4808288139800212257177554,4797914366121232113444253,298569592193159081754210,306347393854727046356048,3924754362923832365158,4807625957078382678574095,296300086059642755037900,2931347733150874392793
1956,5,1657019999999999868928,1662135330041696272562,1662146398691050388949,0,2,316582887266844315,4864040742976589298209433,4853546674482127523759433,299002952507711027904601,306780073935814439183206,3924754362923832365158,4863383484022145051905082,296722019285177809229847,2932629011486059214568
1957,5,1628809999999999934464,1622897164413857708035,1622884414882727918391,0,2,109961680807379694,4822461228089516154208226,4812056876236938428127641,299250226827564852684130,307026977048581541314497,3924754362923832365158,4821822155506447393768558,296958494040476665890534,2934511029182273743035
1958,5,1620589999999999803392,1618589819234107254903,1618585498556999015367,0,2,149957348715768122,4810270214455388148209179,4799892134080337294537310,299251443776293540179436,307028177997432785203673,3924754362923832365158,4809634331394986428121523,296958885822108418600524,2935229156532787692685
1959,5,1652190000000000065536,1657378570275451007577,1657389797552924208330,0,2,175233906610064432,4856946743995881782841167,4846467981525531226249705,299507743298296621628487,307283991015840723644940,3924754362923832365158,4856316847013388228344828,297204584317302615305666,2936816030105719690885
1960,5,1653000000000000000000,1657581546346376911230,1657591459203807485968,0,2,104058281698991160,4858135859456910089099017,4847654525807159523456786,299511992908921835536878,307288253203188754248380,3924754362923832365158,4857508934261586731525830,297207301489269852788922,2938396760500343735065
1961,5,1665520000000000000000,1660662026425702132557,1660651545799138862517,0,2,105351726866938167,4876499707049378293569277,4865978756048377873758440,299525907299971340880187,307302102837812545703001,3924754362923832365158,4875874191692615570961320,297218868163146070169414,2939821573296606497853
1962,5,1644070000000000065536,1646662332958552070272,1646667940182441429951,0,2,127811402280460930,4844992401314923951127015,4834539410884492181279397,299586973028604970400994,307362960247041455261634,3924754362923832365158,4844375859472894451515244,297275655671684899325449,2940491504324557964197
1963,5,1679980000000000131072,1677446380363268775855,1677440908510005161343,0,2,6043332128789552,4897618949396797588210129,4887052417524859300186429,299832627399126768689698,307608001289824598844470,3924754362923832365158,4897004600613119174339567,297512975918466947307432,2941119907458692365371
1964,5,1672299999999999868928,1673540245054356511049,1673542927147656991818,0,2,229374888225944159,4886410379496433153817824,4875868025370771831234247,299838394274828003979971,307613743512099873794943,3924754362923832365158,4885799176895420188648362,297517323684788640291793,2941459453321193123359
1965,5,1671320000000000000000,1676121693161988500264,1676132082602672799489,0,2,188202432990389702,4884983094471892465387876,4874443839935492935850065,299839470439262512179712,307614819949007563031669,3924754362923832365158,4884373760671998412821707,297517865571650590688742,2942603725663771912040
1966,5,1660310000000000065536,1662026018649869664381,1662029729898995200688,0,2,208812094714681977,4868861972847364523940190,4858357480495196315915440,299894146473244533459274,307669449402115526495558,3924754362923832365158,4868258325031337177821433,297569223980713416919142,2942965697738611810281
1967,5,1672339999999999868928,1679211640438465054491,1679226513216381270174,0,2,38807837477932018,4886478753424631390864440,4875936294653012208048373,299917523773978164988898,307692759430418637661100,3924754362923832365158,4885876484976695957212703,297590442067288489412257,2944361278867254533723
1968,5,1659640000000000000000,1658044738617082053361,1658041291915811753555,0,2,200033043712174814,4867879399036954859872978,4857377026198241921479082,300001157446808133078865,307776338806408761525514,3924754362923832365158,4867283896362326105857102,297669921035052325642443,2944697805193698293894
1969,5,1665440000000000000000,1670933158900625753190,1670945045729950333666,0,2,34832070117850563,4876383997499664927271444,4865863302216479113344246,300013229707505380568870,307788396277788008048345,3924754362923832365158,4875790345654983809367670,297680320717830793303716,2945910160069727358583
1970,5,1665990000000000065536,1661275648602003909483,1661265477159527128819,0,2,92688487809744088,4877187412136950919958892,4866664976104587017807568,300018580972502423317422,307793761671087950864166,3924754362923832365158,4876595763478279385747326,297684595553512949895650,2946923894462530737490
1971,5,1664720000000000000000,1661255629318886227782,1661248150551960562172,0,2,14287188406037329,4875325845566848543152879,4864807416121923099992790,300021195211668420891194,307796385715682534151331,3924754362923832365158,4874735842596965008714253,297686501636182812601540,2947629405305947462608
1972,5,1675760000000000000000,1672069964148469629227,1672061998949008651270,0,2,14523160922808144,4891465410755326261320594,4880912161854996370187386,300067400978274041816824,307842539560445742232434,3924754362923832365158,4890876624601100012483547,297730178320880422929798,2948267112220566603979
1973,5,1677760000000000000000,1672144163040636241472,1672132051326612208103,0,2,119068244406417697,4894387398260784187756706,4883827862072880655190823,300074461765995469836857,307849604887519643486809,3924754362923832365158,4893800183080383727156910,297736274247819683587081,2949208611578529116528
1974,5,1681600000000000000000,1688522162701377981468,1688537144855904133802,0,2,120000553179412962,4899988701443034993828448,4889417095448137514971920,300093938083562970356988,307869089143828176411220,3924754362923832365158,4899403175441606987525312,297754382897720649582021,2950179805951699922715
1975,5,1677969999999999934464,1682039179572504911815,1682047983086142829377,0,2,308983478888928211,4894690407784922384448799,4884130203670839330564286,300117983143052677226934,307893150293100448201823,3924754362923832365158,4894107798887863623871156,297776777738827347189803,2950809514089827437640
1976,5,1680880000000000000000,1687500714957118397562,1687515044031425172314,0,2,190294607742285374,4898938719926331328202622,4888369375485616281169334,300118274174413025159955,307893445122772320092048,3924754362923832365158,4898356738445585696405165,297776899814153331140871,2951753617596478540087
1977,5,1681460000000000131072,1682281846963961989017,1682283624137505328129,0,2,257078421891623757,4899774535808882102325811,4889203347902375996046261,300126150649936719969650,307901341868740791449410,3924754362923832365158,4899193381360318768914216,297783960402704782407509,2951864718010835554243
1978,5,1675369999999999934464,1679821348461021760820,1679830979340068966836,0,2,150416228036926869,4890897515128146764224164,4880345497207031334066762,300136513434460977434314,307911687602924321349325,3924754362923832365158,4890318842371674150412534,297793455732593884611793,2952415958177848708974
1979,5,1673190000000000065536,1669169215067888869287,1669160537238259393192,0,2,98595399381884536,4887713684021140404819001,4877168531853842419987381,300146072388517929093687,307921253604460720279474,3924754362923832365158,4887136579104568408853431,297802273894435420862091,2952858682335358255001
1980,5,1662499999999999868928,1662654776108190737952,1662655110765079883006,0,2,107069462377188503,4872071359461687974466378,4861559940125122505393439,300155833755560828832443,307930968630799164316503,3924754362923832365158,4871496902838124930703736,297811252587568238006314,2952876921935456740149
1981,5,1664790000000000065536,1664443083986586021002,1664442334019790351743,0,2,213544744533110686,4875425727719309983766970,4864907071476122479815646,300156837556987441238845,307931969952386874124908,3924754362923832365158,4874851157285737750792210,297812013432260600640828,2952916265134948196279
1982,5,1725240000000000000000,1720642005929679996897,1720632084302541863718,0,2,168482217679079088,4963156379388647131429639,4952448464566505648565962,300955341900329469178047,308728771549936696402316,3924754362923832365158,4962577967725677592039607,298604391896454495808542,2953367512620756896342
1983,5,1720499999999999868928,1720321421487287765216,1720321035403969912140,0,2,502660786801333857,4956329287590859722857462,4945636083070505298999317,300955346120577007580742,308728775193211156574823,3924754362923832365158,4955751691919436735509636,298604391896454495808542,2953392352289272967773
1984,5,1715890000000000196608,1718712755346834728829,1718718861079288976392,0,2,496984615953578119,4949686371318091731167644,4939007505976921104454910,300959462111848910919255,308732881589591789488694,3924754362923832365158,4949110795066935985839316,298608001398556507654526,2953862323857117456730
1985,5,1764000000000000000000,1761584837792354773332,1761579621225597559858,0,2,464312561721638608,5018595645765343381822247,5007768107586659668017109,301383811589349497260643,309156199871623103093374,3924754362923832365158,5018018976164672502859676,299025723704552620552843,2954212329153639012377
1986,5,1844869999999999803392,1837960162039543595027,1837945264021577186259,0,1,680420226131734321,5132352322956837298603875,5121279390389028855923172,302752907042238118815186,310522516686679215251500,3924754362923832365158,5131780906852382789298347,300377907900077427741210,2955611220133203638426
1987,5,1821579999999999868928,1824055871016270693471,1824061226041231639416,0,1,824172925984764925,5099845718915869985650209,5088842884942050228596019,302803994797396968796177,310573401946125355304185,3924754362923832365158,5099283739214944071639332,300423843178465766602845,2956383556578586665902
1988,5,1795480000000000000000,1798511679388935989323,1798518237103649746589,0,1,666391827737817416,5063178676015790101365355,5052254953325117341749114,302961794648770648609794,310730919903670192152794,3924754362923832365158,5062629884079683294267510,300573404009104190284040,2957271531292624890775
1989,5,1778589999999999803392,1779621227344770995598,1779623457336247118517,0,1,401527310017407052,5039306276588589687895763,5028434051370190461878831,303039946661253566938954,310808954368247864365834,3924754362923832365158,5038766240765389200927138,300645723507393196671842,2957578794026392730703
1990,5,1773600000000000000000,1773323110307183068548,1773322511700525399313,0,1,229407577127909400,5032231993649637068264521,5021375030240543153268377,303047171982273500652367,310816169433012953125321,3924754362923832365158,5031694525526373447554036,300651226137599686891514,2957658410416678180552
1991,5,1798560000000000000000,1793842507232991182904,1793832327425752515144,0,1,172526763749696348,5067522117385082678481451,5056589034869776331174994,303173662720080197664223,310942393299244182345956,3924754362923832365158,5066988549787245587858035,300771232921723009002364,2958860205957884083941
1992,5,1781600000000000000000,1778207954708692433348,1778200631098367153183,0,1,296745434690737664,5043570691433999397006309,5032689274777751678456677,303203228740931148194857,310971846656546940752576,3924754362923832365158,5043043624159782616073838,300797655709125258186328,2959721378601363377416
1993,5,1794280000000000000000,1798656138533410454880,1798665606173782624879,0,1,143130218483520963,5061488371795622120193933,5050568304339800693165944,303254450591756908312341,311023004798285890043395,3924754362923832365158,5060964470547080223124621,300844891474493601368550,2960783016882070060335
1994,5,1791890000000000196608,1794731873274602722691,1794738020269056687056,0,1,275087294591104567,5058114106375319095602197,5047201309494088779658732,303263431502796860082543,311031991382544682825622,3924754362923832365158,5057592932629660702657970,300852194001942401740072,2961483137989212016425
1995,5,1792320000000000000000,1791092296917054274574,1791089643806256987056,0,1,232433297483331810,5058719676913539512633531,5047805567949397239689552,303264575024459980328062,311033138256832704127237,3924754362923832365158,5058199231307205520627900,300852813753251145166053,2961749514162121609148
1996,5,1783790000000000065536,1789535403912562275046,1789547836343070352117,0,1,188945209575342879,5046673831288750141491047,5035785737925674831091849,303275103646124944344624,311043636545975647972135,3924754362923832365158,5046157128159565104446140,300861943164398710790546,2962838364325368916375
1997,5,1762920000000000000000,1760416528138576932760,1760411121036988842226,0,1,168170647076082028,5017059195031578936792688,5006234972105710377698490,303415917782851927912526,311184277198830367643577,3924754362923832365158,5016550340195804803587918,300998349050522961936886,2963251272971600362079
1998,5,1772499999999999868928,1777169659519299440166,1777179762676695554595,0,1,158260218411540792,5030675575328309829024516,5019821988592751660840363,303445342782538760261594,311213665087929147697675,3924754362923832365158,5030168637644261744531249,301025374505631888553363,2964155172030869630904
1999,5,1733829999999999803392,1736237456476531706415,1736242663566890679251,0,1,26508520970303712,4975493626657336368539817,4964759080510673113223630,303824452681399930298283,311592131296973513022678,3924754362923832365158,4975001302932699792612440,301395854023407255333886,2964642262183043931278
2000,5,1749440000000000000000,1745779757804919688155,1745771856263724959550,0,1,297733584603186524,4997842633314994508258563,4987059876189604745023575,303860303397669538875618,311627876346263677486036,3924754362923832365158,4997352297452125150530975,301428378589854830323618,2965550626703984504696
2001,5,1742680000000000000000,1741672507564677738212,1741670330162076045723,0,1,193418370870082749,4988174694626832870241549,4977412785000171791684331,303862272643741020880077,311629831347450765447749,3924754362923832365158,4987686249276034408418667,301429632087401840274115,2965782178841615863781
2002,5,1748390000000000065536,1754296649470171462254,1754309431320662398364,0,1,224918361435269919,4996346939823401588084496,4985567428462980945621471,303871527531211699039869,311639072266960179855169,3924754362923832365158,4995860259171975241297710,301437516127084196083535,2966962455497431547075
2003,5,1742009999999999934464,1743666712531623009875,1743670295444885182585,0,1,73664999088075698,4987216067217755595793279,4976456227347163037271965,303902322521126146006799,311669864559927056789812,3924754362923832365158,4986733023856352707864551,301465885546220123760414,2967289669243279294654
2004,5,1680660000000000131072,1675977627770013450351,1675967524991094572950,0,1,174575617259434163,4898613417035877934674669,4888044754167259540403565,304731745938113451493545,312497590930388052348475,3924754362923832365158,4898151607146720847848017,302283500832009561896374,2968162056068346272233
2005,5,1704089999999999934464,1699899810125140978352,1699890767059061361975,0,2,550149666911216311,4932639838229850020751084,4921997759438094617335541,304902360393247208792584,312667960697585044390424,3924754362923832365158,4932184488627015075303189,302445604174816504376989,2969410387464714374892
2006,5,1709539999999999868928,1706004755563015704851,1705997123720881894342,0,2,300882830342648277,4940520199477676372627085,4929861114219743827330584,304922109623589035712498,312687704413507768565689,3924754362923832365158,4940068084605659231313698,302462468078385809343337,2970470807793760102596
2007,5,1696299999999999868928,1689892180741025971345,1689878365439594896785,0,2,241475703092585198,4921357583406877676607724,4910739867800600745063315,304942130338275356227864,312707650614720672188078,3924754362923832365158,4920911536958294446346856,302479881841399150872300,2972169622121381423395
2008,5,1694510000000000065536,1689882772745637449466,1689872788532272829596,0,2,335918102799188939,4918756087012319105525949,4908143965913248892604028,304946708966918973558722,312712246780497793511535,3924754362923832365158,4918312700232167103374662,302483248673105843223330,2973369947148430065123
2009,5,1690710000000000065536,1694068528580812865462,1694075793832133619085,0,2,335975166314309686,4913235573729041041902437,4902635353650220687760927,304946856063083703397244,312712397124666171376437,3924754362923832365158,4912793613022001028475016,302483248673105843223330,2974109726305184721675
2010,5,1706660000000000131072,1705595160670754882929,1705592859408757970273,0,2,278540621934969930,4936354483899165559239813,4925704375721201434500410,304980692905314615473327,312746121867846877084100,3924754362923832365158,4935913133797226483598396,302514604670053542012988,2974319292303244516770
2011,5,1700120000000000000000,1704314592367400119467,1704323667302391723144,0,2,122871001697058498,4926890735959005172373501,4916261060778219307076881,304987059695509120861093,312752469590981672416029,3924754362923832365158,4926452071078977966406205,302519926263944824038744,2975109953673968138859
2012,5,1710000000000000000000,1711250133016838236732,1711252836486211141514,0,2,136570014777312244,4941182531065820806173238,4930522006836575583749210,304993910126944041974438,312759283402001521704198,3924754362923832365158,4940743731143600031072602,302525841087826065802935,2975313912773847735849
2013,5,1706940000000000131072,1702797110434842484827,1702788169235633325719,0,2,33856914630790102,4936762807814351028384833,4926111833376810920853249,304997834780965287003997,312763204496730220221004,3924754362923832365158,4936325696313466350981709,302529103974927267339201,2975941106002040172112
2014,5,1724630000000000065536,1718360808735147416395,1718347290863684047950,0,2,144732896072223885,4962282688965014876790803,4951576675545585536410185,305098516352021481330334,312863751678919741553988,3924754362923832365158,4961847455737244338942675,302626560521052076868932,2976848330701746882197
2015,5,1725890000000000196608,1731457760692933634101,1731469808738204816266,0,2,82798421965410948,4964093266496288872297783,4953383339064640663862820,305110377263141703638790,312875629629996660977921,3924754362923832365158,4963659902687262201841211,302637254837296352109531,2977695412895391265532
2016,5,1739160000000000000000,1737232384644910477590,1737228220325035777166,0,2,232558703003241959,4983134955139806216735411,4972383921081442060356752,305122648677954353774901,312887836206777970026798,3924754362923832365158,4982701448710909401220861,302648314670799505188988,2977997760588634494315
2017,5,1727760000000000000000,1727081005166682522289,1727079537512021279177,0,2,292182136718955897,4966775488756730173442100,4956059747102783704624742,305141207954397797193515,312906339206703253641874,3924754362923832365158,4966344875881472719218101,302665496736402741164726,2978096083638967926563
2018,5,1739200000000000000000,1744173676372377142135,1744184437898165917705,0,2,113105207813800374,4983196573474153532102175,4972445425093543927526089,305171664961776767689001,312936737890805477853441,3924754362923832365158,4982766981911213357399663,302694209158474533296539,2978792319705896493164
2019,5,1736299999999999868928,1730307277398513405297,1730294353868672078483,0,2,303837918261830222,4979042630490718557063194,4968300454360924236273523,305184405720186265797043,312949485858575213708598,3924754362923832365158,4978615544249416793962271,302705727917960272443525,2979703464729226229914
2020,5,1730660000000000131072,1725525994487930042101,1725514918763268806598,0,2,81968324276182641,4970947430926226754104869,4960222711629511678687814,305184431535671378025770,312949513540795858250556,3924754362923832365158,4970522633557397825047896,302705727917960272443525,2981257549936832971865
2021,5,1723740000000000131072,1716876500859628245814,1716861705390118685317,0,2,11750924836229215,4961003770789291911819958,4950300523710413127132917,305185096572412670142767,312950168941893106945201,3924754362923832365158,4960580258882272120301504,302705948895660854664392,2982235194222608826282
2022,5,1729080000000000000000,1730257897244483923090,1730260444468939603388,0,2,111454281165227004,4968672614403686663707950,4957952780559870732249766,305216254144906174757648,312981334994054187061076,3924754362923832365158,4968250323588640740802386,302735391664624619644416,2982398733055929095290
2023,5,1732539999999999868928,1739025011612053270112,1739039046301349917426,0,2,89968428725199471,4973649835846454946884113,4962919299930029853482052,305217334236769804332105,312982410349456475035205,3924754362923832365158,4973228392071435112311842,302736141252514688671433,2983317180694351064582
2024,5,1705289999999999934464,1700055130221087975771,1700043837778820299463,0,2,200881239467119731,4934378377723082152983845,4923732557091265954365877,305454029292988966156621,313218789386597852018689,3924754362923832365158,4933965705813543239878039,302968103013426884054746,2984038833627320882281
2025,5,1728630000000000065536,1729203161055887959330,1729204400418704568916,0,2,269081072345745190,4968025794105825407631534,4957307354817710349458679,305626569286149756355436,313391094373596053176053,3924754362923832365158,4967616065282098113844813,303134950255562766227437,2984150351590467639454
2026,5,1744840000000000000000,1748676184438945325705,1748684483407020991356,0,2,56690040061117662,4991267884930657990541779,4980499313884260171269616,305677130178178944038303,313441538147941747222348,3924754362923832365158,4990860599065645005990620,303182026255902188647750,2984996050152297782003
2027,5,1766339999999999868928,1767888000509613248612,1767891348252714019307,0,2,213209191976286387,5021922506360607960828347,5011087787526643635771755,305740540882882196424904,313504752303569244284023,3924754362923832365158,5021517084998737289651693,303241438680312444647525,2985343676102681755077
2028,5,1743289999999999934464,1744065811291143695575,1744067488898119698028,0,2,339091880007256863,4989047552444420315687899,4978283759272995332134872,305862973615329497165434,313626953913566991331472,3924754362923832365158,4988650584170203699391918,303358215382702012418045,2985523635237520275879
2029,5,1733059999999999868928,1730097636059231557657,1730091239216886334641,0,2,85420643940268248,4974389309580152897909992,4963657148667882217923184,305887891788195820009744,313651825882616259377198,3924754362923832365158,4973996882994220084429396,303380489254108824333810,2986236390896134320707
2030,5,1726819999999999868928,1729547569793205471462,1729553469538835022464,0,2,41230306509239017,4965425650546060060883889,4954712827409032189654614,305890123664075185417727,313654044266999110467062,3924754362923832365158,4965035338020460679558975,303381957426569516105012,2986870849725576100589
2031,5,1728339999999999868928,1733478070916536837155,1733489188456053382122,0,2,46406925753348091,4967614454692720218223478,4956896926185784100745316,305890426578665695509973,313654349487704174196929,3924754362923832365158,4967225235721311861216732,303382019136444152702196,2987883225628207979868
2032,5,1681500000000000131072,1677379058783545969700,1677370165111970987867,0,2,1016606897072173,4899836356918376912556670,4889265050921850969067959,306458090373765229908513,314221027244805542310135,3924754362923832365158,4899462328561065176172475,303940486631808599163630,2988606043876301991737
2033,5,1659380000000000131072,1662003813733657907927,1662009489056834730028,0,2,425731304928099422,4867499038060168088484557,4856997489972329343194528,306528906980824911805728,314291621625545972434632,3924754362923832365158,4867132983153242017300293,304006560807283488817732,2989308642416543052636
2034,5,1658160000000000000000,1660861307761341201172,1660867150774493486612,0,2,496258395333743033,4865709474765286587130174,4855211788033219126364278,306532167765458625161155,314294884979240792775083,3924754362923832365158,4865345250475912180797118,304008828540172834903073,2990006661797920982703
2035,5,1660800000000000000000,1658624205876895550023,1658619506118108759756,0,2,501635590532866578,4869580779311206517976651,4859074737857651332143707,306532168594892382020687,314294885972158643765438,3924754362923832365158,4869216691770027347646294,304008828540172834903073,2990430501672880419166
2036,5,1665520000000000000000,1658745819423658656436,1658731217439044579878,0,2,513608085707382966,4876504631073899044453040,4865983690691161271281333,306542661313051725346023,314305370358549710946650,3924754362923832365158,4876142727310857664045240,304017806598220568497242,2991724296640680877677
2037,5,1665059999999999868928,1661427708700710646626,1661419868025616277750,0,2,511284610877912581,4875823946622265756476538,4865304443662782566313239,306551459266201631886682,314314190058776596694048,3924754362923832365158,4875463734894501649088390,304025562712689140148524,2992318239664854740217
2038,5,1671299999999999868928,1665460379361480388654,1665447786406724387633,0,2,453448718898637761,4884956321265169497474120,4874417135084142760218908,306572891584015070198246,314335610221279434075822,3924754362923832365158,4884597725556317935608074,304045557060494199744185,2993154280299086270689
2039,5,1677510000000000065536,1678380040984085684460,1678381922387138125251,0,2,361464525879962035,4894016020195434040102093,4883457256276921166182161,306604683836545515236762,314367400465568333773441,3924754362923832365158,4893658462887055425064364,304075760013056493096200,2993268147059438498482
2040,5,1616619999999999868928,1617981118727434162843,1617984062290133711422,0,2,100326985852708762,4804374191194793307061403,4794008829276435728296236,307448845343156805214333,315209791079332003470912,3924754362923832365158,4804031861228330920794890,304911348187761979420996,2993462911990124612325
2041,5,1582700000000000131072,1584673793859974864007,1584678062829962903579,0,2,565424772027245115,4753704686899903354635661,4743448645810048171081498,307737674862653238281093,315498045020787385302065,3924754362923832365158,4753375188894011056317640,305191524962856097456699,2993961809973493133787
2042,5,1620089999999999934464,1615892799403953095733,1615883742107553459802,0,2,676938457775141258,4809531230446876933426226,4799154757922310260620265,308031388554594909696911,315791053592954013462954,3924754362923832365158,4809209179282213546197115,305475007784190148826942,2995158239583456462194
2043,5,1617430000000000065536,1622402589028487303245,1622413348778020567895,0,2,306899681700708065,4805582880031984609578717,4795214932980392299401524,308031931653087358337842,315791601927749621467560,3924754362923832365158,4805263096346983593513212,305475076488489350369856,2996682035697882850626
2044,5,1655360000000000000000,1650261467836864635113,1650250469581263460537,0,2,240530895270636172,4861603747543312517514971,4851114936856411593154931,308277704083842744496013,316036682382537280457496,3924754362923832365158,4861290745648938919724095,305711754280005200594627,2998082667665910004447
2045,5,1631420000000000131072,1633962310554262705961,1633967809554193546760,0,2,9953148655105959,4826316913471502874617205,4815904214944943913699326,308357252779547712677492,316115967340425145459591,3924754362923832365158,4826012423263723717981539,305785750871384180305733,2998831294983413031497
2046,5,1568369999999999934464,1570666932106498582363,1570671900238019701692,0,2,112900775286777710,4732135728170668179763677,4721926223263581838230797,309350224373020791975337,317106959402065535078971,3924754362923832365158,4731856347097172360057889,306760269091116790028147,2999508692441131386955
2047,5,1557589999999999803392,1557066411179877390505,1557065279388621984218,0,2,434831083694562398,4715843611592242562282820,4705669251494633550334011,309391428620901913619037,317148105868794291234271,3924754362923832365158,4715570444726860991350997,306796483425436633532012,2999711487083241680455
2048,5,1566059999999999868928,1563745516939573409964,1563740518241401422719,0,2,483384116389937383,4728649568391051641784349,4718447584932905497472252,309411034966210434063840,317167674852281105606924,3924754362923832365158,4728379748283855604992997,306812823659190325677756,3000546382262345408984
2049,5,1556310000000000065536,1561582129790243018883,1561593538581394388360,0,2,413091103874671548,4713912187262694652171037,4703742022981467830093619,309424420953634396843308,317181014049096162256613,3924754362923832365158,4713647300483407710985462,306823809448329350948457,3002232549582421778789
2050,5,1579320000000000000000,1580473179369625748613,1580475673171777209509,0,2,423486392299168463,4748625383498338439590464,4738380298307756934404388,309500146499205653331233,317256478497252115355735,3924754362923832365158,4748363798678884233682773,306894587729813041350053,3002549853071094891325
2051,5,1543569999999999934464,1544407036429918423845,1544408846473625942034,0,2,205332687032722308,4694571887517030742401699,4684443421295500048934598,309827717123228053029592,317583386053708132277133,3924754362923832365158,4694323736542601992857883,307211864209397324738523,3002787992806298478754
2052,5,1578400000000000000000,1578591069390334800384,1578591482523448829771,0,2,409661485484849953,4747241768114533834112605,4736999666724730442652422,310108996382734537480611,317864028240034060526737,3924754362923832365158,4747001786613819739035771,307482121977939366998958,3002848234502029101185
2053,5,1572670000000000065536,1577843420237599303485,1577854615149364377331,0,2,95405512396330046,4738623456230091066234500,4728399976252977825498885,310117361158466328604607,317872376131504389574127,3924754362923832365158,4738387775974830685548182,307488405266789060058886,3004638492070826028190
2054,5,1576849999999999934464,1576247302027631836462,1576245999278904113190,0,2,100510305247520909,4744910361029844022451423,4734673289951965713607358,310117596419351730511500,317872616203824409266336,3924754362923832365158,4744674843044221991054628,307488405266789060058886,3004818013762121172869
2055,5,1578760000000000000000,1580257075851953115614,1580260313522398625033,0,2,113090129795541172,4747783634935266354532535,4737540366740978064485511,310119102127922434079513,317874120223447797118895,3924754362923832365158,4747549004322867806762483,307489264671374862423736,3005200857699803575691
2056,5,1584099999999999868928,1582163329669088769687,1582159146146903866145,0,2,68939647000798081,4755806667228677481134396,4745546091004337069880432,310122609220661838762418,317877613848302464778706,3924754362923832365158,4755572954103744074242605,307491899432413906523300,3005639156837053264818
2057,5,1582000000000000000000,1578378802403392597932,1578370986308420281771,0,2,45783022780721860,4752655528246346629050383,4742401760183231791719757,310122615552334234663693,317877619846816522397057,3924754362923832365158,4752422410679864694970204,307491899432413906523300,3006067019143451559347
2058,5,1603500000000000131072,1600974120269239689881,1600968665407428619996,0,2,91765283748740153,4784840112484934520760491,4774516899623650147218401,310271747611865511892164,318026523506853644521476,3924754362923832365158,4784610515902102239427946,307634705202581784752887,3006508574493417559289
2059,5,1576499999999999868928,1581209820215357693785,1581220011161549747994,0,2,183104749086484686,4744388928746981496626160,4734153005055994622160960,310412488168792650167572,318166898302408885633276,3924754362923832365158,4744167053030329288089193,307770570529352275584670,3007442943981138347321
2060,5,1572099999999999868928,1573926033616299917881,1573929982922240600141,0,2,60172747420443157,4737759053302139636039549,4727537414133120227822180,310432259319453277636326,318186670833902876834718,3924754362923832365158,4737539818905123870799711,307788407552526890088451,3007833354576075557613
2061,5,1573489999999999934464,1578250369633888981018,1578260670054453543430,0,2,137706876833591605,4739857685322416627877931,4729631538277032110948843,310432304804270843700114,318186717046360528462182,3924754362923832365158,4739640333376303616632683,307788407552526890088451,3009756255335721250882
2062,5,1574280000000000000000,1578451907724696793086,1578460933993902085664,0,2,75666710443430934,4741046146005979109134452,4730817429456823328546906,310436064802552645238333,318190488400342005056984,3924754362923832365158,4740829239420384324472051,307792250555649066771977,3010494989782300801901
2063,5,1581089999999999934464,1584437731911329376124,1584444974043923055484,0,2,72464712991151914,4751287955468751460060400,4741037135925285184350564,310437721003637168359079,318192129729182957729034,3924754362923832365158,4751071493046105105510434,307793503209406449821020,3010999103117814391420
2064,5,1579059999999999868928,1578339310914541711025,1578337753211583833716,0,2,28397790006245050,4748234296979366270400654,4737990054720417818109656,310444581670259882845139,318198994013551615421553,3924754362923832365158,4748018846672916563909796,307799593299422132047698,3011102000781124077020
2065,5,1562969999999999934464,1561568338194079095001,1561565309634795259513,0,2,75787966335822920,4723981388791865121358145,4713789473329522302708031,310501123951334697344569,318255402925275561808045,3924754362923832365158,4723769308446388319099741,307854057807569368598665,3011291040612131470551
2066,5,1570190000000000065536,1564533387566399456053,1564521190261023395795,0,2,305187311779243282,4734887054290880018472265,4724671641239089921100142,310519066613136607337526,318273319491351129349700,3924754362923832365158,4734676682618680666917748,307870667641702772842611,3012145332921998874694
2067,5,1582750000000000065536,1584218187749767742836,1584221362928583584813,0,2,240844161980285584,4753779362651018226252172,4743523158669675172541266,310598697844117429499222,318352885981576390376978,3924754362923832365158,4753570848509164319649117,307947801236553377786698,3012343687849837970652
2068,5,1578380000000000131072,1578640026147649717965,1578640588386256344128,0,2,102319707662923604,4747211699136091732167274,4736969662651645994540387,310606786526665762599531,318360965978402143882660,3924754362923832365158,4747004452313563142160183,307954948623994951249641,3012385546863053198961
2069,5,1573150000000000065536,1576186694712248043525,1576193263672500350917,0,2,9647655981960734,4739342360286664015049111,4729117311223122221580398,310613976431550766997616,318368141838168141178569,3924754362923832365158,4739136729439665148273737,307961321155503170983175,3012834549766837612454
2070,5,1578080000000000000000,1580503833536013851912,1580509076241612732005,0,2,32543619586985875,4746761911989774394190824,4736520851879529355043755,310614831521728304522047,318368989169448838650517,3924754362923832365158,4746556529591510496824987,307961925183997275537790,3013151696086196505674
2071,5,1623769999999999934464,1619476463013978103184,1619467198202996099894,0,2,49626110747076910,4814990675124148761176399,4804602424680811881169820,311053829026891095953586,318806931942799188417863,3924754362923832365158,4814788114991417131349893,308395659727333398811875,3013666833820025474751
2072,5,1611480000000000000000,1616076277880698979361,1616086222811999328778,0,2,481741950078398091,4796734860196078882631224,4786385999175453920553385,311068520012265676580334,318821557367092321985282,3924754362923832365158,4796535428115681144574458,308408836902977907089723,3014521888608859428351
2073,5,1585349999999999803392,1588777557888087755169,1588784972790588491395,0,2,416371092737858323,4757684564643814664294220,4747419945018469086415065,311287663363206269699729,319040368143513326436800,3924754362923832365158,4757492455408277497698417,308622862647686322307967,3015099098896578018024
2074,5,1590480000000000000000,1584115594436410938394,1584101875055365003281,0,2,3054152423556095,4765382790313106446143319,4755101591233565558817949,311288346582778857409492,319041043960211176675809,3924754362923832365158,4765192007731500025650503,308623197117344246307839,3016374495517107727723
2075,5,1576790000000000065536,1572269958273595157456,1572260206334628758343,0,2,59568034196591857,4744824888082411704498108,4734588022135033333741096,311301089069448028846961,319053711484216504130936,3924754362923832365158,4744637106334882037399811,308634594768998057481923,3017194776447647749311
2076,5,1563049999999999934464,1569102256152903135721,1569115354705744957474,0,2,196446759654518169,4724110628868837866408154,4713918470579946016588194,311321515206743885846286,319074050585302070990941,3924754362923832365158,4723926473443495500149784,308653335041741313021432,3018288563071566440520
2077,5,1578779999999999868928,1573438289336834642665,1573426769147634975120,0,2,231791395756632655,4747819991548423243782656,4737576672034755529951491,311343952888858289712912,319096379106727402787568,3924754362923832365158,4747637361766062734226282,308674190003471063424863,3019146317394678698428
2078,5,1570190000000000065536,1564828704491224389611,1564817142334655481379,0,2,150339208067074107,4734886269069489102272363,4724670854324413722646768,311346480593379014650835,319098883517300108467201,3924754362923832365158,4734705413374394411299992,308676234451386218646772,3019927289454913289105
2079,5,1592900000000000131072,1589518632149465400978,1589511332795684117309,0,2,264157702639914862,4768999912285941066119773,4758710879617744300100932,311534931442012513197005,319287084110869139417093,3924754362923832365158,4768822334262741220939450,308860584581082959031358,3020415548063118666242
2080,5,1576809999999999934464,1583065514876663917436,1583079053651824149936,0,2,127956296089888756,4744859389623352669883103,4734622468264337618569960,311573150800204912372491,319325177390305788496335,3924754362923832365158,4744686094351207448536650,308896521526033035828038,3021517093499726939149
2081,5,1568470000000000065536,1574680837453764159104,1574694279509067771939,0,2,30260259037443826,4732294559171791588966527,4722084745987260210230299,311623901535708636576134,319375912190510779997951,3924754362923832365158,4732125186298652027636724,308944850857896092883054,3022536833519951885413
2082,5,1619230000000000065536,1624998124359383536799,1625010607017510620985,0,2,90695910214608948,4808258083288572234033821,4797884372894761290007868,312091694812763008857282,319842410594472419514070,3924754362923832365158,4808094004621982352696431,309405485590679806239137,3023419218327569921648
2083,5,1617109999999999803392,1622801323543984941427,1622813639867771672993,0,2,400085426675842514,4805109230877421483185860,4794742313281385014194271,312105917021082659080052,319856646959807503764048,3924754362923832365158,4804948594411682779448040,309417761610711000960177,3024797066084464722007
2084,5,1608380000000000131072,1604235020005779626387,1604226075306444908700,0,2,368918221305717009,4792118035309848497110201,4781779131241473771710726,312153646997402550338835,319904354981992902699542,3924754362923832365158,4791961777435643864395393,309462430081301399664874,3025670500519292441847
2085,5,1638170000000000196608,1641688766797037778008,1641696378986849496392,0,2,119525755465149220,4836292367336874937628517,4825858152621377489208318,312418544979927337855664,320168822284435647801779,3924754362923832365158,4836142951225457993464898,309719767621490196084380,3026429433230963216360
2086,5,1614510000000000065536,1614141185706557591208,1614140388411842946935,0,2,384227598245672918,4801237457585348281319821,4790878861420016435154216,312585801693852390402280,320335810869647614858360,3924754362923832365158,4801096466937273854020075,309879716713775820286125,3026527976429477344562
2087,5,1648740000000000131072,1645197448582247257839,1645189801430760420657,0,2,99165038034815871,4851869950932630586167797,4841402127917024053141427,312858596088726562524625,320608029394457717077208,3924754362923832365158,4851738428177526760025701,310142492793100649400277,3027543842446882944549
2088,5,1695600000000000000000,1693167588608211592465,1693162335043185385852,0,2,292266037724873474,4920334505676662344078232,4909718964791576890150803,313418667520757928155055,321167064665610430339219,3924754362923832365158,4920217343056467656424728,310687213617548415711676,3028293063359436124789
2089,5,1698819999999999868928,1698520699195612886336,1698520052148227525848,0,2,487269954240727052,4925002978411455571106055,4914377359977224259447390,313425505636094156387755,321173900738696103452304,3924754362923832365158,4924887825048991166453893,310692052273995420346251,3028400089952834361507
2090,5,1699040000000000000000,1694071777169245724133,1694061058749512092574,0,2,504896764275431315,4925327126712876114368540,4914700831640825221769196,313425563167921536740796,321173958289570179607579,3924754362923832365158,4925214687279640975504475,310692052273995420346251,3031052420695021268863
2091,5,1704880000000000000000,1699940019463422905656,1699929361759869268840,0,2,455969491378504858,4933784523241334096699334,4923139981091285531455484,313450507483525904887509,321198898337722869869870,3924754362923832365158,4933675240715438359582362,310716309867402051597002,3032412135169997981115
2092,5,1716280000000000000000,1721019725501156438523,1721029980577054782627,0,2,482088271861086453,4950251874139448225392902,4939571801831677253318869,313507133465080417724059,321255476236801323850924,3924754362923832365158,4950147437453134150299232,310768893151650410484587,3033564571190710437721
2093,5,1740910000000000065536,1747946133730175360059,1747961362276882969740,0,1,568872931788743166,4985650794478512939300357,4974894372979601828856638,313589423413011080592743,321337503507752127757908,3924754362923832365158,4985552356832024829850461,310846215191019683729916,3035285792535271711900
2094,5,1729920000000000000000,1731479169686089666492,1731482541604938010213,0,1,654637596151464042,4969879593117258854588739,4959157156168822661262677,313656181522869643201654,321404229605124185150061,3924754362923832365158,4969786656687633833986596,310908178245862882011387,3035701426322248388416
2095,5,1744180000000000131072,1739685731731107107058,1739676033278923538394,0,1,448014349508651282,4990324945394151761830755,4979558413658820167262992,313689500578345825420742,321437459059485461981456,3924754362923832365158,4990236057904082931414047,310938207389928312891084,3036852433740133816015
2096,5,1756809999999999934464,1756485003618096594955,1756484301025042343936,0,1,485754645593845342,5008356241815166059858797,4997550790001408497439931,313749566904323187831530,321497464037815768218869,3924754362923832365158,5008271121107799721793885,310994269122989195752715,3036928753187076079831
2097,5,1752619999999999868928,1754777720639705828992,1754782387392426274172,0,1,558012194314048243,5002381125229318787030026,4991588568633259077360585,313752601173994321942981,321500490661628610752162,3924754362923832365158,5002297497060423616736993,310996406762283130990740,3037425805410918301086
2098,5,1757180000000000131072,1754961864849628511013,1754957073461136663617,0,1,532379090905519730,5008884594020304012017953,4998078006515918775615938,313753772990356354135640,321501655408129372892878,3924754362923832365158,5008801779863541510745541,310997098414113072874319,3037866798623473600505
2099,5,1756859999999999868928,1759158035926299506692,1759163006250769863426,0,1,533353721798833177,5008428560232730116098868,4997622956919956089322587,313754504568625361955661,321502389100104323915273,3924754362923832365158,5008346466678984713848026,310997507030453321855381,3038254590962104122127
2100,5,1789969999999999934464,1794210777805439108129,1794219952437215460142,0,1,558018922022110595,5055405461450273442098845,5044498516849585846375294,313945026807165680104400,321692438424732784108874,3924754362923832365158,5055327912015711832403685,311183352229627696234506,3038880881773097828200
2101,5,1791560000000000000000,1787866503194129954812,1787858529680642722690,0,1,708018999830649171,5057649430881362297324167,5046737641299298257451314,313946408782457107392274,321693826973547330108807,3924754362923832365158,5057573083590886061464531,311184216654976608112391,3039591743109837953229
2102,5,1779470000000000065536,1783973436515870265517,1783983179784971503502,0,1,593771521310709837,5040556594761312008376916,5029681688463307643932249,313960371138767639336720,321707732820165031844692,3924754362923832365158,5040482791189254475960475,311196695974493417477075,3040381973552225045610
2103,5,1760390000000000065536,1762632628949163457671,1762637479394862762364,0,1,520154978889084200,5013457614172940652755689,5002641160520185300185633,314071354882013007613156,321818568036120861956804,3924754362923832365158,5013388278699278044407682,311303969477558081301354,3040738284163251780675
2104,5,1768900000000000131072,1772405184793896814790,1772412767286248318679,0,1,169342349055169934,5025562366331122815544051,5014719803103342352244614,314079268951378387712958,321826452790755559628641,3924754362923832365158,5025494571964029819299206,311310778468219056698985,3041344693763623200014
2105,5,1758900000000000131072,1760242497666916488263,1760245400902426971495,0,1,261462199001852530,5011334810679002462165796,5000522934130823644124317,314115917663200585370803,321863063352384416073025,3924754362923832365158,5011269691577645035624384,311345164883579240322785,3041570081656542321234
2106,5,1773539999999999868928,1779961125682192814748,1779975021686544954428,0,1,85137650705819210,5032155074148353472357497,5021298312081473800834359,314151545417056923184595,321898598659440497749639,3924754362923832365158,5032092938034232034252451,311378582799667736756492,3042604951337459577834
2107,5,1780209999999999934464,1781552802968450731823,1781555706857678643907,0,1,277380889582509695,5041600886197624978575661,5030723711027461433727912,314151557735529336124327,321898609616925084619172,3924754362923832365158,5041538755798579086585557,311378582799667736756492,3042708296259567994774
2108,5,1784700000000000131072,1780677963612080705492,1780669282103938725200,0,1,291435640561860839,5047957633727225942001495,5037066756290750666107917,314153523399588128051177,321900567418999594062731,3924754362923832365158,5047896683982232792667031,311380354406940510369735,3043317763183728445410
2109,5,1778349999999999803392,1785552525221025300432,1785568113927505892336,0,1,275398513740738402,5038976346024213303588841,5028104876117493342985363,314154601355878575179424,321901635047236159028527,3924754362923832365158,5038916754875119116836075,311381126278482829079985,3044239469830754027607
2110,5,1770929999999999934464,1764583763969595740667,1764570079439136572563,0,1,329886805668830101,5028450859554564848949795,5017602088779491630556526,314197103654780749939261,321944135750597406488444,3924754362923832365158,5028393922256580255676233,311421863592353239869132,3044987863446832734532
2111,5,1758259999999999868928,1764446298986612161640,1764459686459909593445,0,1,37909490991639704,5010430367527365091242405,4999620474070672453376535,314205176190083037774746,321952156107162427816013,3924754362923832365158,5010375425904600241237580,311429036926998748948497,3045854941538573470352
2112,5,1787740000000000131072,1789630755687255048381,1789634844866386788560,0,1,39969469640097507,5052252558993067679919825,5041352404501960342088768,314313807377552066224860,322060427543434381147162,3924754362923832365158,5052200212986294583290095,311534838711189089034463,3046080385871085196244
2113,5,1791929999999999934464,1788435425199706867954,1788427880485372192588,0,1,286838193021112991,5058171383207640626112993,5047258466298876736757430,314314849668745590454791,322061463887415961611286,3924754362923832365158,5058119846940010330077070,311535537689525813635956,3046599371273389890574
2114,5,1798710000000000065536,1800678332471814517727,1800682589467040635284,0,1,264793753830952746,5067729816984286237533192,5056796270770922914828437,314335637817388691421037,322082237748693741330751,3924754362923832365158,5067679769168669311860206,311554993290866432606980,3046851474130795484888
2115,5,1770480000000000000000,1763257444119559215299,1763241875788732967368,0,1,390267989822152306,5027814346724006647457646,5016966959571671507550756,314515408693591477508081,322261670924945169429066,3924754362923832365158,5027769640538089392227514,311730760133246989182045,3047786113799864932720
2116,5,1770230000000000065536,1766421763469601898024,1766413542811488020158,0,1,140778653367819059,5027451772397988689911959,5016605134760096575238841,314525196735862243495966,322271481600136864609226,3924754362923832365158,5027409066591151757464338,311739253713102525094958,3048482229833404995183
2117,5,1779500000000000131072,1781701755025218717689,1781706517023537004070,0,1,98627385591524242,5040596021889615814489509,5029721017311578262996724,314559481117553394990954,322305735194230984370057,3924754362923832365158,5040555683250411711080342,311771415755262604675641,3048835268170084577460
2118,5,1796390000000000065536,1793219614516926797632,1793212768765242646912,0,1,91157216978814144,5064461767956738517603040,5053535277765625781834867,314602153362251721044095,322348287655685502495873,3924754362923832365158,5064424208824158261063767,311811656551117869291130,3049358727561356018146
2119,5,1789670000000000065536,1785737024249247251314,1785728534618887564785,0,1,211104597913902672,5054981319225348660813218,5044075287631905945816843,314604634124496415759331,322350753536243882568751,3924754362923832365158,5054945044316224541002591,311813558820170140472468,3049991180371974028877
2120,5,1770569999999999934464,1777578055337900886049,1777593222797611295863,0,1,100247652577223422,5027941441547658314612977,5017093777195082819174871,314650360582269281571889,322396330491434287603015,3924754362923832365158,5027908741411753054643554,311856982741479396376508,3051042197953087747740
2121,5,1750470000000000065536,1745657785956259762980,1745647402738975555232,0,1,15822704704311289,4999315675880580395894115,4988529749299778462098981,314797940453434367000313,322543755538091766335282,3924754362923832365158,4999287778730989991378495,312000650520681799372153,3051730246241578185767
2122,5,1755600000000000000000,1752783319903406501252,1752777237165942089725,0,1,339964054712964919,5006632788276383888613622,4995831061661737784270253,314818125802881643793429,322563939550339691204411,3924754362923832365158,5006607223199339156956030,312018979153571613138955,3052249763424001335925
2123,5,1746800000000000000000,1753473808795105071544,1753488252353449902945,0,1,232597234916031593,4994076540721465424718829,4983301936225881512806600,314825425034288867234671,322571208257521591064471,3924754362923832365158,4994053204297525659337841,312025252188732667807481,3053371867549367294253
2124,5,1721779999999999868928,1717527380219593091257,1717518202496348976604,0,1,221464335131228001,4958176407935686822901008,4947479234614809006127716,315031627830311243630976,322777152053370616535221,3924754362923832365158,4958158498380294809568199,312226818741862946147016,3053988024454434320303
2125,5,1740030000000000065536,1741410817460549125499,1741413803587666248589,0,1,500560819647384520,4984380810552928925506231,4973627086965614230219039,315137193414214640983261,322882576385435317888922,3924754362923832365158,4984367491925342450989617,312327938446698487443996,3054255013145935810675
2126,5,1742430000000000065536,1743254522603302785583,1743256305555736918447,0,1,171223395918456620,4987816818033654665161046,4977055680222362441217840,315137406850305724319885,322882788114501972944361,3924754362923832365158,4987803884773956985718455,312327938446698487443996,3054429918733697758271
2127,5,1729529999999999934464,1723046015038575345806,1723032035222265203464,0,1,148500214342982927,4969327606010602693073538,4958606395606882264563699,315176213913122282168037,322921521473769453379220,3924754362923832365158,4969318439498597972498683,312364219210938839925872,3055605034265080686331
2128,5,1752190000000000065536,1757709694811838371828,1757721638621540573336,0,1,319621353991764692,5001772666515005622950516,4990981445267180120549626,315352105709311728849757,323097203628730647965778,3924754362923832365158,5001770237032602219397077,312534355920345804219036,3056658035235767148577
2129,5,1742710000000000065536,1736454010445658180177,1736440520579247708640,0,1,60012419041137419,4988225485445399238665265,4977463500140509639903623,315397903651913782114075,323142975258307883051482,3924754362923832365158,4988228016477030323514399,312576638067572727675815,3058097145050258836564
2130,5,1738259999999999868928,1738067432666626269179,1738067016341933227976,0,1,121587902458376547,4981844665831324253705496,4971096412277276411928508,315398576555140916432419,323143656783346756543071,3924754362923832365158,4981847682175304247469701,312576875045179400847380,3058143435407523839483
2131,5,1747520000000000000000,1752531413052956298083,1752542256251064944302,0,1,104593531376043438,4995101710364073650302479,4984324877007891683305624,315416944640441730637249,323161986858708864960870,3924754362923832365158,4995107723318057705588813,312593285872081217085442,3059162667038131132291
2132,5,1744259999999999868928,1744873577551586213372,1744874904314878396861,0,1,47000718535511636,4990435313980198160606702,4979668526534578053846743,315430906080451617898923,323175954640408463294111,3924754362923832365158,4990443132184538604947555,312605559089790050197361,3059287924494303694887
2133,5,1775160000000000000000,1779649885073361268825,1779659599020050059633,0,1,35303560552117008,5034448600123554162077096,5023586871689012570147277,315617264072284009124371,323361894134587495545711,3924754362923832365158,5034462989462222008155976,312786229278835100620808,3060107113880997316349
2134,5,1772569999999999934464,1777914135406814143025,1777925698941351824256,0,1,269249013529649404,5030776256388660632879372,5019922458242434304912224,315627256213022956671348,323371892041855612933564,3924754362923832365158,5030793429037556476046382,312794622341593910144434,3061294283813104010565
2135,5,1800320000000000000000,1804837215294943493555,1804846988321831621787,0,1,247894448072257031,5070000558309798178523922,5059062126915391754692873,315726653915763506852458,323470972302799511863124,3924754362923832365158,5070023062541104497337440,312889682969536630741378,3062148802730098875356
2136,5,1790390000000000065536,1795311372429881007345,1795322020490782530076,0,1,423614049714162575,5055999751933330722798790,5045091530439945107731251,315767476218892729788437,323511761440496323917673,3924754362923832365158,5056026336845891266106342,312927404554290803709560,3063194882416134494853
2137,5,1791880000000000000000,1787616524690033163734,1787607322911094779639,0,1,297992953423978229,5058101992556444416731174,5047189230443782560640424,315769790329957223256274,323514084898431802421776,3924754362923832365158,5058130122017254688314546,312929035310001829924138,3064038106751645968433
2138,5,1796099999999999868928,1801478222751150749195,1801489859983610107067,0,1,197121506636906234,5064056644753380410770522,5053131044506296073853775,315783979278089559800385,323528274038048667182818,3924754362923832365158,5064087355738461596246777,312941657747026989553091,3065009588592760841632
2139,5,1795689999999999934464,1791341988465156952732,1791332604530481018472,0,1,310489153586994000,5063476681377750373264966,5052552324025843964875599,315790534513889014841434,323534841416784793073436,3924754362923832365158,5063509234541051595847296,312947157297830053840654,3065791844517300620573
2140,5,1798840000000000000000,1799531112495784084398,1799532606928125138298,0,1,168674069544765699,5067912281975448888409507,5056978339228106886610676,315801586995147560205204,323545897732831489627832,3924754362923832365158,5067946287402682828852815,312956904037211569075644,3065911227606170380431
2141,5,1799109999999999803392,1794969381822545109452,1794960444679601559272,0,1,246244532332951939,5068295876219949377860572,5057361119990724153452295,315801621696856542956783,323545932605844730382349,3924754362923832365158,5068329911169338831036101,312956904037211569075644,3065911227606170380431
2142,5,1813790000000000065536,1816347235888020981996,1816352766965996200491,0,1,174496337523076674,5088929360971200638452804,5077950079246371573227872,315870829823653756591794,323615057362881473035143,3924754362923832365158,5088967233879632851136031,313020368236075541185539,3066277522141559224767
2143,5,1823539999999999868928,1825834487382423642885,1825839449970109826843,0,1,372687753861766970,5102588501988718200739183,5091579749779083164447939,315880792534215553124666,323624983265560451705329,3924754362923832365158,5102628011424301622880218,313029173726482010975523,3066644660635446281947
2144,5,1786990000000000065536,1784097606417484073438,1784091360240327055748,0,1,442035116349834035,5051193628300161147259345,5040295762542398668071075,316172781604991642065316,323916416030222689053154,3924754362923832365158,5051239153560910343539798,313315182131757597275726,3067087553605070204689
2145,5,1810650000000000196608,1805414469166308107210,1805403173779822092721,0,1,85746619384571218,5084526589985956767000033,5073556824723646422463598,316311491802803639422793,324054892573974261929233,3924754362923832365158,5084579075679833943761627,313448289664916081547646,3068174888933081325153
2146,5,1797890000000000196608,1790445680234737992576,1790429634629262229250,0,1,110891244351383142,5066584686732713401656312,5055653654896460233413443,316322538580371354950546,324065882517649184950311,3924754362923832365158,5066640223825557837326339,313457697511340710361466,3069764475108981611778
2147,5,1802900000000000131072,1797263397998740773224,1797251239475748477551,0,1,33463597704424686,5073634347931831321344060,5062688086351274591090997,316353012939204855515621,324096369806249155754723,3924754362923832365158,5073693815076663267344932,313485513814962466601645,3070950186522546754470
2148,5,1820160000000000000000,1823316045590626499504,1823322872394859208465,0,1,33954197502858358,5097858293701574033154878,5086859750746645458825914,316455133698129004535667,324198379181002235133176,3924754362923832365158,5097923055520155208144002,313583232507119967859384,3071547079292979851698
2149,5,1820529999999999934464,1817311118558485716638,1817304168107362301639,0,1,251484666028145811,5098376493804901553484431,5087376833200710660259552,316456623945370704411831,324199873503907358524282,3924754362923832365158,5098442530410241288404313,313584132902868929944783,3072220611229436048297
2150,5,1806000000000000000000,1810768019321577083319,1810778335302169319681,0,1,179841034414507013,5077992598720575269137737,5067036926488798115055974,316481367649867067163600,324224533584556646942725,3924754362923832365158,5078061431597063323006213,313606731780433176946069,3073121009235229956737
2151,5,1779840000000000000000,1786331439348336412502,1786345487612515255699,0,1,98917728458783906,5041084927566089026114669,5030208900064523759410238,316668386632107021660027,324411272521288421169960,3924754362923832365158,5041159760935825526885755,313788404469842591116540,3074246732986609374343
2152,5,1786550000000000065536,1792348326258159167698,1792360873284045013413,0,1,157246820399625496,5050576699133448845832158,5039680185846539902769033,316668396081788068064198,324411280777313859666613,3924754362923832365158,5050652303840069739107565,313788404469842591116540,3074861195672091386456
2153,5,1779529999999999934464,1776009025628454698721,1776001424080743579481,0,1,83694472498285428,5040640018749106442871493,5029764925759288547541920,316700854623107761487385,324443732499499830970479,3924754362923832365158,5040718787723888113845579,313817568197359229538170,3075474062319885291960
2154,5,1775840000000000000000,1772260266346941258520,1772252538158429643013,0,1,238723428231098169,5035411312307698986401417,5024547500565806950144518,316700860324761763128586,324443737688650098360110,3924754362923832365158,5035490408818311984073788,313817568197359229538170,3075869095725509659164
2155,5,1773390000000000065536,1766597234545581798410,1766582589881793026689,0,1,272150487343817132,5031943317138027506515475,5021087016456229457059956,316701115750888957934960,324443996063809211054842,3924754362923832365158,5032023838312141270867432,313817598604876177769690,3076935732449798123514
2156,5,1774880000000000000000,1778964149070698602072,1778972984696631005457,0,1,324967813680988751,5034050845869946220452829,5023189972600090631831365,316714883752723195976423,324457783099619120265689,3924754362923832365158,5034133219794564713512090,313830144781352321394249,3077526043446712535419
2157,5,1781929999999999934464,1776813990119090623466,1776802952422512879543,0,1,117094951155077404,5044040694194308472428967,5033158276126783069760298,316716633312849477676499,324459518490163928121680,3924754362923832365158,5044124430904882308619138,313831456374007507797941,3078272401329251420114
2158,5,1779009999999999934464,1780147141027584919667,1780149600090099356196,0,1,144470716765650311,5039901283255330219011695,5029027774516081477553471,316717594438581790607059,324460487213400850817815,3924754362923832365158,5039985385089760361270853,313832131666073855582902,3078419483486827015898
2159,5,1796349999999999803392,1790959295578142952478,1790947666372025899879,0,1,83236168181464978,5064409125593252691196700,5053482765129971893386140,316769566808559822662263,324512331642078311394489,3924754362923832365158,5064496152716138063039550,313882219516396918560471,3079035926159837701254
2160,5,1874299999999999868928,1881999677513741701436,1882016342466900637531,0,1,99838458461168920,5173128640231121575830454,5161967741295557527944949,318107380817738887801476,325847640531881203019986,3924754362923832365158,5173228221560119284795797,315210266635041776767327,3079884274370435440120
2161,5,1875849999999999934464,1881561003757309297434,1881573361205567071959,0,1,657486388532479837,5175262328717061199989657,5164096805286589929079028,318114310744124451995175,325854592973900505228468,3924754362923832365158,5175365054015912960936298,315215582695001276579601,3081355877351799356676
2162,5,1890800000000000000000,1890401336834143497784,1890400475001386633762,0,1,651826330627623308,5195838126405043267836420,5184628185328089893063933,318129893729229840759340,325870100669454576021348,3924754362923832365158,5195943395862311773450997,315229118861393386508058,3081444253659617992002
2163,5,1875080000000000000000,1879866468074616791337,1879876823744426742054,0,1,677850051196297001,5174198274396849328282996,5163035038991551389500946,318172725934293393143867,325912835676060300492965,3924754362923832365158,5174307192188962694744215,315268835034726166333214,3082413223964736202154
2164,5,1869030000000000065536,1872060158324081366720,1872066712638413777251,0,1,518641700653595786,5165841677434747147239762,5154696460429130711044334,318194307467422406007748,325934411707078208036805,3924754362923832365158,5165953071912712305919895,315288350077982279055612,3082992034526621830723
2165,5,1883249999999999934464,1884287521046355619632,1884289764631509309792,0,1,402093702113980692,5185454378313204573971802,5174266840738254095938373,318217328031289606466653,325957355622192518439798,3924754362923832365158,5185568350900106635880954,315309392736734448414676,3083173725206116904899
2166,5,1930470000000000065536,1933582730559810157198,1933589463465262404895,0,1,476098024431383679,5250062608978847408868342,5238735686641604564705245,318602099351547125948563,326341259045005400819185,3924754362923832365158,5250186364395335411280014,315686355195243027482931,3083688123476441371606
2167,5,1923040000000000000000,1915594249791265892385,1915578197846673105259,0,1,667916789913163725,5239957796005009341232842,5228652709830594285384328,318621678387871433225719,326360820733236497694118,3924754362923832365158,5240085383542986940704026,315703530730973951540167,3085349720036788304502
2168,5,1917170000000000196608,1920577076711107909078,1920584446597327717492,0,1,442960270466606745,5231946526082066624682158,5220658690463160320702283,318622120552214654452931,326361270982270297386101,3924754362923832365158,5232075036667672241048597,315703619952541087577205,3086103896579516456158
2169,5,1917529999999999934464,1921575868519080155939,1921584620911065362098,0,1,466488920188407905,5232438565675554037363655,5221149672131092086286539,318623769499260032982134,326362924334339993282032,3924754362923832365158,5232568492214403170833705,315704665151958013097636,3086897656608148826274
2170,5,1909390000000000065536,1917679797547944968475,1917697740783813597557,0,1,471742554207812758,5221330136964040556488927,5210065249994402378065443,318650184452454975262196,326389320053699108761795,3924754362923832365158,5221463264324186695904488,315729012568303176508568,3088280704508634509874
2171,5,1883950000000000065536,1890160003316888875117,1890173441342806742230,0,1,408063117713268334,5186424824174789492955116,5175235222331246322234250,318854335197159206383702,326593245227110952727197,3924754362923832365158,5186563085881688497672763,315928097464628479508825,3089216536103445296582
2172,5,1880729999999999934464,1875862640825927351543,1875852137347814284918,0,1,33418960302393521,5181988010046985353456903,5170807969036432186729124,318870538518430201053874,326609459588214143630457,3924754362923832365158,5182128665285043683772550,315942650034400825496435,3090064556118336220750
2173,5,1874369999999999934464,1879141962594583590812,1879152286863883740144,0,1,112510262150883651,5173218552995158812077710,5162057431224362942790468,318870948273885767145934,326609862727804915558916,3924754362923832365158,5173360069122957467365232,315942799117472527469503,3090889312090682696646
2174,5,1863489999999999934464,1861427242268919674603,1861422785989703614116,0,1,71559518151757905,5158179047634830502335509,5147050358734481583173952,318916056464386151492445,326654932749469189438058,3924754362923832365158,5158322884032447825244107,315985493124877772175142,3091206073346489636680
2175,5,1851249999999999934464,1847739080325398342570,1847731500016455192023,0,1,248126603447262900,5141212378945835845551238,5130120301956770206640150,318935372750740728273784,326674190531626726038116,3924754362923832365158,5141357971050208977610278,316003161823591639813714,3091772603566779734775
2176,5,1826849999999999934464,1819886599195113783961,1819871586443309504058,0,1,359750449315124578,5107225687478506032852157,5096206966437998696732076,319017897814410288078586,326756478132843865735396,3924754362923832365158,5107374853911379226053861,316082302824654310189855,3092887570628768473268
2177,5,1837700000000000131072,1843630172455517437895,1843643004724492566519,0,1,529029575189282018,5122366921681487679663085,5111315522164521521819058,319078648655565400666699,326817200626438058207561,3924754362923832365158,5122521026900917821016223,316139655661863915346145,3093984509632746620768
2178,5,1829609999999999934464,1833111567202956007945,1833119141741435173398,0,1,208277992960617213,5111075240463004213415187,5100048183974011365535693,319115878814149581349979,326854418237747835517864,3924754362923832365158,5111232569424970944846163,316174027745288014132315,3094694213728266156963
2179,5,1842809999999999934464,1841066069998885125627,1841062302043960117542,0,1,286053347411729614,5129477651308019617362670,5118410884297461717832907,319133732011838865670330,326872205028096013985442,3924754362923832365158,5129637738586034095883895,316190017167630896136540,3095027646072252692488
2180,5,1840920000000000000000,1838810789077622274099,1838806232576303625121,0,1,182621676035536399,5126846828559051244150949,5115785738663161678284544,319133736046230417151704,326872208848780394933496,3924754362923832365158,5127007094667009992926072,316190017167630896136540,3095283496748306701189
2181,5,1844829999999999803392,1851503064981638032978,1851517506197602759599,0,1,203943931228059524,5132296013560181959034790,5121223199588809965216843,319140587874045281824248,326879056265952597478330,3924754362923832365158,5132458489721823223069648,316195636274252214183106,3096287317464694620296
2182,5,1843240000000000000000,1837427824807762295860,1837415287815478997277,0,1,27056863563537684,5130081892087814783761155,5119013846562000821478031,319153417359562010367195,326891902757888209031595,3924754362923832365158,5130246453809088576963322,316207198064566109314498,3097162221625012184180
2183,5,1844360000000000000000,1847358963079363012408,1847365449925277657715,0,1,183605852567219599,5131635535323675061833957,5120564117540272449126678,319162513315852876400322,326901012011097656816252,3924754362923832365158,5131801693123215361104114,316215211533656139341028,3097622812489852634133
2184,5,1842869999999999803392,1849587771290824222641,1849602309357863822004,0,1,44008202466058506,5129569070388410496066186,5118502140297522712159682,319166308528287266595362,326904809974983950301534,3924754362923832365158,5129736837082236670380016,316218333383649803936068,3098607762562361838053
2185,5,1857539999999999868928,1860545027027446690257,1860551526976415618273,0,1,12579738719265998,5149938494315871797785414,5138827588130371468583508,319178157373278748660737,326916589973188247737245,3924754362923832365158,5150108361581449703614982,316229142237636131127186,3098995642949275082619
2186,5,1861680000000000000000,1861231666411049963450,1861230697222276698824,0,1,137124031377688782,5155672627097056059642478,5144549342506604936166496,319178397047405665475469,326916826397952618983117,3924754362923832365158,5155842891450599481543212,316229234201573021233766,3099054046518787414739
2187,5,1866230000000000065536,1865282435739146269164,1865280387745500437194,0,1,146398827643832034,5161969218095091284307090,5150832349263321581282554,319183038031606704106013,326921459167799729649543,3924754362923832365158,5162140356415983044226663,316233315576230007096379,3099159869422888183531
2188,5,1869299999999999868928,1867604070008262038484,1867600405654936246640,0,1,205587634659984401,5166213629992806187782325,5155067605486170451383073,319186027433194291974880,326924445165031258369761,3924754362923832365158,5166385492983612349526434,316235894827016303354761,3099332101945879528923
2189,5,1867760000000000000000,1860790168513546933300,1860775140989714998353,0,1,241012985848253255,5164093621218185011653663,5152952207237960757511333,319186031932616948915643,326924449868251681134824,3924754362923832365158,5164266453158449974754413,316235894827016303354761,3100347971768234089059
